model,resp_id,orig_idx,mean_surprisal,n_ans,gap,jsd_noctx,chunk_drops,chunk_jsds,label,doc_id,summ_model
tofueval_Qwen2.5-1.5B-Instruct,0,0,2.8815529346466064,62,0.6937618255615234,0.17629088461399078,"[-0.002783491477584316, -0.01981450702688533, 0.5003974303422917, 0.03174626148017611, 0.01943918735184613]","[0.01665951386326748, 0.003956113591561275, 0.13854582150440453, 0.018848736372495796, 0.0069375296092524024]",1,AlamedaCC_02172015_2015-1189,Model-Extra
tofueval_Qwen2.5-1.5B-Instruct,1,1,1.2279666662216187,80,1.2347313165664673,0.2312602996826172,"[0.4174954820761741, 0.29675853206804276, 0.37879378296527194, 0.02159450190854386, -0.022459754297028667]","[0.07547753264357197, 0.03358640411383362, 0.10158062683484133, 0.004586410774176386, 0.005565337909223089]",0,AlamedaCC_02172015_2015-1189,model_A
tofueval_Qwen2.5-1.5B-Instruct,2,2,2.027557373046875,20,1.1099072694778442,0.17210054397583008,"[-0.05536622919607907, 0.02344404358882457, 0.6554419929627329, 0.07251407605363056, 0.15782619449310004]","[0.007545027621381451, 0.004951125104707898, 0.10889616423519329, 0.010467261336088995, 0.005695543711044593]",0,AlamedaCC_02172015_2015-1189,model_B
tofueval_Qwen2.5-1.5B-Instruct,3,3,1.3263496160507202,50,1.184867262840271,0.2159833014011383,"[-0.02037204502914392, -0.03705420823636814, 0.8594464181986404, 0.09379832385624468, 0.03250129977495817]","[0.006088093100468086, 0.006933705546675811, 0.19117501221626299, 0.007303758826167268, 0.0045023994889857024]",0,AlamedaCC_02172015_2015-1189,model_C
tofueval_Qwen2.5-1.5B-Instruct,4,4,1.799430012702942,66,1.0285859107971191,0.20071503520011902,"[0.3007810897640108, 0.09816268853980793, 0.6320509446474413, 0.012642616991026003, 0.0042397439533625875]","[0.04607363188536469, 0.04034512631487401, 0.1317290418810444, 0.01962218185368005, 0.003935170301844412]",1,AlamedaCC_02172015_2015-1189,model_D
tofueval_Qwen2.5-1.5B-Instruct,5,5,1.6056991815567017,31,1.878678798675537,0.19770589470863342,"[-0.09601185933241786, -0.02115811588925182, 1.6631740108845876, -0.01215302327463794, 0.05145168799959544]","[0.007874379694796164, 0.002573738032123724, 0.18173803038699854, 0.008741178168278449, 0.005628097353865674]",0,AlamedaCC_02172015_2015-1189,model_E
tofueval_Qwen2.5-1.5B-Instruct,6,6,2.357724189758301,52,1.3234045505523682,0.23040850460529327,"[0.1179488460587051, 0.04473741857621532, 0.8771230824864827, 0.3163870544745945, 0.04526172855940576]","[0.021025346128366297, 0.013090747397095233, 0.18323542760649267, 0.04114800580275467, 0.009998307394198491]",1,AlamedaCC_02172015_2015-1189,Model-Extra
tofueval_Qwen2.5-1.5B-Instruct,7,7,1.07144296169281,67,1.5923441648483276,0.24354040622711182,"[0.2373944044994093, 0.23239087408153103, 0.9151268781745092, 0.02062059749982497, 0.02566686841134076]","[0.05022209310552728, 0.07033337489270816, 0.13232603136051313, 0.001983279818615749, 0.004508669007184075]",1,AlamedaCC_02172015_2015-1189,model_A
tofueval_Qwen2.5-1.5B-Instruct,8,8,1.3778085708618164,51,1.8897063732147217,0.28847867250442505,"[0.3420593012324567, 0.037766233922072796, 1.5372330761268078, -0.0861981829506583, 0.016388132193625615]","[0.05166476738009788, 0.04029009355545192, 0.1961367396762202, 0.013763973029012156, 0.0048639803296040614]",0,AlamedaCC_02172015_2015-1189,model_B
tofueval_Qwen2.5-1.5B-Instruct,9,9,1.1888569593429565,124,1.4207425117492676,0.2410423457622528,"[0.06774513952776091, 0.012249025621585016, 0.9295812010096275, 0.5119605604585588, -0.006672614923856247]","[0.015307818940070297, 0.014501355909450167, 0.14707832401049634, 0.08400298970643566, 0.0062639402014501725]",0,AlamedaCC_02172015_2015-1189,model_C
tofueval_Qwen2.5-1.5B-Instruct,10,10,1.1821308135986328,74,1.9482684135437012,0.2512137293815613,"[0.2518536408117782, 0.4225326634009803, 1.2573165530551262, -0.01188498217030625, -0.002355854920441178]","[0.042848247062349056, 0.06858660767382027, 0.14856981528764726, 0.005325743014285197, 0.004278230637780596]",0,AlamedaCC_02172015_2015-1189,model_D
tofueval_Qwen2.5-1.5B-Instruct,11,11,0.8544219136238098,112,1.479498028755188,0.23088404536247253,"[0.6669369568698065, 0.026626444079267588, 0.6641688365397808, -0.01598914861587478, -0.004541486535036451]","[0.0927164129782493, 0.033037842148610864, 0.08883519613483161, 0.004385036787643871, 0.004587629170821117]",1,AlamedaCC_02172015_2015-1189,model_E
tofueval_Qwen2.5-1.5B-Instruct,12,12,1.8873203992843628,43,1.5145092010498047,0.2600247263908386,"[0.05337459623250504, 0.532957985477392, 0.8387524129194749, 0.32113026868725236, -0.0027949506373599517]","[0.013700248010261633, 0.10034413162488924, 0.11833886732973381, 0.02693856641920764, 0.005443742196210985]",1,AlamedaCC_02172015_2015-1189,Model-Extra
tofueval_Qwen2.5-1.5B-Instruct,13,13,0.9895219802856445,101,1.3982983827590942,0.26199477910995483,"[0.49971570131541254, 0.5179502111955792, 0.47381723467127146, 0.0249230489940907, 0.05481161085998171]","[0.08965887979866238, 0.09223281683400171, 0.083568103553077, 0.002357120363067275, 0.0035582251769150927]",0,AlamedaCC_02172015_2015-1189,model_A
tofueval_Qwen2.5-1.5B-Instruct,14,14,1.2066279649734497,91,1.3983957767486572,0.23171454668045044,"[0.5191923276651433, 0.12042358125176839, 0.4240450470542283, 0.022493957534766944, 0.18896632586722342]","[0.06907389892155781, 0.03688857676906916, 0.06193141053653972, 0.006835130155217519, 0.03247747502400658]",0,AlamedaCC_02172015_2015-1189,model_B
tofueval_Qwen2.5-1.5B-Instruct,15,15,1.2600616216659546,75,1.4994007349014282,0.19594275951385498,"[0.37911402779786535, 0.2501940770610236, 0.9096399496484082, 0.025562936111236924, 0.017014285377420797]","[0.05741855762801909, 0.0599023741678199, 0.10201110792160155, 0.0021648487268312996, 0.0038887710929778525]",0,AlamedaCC_02172015_2015-1189,model_C
tofueval_Qwen2.5-1.5B-Instruct,16,16,0.9942834377288818,82,1.5972660779953003,0.2629949748516083,"[0.1007541874792523, 0.4122024812062059, 0.9093199258561249, 0.3119299816307608, -0.012001013255174746]","[0.01862399725458786, 0.07960163654521549, 0.13299321718881452, 0.05016766305503183, 0.0040064257825628636]",0,AlamedaCC_02172015_2015-1189,model_D
tofueval_Qwen2.5-1.5B-Instruct,17,17,0.9382151365280151,116,1.2603501081466675,0.22223488986492157,"[0.44224985904067327, 0.3512562986256775, 0.6025791175851392, 0.021482573311529984, 0.028939133914726536]","[0.07086815383016677, 0.08377246723826351, 0.07671095676128718, 0.0037545337031051553, 0.003979933815487917]",0,AlamedaCC_02172015_2015-1189,model_E
tofueval_Qwen2.5-1.5B-Instruct,18,18,2.223726987838745,23,2.065459728240967,0.28135767579078674,"[0.18953215725638944, -0.017049551649150722, 0.03050609266527159, -0.0015410825739229988, 1.8344800137084625]","[0.014204014781368998, 0.005234246121962433, 0.0029035130253886187, 0.002099128464618369, 0.23501800461267325]",0,AlamedaCC_04042017_2017-4092,Model-Extra
tofueval_Qwen2.5-1.5B-Instruct,19,19,1.0549052953720093,92,1.9044758081436157,0.22146311402320862,"[-0.0055419589021450675, 0.006894644061938617, 0.012706279277588928, 0.004000389704268183, 1.8689928632963488]","[0.0031934298809257757, 0.0013937375701995893, 0.0004638457846424345, 0.000495940287818109, 0.20279945854322842]",1,AlamedaCC_04042017_2017-4092,model_A
tofueval_Qwen2.5-1.5B-Instruct,20,20,0.6985706686973572,77,2.0323872566223145,0.26992008090019226,"[0.003121934390332786, 0.037398907804427756, -0.00017240511985985537, -0.002221225686983641, 1.9520105661388922]","[0.0037080896968114023, 0.001718603928185229, 0.0009783912194849674, 0.0008993349993978847, 0.25659018391161226]",1,AlamedaCC_04042017_2017-4092,model_B
tofueval_Qwen2.5-1.5B-Instruct,21,21,1.081114411354065,101,1.9026987552642822,0.26402485370635986,"[-0.026875570434388256, -0.017787887032466074, -0.0010738697756366518, -0.01328896056613735, 1.9194576844182856]","[0.004949438052327729, 0.003238100711158576, 0.0011641610427332411, 0.0008644772256292693, 0.25103903229167973]",1,AlamedaCC_04042017_2017-4092,model_C
tofueval_Qwen2.5-1.5B-Instruct,22,22,0.9858114123344421,57,3.0199499130249023,0.3983915448188782,"[-0.047540961320345035, -0.005410770671580012, 0.003319192480391888, -0.03966485046520686, 2.901108977401204]","[0.004577543174892334, 0.0025610041676959313, 0.0009875130566168685, 0.00064029290112793, 0.38735936363145973]",0,AlamedaCC_04042017_2017-4092,model_D
tofueval_Qwen2.5-1.5B-Instruct,23,23,1.0156210660934448,43,2.4933245182037354,0.33425918221473694,"[0.02295087965932569, -0.0197309059535761, 0.023435684121068334, -0.002696170064408825, 2.1221872453853963]","[0.003456792348325232, 0.0019257669034695103, 0.001609010053567805, 0.0012174991475545581, 0.29316915314628333]",1,AlamedaCC_04042017_2017-4092,model_E
tofueval_Qwen2.5-1.5B-Instruct,24,24,2.2137224674224854,66,0.9164336323738098,0.13161049783229828,"[0.02737956037956544, 0.01935732735948863, -0.0013117017912339759, -0.00529340604164948, 0.7445418663520479]","[0.004895982550034673, 0.0017632689824136887, 0.0008010271809932116, 0.0007072982087706667, 0.11066831224988247]",1,AlamedaCC_04042017_2017-4092,Model-Extra
tofueval_Qwen2.5-1.5B-Instruct,25,25,0.6071708798408508,66,3.5377581119537354,0.415609747171402,"[0.07529194291722281, 0.006016211180394748, -0.008676687832507234, -0.005409433966247669, 3.179980329470709]","[0.003225674464974046, 0.001351684709787247, 0.0015665894410765511, 0.0003412057885432687, 0.4036692681036198]",0,AlamedaCC_04042017_2017-4092,model_A
tofueval_Qwen2.5-1.5B-Instruct,26,26,0.8695974349975586,39,2.589186668395996,0.35129472613334656,"[-0.02393200403254853, 0.005821135696561004, 0.00341791060502426, -0.02146016645126973, 2.4119707745237227]","[0.003876884148063744, 0.0015697446618087969, 0.0006231187922174705, 0.0005985212540432864, 0.33849471307192475]",0,AlamedaCC_04042017_2017-4092,model_B
tofueval_Qwen2.5-1.5B-Instruct,27,27,0.9160358905792236,96,2.145650625228882,0.2767995297908783,"[0.004174608476811652, -0.005969019281110377, -0.014975255251859684, -0.014853157295571387, 2.0319120152162213]","[0.004411439419717074, 0.002687208628576817, 0.0006657339734180331, 0.0006229958393670169, 0.2657027400697795]",1,AlamedaCC_04042017_2017-4092,model_C
tofueval_Qwen2.5-1.5B-Instruct,28,28,1.5607852935791016,61,1.286205530166626,0.19589225947856903,"[0.006484906991168887, -0.0041919726378391265, -0.008208036866443629, 0.013932750769795423, 1.0484285875391521]","[0.0045003652057261445, 0.002781087320250126, 0.0007247932403366636, 0.0007510524654983291, 0.15997906855582336]",1,AlamedaCC_04042017_2017-4092,model_D
tofueval_Qwen2.5-1.5B-Instruct,29,29,1.2273647785186768,93,1.81434166431427,0.25192350149154663,"[-0.006108466721147985, -0.0008763139280402953, 0.002551965899289816, 0.003005466188125122, 1.7416278329747978]","[0.003897030845549917, 0.0018639434906153154, 0.0009835815796885717, 0.0008060782817679983, 0.24471799157665022]",1,AlamedaCC_04042017_2017-4092,model_E
tofueval_Qwen2.5-1.5B-Instruct,30,30,3.007619857788086,54,0.7606639862060547,0.16709908843040466,"[0.03462092162549703, -0.017974663141002465, 0.00021331748575903475, -0.018869272642337752, 0.6678671138102396]","[0.006783489560129291, 0.0020975022149556295, 0.001413972933463541, 0.0022264829250936463, 0.132868269480241]",1,AlamedaCC_04042017_2017-4092,Model-Extra
tofueval_Qwen2.5-1.5B-Instruct,31,31,1.2404632568359375,47,2.1402370929718018,0.2494513988494873,"[0.001366291307544514, 0.003107429080007429, -0.0037099937400582464, -0.010597404792822496, 1.8924590036808018]","[0.004584906980798746, 0.001693384003916203, 0.0007197823222624836, 0.0007290773134792153, 0.22499749919107342]",1,AlamedaCC_04042017_2017-4092,model_A
tofueval_Qwen2.5-1.5B-Instruct,32,32,0.9625532627105713,69,2.2889792919158936,0.2911433279514313,"[0.006442841605124725, 0.022663217645089575, 0.02722028736257082, 0.007218521606958256, 2.2938119780839137]","[0.003048190842564245, 0.0018356734535964147, 0.0007766244076541941, 0.0007362650937097171, 0.29956440340079693]",1,AlamedaCC_04042017_2017-4092,model_B
tofueval_Qwen2.5-1.5B-Instruct,33,33,1.3357917070388794,79,0.9537315964698792,0.16294997930526733,"[0.03222887304646871, 0.006102996309580911, 0.0025936398438094746, 0.001963930807482651, 0.9093280038774261]","[0.002730251902218547, 0.0016967034796135534, 0.0005597204900926885, 0.00047564266216214274, 0.1480958723372675]",1,AlamedaCC_04042017_2017-4092,model_C
tofueval_Qwen2.5-1.5B-Instruct,34,34,0.7380499839782715,78,2.9588019847869873,0.36112627387046814,"[0.02508875909627069, -0.002107622186602571, -0.0069567121327287545, -0.013297901970359724, 2.7147106839140926]","[0.005851713025444601, 0.0012922501082973288, 0.0005473617925534386, 0.0004264120669130278, 0.3442475908146335]",1,AlamedaCC_04042017_2017-4092,model_D
tofueval_Qwen2.5-1.5B-Instruct,35,35,1.551466464996338,39,2.731470823287964,0.3237488865852356,"[0.009181782512221104, -0.008728507109201299, 0.00621987035115942, 0.002578750798980204, 2.0762836494697976]","[0.004780860972273214, 0.0019323972230081265, 0.0013029789206484566, 0.001578053504113669, 0.2856156744468862]",1,AlamedaCC_04042017_2017-4092,model_E
tofueval_Qwen2.5-1.5B-Instruct,36,36,2.7291126251220703,54,0.39403286576271057,0.18807022273540497,"[-0.003917098094933425, 0.0019500619361039113, 0.05767155637322166, 0.00830604919422142, 0.46283503067119186]","[0.00938622031076698, 0.0034365674118311696, 0.0024453363963503863, 0.014502958165731225, 0.1784360352935942]",1,AlamedaCC_07162019_2019-6992,Model-Extra
tofueval_Qwen2.5-1.5B-Instruct,37,37,2.0853779315948486,45,0.011327937245368958,0.06974520534276962,"[-0.024440381618397726, 0.010609370347810908, -0.013273661815199173, -0.018991628680830926, 0.5234019661477457]","[0.0023293386128393143, 0.0010831634357196486, 0.0009996065076645917, 0.007581640937951306, 0.08944556871720125]",1,AlamedaCC_07162019_2019-6992,model_A
tofueval_Qwen2.5-1.5B-Instruct,38,38,1.9117505550384521,38,0.09764473140239716,0.07424543052911758,"[0.00678756256820634, 0.013482442632697425, 0.003895172491626765, -0.053571626442518255, 0.46521891871356946]","[0.002390779856867946, 0.002037208955716539, 0.0027086650393776403, 0.006356215565047981, 0.07670503572999703]",1,AlamedaCC_07162019_2019-6992,model_B
tofueval_Qwen2.5-1.5B-Instruct,39,39,1.5924290418624878,82,-0.1557161808013916,0.06075562536716461,"[-0.029899925775480812, 0.012328645697912512, 0.0033418157511887997, -0.010897827454888412, 0.15694397019786088]","[0.0032511710666579406, 0.0014937538945863564, 0.0015243551541092107, 0.0033193869476783344, 0.02233820773163898]",1,AlamedaCC_07162019_2019-6992,model_C
tofueval_Qwen2.5-1.5B-Instruct,40,40,2.4229438304901123,17,0.3682376742362976,0.05953152850270271,"[-0.018927844137686084, -0.025639459962429313, -0.0185769733532866, 0.0011831317815984435, -0.13342513779592563]","[0.0016520051660122322, 0.0005138940025450639, 0.0007616991411409532, 0.003799512358588853, 0.02448529672542196]",0,AlamedaCC_07162019_2019-6992,model_D
tofueval_Qwen2.5-1.5B-Instruct,41,41,0.6226521730422974,129,2.422401189804077,0.35895243287086487,"[0.19132407680143834, 1.874333083575405, -0.014889750533228828, -0.009805943761942802, 0.0061027136921051025]","[0.03601935914561139, 0.2669948574424927, 0.0014544992994424072, 0.0010615998897845716, 0.003500236588727615]",0,AlamedaCC_07162019_2019-6992,model_E
tofueval_Qwen2.5-1.5B-Instruct,42,42,2.766427516937256,55,0.8325245380401611,0.16103704273700714,"[-0.05978870165788314, 0.04117490460418842, 0.001493837210265073, 0.10326751277528026, 0.5964355195957152]","[0.0021134252612021306, 0.0015517631817188388, 0.0018033549730634233, 0.02083131180711048, 0.1570250579325313]",1,AlamedaCC_07162019_2019-6992,Model-Extra
tofueval_Qwen2.5-1.5B-Instruct,43,43,1.1417407989501953,126,2.044402837753296,0.2984367609024048,"[0.1333105274616895, 1.1208644681539717, 0.009397450940793663, 0.22729585744188321, 0.12466412592555802]","[0.02548234415798939, 0.1585528789384647, 0.007051019502994908, 0.03123448141412715, 0.03656565806177412]",1,AlamedaCC_07162019_2019-6992,model_A
tofueval_Qwen2.5-1.5B-Instruct,44,44,1.365041732788086,64,0.0968526154756546,0.05953194573521614,"[-0.003040274266822962, 0.027648136694551795, -1.566344144521281e-05, -0.01101782446494326, 0.24086283680662746]","[0.000760494641371956, 0.0009131307578158498, 0.000506649310996643, 0.002482037972498574, 0.05596258289733669]",1,AlamedaCC_07162019_2019-6992,model_B
tofueval_Qwen2.5-1.5B-Instruct,45,45,1.8677977323532104,31,1.6194450855255127,0.21568380296230316,"[0.37403607814039497, 0.00039015647921440824, -0.04628378043097684, 0.005186966998735443, -0.014222679296395771]","[0.026542689946279185, 0.0046313500086530585, 0.001829293187300561, 0.00576779979214661, 0.078188364287182]",1,AlamedaCC_07162019_2019-6992,model_C
tofueval_Qwen2.5-1.5B-Instruct,46,46,1.9457838535308838,47,0.24388621747493744,0.0721520185470581,"[0.018216830004561455, 0.010897034333345103, -0.002923932005750372, -0.03021823957641708, 0.3747329236543242]","[0.0019778716883070533, 0.0012738523483734599, 0.0005990428544561276, 0.005546742657819042, 0.08207987264997543]",1,AlamedaCC_07162019_2019-6992,model_D
tofueval_Qwen2.5-1.5B-Instruct,47,47,1.7203775644302368,56,0.07830015569925308,0.031065788120031357,"[-0.013296760058145602, -0.013455981875690018, 0.0054640548885670015, -0.00689650118316162, -0.00750430699404855]","[0.0006276612792400929, 0.0007131345672206635, 0.00038118919513660136, 0.0013340796535905902, 0.0054539011877555565]",1,AlamedaCC_07162019_2019-6992,model_E
tofueval_Qwen2.5-1.5B-Instruct,48,48,2.912776231765747,50,0.7015650272369385,0.1734054535627365,"[-0.02957584947347641, 0.03031610923819244, -0.005440226402133703, 0.035779278436675666, 0.7717860559001565]","[0.007041854721464915, 0.0011922198730917443, 0.0013893849288797355, 0.009043001565059968, 0.16685067455749958]",1,AlamedaCC_07162019_2019-6992,Model-Extra
tofueval_Qwen2.5-1.5B-Instruct,49,49,1.8763676881790161,44,0.24669170379638672,0.05846951901912689,"[0.014941848327659747, 0.020155100342394275, 0.0028356096326288853, 0.01696735885078934, 0.1642748105593703]","[0.001351573645980476, 0.0013271470302062096, 0.0005884826648318929, 0.0036616760750224453, 0.031516615384713405]",1,AlamedaCC_07162019_2019-6992,model_A
tofueval_Qwen2.5-1.5B-Instruct,50,50,2.089862108230591,48,1.8408225774765015,0.26517000794410706,"[0.01854905268798272, 0.030591627456791077, 0.0010878245035807292, 0.024735418516987313, 1.7553347617698212]","[0.0013524040975122868, 0.0009962818617926434, 0.0009520518445545653, 0.0063142093534528, 0.26912393678503577]",1,AlamedaCC_07162019_2019-6992,model_B
tofueval_Qwen2.5-1.5B-Instruct,51,51,1.9164152145385742,64,0.04861859232187271,0.057182446122169495,"[0.0006028218049323186, 0.0008933329227147624, 0.0002825038354785647, -0.00455105776200071, 0.03246947126172017]","[0.0007542062467975619, 0.0006550151549538086, 0.00034964421027172676, 0.002130826746977732, 0.04027007016702555]",1,AlamedaCC_07162019_2019-6992,model_C
tofueval_Qwen2.5-1.5B-Instruct,52,52,1.7590728998184204,68,1.5420169830322266,0.2505943179130554,"[0.08288834143521694, 0.282018866876088, -0.007714497795378146, -0.010923010877163238, 0.5034701482125402]","[0.023103993214617195, 0.06175055341792385, 0.005287185973690398, 0.005833584083317793, 0.09380273744705606]",0,AlamedaCC_07162019_2019-6992,model_D
tofueval_Qwen2.5-1.5B-Instruct,53,53,1.8772145509719849,57,0.31365150213241577,0.06261394917964935,"[0.027092560407988475, 0.0067136302128155394, -0.018072771616093712, 0.011893383713756697, 0.12833193055925413]","[0.001629342046487038, 0.0022686805809347503, 0.0009876875542192323, 0.007186235863947219, 0.025211214704477083]",1,AlamedaCC_07162019_2019-6992,model_E
tofueval_Qwen2.5-1.5B-Instruct,54,54,2.4590694904327393,54,1.7377569675445557,0.29446274042129517,"[0.00892704258526296, 0.05352033065261181, 0.3208213217655645, 0.34690604879546705, 0.542991072105468]","[0.027935304586544925, 0.009089356308095375, 0.07437785727934507, 0.05958945131610731, 0.06733427632563387]",1,AlamedaCC_07202021_2021-1128,Model-Extra
tofueval_Qwen2.5-1.5B-Instruct,55,55,1.0416256189346313,94,2.335785150527954,0.35625046491622925,"[0.0642410033858354, 0.014854118314767045, 0.3871826107051481, 0.8324657669448804, 1.152981383620577]","[0.02132283709058049, 0.008818279207706295, 0.07021627407542888, 0.12594723174660952, 0.1435426653419117]",1,AlamedaCC_07202021_2021-1128,model_A
tofueval_Qwen2.5-1.5B-Instruct,56,56,1.648170828819275,37,1.7364646196365356,0.28779855370521545,"[0.3921907821141586, 0.4139201902104793, -0.07081102467664341, 0.008475304310637954, 0.06388855555780686]","[0.08269099729148217, 0.06397174959105591, 0.05196782474494948, 0.0055768154055398115, 0.012059514362074362]",0,AlamedaCC_07202021_2021-1128,model_B
tofueval_Qwen2.5-1.5B-Instruct,57,57,1.151790976524353,110,2.3504769802093506,0.3076864182949066,"[0.27478074287064375, 0.1261039047408386, 0.24838015795549753, 0.7882639572463549, 0.6709789427764586]","[0.05053156388453317, 0.01505639217007332, 0.03795240269784741, 0.08627711666867567, 0.08577827545516976]",1,AlamedaCC_07202021_2021-1128,model_C
tofueval_Qwen2.5-1.5B-Instruct,58,58,1.6549888849258423,50,2.674217462539673,0.3256652355194092,"[0.8139557348063682, 0.1401861716102576, -0.05812632436856802, 0.6622941424130113, 0.10109326660953229]","[0.0870719040435506, 0.017990377597657245, 0.02665683977696517, 0.056294593869033634, 0.011473014688372132]",1,AlamedaCC_07202021_2021-1128,model_D
tofueval_Qwen2.5-1.5B-Instruct,59,59,1.2336479425430298,85,2.0293421745300293,0.3095698058605194,"[0.20300690345936934, 1.59060026314315, 0.1464011765579926, -0.02249965599339168, -0.006642495580822202]","[0.02545507340798448, 0.2273506165964885, 0.0402635519800777, 0.0019222365862065893, 0.002123835101565419]",1,AlamedaCC_07202021_2021-1128,Model-Extra
tofueval_Qwen2.5-1.5B-Instruct,60,60,1.4321790933609009,35,2.4670252799987793,0.31018784642219543,"[-0.006291598716052249, 1.3424936444432076, 0.5872416047786828, 0.025732901133596896, 0.08600305989717266]","[0.021459210283234956, 0.16165951420636182, 0.08611477682299144, 0.0011845887206358644, 0.002338314223782488]",1,AlamedaCC_07202021_2021-1128,model_A
tofueval_Qwen2.5-1.5B-Instruct,61,61,0.8908122181892395,141,2.180586576461792,0.3087368607521057,"[0.09168890328754137, 0.2186572518424179, 0.32874542043023114, 0.7620175604157171, 0.8466723634559432]","[0.01810324385744899, 0.03335096050150306, 0.037593353205973935, 0.10004667749444061, 0.11873186242550862]",1,AlamedaCC_07202021_2021-1128,model_B
tofueval_Qwen2.5-1.5B-Instruct,62,62,1.3310726881027222,105,1.7384761571884155,0.2983151078224182,"[0.3276259281371105, 0.5951475860091575, 0.7254495784071402, 0.12878823698563446, -0.013745806389072511]","[0.06591558470473025, 0.07029941675994213, 0.09370475383717738, 0.044190123290612365, 0.0062564283828378175]",1,AlamedaCC_07202021_2021-1128,model_C
tofueval_Qwen2.5-1.5B-Instruct,63,63,1.2439829111099243,53,1.5562459230422974,0.2609419822692871,"[0.3384317481398301, 0.15136266681656707, 1.1501646760910451, 0.03046837728662759, 0.0745444899635776]","[0.04618601408882577, 0.05567960499293366, 0.15824788407572446, 0.0040878019749599395, 0.005076557327689048]",0,AlamedaCC_07202021_2021-1128,model_D
tofueval_Qwen2.5-1.5B-Instruct,64,64,1.3772770166397095,63,2.101799964904785,0.27468347549438477,"[0.3833209455340347, 0.2851202605633594, 0.08996619513195511, 0.5392737898119588, 0.050880198034324815]","[0.06251688564206205, 0.04890629877493013, 0.03270985002046159, 0.04850377911601292, 0.010495406405963213]",1,AlamedaCC_07202021_2021-1128,model_E
tofueval_Qwen2.5-1.5B-Instruct,65,65,2.193321466445923,59,0.2023189812898636,0.17261935770511627,"[-0.004646605589788139, 0.0398085448139651, 0.009436358685133647, 0.139142411301244, 0.010876578675687582]","[0.0016202560179130992, 0.001830983787164183, 0.0028308631072539326, 0.13205061506991023, 0.008540349649741198]",1,AlamedaCC_07202021_2021-1128,Model-Extra
tofueval_Qwen2.5-1.5B-Instruct,66,66,1.0991263389587402,104,2.0646395683288574,0.2775581479072571,"[0.00791615217450761, 0.014602758228892735, 0.0269975516116574, 1.0868343557852382, 1.0460112097374663]","[0.0015472566991531467, 0.0011636880660706066, 0.0027781954216577606, 0.1398978678689695, 0.13082354022928108]",0,AlamedaCC_07202021_2021-1128,model_A
tofueval_Qwen2.5-1.5B-Instruct,67,67,1.0288317203521729,52,1.1171278953552246,0.1979702115058899,"[0.004684048765249407, -0.014098563395656618, 0.058579883547141574, 1.1561116536518408, 0.07347921916824326]","[0.0012414232430182017, 0.0015863344401492003, 0.003708960311911369, 0.1871840135029288, 0.011252990388488097]",0,AlamedaCC_07202021_2021-1128,model_B
tofueval_Qwen2.5-1.5B-Instruct,68,68,1.049479365348816,52,1.1794712543487549,0.21961966156959534,"[0.016248628113456877, 0.031631280583286965, 0.42320064219054004, 1.0488277942153776, -0.05179989323956901]","[0.0013155031809333195, 0.0016282147909210975, 0.03585253158593542, 0.17338532059733763, 0.006205222922036368]",1,AlamedaCC_07202021_2021-1128,model_C
tofueval_Qwen2.5-1.5B-Instruct,69,69,0.7874863743782043,92,2.6550896167755127,0.3475578725337982,"[-0.015177481720377767, -0.004524575918802167, 0.038882665039478605, 1.7632286570341145, 0.7673529426571369]","[0.0010883494321697763, 0.0010689934823458118, 0.002719005258115984, 0.2603309220519251, 0.08895426759392214]",0,AlamedaCC_07202021_2021-1128,model_D
tofueval_Qwen2.5-1.5B-Instruct,70,70,1.1497833728790283,50,0.9614189863204956,0.15646564960479736,"[0.00811567688593641, 0.001605808035528753, 0.04587945594714256, 0.7580118336755549, 0.11022417546948418]","[0.0018251564894012518, 0.0015070432778702524, 0.0029165860926150342, 0.1302367222414614, 0.00855611087021316]",0,AlamedaCC_07202021_2021-1128,model_E
tofueval_Qwen2.5-1.5B-Instruct,71,71,3.336919069290161,60,1.0694626569747925,0.1873771995306015,"[0.055774066463345665, 0.3944185023040821, 0.007070256820103774, -0.14937726078593794, 0.0908332899174032]","[0.023977030698157858, 0.05187133199266706, 0.017511793891344496, 0.015407916991838041, 0.03537726584060389]",1,AlamedaCC_09012015_2015-1940,Model-Extra
tofueval_Qwen2.5-1.5B-Instruct,72,72,1.2297468185424805,46,1.6072227954864502,0.2169395536184311,"[-0.016082855502685088, 0.01247643128400618, 0.0033314276541046716, 0.021301270298072664, 1.410778817070304]","[0.0013200766063242188, 0.0013711487855992434, 0.0004724243481462054, 0.0018048473931562958, 0.22768069015127484]",0,AlamedaCC_09012015_2015-1940,model_A
tofueval_Qwen2.5-1.5B-Instruct,73,73,1.3566040992736816,110,0.5461378693580627,0.09795596450567245,"[0.010769334286636546, -0.004384440960182639, 0.002629839219893752, -0.007007302519526672, 0.5104394171273188]","[0.0013815051971484784, 0.0009145958314465216, 0.00039858496959265145, 0.0010443614619944698, 0.09852728699042927]",1,AlamedaCC_09012015_2015-1940,model_B
tofueval_Qwen2.5-1.5B-Instruct,74,74,1.7508167028427124,78,0.7212766408920288,0.1336846649646759,"[-0.01677082542002422, 0.0072398202369535845, 0.0222639731705735, 0.012471604861881739, 0.6762301875785806]","[0.0025486263073107606, 0.0013279588090002337, 0.0004499362514674378, 0.0013909032329870103, 0.12405110694863908]",1,AlamedaCC_09012015_2015-1940,model_C
tofueval_Qwen2.5-1.5B-Instruct,75,75,1.8413023948669434,60,1.872581958770752,0.2773939371109009,"[0.015408255783161925, 0.3682213170681886, 0.26854388916278066, 0.07822508718866933, 0.0006636174929250653]","[0.030450129123376732, 0.04867992041101085, 0.05603908909350442, 0.026337432146677504, 0.02657046556817022]",1,AlamedaCC_09012015_2015-1940,model_D
tofueval_Qwen2.5-1.5B-Instruct,76,76,1.443708896636963,41,1.8692057132720947,0.23960842192173004,"[0.01377246476991653, 0.034620041246653716, 0.0005618519890271184, 0.008722727483517502, 1.468426508218172]","[0.002317203689843642, 0.0024531681993283467, 0.0005860841804405936, 0.0016942611648712446, 0.2232297853487824]",1,AlamedaCC_09012015_2015-1940,model_E
tofueval_Qwen2.5-1.5B-Instruct,77,77,1.698711633682251,84,1.171094298362732,0.1952507346868515,"[-0.04605341171797287, 0.01931184416155572, 0.24182348503278003, 0.15928488926069154, -0.02083105481800712]","[0.022056569565994062, 0.007841631450434403, 0.02511857237593198, 0.017847417817928805, 0.035334810094427994]",0,AlamedaCC_09012015_2015-1940,Model-Extra
tofueval_Qwen2.5-1.5B-Instruct,78,78,0.9976394772529602,136,1.972388505935669,0.2871147692203522,"[0.5148402302227069, 0.45148590703580366, 0.13231443120611844, -0.044175788300420626, 0.00012834993070582105]","[0.07216554684323091, 0.0627699809492937, 0.028833747936742322, 0.008496919163050202, 0.01244441279811593]",0,AlamedaCC_09012015_2015-1940,model_A
tofueval_Qwen2.5-1.5B-Instruct,79,79,2.2038044929504395,44,1.3090541362762451,0.18865181505680084,"[-0.004073033270701258, 0.011283042531100695, 0.01788894932410172, -0.02908330541686155, 1.1636861450970173]","[0.0018030392418495467, 0.0007743245675803998, 0.00031472124799785723, 0.0018231679078904892, 0.16325158856555141]",1,AlamedaCC_09012015_2015-1940,model_B
tofueval_Qwen2.5-1.5B-Instruct,80,80,1.331458568572998,63,2.210294246673584,0.29747268557548523,"[0.06935750622280812, 0.2179528573109969, 0.07838017134504514, 0.03286849663738163, -0.0480381602487002]","[0.03318292439110243, 0.04732391562973113, 0.019018404701906577, 0.017567731490114764, 0.03195685068817872]",0,AlamedaCC_09012015_2015-1940,model_C
tofueval_Qwen2.5-1.5B-Instruct,81,81,2.9782493114471436,28,0.5434404611587524,0.13042017817497253,"[-0.038449955421258765, 0.0009567184791064522, 0.01742100912971572, -0.05929974892673532, 0.5454706344558612]","[0.0016092684240009345, 0.0007507046490218272, 0.0004433594592317799, 0.002535820568255076, 0.08928371139251924]",1,AlamedaCC_09012015_2015-1940,model_D
tofueval_Qwen2.5-1.5B-Instruct,82,82,1.3391599655151367,66,1.102332353591919,0.1589643806219101,"[7.845142086311667e-05, 0.0074710269683705656, 0.0030714117581903174, 0.009510043285968784, 1.0330302235652749]","[0.001920984795562521, 0.0005853844546205199, 0.0008364309892945612, 0.0019164015849588106, 0.15624652056144303]",1,AlamedaCC_09012015_2015-1940,model_E
tofueval_Qwen2.5-1.5B-Instruct,83,83,2.348536968231201,71,0.8517431616783142,0.20121149718761444,"[0.1463308100601737, 0.36851513896852367, 0.005942819571174996, -0.06782652301103874, 0.13255446309774693]","[0.03806991073366256, 0.05129092988493501, 0.021553799587885628, 0.02183643905247894, 0.08435176861387166]",0,AlamedaCC_09012015_2015-1940,Model-Extra
tofueval_Qwen2.5-1.5B-Instruct,84,84,1.5890246629714966,79,0.19932818412780762,0.04938959702849388,"[-0.0021508958500506404, 0.009636697065950182, 0.00022305469408106718, 0.004219005638482992, 0.19293147576545494]","[0.0012331139439894845, 0.0006782409167027265, 0.00035898007125593676, 0.0008782932971405876, 0.028436664750326506]",1,AlamedaCC_09012015_2015-1940,model_A
tofueval_Qwen2.5-1.5B-Instruct,85,85,1.5289485454559326,63,0.7840083241462708,0.13153870403766632,"[-0.004325675643889958, -0.006981030163366259, 0.002409915999686789, -0.0020831577052059214, 0.6842547618296175]","[0.0015501240546250807, 0.0005353870604232096, 0.00027411616099921985, 0.0013292464330393592, 0.12384662981281826]",1,AlamedaCC_09012015_2015-1940,model_B
tofueval_Qwen2.5-1.5B-Instruct,86,86,1.738810658454895,82,0.5217229127883911,0.09017118811607361,"[0.018383360134221885, 0.021041844308123607, 0.011435651939813753, 0.010623991163234545, 0.46118652280853073]","[0.0023893224229723496, 0.0009264320759341195, 0.00041283926338603745, 0.0016820906612643163, 0.06656958459262102]",1,AlamedaCC_09012015_2015-1940,model_C
tofueval_Qwen2.5-1.5B-Instruct,87,87,1.2403262853622437,75,0.7696189284324646,0.12714768946170807,"[0.003786595614850133, -0.0053634575431836615, 0.0008562333842079776, -0.004617672936486391, 0.7780839571170509]","[0.001119812618180731, 0.00033847519678848435, 0.000290300719090529, 0.0011431763722152747, 0.14210697777724515]",1,AlamedaCC_09012015_2015-1940,model_D
tofueval_Qwen2.5-1.5B-Instruct,88,88,1.2518812417984009,60,1.9435248374938965,0.2737915813922882,"[0.1849313392250224, 0.023833952562290504, 0.04807901628349403, -0.04886653701690496, -0.03331947882938948]","[0.02880512701346542, 0.016437182841650137, 0.02291851916637171, 0.02526917134239663, 0.03399504290151422]",0,AlamedaCC_09012015_2015-1940,model_E
tofueval_Qwen2.5-1.5B-Instruct,89,89,2.264681100845337,43,1.47963547706604,0.24157482385635376,"[1.1205576592785589, 0.2508625574680695, 0.008591898857767498, -0.034758560280965335, 0.01786345430259961]","[0.13905414592658796, 0.024216024264649944, 0.0025505584748908555, 0.004280672614989927, 0.0048840790898180405]",0,AlamedaCC_09152020_2020-8293,Model-Extra
tofueval_Qwen2.5-1.5B-Instruct,90,90,2.263253927230835,36,1.0301239490509033,0.26138871908187866,"[0.3629700032373269, -0.06993171460797182, -0.09822121374438414, -0.1421515088909978, 0.0659508119909636]","[0.18889496033726674, 0.046968739910880686, 0.007930432562918414, 0.012719839933197363, 0.009633077544044176]",0,AlamedaCC_09152020_2020-8293,model_A
tofueval_Qwen2.5-1.5B-Instruct,91,91,1.7239508628845215,57,1.7888587713241577,0.25009211897850037,"[1.04165943139825, 0.32998982035320423, 0.03338189217460272, 0.006802886489894215, 0.029539275637042714]","[0.14676086042967845, 0.04895719334245996, 0.0021359207121000715, 0.0051259682201219405, 0.0044129271754633536]",1,AlamedaCC_09152020_2020-8293,model_B
tofueval_Qwen2.5-1.5B-Instruct,92,92,1.477016568183899,58,0.9855677485466003,0.22244161367416382,"[0.7098986014246074, 0.0013816840244168095, -0.004909203150951913, 0.12196037265600572, 0.042565906669238006]","[0.12558368337942802, 0.0273058367298008, 0.0020580761736392434, 0.03282583910510672, 0.007574329123866031]",0,AlamedaCC_09152020_2020-8293,model_C
tofueval_Qwen2.5-1.5B-Instruct,93,93,1.1031805276870728,68,2.256422519683838,0.30386364459991455,"[1.9089791214946137, 0.04688601524890815, 0.007911843156531054, 0.23830419399148894, 0.083633249094295]","[0.23819994033735437, 0.015170160934349386, 0.002472945236666328, 0.03140365494939983, 0.0049399569679769014]",1,AlamedaCC_09152020_2020-8293,model_D
tofueval_Qwen2.5-1.5B-Instruct,94,94,1.682621955871582,34,1.6963788270950317,0.25253334641456604,"[1.257537247313474, 0.039579775821253216, 0.024040507798952816, 0.015169842989587993, 0.03350468880842741]","[0.1672801171137989, 0.02254661382882178, 0.0021894648842884206, 0.003424524560560873, 0.0051089584266104365]",0,AlamedaCC_09152020_2020-8293,model_E
tofueval_Qwen2.5-1.5B-Instruct,95,95,2.2880589962005615,51,0.9493535161018372,0.19676265120506287,"[0.6735443442183382, 0.1977134367574335, -0.011428600906476597, -0.019072109896132686, 0.013144325604205769]","[0.13247566796181834, 0.037547433392239114, 0.003915003001414637, 0.011891869356844052, 0.004547535444009341]",0,AlamedaCC_09152020_2020-8293,Model-Extra
tofueval_Qwen2.5-1.5B-Instruct,96,96,1.6629127264022827,76,1.16474449634552,0.255462110042572,"[0.6491954363757486, 0.18139217968258126, 0.013266342100732081, 0.12923348584662994, 0.04525505342534966]","[0.16522521425416864, 0.024974205605371787, 0.002201337574598932, 0.036309485828489585, 0.005622289511680154]",1,AlamedaCC_09152020_2020-8293,model_A
tofueval_Qwen2.5-1.5B-Instruct,97,97,1.3516578674316406,76,2.500887155532837,0.2839818596839905,"[1.686730439760906, 0.6548507309152659, -0.009347040308248802, 0.008508928394899397, -0.026145774981973534]","[0.20138700645800686, 0.08815922537124415, 0.0025425654574193182, 0.006907028663313871, 0.005084621163886918]",0,AlamedaCC_09152020_2020-8293,model_B
tofueval_Qwen2.5-1.5B-Instruct,98,98,1.7632020711898804,66,1.9786453247070312,0.2953788936138153,"[1.4161574095537617, 0.44818716144917553, -0.0257331726076879, 0.08154655900901189, 0.007214512303031976]","[0.19849477409132857, 0.07603849897011221, 0.002189177496423199, 0.010310992950293625, 0.004878471357007659]",0,AlamedaCC_09152020_2020-8293,model_C
tofueval_Qwen2.5-1.5B-Instruct,99,99,1.6209290027618408,51,1.2643901109695435,0.23657441139221191,"[0.9197743727743406, 0.2912236114816194, -0.033072538395554504, -0.1142816150788313, -0.025614623941174954]","[0.18162067360033546, 0.02372212617587022, 0.003339201976570273, 0.036221894779620976, 0.003269212313661424]",0,AlamedaCC_09152020_2020-8293,model_D
tofueval_Qwen2.5-1.5B-Instruct,100,100,1.1128332614898682,107,2.1289446353912354,0.30225107073783875,"[1.7109898968404909, 0.012169783083094292, 0.003938934423826497, 0.21159716890511956, 0.028255941982702395]","[0.21970201430161113, 0.013174794617831356, 0.001112950621775783, 0.05597001034810715, 0.006968410304512706]",1,AlamedaCC_09152020_2020-8293,model_E
tofueval_Qwen2.5-1.5B-Instruct,101,101,1.0118657350540161,54,2.7892110347747803,0.32571524381637573,"[-0.008809006181696465, 0.042222766862390994, 0.029761676075092208, 2.0393526500815318, 0.041836798076541594]","[0.004658830286572353, 0.0027561284552988312, 0.0015877131610127267, 0.24178332978206324, 0.010164000534140778]",0,AlamedaCC_09152020_2020-8293,Model-Extra
tofueval_Qwen2.5-1.5B-Instruct,102,102,0.9342219233512878,77,2.339688777923584,0.28747883439064026,"[-0.049356285003187776, -0.009855371676049008, -0.01932677857711225, 1.7563106024550128, 0.023379001232085587]","[0.0030563228511538624, 0.002498006023731616, 0.0017416496160885563, 0.21636776741126904, 0.028115704259783804]",1,AlamedaCC_09152020_2020-8293,model_A
tofueval_Qwen2.5-1.5B-Instruct,103,103,0.9503382444381714,66,2.562005043029785,0.29931938648223877,"[0.014587493690145713, 0.010935941727880025, 0.00970340222589915, 1.7978136978733044, 0.1896370175300862]","[0.0044366567428001545, 0.0027962529317087296, 0.00217884691780746, 0.20892089440497907, 0.022231140909314915]",0,AlamedaCC_09152020_2020-8293,model_B
tofueval_Qwen2.5-1.5B-Instruct,104,104,1.2385207414627075,67,2.3973796367645264,0.30183058977127075,"[-0.0309978256504544, 0.009620706464768624, -0.007543826642760715, 1.6604001571514657, 0.12129893318255633]","[0.00351804364326294, 0.003178580610437227, 0.0020388855411473702, 0.21038134959474233, 0.03986951228194581]",1,AlamedaCC_09152020_2020-8293,model_C
tofueval_Qwen2.5-1.5B-Instruct,105,105,0.8975324034690857,54,1.7026091814041138,0.24760761857032776,"[0.0576826604719153, -0.007114360213395061, -0.006691508837657575, 1.0518013108823518, 0.20690433619563042]","[0.004404364223849673, 0.0017845023509468977, 0.0012790086587183733, 0.15596580252248612, 0.03971978085120411]",0,AlamedaCC_09152020_2020-8293,model_D
tofueval_Qwen2.5-1.5B-Instruct,106,106,0.7438541650772095,66,2.537938117980957,0.30052700638771057,"[-0.02380894807538425, 0.013677453888345608, -0.017075039600086078, 1.7527419215047937, 0.18551662618483533]","[0.0050637115565037175, 0.004009573942029778, 0.001980158515597926, 0.21760311589671552, 0.023803658400676355]",1,AlamedaCC_09152020_2020-8293,model_E
tofueval_Qwen2.5-1.5B-Instruct,107,107,1.8692818880081177,53,1.4210126399993896,0.1954106241464615,"[0.38676477328257497, 0.5358335492415309, 0.19957296980790934, -0.0002728228868844146, -0.02683692980116455]","[0.07289183419808275, 0.07951478788582224, 0.024834887277706313, 0.0021155912049234415, 0.007878605960419215]",0,AlamedaCC_09192017_2017-4642,Model-Extra
tofueval_Qwen2.5-1.5B-Instruct,108,108,1.1031486988067627,76,1.6754729747772217,0.2399234026670456,"[0.3494886508930551, 0.6006628338848499, 0.48620415618711976, -0.00496037185173299, 0.0794539468859715]","[0.04820889735421156, 0.09348810659703888, 0.07438793701065399, 0.0016931448315378884, 0.013356700786871824]",0,AlamedaCC_09192017_2017-4642,model_A
tofueval_Qwen2.5-1.5B-Instruct,109,109,0.9738035798072815,99,1.7798768281936646,0.24623586237430573,"[0.3252504666157583, 0.4434894381182573, 0.5731646592213854, 0.18970410311911368, 0.09069071073422079]","[0.0564990439098906, 0.08562658926575291, 0.07342472893599669, 0.02986946413348866, 0.020986179635103942]",0,AlamedaCC_09192017_2017-4642,model_B
tofueval_Qwen2.5-1.5B-Instruct,110,110,1.044766902923584,89,1.5495033264160156,0.22816531360149384,"[0.1259307136107371, 0.4256948819399154, 0.35436423138921247, 0.3916734659521731, 0.10977789686243662]","[0.022053255279209642, 0.07284017179735881, 0.06984689516120664, 0.04731532717453466, 0.02430444569494581]",0,AlamedaCC_09192017_2017-4642,model_C
tofueval_Qwen2.5-1.5B-Instruct,111,111,1.212849497795105,92,1.5466125011444092,0.21479639410972595,"[0.27919921993844066, 0.2726419846269338, 0.47569814511185227, 0.32982693000104, 0.07697198222052501]","[0.04967459558695925, 0.04179200971396352, 0.050743642878982004, 0.03364210482853025, 0.017744389876040517]",1,AlamedaCC_09192017_2017-4642,model_D
tofueval_Qwen2.5-1.5B-Instruct,112,112,1.4146660566329956,64,1.760428786277771,0.2524108588695526,"[0.46110633596708794, 0.20142436865546642, 0.9318725942937363, 0.01793863748480362, 0.009868689221548266]","[0.08571037413821614, 0.04833573573589689, 0.08485012258766744, 0.004784341503203393, 0.006525073101677492]",1,AlamedaCC_09192017_2017-4642,model_E
tofueval_Qwen2.5-1.5B-Instruct,113,113,1.7142804861068726,85,1.443109154701233,0.20327647030353546,"[0.36638192008643217, 0.35721777199146076, 0.34813952370733364, 0.13782590328286032, 0.028538884722066168]","[0.050342259194867976, 0.06761328805291936, 0.038474771417066435, 0.02077912788840609, 0.016107549913096913]",0,AlamedaCC_09192017_2017-4642,Model-Extra
tofueval_Qwen2.5-1.5B-Instruct,114,114,1.2086141109466553,58,2.4685232639312744,0.2969641387462616,"[0.05348248801175064, 1.8315800311573749, 0.011424945907743551, 0.018565573273447405, -0.01935814491524321]","[0.012840037796602952, 0.24465910655221548, 0.002402718665429159, 0.0017316792774840122, 0.006027253527714367]",1,AlamedaCC_09192017_2017-4642,model_A
tofueval_Qwen2.5-1.5B-Instruct,115,115,1.3199630975723267,105,1.8252320289611816,0.23507043719291687,"[0.1549445158208809, 0.24399188233849903, 0.5328965834804833, 0.2617861241174978, 0.23141729363754468]","[0.017734645362308822, 0.04661105659138879, 0.08282663508567306, 0.04710301359198833, 0.042018373117742244]",1,AlamedaCC_09192017_2017-4642,model_B
tofueval_Qwen2.5-1.5B-Instruct,116,116,1.394811749458313,55,1.9660983085632324,0.2533692419528961,"[0.04760730058690321, 0.6415937926027585, 0.9590513519966573, 0.009682649931875693, -0.016623116020557726]","[0.011816667126773112, 0.11558051986609247, 0.11577873812642461, 0.009051793457179387, 0.004282174370361893]",0,AlamedaCC_09192017_2017-4642,model_C
tofueval_Qwen2.5-1.5B-Instruct,117,117,1.3435777425765991,48,1.8695859909057617,0.24031253159046173,"[0.18087210509525184, 0.5616630964674793, 0.8635683686651419, 0.0037163484596476337, -0.02740571900982521]","[0.013461959161107965, 0.09758030811993497, 0.10445162286670022, 0.00181005979529066, 0.003068266683428078]",0,AlamedaCC_09192017_2017-4642,model_D
tofueval_Qwen2.5-1.5B-Instruct,118,118,1.0535917282104492,114,1.3535261154174805,0.21347810328006744,"[-0.01969502894634121, 0.36709669753433144, 0.31466532177028295, 0.17057729845276282, 0.3735147062496835]","[0.00720445164571434, 0.06854408389968587, 0.039212192410472003, 0.025647269963594618, 0.05865674876242017]",1,AlamedaCC_09192017_2017-4642,model_E
tofueval_Qwen2.5-1.5B-Instruct,119,119,1.8194167613983154,68,1.1491883993148804,0.19881939888000488,"[0.07450193414171521, 0.258273667261111, 0.1960457973068782, 0.27434970523579655, -0.07147986745413244]","[0.014843008290401874, 0.0850776437120009, 0.040089749037516706, 0.032064217261284715, 0.008843208362210597]",1,AlamedaCC_09192017_2017-4642,Model-Extra
tofueval_Qwen2.5-1.5B-Instruct,120,120,1.1984623670578003,92,2.0988097190856934,0.30678999423980713,"[0.21721720448826556, 0.919216579483003, 0.8694877941473341, -0.0008764004364579754, -0.05270806522433517]","[0.029787107040078344, 0.14317875525189858, 0.11388994352403213, 0.002480871341032051, 0.005997927706677702]",1,AlamedaCC_09192017_2017-4642,model_A
tofueval_Qwen2.5-1.5B-Instruct,121,121,0.9814326763153076,88,1.585025668144226,0.2474222183227539,"[0.16309676973405243, 0.6780900874906696, 0.22542790736578022, -0.018920580240980846, 0.06432504459191725]","[0.033795730835553754, 0.11743650633491143, 0.06181367421742126, 0.0015099667484047461, 0.010801533220945781]",1,AlamedaCC_09192017_2017-4642,model_B
tofueval_Qwen2.5-1.5B-Instruct,122,122,1.552283763885498,48,1.4922257661819458,0.20396234095096588,"[0.18859210395288528, 0.38529472910738605, 0.46796095464283854, 0.03652051212138, -0.023444132719286397]","[0.020197864519603332, 0.13113899218972117, 0.048528684511367715, 0.0027401873631648734, 0.0033576217298767475]",1,AlamedaCC_09192017_2017-4642,model_C
tofueval_Qwen2.5-1.5B-Instruct,123,123,1.443671703338623,64,1.5609033107757568,0.23853133618831635,"[0.32061263264513506, 0.120020386230129, 0.5927068828759232, 0.034582991894328785, 0.012180673613077175]","[0.03363212401636506, 0.057832040631205395, 0.09225746171661076, 0.00783880778217938, 0.0030933223687785727]",0,AlamedaCC_09192017_2017-4642,model_D
tofueval_Qwen2.5-1.5B-Instruct,124,124,1.37717604637146,45,1.5883150100708008,0.21100620925426483,"[0.5033780746472378, 0.2934633181153913, 0.2729129688917763, 0.014462614628428128, -0.008185723216027126]","[0.06279032037834137, 0.058800168616208896, 0.044199037169184725, 0.0021926475909721274, 0.005746366277677831]",0,AlamedaCC_09192017_2017-4642,model_E
tofueval_Qwen2.5-1.5B-Instruct,125,125,1.9398062229156494,53,1.4679025411605835,0.22259970009326935,"[0.20651169725087523, -0.049468884546513436, 0.409315804155617, 0.3317708219210716, -0.006294159772602692]","[0.10831772035631936, 0.008578464894949513, 0.048643805252260856, 0.04451882431291933, 0.0031132868518667766]",0,AlamedaCC_11172015_2015-2270,Model-Extra
tofueval_Qwen2.5-1.5B-Instruct,126,126,1.3292913436889648,77,1.3507869243621826,0.26317983865737915,"[0.8381082869206942, 0.12497523238687483, -0.027593321377569195, 0.004204238251957151, -0.014794562781182984]","[0.19847019649333772, 0.025876471135353022, 0.002456529982001992, 0.001918488967793219, 0.0017791078291427961]",1,AlamedaCC_11172015_2015-2270,model_A
tofueval_Qwen2.5-1.5B-Instruct,127,127,1.5203588008880615,69,1.4173160791397095,0.25135537981987,"[0.4130587898052645, 0.305192228139909, 0.2242885920990955, 0.3649688302348295, 0.014371763056735053]","[0.12146284987583372, 0.0567376874823105, 0.029123109288906993, 0.030887070218399742, 0.002582179203715362]",0,AlamedaCC_11172015_2015-2270,model_B
tofueval_Qwen2.5-1.5B-Instruct,128,128,1.6136606931686401,72,1.2558751106262207,0.24304236471652985,"[0.8594569820076382, -0.00742609761315786, 0.09520662905439774, -0.011515783114898821, 0.01597547655385117]","[0.18812864026242299, 0.021626939863428635, 0.013070550011181896, 0.003147836822519265, 0.002248183493624841]",1,AlamedaCC_11172015_2015-2270,model_C
tofueval_Qwen2.5-1.5B-Instruct,129,129,1.1236048936843872,69,1.4306405782699585,0.20793397724628448,"[0.808546366771106, 0.023692742050682853, 0.1224923103234743, 0.3088057549756019, 0.037619467303303296]","[0.15990257920042417, 0.0075178440524222056, 0.015629562187113654, 0.026649599451711522, 0.002001005850869956]",0,AlamedaCC_11172015_2015-2270,model_D
tofueval_Qwen2.5-1.5B-Instruct,130,130,1.3114827871322632,90,1.754763126373291,0.23496773838996887,"[0.8760534522283706, -0.06515265203860407, -0.02468440669926824, 0.2173234529433128, 0.016661027990221556]","[0.15915714110588952, 0.018732732372785835, 0.00812720201549229, 0.018012430312066858, 0.002609234827546519]",0,AlamedaCC_11172015_2015-2270,model_E
tofueval_Qwen2.5-1.5B-Instruct,131,131,2.437239408493042,51,1.0383421182632446,0.23020115494728088,"[-0.005750027539975503, -0.03743926101314548, 0.18718000775697874, 0.5579452886285806, -0.0064302200262318365]","[0.06980333203796808, 0.01189300514071571, 0.037127003450000216, 0.06735187218406086, 0.004360015745760393]",0,AlamedaCC_11172015_2015-2270,Model-Extra
tofueval_Qwen2.5-1.5B-Instruct,132,132,1.3374302387237549,85,1.3137046098709106,0.2231360226869583,"[0.5859245683484272, 0.2327527646509492, 0.10788789072548217, 0.30254657166635085, 0.1382110626809984]","[0.09722537549173199, 0.03905558374120534, 0.026559571378109412, 0.033540289946332076, 0.01886666598228631]",0,AlamedaCC_11172015_2015-2270,model_A
tofueval_Qwen2.5-1.5B-Instruct,133,133,1.5791330337524414,55,0.8714637160301208,0.19150276482105255,"[0.5075971738668159, -0.00040189968379060947, 0.1349707400866464, -0.037483146242712706, 0.013899034828434444]","[0.1530698200592517, 0.006902936315964325, 0.009120993782177969, 0.003941869670566947, 0.0027686288543686093]",0,AlamedaCC_11172015_2015-2270,model_B
tofueval_Qwen2.5-1.5B-Instruct,134,134,1.3731492757797241,129,1.07600736618042,0.19277983903884888,"[0.45780159076900256, 0.011571836596103398, 0.2046567373416801, 0.16524049380883624, -0.011335550554802523]","[0.09846517840304482, 0.019206545096917577, 0.03139038963366816, 0.026155906378378828, 0.0025685667106253025]",0,AlamedaCC_11172015_2015-2270,model_C
tofueval_Qwen2.5-1.5B-Instruct,135,135,0.7593034505844116,74,1.93045973777771,0.3011496663093567,"[1.5834554469742266, 0.002420878069602696, -0.00026059034795449605, -0.009162318092673583, 0.003534423437731921]","[0.26462567800666187, 0.004200018837959138, 0.00265949935436442, 0.0018501174103619947, 0.0018734366874687757]",0,AlamedaCC_11172015_2015-2270,model_D
tofueval_Qwen2.5-1.5B-Instruct,136,136,1.1371654272079468,79,1.2671452760696411,0.25144100189208984,"[0.9247669084222333, -0.004551875462127526, 0.1994359653071909, 0.0017067849102308105, -0.0039063196484710695]","[0.20756493528101658, 0.0052109598529545016, 0.022997908209990252, 0.0033731369972809008, 0.0022908584586775436]",0,AlamedaCC_11172015_2015-2270,model_E
tofueval_Qwen2.5-1.5B-Instruct,137,137,1.5129929780960083,22,2.119640588760376,0.2467287927865982,"[0.07629460989582268, 0.0709577933779325, 0.14383534735746004, 0.020390069651925427, 0.03427824453154409]","[0.06924408676621335, 0.004579742574523235, 0.040664158658315006, 0.003891310586699216, 0.0034675094095953022]",0,AlamedaCC_11172015_2015-2270,Model-Extra
tofueval_Qwen2.5-1.5B-Instruct,138,138,1.083044409751892,123,1.1518044471740723,0.23151184618473053,"[0.4625693030837106, 0.12194624624429323, 0.2973362224748724, 0.10074172477068463, 0.0009560197592609774]","[0.11421426095525598, 0.020630925307668073, 0.03678725397785581, 0.03672184072278933, 0.0038535646906509547]",0,AlamedaCC_11172015_2015-2270,model_A
tofueval_Qwen2.5-1.5B-Instruct,139,139,1.4576767683029175,72,1.6551682949066162,0.25644683837890625,"[0.6903837498022969, 0.07192350171496918, 0.3271519015090942, 0.43237028879548234, 0.023450661127586474]","[0.13023184289388862, 0.014277166701864038, 0.0424246441017336, 0.051236448616656896, 0.0034667638047510213]",0,AlamedaCC_11172015_2015-2270,model_B
tofueval_Qwen2.5-1.5B-Instruct,140,140,1.9355559349060059,52,0.9449293613433838,0.18535186350345612,"[0.40667488212308783, 0.023425671623167197, 0.21502256663907596, 0.09184213297782243, 0.01922171561622795]","[0.09503515718230258, 0.010895232279210085, 0.030285947959621005, 0.004663906348566043, 0.0022000721556867556]",0,AlamedaCC_11172015_2015-2270,model_C
tofueval_Qwen2.5-1.5B-Instruct,141,141,1.1644322872161865,95,1.611854910850525,0.2606784403324127,"[0.8147700061677728, -0.018081331093807614, 0.057435097248750074, 0.4433685289167335, -0.04681199458566664]","[0.17560579657135683, 0.006390379146609566, 0.007331361471730253, 0.042168418540869446, 0.0025996368497579014]",0,AlamedaCC_11172015_2015-2270,model_D
tofueval_Qwen2.5-1.5B-Instruct,142,142,1.5682655572891235,53,1.527160882949829,0.24795348942279816,"[0.41599961387033063, 0.049830777346011566, 0.24323956594546545, 0.481646514606974, 0.14112184332661168]","[0.09272093458962187, 0.008977765851233995, 0.05647289280064574, 0.05129471305116662, 0.020403892557105105]",0,AlamedaCC_11172015_2015-2270,model_E
tofueval_Qwen2.5-1.5B-Instruct,143,143,1.1003719568252563,40,1.474426507949829,0.2815226912498474,"[-0.07688056570041227, 0.011092401485075242, -0.03892109695734689, 0.017751302116084843, 1.2156218907795846]","[0.005515181307237072, 0.00022122327839042556, 0.001070600581670078, 0.0017312943866841124, 0.249978117102728]",1,BostonCC_06292022_2022-0708,Model-Extra
tofueval_Qwen2.5-1.5B-Instruct,144,144,1.101828694343567,37,1.7577189207077026,0.30252495408058167,"[-0.03095707848567415, -0.009312924592302659, -0.029145892092807067, 0.014367905701825244, 1.5080069690326077]","[0.004136940517472229, 0.000326828100029972, 0.0009560537547332462, 0.0009212360023657557, 0.2745271381072352]",0,BostonCC_06292022_2022-0708,model_A
tofueval_Qwen2.5-1.5B-Instruct,145,145,1.444640040397644,50,1.335696816444397,0.25557029247283936,"[0.030301613193005325, 0.016030143811367453, -0.004229415578301996, 0.011239655097015203, 1.0273033338645474]","[0.005284248712250701, 0.0006605456179022439, 0.003057175251378794, 0.0022717924511198363, 0.19714963654521853]",1,BostonCC_06292022_2022-0708,model_B
tofueval_Qwen2.5-1.5B-Instruct,146,146,1.1158653497695923,35,2.781611204147339,0.3556431233882904,"[-0.03795616637050573, -0.020268012932501734, -0.03347094674328608, 0.05655482338874468, 2.4370786550454797]","[0.004622421116567109, 0.0001463831577504087, 0.0008276551500135351, 0.0011349265752089975, 0.3355309709524071]",0,BostonCC_06292022_2022-0708,model_C
tofueval_Qwen2.5-1.5B-Instruct,147,147,0.9990134835243225,41,1.9388351440429688,0.3255486786365509,"[-0.03072523036453498, 0.033742255736575404, -0.014152313381534285, -0.01840385731409741, 1.60330384961761]","[0.009277077454978497, 0.0007924034508656549, 0.0011636601269213026, 0.002411613720933407, 0.28803444069791756]",0,BostonCC_06292022_2022-0708,model_D
tofueval_Qwen2.5-1.5B-Instruct,148,148,1.0852346420288086,42,2.50288462638855,0.36429479718208313,"[-0.0099805942764284, -0.0041590542089016665, -0.022270331483187397, -0.0464846530604908, 2.1112242218029373]","[0.008547672968060874, 0.00038369828822786597, 0.0006368025715075765, 0.0012656664652879392, 0.34617056333116214]",1,BostonCC_06292022_2022-0708,model_E
tofueval_Qwen2.5-1.5B-Instruct,149,149,1.3928831815719604,44,2.049490451812744,0.3418366312980652,"[0.017951913992874324, -0.016639758861856535, -0.00410028970641592, 0.03711311154554344, 1.846094812287695]","[0.0037913757556060027, 0.0003255864356994855, 0.0013807289968264574, 0.001677512730643891, 0.318958901780041]",0,BostonCC_06292022_2022-0708,Model-Extra
tofueval_Qwen2.5-1.5B-Instruct,150,150,1.1643192768096924,32,2.40643572807312,0.36748331785202026,"[-0.04472027785718069, -0.002544879204975814, -0.004491911675089, 0.007367492807674125, 2.2346899365074933]","[0.006528220790041672, 0.0011536710318900134, 0.0012090737724719247, 0.0038172604450465997, 0.3485305630892981]",0,BostonCC_06292022_2022-0708,model_A
tofueval_Qwen2.5-1.5B-Instruct,151,151,0.7713192105293274,40,3.1260931491851807,0.38042494654655457,"[-0.016392824712238508, -0.007248656258889241, -0.015489474771675305, -0.0021535175790631913, 2.844873646972701]","[0.00259704485625889, 0.0002971570503063958, 0.000926153663021978, 0.001599005682828647, 0.3647536874632351]",0,BostonCC_06292022_2022-0708,model_B
tofueval_Qwen2.5-1.5B-Instruct,152,152,1.0349631309509277,39,2.67610764503479,0.3938107490539551,"[0.027784446861821775, -0.005640653993349331, -0.02364569686454697, 0.023223853999904048, 2.4300574893490055]","[0.0032106776192251394, 0.0002801637423696472, 0.001120518009674225, 0.00179352724947316, 0.36243888310109]",0,BostonCC_06292022_2022-0708,model_C
tofueval_Qwen2.5-1.5B-Instruct,153,153,1.2671825885772705,49,1.2786533832550049,0.22863954305648804,"[-0.03758388972272193, 0.01398243283516162, 0.009540542525985298, 0.0034422712735843615, 1.362938419858716]","[0.003127274593021421, 0.00046196840307578785, 0.0014875965665739888, 0.0010777958902916888, 0.2044383730473263]",1,BostonCC_06292022_2022-0708,model_D
tofueval_Qwen2.5-1.5B-Instruct,154,154,0.7654998898506165,38,3.4585165977478027,0.42362284660339355,"[0.01031331079981388, -0.015360034161284076, -0.024906841095990354, 0.025331243529523675, 3.148591575531387]","[0.003169178772670995, 0.00018004686147545917, 0.001586156622364031, 0.0017186278772609704, 0.408446088549681]",0,BostonCC_06292022_2022-0708,model_E
tofueval_Qwen2.5-1.5B-Instruct,155,155,2.031249761581421,31,1.6124740839004517,0.2786799669265747,"[-0.05576630326404777, 0.03543629196675254, -0.04415274021542451, 0.010539333499412263, 1.5377369335582178]","[0.004699414151805433, 0.0008652951177311714, 0.0014831418366450253, 0.0017821940532632007, 0.2740455355134703]",1,BostonCC_06292022_2022-0708,Model-Extra
tofueval_Qwen2.5-1.5B-Instruct,156,156,0.9928870797157288,38,2.510178804397583,0.34152331948280334,"[-0.010010289694420001, 0.03910854430107161, -0.017083197780218478, 0.005908932469920776, 2.281854783331877]","[0.0044972862700032425, 0.0009183752511393992, 0.0010511759251788757, 0.0018135400003565767, 0.3287327507461764]",1,BostonCC_06292022_2022-0708,model_A
tofueval_Qwen2.5-1.5B-Instruct,157,157,1.9095085859298706,39,1.3007630109786987,0.2130303978919983,"[0.012410500626011083, 0.012542764379013067, 0.006101680050144354, 0.03143383174998841, 1.4626687547335258]","[0.005709977176570063, 0.0014412186944576743, 0.0016428101128276933, 0.001532725596741959, 0.19745452626226231]",0,BostonCC_06292022_2022-0708,model_B
tofueval_Qwen2.5-1.5B-Instruct,158,158,1.2413699626922607,59,1.7704291343688965,0.2839125096797943,"[0.17778646053797645, 0.0209036183847367, 0.003215474682323382, 0.029387093826899528, 1.4727655304437977]","[0.025894397943238414, 0.002124395654568539, 0.003038533540463612, 0.0031797902305990677, 0.24256369994826993]",1,BostonCC_06292022_2022-0708,model_C
tofueval_Qwen2.5-1.5B-Instruct,159,159,0.6276379227638245,44,3.1805074214935303,0.40208199620246887,"[0.018004169253055643, 0.005193631874466188, -0.006064824806923174, -0.007703004199852744, 3.0165420130995866]","[0.004258873798851875, 0.000675718471246579, 0.0014379429993286149, 0.0015790115688374003, 0.3947854830714112]",0,BostonCC_06292022_2022-0708,model_D
tofueval_Qwen2.5-1.5B-Instruct,160,160,2.502035140991211,53,1.6057060956954956,0.22961042821407318,"[0.11764050661090636, 0.20231928108862704, 0.20535800269018817, 0.3308663706590074, -0.010081996326231813]","[0.028929140532201653, 0.0253952358938357, 0.03645815909107423, 0.06959085928896594, 0.01545348892362302]",0,DenverCityCouncil_03212022_22-0159,Model-Extra
tofueval_Qwen2.5-1.5B-Instruct,161,161,1.8188139200210571,45,1.5300860404968262,0.2307136356830597,"[0.0026440758717298095, 0.11797599971113312, -0.12116814086556486, 0.2297000085647192, 0.049329159787480925]","[0.02746575873573723, 0.050456423618905115, 0.01871782547160466, 0.03287653197827846, 0.023049763357913537]",0,DenverCityCouncil_03212022_22-0159,model_A
tofueval_Qwen2.5-1.5B-Instruct,162,162,1.183456540107727,123,2.37351655960083,0.31789106130599976,"[0.3936476852925593, 1.1137782418806998, 0.5303695478926865, -0.017070954192663558, -0.05881015560299876]","[0.061510124980649256, 0.1485736282924247, 0.08755199001607955, 0.009763953114309411, 0.008557267570622792]",1,DenverCityCouncil_03212022_22-0159,model_B
tofueval_Qwen2.5-1.5B-Instruct,163,163,1.8517353534698486,44,0.8137447834014893,0.16206227242946625,"[-0.056433682393451985, -0.034273078707470137, 0.17125966844402932, -0.01802340264178135, 0.33379360694776883]","[0.009983941084762839, 0.009552574274080556, 0.022060531555904494, 0.005657327274837537, 0.07597484628124883]",1,DenverCityCouncil_03212022_22-0159,model_C
tofueval_Qwen2.5-1.5B-Instruct,164,164,1.4215277433395386,138,1.97614586353302,0.30826807022094727,"[0.24961420997283312, 0.6532443437778729, 0.6730723909130957, -0.03622793952545971, -0.03088410014771543]","[0.03863441224488606, 0.0903419716237616, 0.1322783168682145, 0.011999775304829747, 0.011477326982174787]",0,DenverCityCouncil_03212022_22-0159,model_D
tofueval_Qwen2.5-1.5B-Instruct,165,165,1.6289005279541016,53,1.4549590349197388,0.2656656801700592,"[0.0012972395987093958, 0.6481240009791536, 0.360128515238274, 0.019447801045316737, 0.04129888100180564]","[0.019092774708209585, 0.0685018229708407, 0.04954989021317951, 0.010650952970697188, 0.019377873846507392]",0,DenverCityCouncil_03212022_22-0159,model_E
tofueval_Qwen2.5-1.5B-Instruct,166,166,2.0854122638702393,62,1.4800597429275513,0.1908639669418335,"[0.27482735482232284, -0.0034613911139463344, 0.27036466291962913, 0.2367298062411963, 0.0169415992793567]","[0.04346541989493304, 0.009585692799822526, 0.03279771930873164, 0.015014700602727492, 0.020469396506438985]",0,DenverCityCouncil_03212022_22-0159,Model-Extra
tofueval_Qwen2.5-1.5B-Instruct,167,167,1.3067995309829712,107,0.8732636570930481,0.18903270363807678,"[0.4534766934984788, 0.17393470201367964, -0.025671255397806205, 0.0027877158473385063, 0.07372846524598334]","[0.11059623332524683, 0.019431661951729667, 0.02476304507064295, 0.0032385194335887227, 0.013658311032278133]",1,DenverCityCouncil_03212022_22-0159,model_A
tofueval_Qwen2.5-1.5B-Instruct,168,168,1.342868447303772,81,2.0655438899993896,0.29907703399658203,"[0.7812742686824712, 0.453613541187089, 0.04887016077797549, 0.04699600326618823, 0.010960200638007258]","[0.13423167760602492, 0.03252957575606486, 0.03615375624937129, 0.013658237936936159, 0.01350329871955317]",0,DenverCityCouncil_03212022_22-0159,model_B
tofueval_Qwen2.5-1.5B-Instruct,169,169,1.5403233766555786,114,1.9541552066802979,0.29274433851242065,"[0.6651618801991533, 0.40660128234873827, 0.3797077748037593, -0.03241571206397789, 0.11204483713823209]","[0.11548149331269997, 0.048817079329458134, 0.06053984325132477, 0.012264438766868878, 0.02062345903972759]",0,DenverCityCouncil_03212022_22-0159,model_C
tofueval_Qwen2.5-1.5B-Instruct,170,170,1.4409480094909668,72,0.7968189120292664,0.13888369500637054,"[0.031034206286373472, 0.17377012753180074, 0.1843181637337289, -0.03824908832029905, 0.12722791011078194]","[0.028585071705518002, 0.027269338478706433, 0.03708863369343539, 0.002789442600386691, 0.016377855872759837]",1,DenverCityCouncil_03212022_22-0159,model_D
tofueval_Qwen2.5-1.5B-Instruct,171,171,1.3153085708618164,154,2.0631353855133057,0.2811242341995239,"[0.6310695540016548, 0.6578730561064117, 0.37657041269040425, 0.1198519953757261, 0.04068050041314564]","[0.09786006047167942, 0.06963987778376222, 0.06810008049896842, 0.024953082885822098, 0.008527197343892555]",0,DenverCityCouncil_03212022_22-0159,model_E
tofueval_Qwen2.5-1.5B-Instruct,172,172,3.061541795730591,49,1.2365249395370483,0.1854201853275299,"[-0.19193746530859523, 0.02279356211823012, 0.1850139326510989, 0.19073771794174552, 0.05942159883525907]","[0.03356616542887237, 0.01922663043950131, 0.017638383032673878, 0.016689004294119292, 0.02035993288585332]",0,DenverCityCouncil_03212022_22-0159,Model-Extra
tofueval_Qwen2.5-1.5B-Instruct,173,173,1.582340121269226,80,2.088301420211792,0.3128945231437683,"[0.47015674957219744, 0.5941176414547954, 0.13797139830930974, 0.004414147853094619, 0.03873298668040661]","[0.07914442041783332, 0.07352951620268869, 0.0409216572710875, 0.012253175639034452, 0.009893239564098622]",0,DenverCityCouncil_03212022_22-0159,model_A
tofueval_Qwen2.5-1.5B-Instruct,174,174,1.1688294410705566,95,1.9580110311508179,0.3008941113948822,"[0.37032695841614777, 0.9453633144257382, 0.2908783587953382, 0.04128607636303059, 0.004426184215423602]","[0.06492657212720947, 0.13341982201792282, 0.03981269831244725, 0.012262186765645455, 0.006849200916703443]",0,DenverCityCouncil_03212022_22-0159,model_B
tofueval_Qwen2.5-1.5B-Instruct,175,175,1.46888267993927,99,1.6205388307571411,0.24227988719940186,"[0.12287047044094035, 0.5126422927806017, 0.4720515288721836, -0.011830441162785083, 0.006027888472035005]","[0.048525124975935335, 0.07289794792174661, 0.07011314848999677, 0.00975222570030433, 0.019978245836374284]",0,DenverCityCouncil_03212022_22-0159,model_C
tofueval_Qwen2.5-1.5B-Instruct,176,176,1.45699942111969,56,1.9207884073257446,0.2695557475090027,"[0.7519488042536457, 0.07699585317251538, 0.022001613873206743, 0.05320323977399052, -0.0038448957212884644]","[0.11058542959705976, 0.024402219256411888, 0.021145035469479417, 0.016124983976754135, 0.01131144690193001]",0,DenverCityCouncil_03212022_22-0159,model_D
tofueval_Qwen2.5-1.5B-Instruct,177,177,1.668755292892456,45,1.2066255807876587,0.19826248288154602,"[0.3947221109436618, 0.031958741166939336, -0.004138394631445408, -0.06666439906176594, 0.5499491986715132]","[0.06591119158846494, 0.003732149555798969, 0.003904820396767011, 0.010209622568234206, 0.08863342549625991]",1,DenverCityCouncil_03212022_22-0159,model_E
tofueval_Qwen2.5-1.5B-Instruct,178,178,1.484141230583191,67,1.9827204942703247,0.276199609041214,"[0.28897828072068316, 0.00314901052970798, 0.2809393684456629, 0.3286238369616662, 0.04950209344972234]","[0.08435463510459404, 0.004847306352671983, 0.06878925911731618, 0.03826131209214835, 0.006597706216762112]",1,DenverCityCouncil_04052021_21-0386,Model-Extra
tofueval_Qwen2.5-1.5B-Instruct,179,179,0.9216129183769226,86,2.1919198036193848,0.31482186913490295,"[0.3987195288154485, -0.02381639786419201, 0.11576492586719236, 0.2102830032717552, 0.22821912704516445]","[0.08190275765203621, 0.002483703764977331, 0.035546763646172444, 0.018004382375306903, 0.021629150977295578]",0,DenverCityCouncil_04052021_21-0386,model_A
tofueval_Qwen2.5-1.5B-Instruct,180,180,1.2326159477233887,90,1.5334272384643555,0.2602195739746094,"[0.10864474851868079, -0.012006673301028867, 0.8270703812559279, 0.24897780236403075, 0.16543760355754986]","[0.05665030198680591, 0.003945105760932993, 0.09977538375907848, 0.022015269972507193, 0.04545336971864976]",0,DenverCityCouncil_04052021_21-0386,model_B
tofueval_Qwen2.5-1.5B-Instruct,181,181,1.378183364868164,43,1.579479455947876,0.2699580788612366,"[0.09119724382329623, 0.007266205894222028, 0.4487465089518674, -0.03902537780265638, -0.03699511146886263]","[0.03319737112310894, 0.0009103582237806878, 0.07408251778242418, 0.005857420842424522, 0.005363699903989263]",1,DenverCityCouncil_04052021_21-0386,model_C
tofueval_Qwen2.5-1.5B-Instruct,182,182,1.5358408689498901,62,1.3718061447143555,0.18394282460212708,"[-0.021400467360264533, -0.004520632031046496, 0.056140336041695965, 0.22841430319379968, 0.045276817336930585]","[0.01648515859095266, 0.0022483956632125654, 0.011284527762597918, 0.035308804889143994, 0.020426840304915296]",0,DenverCityCouncil_04052021_21-0386,model_D
tofueval_Qwen2.5-1.5B-Instruct,183,183,1.4870513677597046,71,1.2982087135314941,0.18280713260173798,"[0.2786421796868446, -0.02735061752598636, -0.009277829915345778, 0.04473649085975665, 0.3538580644834978]","[0.03228963497696614, 0.005307881767798406, 0.005280559365598787, 0.013511447141053408, 0.05833267012947474]",0,DenverCityCouncil_04052021_21-0386,model_E
tofueval_Qwen2.5-1.5B-Instruct,184,184,1.8984229564666748,43,1.08998441696167,0.2425268292427063,"[-0.08363393832067147, -0.032234697416898536, -0.036654588320362926, -0.05394214602271203, 1.2090703951530593]","[0.010223940460100282, 0.0008208076361994286, 0.0050146866841883865, 0.007814029552132206, 0.20766954641615928]",0,DenverCityCouncil_04052021_21-0386,Model-Extra
tofueval_Qwen2.5-1.5B-Instruct,185,185,1.37046480178833,40,1.1618812084197998,0.25667235255241394,"[0.012126132900061749, 0.0003153470460347307, 0.12876503053062152, -0.022143156495758376, 1.157022330793552]","[0.002341083212622408, 0.00047014290816278504, 0.006123804715221582, 0.002819989231008968, 0.24204921469572582]",0,DenverCityCouncil_04052021_21-0386,model_A
tofueval_Qwen2.5-1.5B-Instruct,186,186,1.3384733200073242,84,1.2363927364349365,0.20536883175373077,"[-0.04256821604824219, -0.003305393802271456, 0.18831516077031957, 0.11395413043418114, 0.7568357133088848]","[0.021032715220401194, 0.0015776260479405497, 0.03540260315965868, 0.009483463843793399, 0.10295993411120159]",1,DenverCityCouncil_04052021_21-0386,model_B
tofueval_Qwen2.5-1.5B-Instruct,187,187,0.9940701723098755,42,2.1686832904815674,0.2953653931617737,"[-0.013291496762879737, -0.010367192031914047, 0.014822998704316671, 0.037766977934335866, 2.179176770034246]","[0.0036214275323962803, 0.000531511578891414, 0.010690145822596128, 0.0018833778680984671, 0.2802319093863757]",0,DenverCityCouncil_04052021_21-0386,model_C
tofueval_Qwen2.5-1.5B-Instruct,188,188,0.667587161064148,37,2.5047926902770996,0.30718064308166504,"[0.033752112078120164, 0.005910317874548963, 0.04700884076186953, 0.02778120914995639, 2.6184998227085137]","[0.00131397848079089, 0.00030485403709229323, 0.01108081418995754, 0.0012177176489112877, 0.3145368071711493]",0,DenverCityCouncil_04052021_21-0386,model_D
tofueval_Qwen2.5-1.5B-Instruct,189,189,0.7630532383918762,57,1.7071478366851807,0.22101977467536926,"[0.01487601218589892, -0.004023171137081941, 0.02002985149572436, 0.028220821267352317, 1.7643246280689102]","[0.0024763925460024837, 0.00043173828527486827, 0.0058502703208225225, 0.002117009609057213, 0.21756873821390113]",1,DenverCityCouncil_04052021_21-0386,model_E
tofueval_Qwen2.5-1.5B-Instruct,190,190,1.6257078647613525,72,1.7670283317565918,0.29933083057403564,"[0.13075813079305793, -0.044003733713402146, 0.24622642124692598, 0.2361494587988394, 0.05273341631795524]","[0.044590990501096904, 0.0063367431574650685, 0.06434888659267951, 0.0365155384867598, 0.024457945796137262]",0,DenverCityCouncil_04052021_21-0386,Model-Extra
tofueval_Qwen2.5-1.5B-Instruct,191,191,0.8175690174102783,86,2.823272943496704,0.35974738001823425,"[0.04980505836495066, -0.0009104689327846985, 0.11802962013859732, 0.5240017665474984, 1.22889032689577]","[0.01285996700181613, 0.0010858593629331323, 0.02806520574215959, 0.06604451591378757, 0.15195580136744782]",1,DenverCityCouncil_04052021_21-0386,model_A
tofueval_Qwen2.5-1.5B-Instruct,192,192,1.2131160497665405,80,1.3771915435791016,0.2760563790798187,"[0.19364084179613883, -0.026181978249996973, 0.27057589484063554, 0.3216973309984496, 0.1680255795457697]","[0.037816974314092276, 0.003190736430021701, 0.0475990695460979, 0.032588905001267675, 0.060453987819927946]",0,DenverCityCouncil_04052021_21-0386,model_B
tofueval_Qwen2.5-1.5B-Instruct,193,193,2.0181679725646973,46,0.5157192349433899,0.16580680012702942,"[0.016345542708776244, -0.018362613318933418, 0.0752275716538703, -0.08436516047020079, 0.14266989049096795]","[0.02359034544086013, 0.00262700822769029, 0.005077453939075776, 0.014891618605637948, 0.05657848825229967]",0,DenverCityCouncil_04052021_21-0386,model_C
tofueval_Qwen2.5-1.5B-Instruct,194,194,0.924690842628479,78,2.468688726425171,0.3393504321575165,"[0.9162995406784317, 0.01119345813365213, 0.1738386829111056, 0.0976431838528767, 0.49027656656086877]","[0.09896530026134524, 0.0031534267613335778, 0.033260031860978555, 0.02651883046884871, 0.07121138366334616]",0,DenverCityCouncil_04052021_21-0386,model_D
tofueval_Qwen2.5-1.5B-Instruct,195,195,0.938602864742279,38,1.8630130290985107,0.31565603613853455,"[0.21427061235054248, 0.008340030188647736, 0.3956899300162484, -0.01729936418920069, 0.010486174077653376]","[0.04023348614971742, 0.0012132840066011628, 0.07415950463894803, 0.008123102330285436, 0.006058622823538347]",1,DenverCityCouncil_04052021_21-0386,model_E
tofueval_Qwen2.5-1.5B-Instruct,196,196,1.8376439809799194,30,1.048860788345337,0.21972514688968658,"[0.0318118337697039, 0.005907265158991019, 0.04879418397322297, 0.5943796212474505, 0.03792238850146532]","[0.013533134642057121, 0.007410521990095731, 0.012333033362665446, 0.14060774808749557, 0.011026543231855613]",0,DenverCityCouncil_07312017_17-0680,Model-Extra
tofueval_Qwen2.5-1.5B-Instruct,197,197,1.1113699674606323,83,1.2551982402801514,0.16687822341918945,"[0.17507003891721498, 0.008931899452166483, 0.03172825552378143, 0.3436449943093691, 0.04643952304477023]","[0.02859966220223696, 0.0050541086917262525, 0.007955378100568481, 0.06594734929144658, 0.007353908250213024]",0,DenverCityCouncil_07312017_17-0680,model_A
tofueval_Qwen2.5-1.5B-Instruct,198,198,1.2322885990142822,87,1.3007811307907104,0.23700056970119476,"[-0.0001857977349782127, -0.002542930350092978, 0.00580988056561642, 0.5671799925594837, 0.3078129762976334]","[0.004409162182969601, 0.0036111208911833452, 0.0027750113087635347, 0.122304966548811, 0.08130868321706824]",0,DenverCityCouncil_07312017_17-0680,model_B
tofueval_Qwen2.5-1.5B-Instruct,199,199,1.6073706150054932,50,2.0499367713928223,0.2741285264492035,"[-0.07876881263873656, -0.038051109806110615, -0.03413191780855414, 0.2670798895001644, 0.4097197310204501]","[0.013421485210046739, 0.006013055322619039, 0.00936865296489941, 0.09593627021851717, 0.01958075398899837]",0,DenverCityCouncil_07312017_17-0680,model_C
tofueval_Qwen2.5-1.5B-Instruct,200,200,0.9579116106033325,49,2.4944028854370117,0.28772932291030884,"[0.039019484911589145, 0.024015462396628395, 0.028994670437116708, 0.33364971425878454, 0.85899743218241]","[0.006786885408417925, 0.004282085779852089, 0.005341931194231379, 0.07000057503363659, 0.0721391034677829]",0,DenverCityCouncil_07312017_17-0680,model_D
tofueval_Qwen2.5-1.5B-Instruct,201,201,1.7732256650924683,58,0.5366098284721375,0.1754465252161026,"[-0.05628017682967515, -0.0011521009487453207, -0.03064346278150534, 0.13493795141352918, 0.07858719138813944]","[0.0087103279533792, 0.004199450954658836, 0.006184356029640687, 0.08860439074161494, 0.013626986753259754]",0,DenverCityCouncil_07312017_17-0680,model_E
tofueval_Qwen2.5-1.5B-Instruct,202,202,1.3747903108596802,82,1.5466067790985107,0.2643399238586426,"[0.27178850125027365, 0.02481617300562481, 0.17045548774029423, 0.7332300023209849, 0.36851700028779394]","[0.04006407274573576, 0.0042994848912513125, 0.013955413406121097, 0.11452974190202196, 0.08165104161085632]",1,DenverCityCouncil_07312017_17-0680,Model-Extra
tofueval_Qwen2.5-1.5B-Instruct,203,203,1.1600126028060913,45,1.8687711954116821,0.2640842795372009,"[0.9358478708813588, -0.045305738814446765, 0.3488517467074012, 0.3789435560190921, 0.015103560872941874]","[0.14916562813693116, 0.027587444717160754, 0.03035843006550244, 0.03677031872863823, 0.0019834307446460445]",0,DenverCityCouncil_07312017_17-0680,model_A
tofueval_Qwen2.5-1.5B-Instruct,204,204,1.876602292060852,65,0.4776153862476349,0.1311691701412201,"[-0.07101180778565602, 0.0075305488050127255, 0.02408994272745286, 0.30924934793729336, 0.022040274671207255]","[0.01689328956378561, 0.005236864426590798, 0.006122380694642533, 0.03746861660038121, 0.01001096668156746]",1,DenverCityCouncil_07312017_17-0680,model_B
tofueval_Qwen2.5-1.5B-Instruct,205,205,1.8838247060775757,49,0.6809552311897278,0.13219189643859863,"[0.026639965914037764, 0.0031628270386433116, 0.01871468860427944, 0.6303686371491272, -0.014561610752526594]","[0.01338793198359484, 0.002848835178211834, 0.0022687387314288907, 0.060868366127560504, 0.005873113246373262]",0,DenverCityCouncil_07312017_17-0680,model_C
tofueval_Qwen2.5-1.5B-Instruct,206,206,1.8053427934646606,49,0.7949186563491821,0.12542951107025146,"[0.04582792111881533, 0.0162345352012436, -0.008438708517244277, 0.6650657253720018, -0.006660830704685376]","[0.011401181707530055, 0.0034286928834522507, 0.002743796407898748, 0.07376589747122014, 0.006366165274311224]",1,DenverCityCouncil_07312017_17-0680,model_D
tofueval_Qwen2.5-1.5B-Instruct,207,207,1.4168548583984375,70,1.4689455032348633,0.22381390631198883,"[0.015235234958007432, -0.01578956140271787, -0.020684205023280812, 0.5861244966919392, 0.3822248874416151]","[0.011908961782429677, 0.004767585873618633, 0.0032104316616255344, 0.0522814283625751, 0.044683754994262664]",1,DenverCityCouncil_07312017_17-0680,model_E
tofueval_Qwen2.5-1.5B-Instruct,208,208,1.8983759880065918,50,1.527632236480713,0.2835491895675659,"[0.501333339586854, 0.018074923292151653, 0.23044723796192557, 0.4280274019151693, 0.06026812279771548]","[0.06722801756113768, 0.0058281821624677835, 0.01889122631655937, 0.11842309021396887, 0.007274924515695602]",0,DenverCityCouncil_07312017_17-0680,Model-Extra
tofueval_Qwen2.5-1.5B-Instruct,209,209,1.7027488946914673,41,0.6749135255813599,0.1313898265361786,"[-0.025597878998690624, 0.009657723198803822, -0.005379208550992899, 0.0358757532156277, 3.49851949821885e-05]","[0.011311836106980947, 0.0015043945081798461, 0.0037609821548412084, 0.02059996496247949, 0.004240904566469863]",0,DenverCityCouncil_07312017_17-0680,model_A
tofueval_Qwen2.5-1.5B-Instruct,210,210,0.8567916750907898,40,2.2759041786193848,0.2973708510398865,"[0.7832624208647758, -0.017892827963441958, 0.009376049000275088, 0.7041297464074887, 0.0038491684485052247]","[0.10588033749809256, 0.0031122897392890534, 0.005675961080363834, 0.09317645241914932, 0.006163114126354685]",1,DenverCityCouncil_07312017_17-0680,model_B
tofueval_Qwen2.5-1.5B-Instruct,211,211,1.2808510065078735,89,1.931067943572998,0.2530379593372345,"[-0.011045382007743295, -0.004018090230499765, 0.31198259963561764, 0.7996506119109174, 0.3182573165268581]","[0.01671975829341836, 0.0048220451663809494, 0.03167567042456358, 0.08277081011840628, 0.04090057023956198]",1,DenverCityCouncil_07312017_17-0680,model_C
tofueval_Qwen2.5-1.5B-Instruct,212,212,1.4713249206542969,46,1.5454660654067993,0.27889013290405273,"[0.052042108631449875, 0.07991848416049438, 0.7827519030897352, 0.06131537201556215, -0.004428107142144733]","[0.013934898378584361, 0.007189657115304726, 0.09934042606093262, 0.09500213013358877, 0.002516236233443282]",0,DenverCityCouncil_07312017_17-0680,model_D
tofueval_Qwen2.5-1.5B-Instruct,213,213,2.0239017009735107,42,0.6792269349098206,0.14292870461940765,"[-0.017103397475910328, 0.017453177155749428, -0.04218495014633629, -0.021800883142055853, 0.004962990553827868]","[0.00944081089784006, 0.001481983835208753, 0.0032157361589876623, 0.024103284857076124, 0.0020342387515050915]",0,DenverCityCouncil_07312017_17-0680,model_E
tofueval_Qwen2.5-1.5B-Instruct,214,214,1.2971560955047607,61,1.8533813953399658,0.2868463099002838,"[-0.02611754221776269, 0.071554436526744, 0.23298268834201497, 0.36420805559607633, 1.1580285513201025]","[0.015407907933205737, 0.013666810781081423, 0.03736447286617469, 0.04459917789993179, 0.17860113288066923]",0,DenverCityCouncil_08292016_16-0553,Model-Extra
tofueval_Qwen2.5-1.5B-Instruct,215,215,1.0578843355178833,56,2.75311541557312,0.3560030162334442,"[-0.018248699041188438, -0.0937981789537454, 0.3396268656027002, 0.4075394900689519, 1.7801231762028433]","[0.00489850074037536, 0.009982524055908064, 0.034128581848355974, 0.05576385615771479, 0.21938530515165308]",1,DenverCityCouncil_08292016_16-0553,model_A
tofueval_Qwen2.5-1.5B-Instruct,216,216,1.6179218292236328,34,2.3040592670440674,0.3328253924846649,"[-0.006004391390460488, 0.07697427587674396, 0.18020889631332146, 0.3735623820389532, 0.8676432379904915]","[0.003935749318175648, 0.016507167993298107, 0.03269830886311892, 0.06310535178835487, 0.1597683783062059]",0,DenverCityCouncil_08292016_16-0553,model_B
tofueval_Qwen2.5-1.5B-Instruct,217,217,0.8983368277549744,72,2.3218235969543457,0.3074108958244324,"[0.6480030855731039, 0.06901165996027696, 0.11290280398052725, 0.26331932991995977, 1.1369813656157122]","[0.07114794356468648, 0.01336709961438033, 0.02843171849329451, 0.02622959169770193, 0.15616100304745353]",1,DenverCityCouncil_08292016_16-0553,model_C
tofueval_Qwen2.5-1.5B-Instruct,218,218,1.435354232788086,72,0.9768954515457153,0.2304794043302536,"[-0.06413322751379585, 0.051468507633520254, 0.14840536176497052, 0.08307285696577714, 0.6770217809438085]","[0.003651441885447563, 0.007610099810272509, 0.05367976803874323, 0.021642535881209964, 0.14955974419727783]",1,DenverCityCouncil_08292016_16-0553,model_D
tofueval_Qwen2.5-1.5B-Instruct,219,219,0.8058499693870544,118,2.007233142852783,0.3384816348552704,"[0.02907772032299902, 0.033755310656765763, 0.7635645564711876, 0.38919062059271786, 0.662754420597085]","[0.004078608339915346, 0.008913385807204336, 0.14303090442811836, 0.07279647153730028, 0.0996148255418179]",0,DenverCityCouncil_08292016_16-0553,model_E
tofueval_Qwen2.5-1.5B-Instruct,220,220,1.4715980291366577,48,0.6008734107017517,0.1533534973859787,"[-0.0075487547613496036, 0.03332320523562279, 0.3075147766333733, 0.4303483687632858, 0.07552717082095721]","[0.008728055369942922, 0.009194204835684635, 0.06996582784025425, 0.05745234916186822, 0.04293277523103711]",0,DenverCityCouncil_08292016_16-0553,Model-Extra
tofueval_Qwen2.5-1.5B-Instruct,221,221,1.3284263610839844,71,1.7130643129348755,0.30930113792419434,"[0.06018779209395215, 0.041105122255200036, 0.06394424879962712, 0.3744968981050911, 1.14060923686902]","[0.004527389916603798, 0.015742639291010593, 0.04208239838188342, 0.05048747072183787, 0.16939419843925912]",0,DenverCityCouncil_08292016_16-0553,model_A
tofueval_Qwen2.5-1.5B-Instruct,222,222,1.217306137084961,45,2.699143171310425,0.34136736392974854,"[-0.0012958932011517593, 0.12631175212720538, 0.02972186366160814, 0.6806227103412513, 1.5222278175047703]","[0.0031044592504309142, 0.01299385814780357, 0.029891326671994043, 0.08600817349389318, 0.2128136534981119]",1,DenverCityCouncil_08292016_16-0553,model_B
tofueval_Qwen2.5-1.5B-Instruct,223,223,1.121457576751709,55,1.7337772846221924,0.2674722373485565,"[-0.0048078271393519985, -0.00952514443957956, 0.09306782717502012, 0.19893654351910134, 1.2035828366706318]","[0.0036133460131157914, 0.007233567159109746, 0.057283376706849576, 0.04661267010861924, 0.17321493579154115]",1,DenverCityCouncil_08292016_16-0553,model_C
tofueval_Qwen2.5-1.5B-Instruct,224,224,2.0017802715301514,36,1.4391165971755981,0.26869720220565796,"[0.8866837673316089, -0.08433352732471475, 0.03483605812006216, 0.43136140709692783, -0.01766455508509858]","[0.13080863061319783, 0.009127356802309805, 0.04160219971865647, 0.048963569386286404, 0.024861664978907863]",1,DenverCityCouncil_08292016_16-0553,model_D
tofueval_Qwen2.5-1.5B-Instruct,225,225,1.3751261234283447,59,1.1606616973876953,0.2122167944908142,"[0.3015642902296889, -0.04712269382582883, 0.4412861623726312, 0.38932916278343144, 0.09629852956129333]","[0.05633844371991241, 0.010207071139814354, 0.048667996833424015, 0.057731628634336, 0.0332160726450068]",0,DenverCityCouncil_08292016_16-0553,model_E
tofueval_Qwen2.5-1.5B-Instruct,226,226,2.098914861679077,58,1.3769656419754028,0.24604195356369019,"[0.24835017032681458, -0.043079374698898956, 0.0765888153997868, 0.04183879911654693, 0.9588064343501926]","[0.03652305323177235, 0.0125273032039535, 0.004048580843918272, 0.021010355628967428, 0.1592496871149894]",1,DenverCityCouncil_08292016_16-0553,Model-Extra
tofueval_Qwen2.5-1.5B-Instruct,227,227,1.2977068424224854,60,1.4511812925338745,0.22402061522006989,"[0.014736443468549017, -0.01588842942660449, 0.019701939093708157, 0.018759445578219434, 1.2267377691518049]","[0.0013612657564043692, 0.002119727951560435, 0.003019372820920315, 0.0013976294885438278, 0.18961384415451904]",0,DenverCityCouncil_08292016_16-0553,model_A
tofueval_Qwen2.5-1.5B-Instruct,228,228,1.8597586154937744,49,1.0304882526397705,0.2571662962436676,"[-0.023412274637459114, -0.0019993247633279605, 0.009707496885052283, -0.005048308370644417, 0.8283746434869815]","[0.0019134001603983311, 0.0026155947441450235, 0.0032337533853940524, 0.006048920842860697, 0.22259226762594617]",1,DenverCityCouncil_08292016_16-0553,model_B
tofueval_Qwen2.5-1.5B-Instruct,229,229,1.4687771797180176,41,2.4105782508850098,0.32166364789009094,"[-0.027784859143050598, 0.18707398940655479, 0.02241712994296771, 0.23817674716014064, 1.5621488521829612]","[0.0022441364590039064, 0.02439639659424235, 0.012743485751771947, 0.02625740998608047, 0.2443219504046549]",0,DenverCityCouncil_08292016_16-0553,model_C
tofueval_Qwen2.5-1.5B-Instruct,230,230,1.5059502124786377,30,2.7195334434509277,0.3467443585395813,"[0.009994110162127375, 0.037257788174489784, 0.030018732973500543, -0.07256024942920097, 2.139360354716579]","[0.0034926133331509845, 0.0048367781178967565, 0.004736747552396991, 0.007744510584113111, 0.31835175420468054]",0,DenverCityCouncil_08292016_16-0553,model_D
tofueval_Qwen2.5-1.5B-Instruct,231,231,1.131675362586975,78,1.9018161296844482,0.3035717308521271,"[-0.04102809835920851, 0.9384246851639966, 0.7085923623832432, 0.0134293477391251, -0.027335683536082983]","[0.0028667052020887825, 0.14263935105275147, 0.1372968360819402, 0.0014152119259704659, 0.0069877849769816236]",0,DenverCityCouncil_11212016_16-1065,Model-Extra
tofueval_Qwen2.5-1.5B-Instruct,232,232,0.8031518459320068,86,2.112842321395874,0.3317353129386902,"[-0.03476912940319846, 0.9775656267626991, 0.941480408323239, 0.010851046090676898, -0.02576532708088391]","[0.010230141698413749, 0.15016653735344948, 0.13866500394588954, 0.0009644166880246852, 0.0037685247498514]",1,DenverCityCouncil_11212016_16-1065,model_A
tofueval_Qwen2.5-1.5B-Instruct,233,233,0.8642099499702454,65,1.7966864109039307,0.28116321563720703,"[0.0003706880458104514, 0.9389440097273529, 0.5097794549816171, -0.0075508226535860624, 0.00355318021281094]","[0.005309595040277879, 0.15448194274124838, 0.07517543100409337, 0.0011677362855520047, 0.0074485320943250164]",0,DenverCityCouncil_11212016_16-1065,model_B
tofueval_Qwen2.5-1.5B-Instruct,234,234,0.5889806747436523,102,2.2420601844787598,0.3186745047569275,"[-0.010756877707214752, 0.8042931723055731, 1.1826759079254663, -0.006884005336449299, -0.03678330107362069]","[0.0018699754274639061, 0.11838130688909801, 0.17626881174258896, 0.0009533420845543208, 0.006386224773900811]",0,DenverCityCouncil_11212016_16-1065,model_C
tofueval_Qwen2.5-1.5B-Instruct,235,235,1.299587607383728,71,0.16115409135818481,0.05471277981996536,"[0.025538070224107465, -0.0449548931591521, 0.01428635107577962, -0.024023760140063504, 0.03911980664239488]","[0.0019525579378610082, 0.006226266725841181, 0.0024566697613183134, 0.0004897825236466687, 0.005062551516563013]",1,DenverCityCouncil_11212016_16-1065,model_D
tofueval_Qwen2.5-1.5B-Instruct,236,236,1.5695801973342896,50,1.8269474506378174,0.22578424215316772,"[-0.03147405067109503, 0.39930301419459285, 0.9056938629504293, 0.008679931683000177, -0.06111669619916938]","[0.005321291653817752, 0.03999750380287878, 0.12030085685575614, 0.001170789845746185, 0.012617143819443299]",0,DenverCityCouncil_11212016_16-1065,model_E
tofueval_Qwen2.5-1.5B-Instruct,237,237,1.398368239402771,64,1.605586051940918,0.27224835753440857,"[-0.016266358406937798, 0.6430782897914469, 0.49903696912042506, -0.005503748150658794, -0.03349385671026539]","[0.0030294678945779197, 0.15391397883468017, 0.07795587141936622, 0.0012366544544875069, 0.00638326727198546]",0,DenverCityCouncil_11212016_16-1065,Model-Extra
tofueval_Qwen2.5-1.5B-Instruct,238,238,0.7958653569221497,96,1.8300423622131348,0.30100488662719727,"[-0.01754892349678509, 0.8432325892354129, 0.729065697835722, -0.017168645093382413, -0.042734425024112475]","[0.004189667191153508, 0.14129819870080004, 0.13498221776086913, 0.0012542035725431333, 0.005222856454093261]",0,DenverCityCouncil_11212016_16-1065,model_A
tofueval_Qwen2.5-1.5B-Instruct,239,239,1.005574345588684,106,1.615151286125183,0.2860907018184662,"[-0.0161512415147026, 0.6535714722443307, 0.7142956504911916, -0.012865049667798646, -0.022945566441108584]","[0.0056035169238807265, 0.11778336255810125, 0.11848314976783515, 0.0010298395176202987, 0.004144955300295402]",0,DenverCityCouncil_11212016_16-1065,model_B
tofueval_Qwen2.5-1.5B-Instruct,240,240,1.0450360774993896,71,1.839148759841919,0.28600260615348816,"[-0.024570758986158927, 0.7425947216975595, 0.899555662673534, -0.006702018028590828, -0.03816565692762543]","[0.0034704446564825355, 0.15557755496513598, 0.11056018141989049, 0.001329311220116055, 0.006266880495466364]",0,DenverCityCouncil_11212016_16-1065,model_C
tofueval_Qwen2.5-1.5B-Instruct,241,241,0.20221342146396637,142,2.146453380584717,0.35941755771636963,"[-0.013328966521084125, 0.4824879166363631, 1.5397049139268553, 0.003109002783007077, -0.03375492590074969]","[0.0009017093541227899, 0.07425124554067263, 0.26742257793254065, 0.00040453248928469304, 0.0024035219806483182]",0,DenverCityCouncil_11212016_16-1065,model_D
tofueval_Qwen2.5-1.5B-Instruct,242,242,0.29838255047798157,167,2.0226049423217773,0.3378066122531891,"[0.0024320532126318383, 0.3861503484563046, 1.5333134238031334, -0.004675271081467003, -0.024819261080398596]","[0.0010444558548370567, 0.05982683187941726, 0.254604232085794, 0.00041340705323720807, 0.0023489550760164937]",0,DenverCityCouncil_11212016_16-1065,model_E
tofueval_Qwen2.5-1.5B-Instruct,243,243,0.8191384077072144,47,1.8606195449829102,0.30306458473205566,"[-0.01045456938013655, 1.197519515992447, -0.020940408954010444, -0.001446591483514528, -0.0781447254436337]","[0.004399673870239589, 0.19533745062144978, 0.004217191967301644, 0.0004920082141025171, 0.006001798752646558]",0,DenverCityCouncil_11212016_16-1065,Model-Extra
tofueval_Qwen2.5-1.5B-Instruct,244,244,0.9464331865310669,81,1.710637092590332,0.2933432161808014,"[0.023374560136020323, 0.8398036590668109, 0.7193209723041991, -0.0072000390127082755, 0.03082980778906207]","[0.009097479131778078, 0.1468543269322456, 0.12558816682438326, 0.001828524209957794, 0.00719811563809389]",1,DenverCityCouncil_11212016_16-1065,model_A
tofueval_Qwen2.5-1.5B-Instruct,245,245,0.5623982548713684,139,1.9294679164886475,0.30654504895210266,"[0.0010072186390539337, 0.577440708939203, 1.24551807174006, -0.007471687463300618, -0.045987368227785]","[0.003657622521969518, 0.0915693344902511, 0.19540532220830983, 0.0007210265895743413, 0.004347219956621989]",0,DenverCityCouncil_11212016_16-1065,model_B
tofueval_Qwen2.5-1.5B-Instruct,246,246,0.9110745787620544,95,1.8239459991455078,0.30253931879997253,"[-0.014575811577838306, 0.8453250980690906, 0.8340415202963509, 0.008426800380632477, -0.058749759609896784]","[0.007074204266437415, 0.1262416926868211, 0.1291125404954073, 0.0010164660512409203, 0.005282806298514755]",0,DenverCityCouncil_11212016_16-1065,model_C
tofueval_Qwen2.5-1.5B-Instruct,247,247,0.8554633259773254,124,1.847983956336975,0.26584067940711975,"[0.07136309402314157, 0.8047253713974045, 0.4416135826039892, 0.019242849867887636, -0.027926080090588994]","[0.013205472000030964, 0.11954229299455267, 0.06501509268474043, 0.005530125415985352, 0.012349123888993159]",1,DenverCityCouncil_11212016_16-1065,model_D
tofueval_Qwen2.5-1.5B-Instruct,248,248,0.8334639072418213,96,1.9725042581558228,0.30035141110420227,"[0.015886268919985014, 0.9253580480714921, 0.7650841880178328, -0.019638734916232654, -0.04812991674392227]","[0.007735025718955531, 0.14242559969521076, 0.11039797424260318, 0.0009497024007008766, 0.0068130744315683485]",0,DenverCityCouncil_11212016_16-1065,model_E
tofueval_Qwen2.5-1.5B-Instruct,249,249,2.333688497543335,59,0.6095799207687378,0.1613857001066208,"[0.31437339273802306, 0.10719439352557193, 0.2398145793999054, 0.02121460808330547, -0.016690852633042073]","[0.08620199026206708, 0.02459844937927023, 0.01563223542177831, 0.0017206409808106738, 0.005313696232170992]",1,LongBeachCC_02082022_22-0137,Model-Extra
tofueval_Qwen2.5-1.5B-Instruct,250,250,0.5558115839958191,72,2.628563404083252,0.30636629462242126,"[2.4825960930158746, 0.01394566871123162, 2.4033638434654374e-05, -0.004068299822342346, 0.015160060355002416]","[0.29546180767364505, 0.004743280841316909, 0.0018865886336590797, 0.0008859819535602912, 0.0074482052654126895]",0,LongBeachCC_02082022_22-0137,model_A
tofueval_Qwen2.5-1.5B-Instruct,251,251,0.6939989924430847,126,2.343500852584839,0.31049904227256775,"[1.6655296214573485, 0.7025371238026306, -0.02721010743759204, -0.002328598674276395, -0.012122578801674016]","[0.22450247263911896, 0.09622375300889534, 0.0030549989444399075, 0.001316654915795665, 0.0041322733742868685]",0,LongBeachCC_02082022_22-0137,model_B
tofueval_Qwen2.5-1.5B-Instruct,252,252,0.9739001989364624,83,2.2051498889923096,0.32892462611198425,"[1.193152707032242, 1.0937012473222711, -0.021278683729858118, -0.016030752378224336, -0.032361006179522214]","[0.18591007279338742, 0.13940543333922736, 0.004012726036155829, 0.0014467381596021543, 0.0035741709894174132]",0,LongBeachCC_02082022_22-0137,model_C
tofueval_Qwen2.5-1.5B-Instruct,253,253,1.1896806955337524,89,1.8054380416870117,0.2668415307998657,"[0.5354558075738945, 0.9837832555555467, 0.1877451563520348, -0.0027032932580521936, -0.01503039578945779]","[0.09604993048744516, 0.1419216979358547, 0.01728356219472404, 0.002071517469247421, 0.0034233834146536455]",0,LongBeachCC_02082022_22-0137,model_D
tofueval_Qwen2.5-1.5B-Instruct,254,254,1.3255695104599,90,0.07141026854515076,0.03973916545510292,"[-0.012034276301561578, 0.005332753834305651, 0.006348755116310814, -0.0038271624434451546, 0.0397758730841133]","[0.012252161154647941, 0.0034313862939787517, 0.0018880839024578537, 0.0015086915911436134, 0.003294844078632132]",1,LongBeachCC_02082022_22-0137,model_E
tofueval_Qwen2.5-1.5B-Instruct,255,255,2.7592523097991943,76,1.0117100477218628,0.17684262990951538,"[0.15219326680840153, 0.548637085857033, 0.2186046642007951, 0.04317259008190664, 0.015691534694891936]","[0.05722482196222843, 0.06647229962543945, 0.05274910184964872, 0.002927684466369017, 0.00517951885215726]",1,LongBeachCC_02082022_22-0137,Model-Extra
tofueval_Qwen2.5-1.5B-Instruct,256,256,2.151106595993042,35,0.014988335780799389,0.06075673922896385,"[0.010266154525535448, 0.024990213955087322, 0.00253847422344344, -0.005242824421397277, -0.08591655761535678]","[0.009016653040557035, 0.007746728622753705, 0.0046180265151113935, 0.0015352172797845145, 0.004229306928131596]",1,LongBeachCC_02082022_22-0137,model_A
tofueval_Qwen2.5-1.5B-Instruct,257,257,1.6896631717681885,103,0.13199564814567566,0.07395903766155243,"[0.0854722853308912, 0.14470677658893197, 0.000990052579210402, -0.01730010601700661, 0.08075125301123973]","[0.02302468352511435, 0.015928489607105, 0.009759496148763874, 0.001187361883410728, 0.009605496468975561]",1,LongBeachCC_02082022_22-0137,model_B
tofueval_Qwen2.5-1.5B-Instruct,258,258,1.7468116283416748,81,1.6583170890808105,0.2767876982688904,"[0.5530756940651271, 1.1204968410084006, 0.0014872334239627867, 0.01666829792008718, 0.044042603810530524]","[0.11219857795017392, 0.13466091503347558, 0.01453140641184785, 0.002466984233941966, 0.01811128681272771]",0,LongBeachCC_02082022_22-0137,model_C
tofueval_Qwen2.5-1.5B-Instruct,259,259,1.6171175241470337,63,1.7161623239517212,0.2521613538265228,"[-0.03578558981340999, 1.359608389232952, 0.5445312740916889, 0.011623811154253965, -0.0626573968782193]","[0.02311643710955318, 0.14624391996257766, 0.07458122867833553, 0.0038736702122439473, 0.005805211472891513]",0,LongBeachCC_02082022_22-0137,model_D
tofueval_Qwen2.5-1.5B-Instruct,260,260,1.5017021894454956,53,1.596121072769165,0.2333076298236847,"[0.67978342248651, 0.0549327877007907, 0.2658210430656151, 0.014457332093424723, 0.14045014276411474]","[0.11799961372616963, 0.01972817732324821, 0.039949358103281415, 0.005969721607516047, 0.029764003227653102]",0,LongBeachCC_02082022_22-0137,model_E
tofueval_Qwen2.5-1.5B-Instruct,261,261,1.150333285331726,58,2.067108392715454,0.32585248351097107,"[1.70283606007358, 0.02604412201803982, 0.017753942717953233, 0.02264476829119805, 0.012562566999192847]","[0.2917495801513473, 0.0016267989119368481, 0.0011546376818246087, 0.0008926054553420461, 0.0027831168804701863]",0,LongBeachCC_02082022_22-0137,Model-Extra
tofueval_Qwen2.5-1.5B-Instruct,262,262,0.8239383697509766,75,2.5112740993499756,0.34157034754753113,"[2.2620531036239115, -0.0027965875548519154, 0.000684017858717804, -0.007369782916490901, -0.05371619569962301]","[0.3155767143158785, 0.0016527658910452678, 0.0009547404975160135, 0.0009316403307354904, 0.004141574487610645]",0,LongBeachCC_02082022_22-0137,model_A
tofueval_Qwen2.5-1.5B-Instruct,263,263,1.4460186958312988,104,1.4875106811523438,0.23923398554325104,"[0.8581571458386267, 0.5384664349183788, 0.01541133436418162, -0.018641406793169432, -0.01164950435217039]","[0.16791524276485548, 0.05811470913368256, 0.003297687977429029, 0.0016134107568592964, 0.007297745410884733]",1,LongBeachCC_02082022_22-0137,model_B
tofueval_Qwen2.5-1.5B-Instruct,264,264,0.843090295791626,54,2.465334177017212,0.3485345244407654,"[2.077780138157929, 0.00037404147291521505, -0.00027745144001932605, -0.03264306272871585, -0.03579592148296932]","[0.2912075994924332, 0.0030764793449028125, 0.0015027553684595423, 0.0015481836528326515, 0.007064584791393187]",0,LongBeachCC_02082022_22-0137,model_C
tofueval_Qwen2.5-1.5B-Instruct,265,265,0.807933509349823,65,1.776330590248108,0.30528488755226135,"[1.2370054804209547, 0.3706199693651937, -0.011305490687244365, 0.006332612802054008, -0.03826515511175855]","[0.2242530605585601, 0.06573877016400746, 0.0011506235324505864, 0.0009501408564163355, 0.0019214730572125168]",1,LongBeachCC_02082022_22-0137,model_D
tofueval_Qwen2.5-1.5B-Instruct,266,266,1.5613890886306763,66,1.145045280456543,0.22541847825050354,"[0.3518249225021326, -0.05598978551146998, 0.21581565181843348, -0.02330205566558465, 0.06825916198916578]","[0.1308507615971063, 0.024644710365900362, 0.019700741573786623, 0.004915359174793304, 0.010837270689446506]",1,LongBeachCC_02082022_22-0137,model_E
tofueval_Qwen2.5-1.5B-Instruct,267,267,2.5836002826690674,37,1.3609675168991089,0.24249327182769775,"[0.14711704955285265, 0.019795727780768397, 0.05799981583904072, 0.008965935086126666, -0.014253126834896771]","[0.07068400368459422, 0.009282097197658889, 0.009033330124480385, 0.017679323149078864, 0.007014544250646518]",0,LongBeachCC_02092016_16-0125,Model-Extra
tofueval_Qwen2.5-1.5B-Instruct,268,268,1.0358455181121826,69,1.5444175004959106,0.25115537643432617,"[1.0831858625271074, 0.05302330278689202, 0.017784360964034695, -0.03933671462405271, 0.029620082660097767]","[0.1553486518870172, 0.010151736379167114, 0.01428966321264997, 0.012100042035514718, 0.006092802546763251]",0,LongBeachCC_02092016_16-0125,model_A
tofueval_Qwen2.5-1.5B-Instruct,269,269,0.9891048073768616,92,1.9069188833236694,0.2668229937553406,"[0.9243698588307265, 0.04092479272960348, 0.06521537192388084, 0.3614562857977865, -0.006634740439277148]","[0.1283961969813474, 0.015708842144974873, 0.008827079367778346, 0.0363301227664628, 0.006731377811831862]",1,LongBeachCC_02092016_16-0125,model_B
tofueval_Qwen2.5-1.5B-Instruct,270,270,1.0576751232147217,78,1.5770014524459839,0.23340100049972534,"[1.0841805323695717, -0.01845276034351301, -0.012972110902830116, -0.01781942102351399, 0.0022326450135808093]","[0.1563340378922406, 0.007316791704444115, 0.011672524235567111, 0.010096750705965626, 0.005439472964921011]",0,LongBeachCC_02092016_16-0125,model_C
tofueval_Qwen2.5-1.5B-Instruct,271,271,1.7116131782531738,44,1.0719799995422363,0.21288160979747772,"[0.40125701613512565, 0.029010960207828743, 0.023198375621260228, 0.30860403135672887, 0.0225999758483588]","[0.10855661489982925, 0.006819592875258836, 0.0068061847279585145, 0.0364779994924902, 0.00789749191426381]",0,LongBeachCC_02092016_16-0125,model_D
tofueval_Qwen2.5-1.5B-Instruct,272,272,1.325486660003662,83,1.9534904956817627,0.2617604732513428,"[1.0656554351998382, 0.1931835765886739, 0.03492493114057411, 0.005613806458324732, 0.17685526935405593]","[0.14008614020309892, 0.015274709054720226, 0.003747442121929376, 0.012233981087919928, 0.010466220211151815]",1,LongBeachCC_02092016_16-0125,model_E
tofueval_Qwen2.5-1.5B-Instruct,273,273,2.7423911094665527,40,0.6959345936775208,0.18250329792499542,"[0.16120076109655201, -0.025447884760797023, 0.16058570894965668, -0.07044692561030388, -0.009191732524777762]","[0.08157600029371678, 0.006813178047787005, 0.012054743640146626, 0.012911482701747445, 0.008396501950483071]",1,LongBeachCC_02092016_16-0125,Model-Extra
tofueval_Qwen2.5-1.5B-Instruct,274,274,1.065874695777893,90,1.9621243476867676,0.25404515862464905,"[1.3606083571367587, 0.05097684643438293, 0.01629732882041329, 0.01426611644629803, 0.012401244388375846]","[0.1806897448256172, 0.006951719042672266, 0.001702511874479266, 0.006172233802620515, 0.006846426432950163]",0,LongBeachCC_02092016_16-0125,model_A
tofueval_Qwen2.5-1.5B-Instruct,275,275,0.7557811737060547,65,2.7532706260681152,0.30013853311538696,"[1.6843965256944873, -0.01734592986714023, -0.04770820160897878, -0.02262549052516428, -0.04263740093133842]","[0.1919715183428847, 0.01026996708634005, 0.0022571806823477275, 0.0053531307873736994, 0.005694378635269878]",0,LongBeachCC_02092016_16-0125,model_B
tofueval_Qwen2.5-1.5B-Instruct,276,276,0.7653763890266418,28,3.2031972408294678,0.34865641593933105,"[2.303527804956372, 0.06117548318902014, -0.018977934234239262, 0.001997252912198227, 0.04914030011734992]","[0.27903410639347775, 0.007205981955865225, 0.000512655881745364, 0.0015669646312517216, 0.004582741266468864]",0,LongBeachCC_02092016_16-0125,model_C
tofueval_Qwen2.5-1.5B-Instruct,277,277,1.1684249639511108,90,1.2206792831420898,0.20670835673809052,"[0.732495754435513, -0.0335956271870398, 0.017848881700532122, 0.19163121868405142, 0.013226367497554747]","[0.13570129823747518, 0.009664720915945205, 0.004631576899467089, 0.022436234319212014, 0.005684379131447612]",0,LongBeachCC_02092016_16-0125,model_D
tofueval_Qwen2.5-1.5B-Instruct,278,278,0.6654203534126282,94,1.570168137550354,0.25303393602371216,"[1.3075246937434248, 0.033372739467712895, 0.03163357648318584, 0.03213713419075035, 0.02768036138498227]","[0.22001897543173363, 0.006632313509670739, 0.0023261902148826092, 0.0022757309230822566, 0.0037451743466186465]",0,LongBeachCC_02092016_16-0125,model_E
tofueval_Qwen2.5-1.5B-Instruct,279,279,1.9828872680664062,33,0.588947594165802,0.1531243473291397,"[0.3718855719180834, -0.054477421381637796, 0.048162887563442135, -0.023121578161160207, 0.030749001855094157]","[0.07939930179826192, 0.008266701405876698, 0.011375624498751595, 0.012112791517100766, 0.00848394693740016]",0,LongBeachCC_02092016_16-0125,Model-Extra
tofueval_Qwen2.5-1.5B-Instruct,280,280,0.8730716705322266,107,1.4619121551513672,0.24778930842876434,"[0.7937788399598436, 0.017226400690832692, 0.3377517233725102, 0.06487361334479701, 0.011969762664253194]","[0.14074454233930261, 0.005947018888205774, 0.03518941938804129, 0.012875946525459831, 0.006673543204098219]",0,LongBeachCC_02092016_16-0125,model_A
tofueval_Qwen2.5-1.5B-Instruct,281,281,1.289860486984253,90,1.4189938306808472,0.2100422978401184,"[0.5501309907274036, 0.02737215106867047, 0.005465671099550996, 0.043712045940305366, 0.14984534083333628]","[0.08648127298005824, 0.007367803340684986, 0.006994772769894552, 0.013651106294808339, 0.016205856442738625]",0,LongBeachCC_02092016_16-0125,model_B
tofueval_Qwen2.5-1.5B-Instruct,282,282,1.0292015075683594,83,1.5418181419372559,0.2198529988527298,"[0.7826848826588535, 0.1165406877861894, -0.013214410140527292, -0.027930500448582533, 0.04443387622182876]","[0.1357647836832739, 0.009654255142974641, 0.004842791039080506, 0.007637570958664412, 0.007533432169569107]",0,LongBeachCC_02092016_16-0125,model_C
tofueval_Qwen2.5-1.5B-Instruct,283,283,1.1253211498260498,74,1.5298672914505005,0.25763940811157227,"[0.8939253038178494, 0.028022804811543383, 0.3566450625484002, 0.00667395489929461, 0.016519753296224]","[0.1436178287811443, 0.006076907865152665, 0.040308670463214125, 0.012663069056251565, 0.007488923340417841]",0,LongBeachCC_02092016_16-0125,model_D
tofueval_Qwen2.5-1.5B-Instruct,284,284,1.1866939067840576,43,0.9482107162475586,0.18138444423675537,"[0.8664716448679534, 0.16035015084987186, 0.04909670126839638, -0.009122030178205447, -0.0078161745729821]","[0.15359715946617017, 0.02210646169522417, 0.006192416308252621, 0.004788649940268823, 0.01448757965037266]",0,LongBeachCC_02092016_16-0125,model_E
tofueval_Qwen2.5-1.5B-Instruct,285,285,2.5325510501861572,58,1.0798717737197876,0.22600601613521576,"[0.07950519394643348, -0.002829143084015633, 0.30006696683844425, 0.14686829443611527, -0.2090044360781482]","[0.04379997153711006, 0.02105722424036669, 0.03837006957459819, 0.03042804175563639, 0.033678646032850056]",0,LongBeachCC_02142017_17-0099,Model-Extra
tofueval_Qwen2.5-1.5B-Instruct,286,286,1.8837549686431885,68,0.4069136679172516,0.08971662819385529,"[0.050174893915134494, -0.0051421706989725965, -0.007581798778119264, -0.006734272447989925, 0.3453235741578871]","[0.0026988629681621956, 0.0012564687787664083, 0.0012292104568399844, 0.0013024943626492934, 0.07610047210913334]",1,LongBeachCC_02142017_17-0099,model_A
tofueval_Qwen2.5-1.5B-Instruct,287,287,1.8614369630813599,33,1.1326185464859009,0.1901875138282776,"[-0.028477242734163265, 0.013615848210368616, 0.01773427851378184, 0.007321173199946343, 1.118769649754871]","[0.008576976636532258, 0.003304675731242517, 0.0015249100563943846, 0.0023699285475644997, 0.16781321031246052]",1,LongBeachCC_02142017_17-0099,model_B
tofueval_Qwen2.5-1.5B-Instruct,288,288,1.7667465209960938,48,0.6585638523101807,0.16965125501155853,"[-3.3505916690046433e-06, -0.02771965068601882, -0.0073794898733012815, -0.019847742570163973, 0.7093248040910112]","[0.0071009937815252515, 0.0033757230715660094, 0.002330454147241312, 0.00265045761576251, 0.12963817048406176]",1,LongBeachCC_02142017_17-0099,model_C
tofueval_Qwen2.5-1.5B-Instruct,289,289,1.5664935111999512,38,0.6732994914054871,0.13088253140449524,"[0.01980808593553344, -0.017304109178918513, 0.01392815217734192, -0.00833818667696936, 0.47339998190229954]","[0.004679411800141584, 0.0029454316883833313, 0.001766238113460579, 0.00313510225836772, 0.11707284455463339]",1,LongBeachCC_02142017_17-0099,model_D
tofueval_Qwen2.5-1.5B-Instruct,290,290,1.6488853693008423,51,0.4917904734611511,0.1106605976819992,"[-0.016650850969074548, -0.021806779316416485, 0.008897636813344434, -0.025425365950807233, 0.5309804126611162]","[0.003118806889973462, 0.00259723734758582, 0.0010513554926529097, 0.0016252850682576536, 0.0808892052453873]",1,LongBeachCC_02142017_17-0099,model_E
tofueval_Qwen2.5-1.5B-Instruct,291,291,1.4636191129684448,58,1.9140421152114868,0.2591523230075836,"[0.4125380344746096, 0.0760895553183469, -0.060881650538280596, 0.6300003787690567, 0.06771480816308306]","[0.0698789474687844, 0.03393180816752208, 0.012032098431994842, 0.061496116631689864, 0.04107940289895655]",0,LongBeachCC_02142017_17-0099,Model-Extra
tofueval_Qwen2.5-1.5B-Instruct,292,292,2.090291976928711,19,1.6161731481552124,0.17192889750003815,"[0.14372345296923364, -0.03911939579541611, 0.01303647434312887, -0.013993591305303485, 1.837112827802469]","[0.010224700245304886, 0.0024155274273940258, 0.0011608574438804154, 0.001253831732475718, 0.20739650827952]",1,LongBeachCC_02142017_17-0099,model_A
tofueval_Qwen2.5-1.5B-Instruct,293,293,1.828073501586914,36,0.5972705483436584,0.09842049330472946,"[0.058131205853391696, 0.007888093780719727, -0.015217450521757, -0.027792363817247354, 0.3384741212923675]","[0.002168040837495432, 0.0013869905735140896, 0.0008703223055085295, 0.0007115986755302907, 0.07068414656797965]",1,LongBeachCC_02142017_17-0099,model_B
tofueval_Qwen2.5-1.5B-Instruct,294,294,1.5265296697616577,40,0.743760883808136,0.11938780546188354,"[0.03015637334949588, -0.009714220836372078, -0.017292429041845025, -0.018414159382268737, 0.5174370770401765]","[0.002136216938083635, 0.0014018380220363724, 0.0013426548003764084, 0.001014207528658062, 0.0978057980565552]",1,LongBeachCC_02142017_17-0099,model_C
tofueval_Qwen2.5-1.5B-Instruct,295,295,1.6955844163894653,42,1.7523894309997559,0.25707879662513733,"[0.019533542542679545, 0.011714252810287732, 0.008957376727873148, -0.02425610810072006, 1.518979718661978]","[0.003950244671874056, 0.0013332529758069238, 0.0010983340471284464, 0.0008735583400309787, 0.247330375357619]",1,LongBeachCC_02142017_17-0099,model_D
tofueval_Qwen2.5-1.5B-Instruct,296,296,2.385791778564453,66,1.5099633932113647,0.22856669127941132,"[0.13319177456640208, 0.03219771479714175, 0.33973782672127883, 0.3076332178318284, -0.10248052276658585]","[0.054832310821113464, 0.030354221075881607, 0.04416106959917505, 0.031231811317635413, 0.023937454260392038]",0,LongBeachCC_02142017_17-0099,Model-Extra
tofueval_Qwen2.5-1.5B-Instruct,297,297,1.7298527956008911,73,0.20680676400661469,0.056989435106515884,"[0.012501066397518327, -0.010637295887883664, -0.021767853365019296, -0.017052736032221145, 0.11141425850127397]","[0.0013942802569520247, 0.000767038645984977, 0.001232349395572222, 0.0007265452558734579, 0.04668885535128327]",1,LongBeachCC_02142017_17-0099,model_A
tofueval_Qwen2.5-1.5B-Instruct,298,298,1.5218218564987183,47,0.7592041492462158,0.1548963338136673,"[-0.01862416593754228, -0.015707784429554172, 0.00588996200562217, -0.03392052942325926, 0.5144493814193684]","[0.004126257584407831, 0.0022027962220702046, 0.0011052610750684447, 0.0018969466679876897, 0.13244791865446964]",1,LongBeachCC_02142017_17-0099,model_B
tofueval_Qwen2.5-1.5B-Instruct,299,299,1.684285283088684,41,1.1274046897888184,0.19874899089336395,"[0.05447349003100876, 0.010047974949507411, 0.013571444576217158, 0.009438390568769736, 0.9743654921518855]","[0.006454592911304311, 0.002534905557914366, 0.0013260802845485248, 0.0012999625583389144, 0.12903741453902046]",1,LongBeachCC_02142017_17-0099,model_C
tofueval_Qwen2.5-1.5B-Instruct,300,300,1.4724608659744263,70,1.397294521331787,0.270175576210022,"[0.44180875497134237, 0.12676070334172046, 0.04090563124938334, 0.020221269162785965, -0.10366147853960034]","[0.1071819088585666, 0.04269021223519027, 0.007296085966476897, 0.006572055836794886, 0.01983150717125974]",0,LongBeachCC_02142017_17-0099,model_D
tofueval_Qwen2.5-1.5B-Instruct,301,301,1.6286516189575195,53,0.7437708973884583,0.12988360226154327,"[0.010179058644252847, 0.0010841258819091996, 0.007876173666687155, -0.016100174979139823, 0.5147215291607317]","[0.0014148456662471016, 0.0011699746436242317, 0.0008486236133220065, 0.0008147767848469194, 0.083541096490698]",1,LongBeachCC_02142017_17-0099,model_E
tofueval_Qwen2.5-1.5B-Instruct,302,302,1.873961329460144,50,1.2599661350250244,0.22745630145072937,"[0.03745502556965221, -0.008973061191500164, 0.563163430953864, 0.2438282822293695, -0.010629728459753096]","[0.007249064380343953, 0.008534167314937804, 0.15691713794978568, 0.03533269859822212, 0.003578832127241185]",0,LongBeachCC_03182014_14-0164,Model-Extra
tofueval_Qwen2.5-1.5B-Instruct,303,303,1.3245604038238525,64,1.9717849493026733,0.3224053680896759,"[0.10232596228502189, 0.018138851673370482, 1.161124607191823, 0.05959721389524475, 0.021536388618756064]","[0.02727348695594145, 0.010667604242993178, 0.24015611548148286, 0.006658352720446459, 0.0034546509376358614]",0,LongBeachCC_03182014_14-0164,model_A
tofueval_Qwen2.5-1.5B-Instruct,304,304,1.4729149341583252,50,2.637624740600586,0.3385756313800812,"[0.5122314935606846, 0.06314588495224598, 0.8547090695984662, 0.03841106652718736, 0.059083711302519076]","[0.053298265066214295, 0.04314445936334096, 0.1675059211217922, 0.005501803228817152, 0.004387037833462273]",0,LongBeachCC_03182014_14-0164,model_B
tofueval_Qwen2.5-1.5B-Instruct,305,305,1.031660795211792,136,2.2564685344696045,0.3252483904361725,"[0.24171432819260938, -0.030235116107731715, 1.353703445049311, 0.04574261483695269, 0.04722929015055149]","[0.0425501388711111, 0.009521089935386376, 0.2440965396233858, 0.0038165703833382236, 0.0024655109971206874]",0,LongBeachCC_03182014_14-0164,model_C
tofueval_Qwen2.5-1.5B-Instruct,306,306,0.962340772151947,83,1.8227084875106812,0.2722521722316742,"[0.3577210726453616, -0.024383191108612038, 0.8350307110771369, 0.014618406352994212, 0.03692342958283533]","[0.04723372128465336, 0.007701737871051446, 0.15322108136910537, 0.0036688140059583083, 0.0024233843574084303]",0,LongBeachCC_03182014_14-0164,model_D
tofueval_Qwen2.5-1.5B-Instruct,307,307,1.05368971824646,93,2.3235747814178467,0.3368549346923828,"[0.3444147641329173, -0.03921105901016872, 1.3146978033323502, -0.015315149456761011, -0.005588879445868252]","[0.04434829594559585, 0.007001129182417914, 0.22455777367751031, 0.002626181858459169, 0.002051942923204113]",0,LongBeachCC_03182014_14-0164,model_E
tofueval_Qwen2.5-1.5B-Instruct,308,308,2.4184491634368896,55,0.8598462343215942,0.21993543207645416,"[-0.02133012112145397, -0.0034325896846977145, 0.04104835962114686, 0.3581559451466257, -0.03882086172445931]","[0.03986406219572183, 0.0034295454823181485, 0.05892667104304895, 0.05587883710431925, 0.004734647755884163]",1,LongBeachCC_03182014_14-0164,Model-Extra
tofueval_Qwen2.5-1.5B-Instruct,309,309,0.8121494650840759,98,1.7496038675308228,0.280729740858078,"[0.20436364198540058, 0.006600430738082688, 1.0227446297922143, -0.0024221450226717682, -0.026812162484822127]","[0.03698368056843431, 0.0035324704524123873, 0.18387691802601175, 0.0027376437675760124, 0.002347683940097622]",0,LongBeachCC_03182014_14-0164,model_A
tofueval_Qwen2.5-1.5B-Instruct,310,310,0.9252045750617981,128,1.8151401281356812,0.28501376509666443,"[0.22079620366286434, 0.021454311324975883, 0.7908497419185068, 0.3969359990168977, -0.005796535198821395]","[0.036597228405590654, 0.009488698941135354, 0.1491822299256622, 0.05297833950086084, 0.004066961307700678]",0,LongBeachCC_03182014_14-0164,model_B
tofueval_Qwen2.5-1.5B-Instruct,311,311,1.3464165925979614,51,2.315009832382202,0.32655516266822815,"[1.0274903034681784, -0.007176319673193325, 0.3486161725792651, 0.03266272159963395, -0.0596234088180234]","[0.1707677165475473, 0.0067360820363524445, 0.0798362403641401, 0.0023593541234354946, 0.00460599824791242]",0,LongBeachCC_03182014_14-0164,model_C
tofueval_Qwen2.5-1.5B-Instruct,312,312,1.047931432723999,103,1.769012212753296,0.2824717164039612,"[0.4302834751730382, -0.018862425497564863, 0.6275906736058353, 0.348138627525047, 0.005611573540343811]","[0.081259257994955, 0.004124393536320657, 0.11165000146134342, 0.043036984306664104, 0.004141382570935548]",1,LongBeachCC_03182014_14-0164,model_D
tofueval_Qwen2.5-1.5B-Instruct,313,313,1.4681304693222046,59,1.677363634109497,0.27450984716415405,"[0.35295499353847165, 0.008842446351960555, 0.5932219986136908, 0.03821792501178807, 0.03788636513330611]","[0.07388465479817892, 0.009463522652614471, 0.12161550215522905, 0.001708567551427762, 0.0028096902682036517]",0,LongBeachCC_03182014_14-0164,Model-Extra
tofueval_Qwen2.5-1.5B-Instruct,314,314,0.9015358090400696,56,2.884946346282959,0.3257906436920166,"[0.9369290603854097, -0.02041137273876562, 1.2472936893755104, 0.011353652109343264, -0.04471419610086157]","[0.10739529676519462, 0.009275985244773974, 0.15700819854766582, 0.0021495932939897345, 0.0043948978743852]",0,LongBeachCC_03182014_14-0164,model_A
tofueval_Qwen2.5-1.5B-Instruct,315,315,0.8076702952384949,107,1.860998511314392,0.2989457845687866,"[0.28236327028476194, 0.01787928441851117, 1.0300363378129953, 0.03882630777608139, -0.010393699950302072]","[0.03715126996941325, 0.009445371044370867, 0.18343287519989057, 0.008802682469959598, 0.0036040851085692685]",0,LongBeachCC_03182014_14-0164,model_B
tofueval_Qwen2.5-1.5B-Instruct,316,316,1.1387276649475098,119,1.4279248714447021,0.23231211304664612,"[0.3092481829534137, -0.012842885704549953, 0.5638471146075895, 0.12272805096489062, -0.0027136636002053995]","[0.049680607521908386, 0.011288871853567842, 0.09766374722535348, 0.021617595117015168, 0.0029552092788468123]",0,LongBeachCC_03182014_14-0164,model_C
tofueval_Qwen2.5-1.5B-Instruct,317,317,1.1441696882247925,66,2.412917137145996,0.3209010660648346,"[0.6420846248795098, 0.014579632329919219, 1.1954137952183594, 0.004460434498357148, 0.009442931165303682]","[0.06882013768568233, 0.025685580053494736, 0.17672905376743261, 0.0028624962689127124, 0.003090090946439218]",0,LongBeachCC_03182014_14-0164,model_D
tofueval_Qwen2.5-1.5B-Instruct,318,318,0.8991252779960632,96,1.8951174020767212,0.3004947900772095,"[0.6670725909266366, 0.0288279034616797, 0.6286970022216943, 0.007778512643303277, 0.014374690789452416]","[0.10438402552131265, 0.012041968512154888, 0.1401061242918189, 0.0015568363438035842, 0.0031529155520620598]",1,LongBeachCC_03182014_14-0164,model_E
tofueval_Qwen2.5-1.5B-Instruct,319,319,1.8072104454040527,57,1.1612790822982788,0.1911853551864624,"[0.046222667661168726, 0.015097445693978091, 0.36374479654682146, 0.025610562971499013, 0.1489251872295873]","[0.02023245931029618, 0.021618904606280888, 0.05680880884022356, 0.006601775313180967, 0.02857053706128155]",0,LongBeachCC_03202018_18-0269,Model-Extra
tofueval_Qwen2.5-1.5B-Instruct,320,320,1.163469672203064,93,1.1921522617340088,0.2086842805147171,"[0.16903887977568174, 0.008208928197247235, 0.28866976193141886, 0.05556916833761876, 0.06107558940777224]","[0.03230431957474373, 0.019484782990829327, 0.04839646967643823, 0.015129402436794222, 0.024079773795544195]",0,LongBeachCC_03202018_18-0269,model_A
tofueval_Qwen2.5-1.5B-Instruct,321,321,1.1962084770202637,46,1.712256669998169,0.26764336228370667,"[-0.0756829147930662, 0.13190960901303458, 0.3945935269167303, -0.025233002918590184, -0.03098911826078699]","[0.01857200284066691, 0.017749070306624915, 0.05507688837676893, 0.0029792444492030604, 0.017177894822690058]",0,LongBeachCC_03202018_18-0269,model_B
tofueval_Qwen2.5-1.5B-Instruct,322,322,1.1728824377059937,77,1.822885274887085,0.2581748366355896,"[0.10647565310585838, 0.13151613726359437, 0.548706201034694, 0.056190557433442985, 0.055302477892884734]","[0.0273767986658856, 0.027585251583834132, 0.059020627016668166, 0.010552562196140015, 0.032362808066113684]",1,LongBeachCC_03202018_18-0269,model_C
tofueval_Qwen2.5-1.5B-Instruct,323,323,0.8883263468742371,112,2.151420831680298,0.2954176962375641,"[0.8540282032997278, 0.06770156289044442, 0.6409662675709943, 0.0908086033107257, -0.03646618019467951]","[0.11807431052393522, 0.020128320412952, 0.07535918086875933, 0.00917945870484108, 0.009754790115553342]",0,LongBeachCC_03202018_18-0269,model_D
tofueval_Qwen2.5-1.5B-Instruct,324,324,1.1472883224487305,85,1.9315738677978516,0.2635423243045807,"[0.6078122544544065, 0.25030569595414015, 0.21635099403947072, 0.13762047829231425, 0.01396389462041792]","[0.06969463530076543, 0.03993589717563148, 0.05642308985740837, 0.01308474594249393, 0.012782852185130998]",0,LongBeachCC_03202018_18-0269,model_E
tofueval_Qwen2.5-1.5B-Instruct,325,325,1.6475811004638672,59,1.7292393445968628,0.2528897523880005,"[0.07414192540208035, -0.04437630379304164, 0.48478156835989145, 0.006918212599653782, -0.048585177052931826]","[0.038624357640046736, 0.02046240989968005, 0.05229248298026937, 0.0019079449651961391, 0.011053531678005699]",0,LongBeachCC_03202018_18-0269,Model-Extra
tofueval_Qwen2.5-1.5B-Instruct,326,326,0.971003532409668,93,1.736390471458435,0.2432863414287567,"[0.656370461907617, 0.1947628724729027, 0.4872146042794597, 0.058876649555704035, 0.03281791186146688]","[0.09013674470076782, 0.026144831699457183, 0.07237494820819187, 0.012224063005403447, 0.012084638018588414]",1,LongBeachCC_03202018_18-0269,model_A
tofueval_Qwen2.5-1.5B-Instruct,327,327,1.6777851581573486,68,1.5039842128753662,0.26754504442214966,"[0.13033583882096375, 0.07669369984130432, 0.4752310702794656, 0.10690915426181057, 0.032304607270067634]","[0.03963042444190822, 0.03826596846143773, 0.054231736678399756, 0.016981762069255273, 0.009445900457070793]",0,LongBeachCC_03202018_18-0269,model_B
tofueval_Qwen2.5-1.5B-Instruct,328,328,1.111333966255188,97,1.6563494205474854,0.24586719274520874,"[0.08572221593481258, 0.2293694623671418, 0.8021295288736021, -0.013874769459529413, -0.014083696534332385]","[0.02167599083562441, 0.037752755008320316, 0.1122267986772184, 0.0027333355711461243, 0.01211899816406486]",0,LongBeachCC_03202018_18-0269,model_C
tofueval_Qwen2.5-1.5B-Instruct,329,329,1.241349697113037,88,1.9370769262313843,0.25145384669303894,"[0.4142467848401297, 0.11804444278467682, 0.34981047999504383, 0.11674151598189879, -0.04335651332030466]","[0.06466569112031224, 0.03258738696938353, 0.07474794915734796, 0.013504996447070735, 0.009615046117531278]",0,LongBeachCC_03202018_18-0269,model_D
tofueval_Qwen2.5-1.5B-Instruct,330,330,1.0455589294433594,67,2.152716636657715,0.28305450081825256,"[0.5120372250808642, 0.14527401778104831, 0.3363010797430746, 0.09818804712636821, 0.0036981135884012312]","[0.08373024613238565, 0.03496635553823811, 0.04340645658227112, 0.01546829324411192, 0.00853228676959955]",0,LongBeachCC_03202018_18-0269,model_E
tofueval_Qwen2.5-1.5B-Instruct,331,331,2.2458887100219727,59,1.7799441814422607,0.2521573007106781,"[0.08326922225079231, 0.06238859775180187, 0.4943943184334785, -0.009922504256098625, -0.026404151897699873]","[0.022006737939340906, 0.026962358802231422, 0.07644479887324959, 0.004042142176007535, 0.010816852923414706]",0,LongBeachCC_03202018_18-0269,Model-Extra
tofueval_Qwen2.5-1.5B-Instruct,332,332,1.4725406169891357,33,1.8003120422363281,0.21391238272190094,"[-0.07891995947504642, 0.028867917134475923, 0.4051238675266645, 0.018337149340588825, 0.018796407132564735]","[0.013870479502822325, 0.017575161774540462, 0.03736565328224308, 0.003847041432601889, 0.006068598738321188]",0,LongBeachCC_03202018_18-0269,model_A
tofueval_Qwen2.5-1.5B-Instruct,333,333,1.8848344087600708,44,1.844650387763977,0.2906721830368042,"[0.13197427855154523, 0.023400597688082184, -0.02577985561945504, 0.031564131061920554, 0.039756965985899034]","[0.04333526830965762, 0.024474088431056563, 0.019112245825934595, 0.0025605113730064618, 0.010958600610698775]",0,LongBeachCC_03202018_18-0269,model_B
tofueval_Qwen2.5-1.5B-Instruct,334,334,1.5545027256011963,56,1.2231959104537964,0.2296021282672882,"[-0.021007780168604637, 0.1105613483232446, 0.36836042542459574, 0.02461206294745872, -0.035016397155621756]","[0.007838352769405381, 0.03339972748588999, 0.06839626225727054, 0.009763976409950763, 0.015654774475430195]",0,LongBeachCC_03202018_18-0269,model_C
tofueval_Qwen2.5-1.5B-Instruct,335,335,1.014602541923523,93,2.145199775695801,0.31593695282936096,"[0.4835802882644398, 0.06541578138926378, 0.7679151423171886, 0.22801522566481264, -0.058924596982877275]","[0.06953560624058673, 0.02656500482083551, 0.09373777571754154, 0.029026463052393595, 0.00853225645961793]",0,LongBeachCC_03202018_18-0269,model_D
tofueval_Qwen2.5-1.5B-Instruct,336,336,1.3731098175048828,72,1.2408682107925415,0.23331274092197418,"[0.15944444946510178, 0.02823989526334319, 0.19896471771143195, 0.24273753674858906, 0.003616342828839455]","[0.0481063521175642, 0.028124109610179145, 0.05310490306943194, 0.028583071741002816, 0.016282748905082498]",0,LongBeachCC_03202018_18-0269,model_E
tofueval_Qwen2.5-1.5B-Instruct,337,337,2.841414213180542,59,1.232263445854187,0.19478213787078857,"[-0.010823139912198234, -0.07258227665566294, 0.039575252160321435, 0.3020589560698481, 0.4423917505174374]","[0.02315191401326586, 0.0028592118863312956, 0.005419691583302526, 0.08944406066883072, 0.07832605105852701]",0,LongBeachCC_04172018_18-0326,Model-Extra
tofueval_Qwen2.5-1.5B-Instruct,338,338,1.4732521772384644,57,1.467420220375061,0.2281767874956131,"[0.22113970048518208, -0.03606992167302898, 0.04013789121752684, 0.4507039008319879, 0.07430408932577848]","[0.0531971374400974, 0.004378235873024263, 0.006914289325999035, 0.09439231722984387, 0.03231688875205176]",0,LongBeachCC_04172018_18-0326,model_A
tofueval_Qwen2.5-1.5B-Instruct,339,339,1.4823274612426758,64,1.3107614517211914,0.1984161138534546,"[0.064478188807918, -0.016536450191161123, 0.015923677536207492, 0.2251412756904756, 0.35646905544292906]","[0.03316699195130646, 0.002446019609500194, 0.003746806712563888, 0.09671487451516292, 0.06778096516019172]",0,LongBeachCC_04172018_18-0326,model_B
tofueval_Qwen2.5-1.5B-Instruct,340,340,1.6190263032913208,63,1.1970207691192627,0.18974094092845917,"[0.07321927704425246, -0.02487011725305899, -0.0034617292575304087, 0.3193413579910056, 0.12266301409443164]","[0.04784500081843356, 0.005108111248756947, 0.005776621660380616, 0.09187957516578021, 0.02155663601212425]",0,LongBeachCC_04172018_18-0326,model_C
tofueval_Qwen2.5-1.5B-Instruct,341,341,1.6273983716964722,55,1.7029781341552734,0.23325949907302856,"[0.13718538557719015, 0.00017006414087849077, 0.09293815555955172, 0.4230812773387945, 0.3626430184170948]","[0.03451932133856934, 0.0018783985142404576, 0.005573264078264566, 0.13273469221756448, 0.0656717459541865]",0,LongBeachCC_04172018_18-0326,model_D
tofueval_Qwen2.5-1.5B-Instruct,342,342,2.2682595252990723,30,0.6277558207511902,0.11196644604206085,"[0.14357432737015188, -0.03837958407481589, 0.05369317599834176, 0.23782300884728708, -0.016514678086484005]","[0.042090005254218944, 0.004709450759158547, 0.00920280639708532, 0.09903652749192891, 0.01528434785295758]",0,LongBeachCC_04172018_18-0326,Model-Extra
tofueval_Qwen2.5-1.5B-Instruct,343,343,1.4331082105636597,43,1.460843801498413,0.17261570692062378,"[1.3641008271654353, 0.025237417620891666, -0.011458760258032863, -0.18668539864593503, 0.05810418121155783]","[0.1461724401018474, 0.012217642443225265, 0.009112576070813882, 0.024046468125108234, 0.00809760776944533]",0,LongBeachCC_04172018_18-0326,model_A
tofueval_Qwen2.5-1.5B-Instruct,344,344,1.530310034751892,68,1.7462120056152344,0.2185484915971756,"[1.1916703259737593, 0.0564364374315841, -0.02759326651408521, 0.5128624754705764, 0.1464389053946086]","[0.1266442043910408, 0.009845234784289487, 0.008705657354462748, 0.08536817283018064, 0.020886466284844786]",0,LongBeachCC_04172018_18-0326,model_B
tofueval_Qwen2.5-1.5B-Instruct,345,345,1.698132872581482,90,1.1063003540039062,0.17572389543056488,"[0.040806281686673176, 0.012173618315359312, 0.004939709912549814, 0.7878645497069253, 0.2416093188746244]","[0.045590284543706935, 0.0038141332289026446, 0.006515073257673344, 0.10946783934946956, 0.05016347931175586]",0,LongBeachCC_04172018_18-0326,model_C
tofueval_Qwen2.5-1.5B-Instruct,346,346,1.325661301612854,51,1.4273428916931152,0.2017127424478531,"[-0.04127960110211051, 0.21501666389738994, 0.14523847414495641, -0.017038516700838457, 0.3776086836039801]","[0.013876339275906075, 0.036471613948129276, 0.03251074324939777, 0.008732389766402204, 0.08181328718331084]",1,LongBeachCC_04172018_18-0326,model_D
tofueval_Qwen2.5-1.5B-Instruct,347,347,1.6267082691192627,83,1.1679242849349976,0.1935195028781891,"[0.08228045696387747, -0.00782859553253795, 0.02541846454064453, 0.34778247887594943, 0.6504964815168757]","[0.038671999785508955, 0.003111691353581821, 0.005301367495853099, 0.10556378490727217, 0.09866350390545466]",0,LongBeachCC_04172018_18-0326,model_E
tofueval_Qwen2.5-1.5B-Instruct,348,348,2.2203187942504883,50,0.9664222598075867,0.1445591300725937,"[-0.05894644635845907, -0.018808339062379675, 0.06712940942146815, -0.06978977350168862, 0.4789039295155089]","[0.012932743649089388, 0.0017244705604753108, 0.0035275462665049417, 0.08804753227056608, 0.04098309097164019]",1,LongBeachCC_04172018_18-0326,Model-Extra
tofueval_Qwen2.5-1.5B-Instruct,349,349,1.4851757287979126,55,1.341909646987915,0.1977977454662323,"[0.28024744735572643, -0.0555825899218772, -0.03570371033063731, 0.46401934092725905, 0.035966950657021615]","[0.03256544621105335, 0.003124725890671181, 0.006822060263633293, 0.11275812804751902, 0.01847212291446567]",0,LongBeachCC_04172018_18-0326,model_A
tofueval_Qwen2.5-1.5B-Instruct,350,350,1.9638200998306274,46,1.3747409582138062,0.20623530447483063,"[-0.004262246297793868, -0.022346775953495955, -0.0006922905019524952, 0.44562979736466607, 0.5320619796225599]","[0.007195371468894692, 0.0019241006187692856, 0.005402256609435743, 0.0939426323090194, 0.0876011977925175]",0,LongBeachCC_04172018_18-0326,model_B
tofueval_Qwen2.5-1.5B-Instruct,351,351,1.740112066268921,54,1.400368571281433,0.1878555864095688,"[-0.0478389726045289, 0.010541444152497408, -0.017069319807113195, 0.5081442779418366, 0.6100105251486504]","[0.014925355577660141, 0.0028195815145400723, 0.004848946571049358, 0.10261993168342508, 0.0965147057857023]",0,LongBeachCC_04172018_18-0326,model_C
tofueval_Qwen2.5-1.5B-Instruct,352,352,1.551642656326294,55,1.19008207321167,0.16786445677280426,"[-0.04303394749986182, 0.01747350381381032, -0.0010571877530310303, -0.06247215375551605, 0.8465556995914085]","[0.006031994016023583, 0.001984282091291334, 0.003382471119392573, 0.03503779377497267, 0.10741333708214039]",0,LongBeachCC_04172018_18-0326,model_D
tofueval_Qwen2.5-1.5B-Instruct,353,353,1.4506562948226929,42,1.482524037361145,0.20626404881477356,"[0.17685725624622656, -0.017684602596968295, 0.023511408036456703, 0.5175507341789398, 0.010166951313857723]","[0.04515542169237311, 0.0063275261466331015, 0.006658268800832513, 0.10257879737327646, 0.008609916337376046]",0,LongBeachCC_04172018_18-0326,model_E
tofueval_Qwen2.5-1.5B-Instruct,354,354,1.2741456031799316,41,2.941086530685425,0.38853129744529724,"[1.6666636719004955, -0.029993614915505666, -0.007511503518865694, -0.07950991879660273, 0.7100316523911471]","[0.15764809653117526, 0.005352491408480202, 0.0005193844352372874, 0.005277961822069456, 0.1497166484222384]",1,LongBeachCC_04212015_15-0344,model_A
tofueval_Qwen2.5-1.5B-Instruct,355,355,2.167804718017578,45,0.6590501070022583,0.19209299981594086,"[-0.034599605350134274, 0.029532525923827456, -0.0005910166177070803, 0.03902867878269818, 0.4931509796116087]","[0.004743719423499391, 0.0016352688748965092, 0.0003026036397083468, 0.0012790222625173758, 0.17058752599534474]",1,LongBeachCC_04212015_15-0344,Model-Extra
tofueval_Qwen2.5-1.5B-Instruct,356,356,1.8756511211395264,22,0.8486635684967041,0.23330970108509064,"[0.16323266813362186, -0.05202913048296151, -0.009967389062777247, -0.08262946708683475, 0.9986972077326342]","[0.013719487338738129, 0.005963728505176649, 0.0008948620730858569, 0.002547251867285509, 0.20737261605576018]",1,LongBeachCC_04212015_15-0344,model_A
tofueval_Qwen2.5-1.5B-Instruct,357,357,1.3150088787078857,62,0.19917458295822144,0.1021309569478035,"[0.002209369180109793, 0.0012462625330250199, -0.0021011474985449066, 0.0005479083156974559, 0.21712425911695274]","[0.002270940757697307, 0.0012261730609272872, 0.0002341443773033344, 0.0008321652937517624, 0.0778464387818593]",1,LongBeachCC_04212015_15-0344,model_B
tofueval_Qwen2.5-1.5B-Instruct,358,358,1.1586897373199463,44,1.5572983026504517,0.28436681628227234,"[0.0031160981445943685, -0.02189958241979184, -0.01224794769785314, -0.02061178222307221, 1.6065565623681655]","[0.00492843843138954, 0.001618345656678147, 0.0002598184941885765, 0.0014780482193853832, 0.2771245146551254]",0,LongBeachCC_04212015_15-0344,model_C
tofueval_Qwen2.5-1.5B-Instruct,359,359,1.0192584991455078,47,1.4289872646331787,0.22813880443572998,"[-0.026011168268714174, 0.006597427709184171, -0.008753626798855468, -0.030491300104953784, 1.4591169187166242]","[0.0048942068857586295, 0.0011244569114761032, 0.0002645896232295738, 0.0007861681873343533, 0.22651429725761346]",0,LongBeachCC_04212015_15-0344,model_D
tofueval_Qwen2.5-1.5B-Instruct,360,360,1.9068901538848877,45,1.5272654294967651,0.2131611704826355,"[0.008968849406422426, -0.02652770258589751, -0.01647395467152819, 0.036638604033376196, 1.1025286414557034]","[0.01346007081665448, 0.002008938513608882, 0.0013939895281509962, 0.0026866406697889844, 0.16617487993531135]",0,LongBeachCC_04212015_15-0344,model_E
tofueval_Qwen2.5-1.5B-Instruct,361,361,2.565901756286621,47,0.670936107635498,0.1579512506723404,"[-0.040187747195422494, 0.01520830451788262, 0.015576660120364358, 0.004389418581342126, 0.5681867449584]","[0.002586772127347587, 0.0011166386500608108, 0.00018051227947038802, 0.0005870247180880936, 0.13401604232383257]",1,LongBeachCC_04212015_15-0344,Model-Extra
tofueval_Qwen2.5-1.5B-Instruct,362,362,1.1845567226409912,40,2.0732028484344482,0.290494829416275,"[0.02145952566424967, -0.018421092059725197, -0.006071430069277994, -0.010801603414438431, 1.7937576601747423]","[0.0025593161902662588, 0.0010843859057899862, 0.0001692224552073185, 0.0007818467816434804, 0.26101589802419767]",0,LongBeachCC_04212015_15-0344,model_A
tofueval_Qwen2.5-1.5B-Instruct,363,363,1.3782765865325928,41,1.0801503658294678,0.17477144300937653,"[-0.019776652987319523, 0.025512391582085955, 0.0012376679720856796, 0.020934933058281497, 0.9550153965403031]","[0.0025921192034552296, 0.0014108661317306275, 0.0004641138890381227, 0.0015507350160588408, 0.14827567301179487]",1,LongBeachCC_04212015_15-0344,model_B
tofueval_Qwen2.5-1.5B-Instruct,364,364,1.2676410675048828,39,1.7255514860153198,0.32196468114852905,"[-0.00066545834684243, 0.017602938119895183, 0.0029773662170508686, -0.0031993607020316026, 1.7669894668536308]","[0.005822600653421735, 0.0014785711120963148, 0.00031342800780410657, 0.001302268881501662, 0.300253233132072]",1,LongBeachCC_04212015_15-0344,model_C
tofueval_Qwen2.5-1.5B-Instruct,365,365,1.1410667896270752,39,1.9004170894622803,0.27294427156448364,"[-0.023718746952139415, -0.011305837118878769, -0.009565099887251377, 0.020524564580484413, 1.5454090177439725]","[0.0027082309287111573, 0.0008993107459947425, 0.000632076221114776, 0.0064451709883472244, 0.24615457651611322]",0,LongBeachCC_04212015_15-0344,model_D
tofueval_Qwen2.5-1.5B-Instruct,366,366,1.2475731372833252,71,1.032740592956543,0.20121265947818756,"[0.06577340606845994, 0.03117256673053368, 0.010789129132423164, 0.004196287242733196, 1.0057609350687287]","[0.014983861605121003, 0.008212355845991726, 0.0011520075200489603, 0.0033902386704206767, 0.1738635814609539]",1,LongBeachCC_04212015_15-0344,model_E
tofueval_Qwen2.5-1.5B-Instruct,367,367,1.9104926586151123,61,1.1943796873092651,0.2185603529214859,"[0.3203589747601177, 0.6506724693416666, 0.43435096793395817, -0.003415772818638676, -0.04492257534276759]","[0.03170869655493379, 0.16998850755102035, 0.038469670202786924, 0.006584343012528719, 0.00847176217230746]",0,LongBeachCC_04222014_14-0307,Model-Extra
tofueval_Qwen2.5-1.5B-Instruct,368,368,1.0188031196594238,68,2.266726493835449,0.2915732264518738,"[0.414411259339819, 1.0489427685397459, 0.8543267473926202, -0.024762895173759434, 0.0176860814585646]","[0.03142743086234327, 0.1777723838736265, 0.08484160684327649, 0.004287932156372504, 0.006868932236479624]",0,LongBeachCC_04222014_14-0307,model_A
tofueval_Qwen2.5-1.5B-Instruct,369,369,1.4258568286895752,64,1.4698050022125244,0.2545456290245056,"[-0.06320391667048852, 0.9998528254327539, 0.6813485656333, -0.03852910364571471, -0.03911612062643144]","[0.017341445351763518, 0.19476957474580558, 0.07987393110764085, 0.0021717280683364315, 0.0027236986050205303]",0,LongBeachCC_04222014_14-0307,model_B
tofueval_Qwen2.5-1.5B-Instruct,370,370,1.5818297863006592,44,1.6906752586364746,0.2927055358886719,"[-0.10042198747561831, 1.066586273086035, 0.769653656507878, 0.008228778389324858, -0.005862948880266314]","[0.012416555016570059, 0.21106731084629163, 0.091498048031153, 0.0023422316389459493, 0.0036462030176329045]",0,LongBeachCC_04222014_14-0307,model_C
tofueval_Qwen2.5-1.5B-Instruct,371,371,1.267042636871338,60,2.5191617012023926,0.33423522114753723,"[-0.045005592483479025, 1.2984434539995466, 1.3729972886999653, -0.04702073813265694, -0.027300249174489484]","[0.010061396851900403, 0.18127516587337594, 0.1549372660960747, 0.0025638151030269304, 0.002745799195959838]",0,LongBeachCC_04222014_14-0307,model_D
tofueval_Qwen2.5-1.5B-Instruct,372,372,2.0073370933532715,29,1.6775827407836914,0.27720770239830017,"[-0.15075360268358431, 1.2837195220515774, 0.3559711681365774, -0.010664187274132614, -0.03970410917451051]","[0.008946457313488186, 0.2429758039702549, 0.06376597941524434, 0.001504581308785387, 0.0025243128710011158]",0,LongBeachCC_04222014_14-0307,model_E
tofueval_Qwen2.5-1.5B-Instruct,373,373,2.335031032562256,41,1.1647934913635254,0.2174323946237564,"[0.1995464272700568, 0.8559279110205996, 0.2232565765677974, -0.060145548974992934, -0.028693581150458534]","[0.022551216041658956, 0.18568101002467036, 0.015040300547719576, 0.010042766207190164, 0.005995167271310759]",1,LongBeachCC_04222014_14-0307,Model-Extra
tofueval_Qwen2.5-1.5B-Instruct,374,374,1.4892767667770386,53,1.5375921726226807,0.2507179081439972,"[-0.057595904113428194, 1.1334112414341742, 0.725506290278336, -0.011146354826914315, 0.027522880797544034]","[0.011097529715096647, 0.18293319952473847, 0.09736818385062058, 0.0015643492829922852, 0.003652779087562247]",0,LongBeachCC_04222014_14-0307,model_A
tofueval_Qwen2.5-1.5B-Instruct,375,375,1.4486535787582397,55,1.3954848051071167,0.2331685572862625,"[-0.04139030093212403, 0.7991678191465326, 0.7318857923685838, -0.013052953834994696, -0.022553407447577972]","[0.016856365056759675, 0.14621093385877346, 0.08510401939032487, 0.0018340231698237568, 0.002931708409627473]",0,LongBeachCC_04222014_14-0307,model_B
tofueval_Qwen2.5-1.5B-Instruct,376,376,1.574730634689331,41,1.744842767715454,0.23408840596675873,"[-0.16997018325482935, 1.2331221314578704, 0.45354829295346705, -0.0034461846843464074, 0.0006993891599960057]","[0.0093980495329874, 0.20980879438475977, 0.04488185649953133, 0.0018887967571738888, 0.0030388884147325326]",0,LongBeachCC_04222014_14-0307,model_C
tofueval_Qwen2.5-1.5B-Instruct,377,377,1.760859489440918,38,1.6238807439804077,0.3056042194366455,"[-0.09149751289805863, 1.0086784714842092, 0.6718075042222872, 0.0015714974422160978, 0.0196326153852983]","[0.00936778791768084, 0.23514913519734124, 0.10073753738616258, 0.0026504341662147404, 0.004047627288508393]",0,LongBeachCC_04222014_14-0307,model_D
tofueval_Qwen2.5-1.5B-Instruct,378,378,1.4391506910324097,67,1.6777101755142212,0.26930853724479675,"[-0.03144238409609599, 1.1065020807254224, 0.6234558330548653, -0.08220102164992948, -0.058461615572611404]","[0.00958361765714838, 0.19715307826802236, 0.10177551524476705, 0.00737792740988683, 0.0041760830430704835]",0,LongBeachCC_04222014_14-0307,model_E
tofueval_Qwen2.5-1.5B-Instruct,379,379,2.6515390872955322,25,1.4332435131072998,0.23953118920326233,"[-0.07991397733101621, 0.793487740517594, 0.37565201284363864, -0.014325355791515903, -0.023121112190638088]","[0.015028019895171383, 0.18381477415328845, 0.014547653149347752, 0.0013189782777840264, 0.002127259148944631]",0,LongBeachCC_04222014_14-0307,Model-Extra
tofueval_Qwen2.5-1.5B-Instruct,380,380,1.4163424968719482,53,1.7630624771118164,0.28537681698799133,"[-0.12238927630003775, 0.7593832157540161, 1.06481215743063, 0.0012839306832317543, -0.025286064784559817]","[0.010912457719061148, 0.17381735100852377, 0.11103906771812246, 0.002007278016431231, 0.003830531551516459]",0,LongBeachCC_04222014_14-0307,model_A
tofueval_Qwen2.5-1.5B-Instruct,381,381,1.7022830247879028,31,1.6629310846328735,0.28665152192115784,"[-0.15657802216047723, 1.5415104806062676, -0.006626799916698327, -0.06206217534734958, -0.03336182509684154]","[0.00838148155279698, 0.25192494684221944, 0.005997360522556964, 0.0016087346234745646, 0.003080668266897368]",1,LongBeachCC_04222014_14-0307,model_B
tofueval_Qwen2.5-1.5B-Instruct,382,382,1.088025450706482,36,1.9966607093811035,0.2725033760070801,"[-0.07114793280905157, 1.5853617669134918, -0.007205020520713232, -0.018678709863807954, -0.0028446777715645214]","[0.006049713931127422, 0.24397819317204672, 0.0021347911727092298, 0.0015352585130712112, 0.0016434138794352293]",0,LongBeachCC_04222014_14-0307,model_C
tofueval_Qwen2.5-1.5B-Instruct,383,383,1.0482654571533203,39,1.881491780281067,0.2799460291862488,"[-0.0002147172289812424, 1.5732850877848716, 0.021897137871397156, 0.006184411276197539, 0.01081221708721923]","[0.00841246711367533, 0.25463614036711174, 0.0024497320889498753, 0.0014811582323907202, 0.0039906371402349365]",0,LongBeachCC_04222014_14-0307,model_D
tofueval_Qwen2.5-1.5B-Instruct,384,384,1.1425716876983643,36,1.9616928100585938,0.30706408619880676,"[-0.08676114275291348, 1.5002537040062534, 0.3775132300005579, -0.02233577495654673, -0.011837211075512895]","[0.01298903139998073, 0.2763050723867006, 0.01699588603162283, 0.0016449502692590873, 0.0037660730983755603]",0,LongBeachCC_04222014_14-0307,model_E
tofueval_Qwen2.5-1.5B-Instruct,385,385,2.288837432861328,78,0.8007620573043823,0.18265530467033386,"[0.16365610138214273, -0.004343282042566734, -0.03667682982277489, 0.22012870114010114, -0.14884479785103347]","[0.03445695251231229, 0.01364174068495954, 0.007495020552596543, 0.07296451730683028, 0.04290811131716346]",0,LongBeachCC_05062014_14-0330,Model-Extra
tofueval_Qwen2.5-1.5B-Instruct,386,386,1.5742082595825195,87,0.2851593792438507,0.08068160712718964,"[-0.08579149606220167, 0.012763045096620062, -0.0003585623812743987, -0.046468659172947895, 0.41159968647367223]","[0.008602466095856043, 0.0016642709820032528, 0.0008120282956413618, 0.0028203884808710596, 0.054219989190861614]",1,LongBeachCC_05062014_14-0330,model_A
tofueval_Qwen2.5-1.5B-Instruct,387,387,1.7062928676605225,84,1.0474845170974731,0.13553041219711304,"[0.0723361846189835, -0.008656929380127363, 0.03088163946051195, -0.007613853703896027, 0.5636251156212806]","[0.009802990214417323, 0.0009443703808236543, 0.001045662331686496, 0.0011300378115438867, 0.08569520046072891]",1,LongBeachCC_05062014_14-0330,model_B
tofueval_Qwen2.5-1.5B-Instruct,388,388,1.8090296983718872,56,1.2868244647979736,0.17813359200954437,"[0.09067597709924614, -0.014332799429082246, 0.01320136361313676, 0.010852467006511038, 0.9247181148530217]","[0.011012977733143105, 0.0011590695389734102, 0.0008894311112125511, 0.0014703119137696571, 0.13540601653585327]",1,LongBeachCC_05062014_14-0330,model_C
tofueval_Qwen2.5-1.5B-Instruct,389,389,1.5564507246017456,58,1.4971312284469604,0.21445252001285553,"[0.131320624315212, -0.02860580068202047, 0.037565857227209246, -0.051686240017919896, 0.7678981708515242]","[0.016458797031755866, 0.0018569914720015291, 0.0011551581619642093, 0.0017120310595946022, 0.12616060074642205]",1,LongBeachCC_05062014_14-0330,model_D
tofueval_Qwen2.5-1.5B-Instruct,390,390,1.5250965356826782,76,2.4025044441223145,0.2703220248222351,"[0.7246323268704815, 0.3182756846041995, 0.303640357743174, -0.004908824511547114, 0.6533896312931143]","[0.07944494191290562, 0.03890039348274181, 0.02938847182024885, 0.008571246660225322, 0.1013225589832072]",1,LongBeachCC_05062014_14-0330,model_E
tofueval_Qwen2.5-1.5B-Instruct,391,391,2.2379915714263916,58,1.1818642616271973,0.1879601627588272,"[0.2774388824162025, 0.02883771178914748, -0.012615113420781261, 0.3447976838897689, 0.4301421683972123]","[0.017899208061360947, 0.005344498049806071, 0.0016615086528088733, 0.06983751130230993, 0.07833597856060336]",1,LongBeachCC_05062014_14-0330,Model-Extra
tofueval_Qwen2.5-1.5B-Instruct,392,392,1.4684041738510132,96,2.0229578018188477,0.25866106152534485,"[0.30568408574487194, 0.26469100905933374, 0.4683318647691787, 0.2191875707928356, 0.18753477463056356]","[0.03694003806906506, 0.044501081714546586, 0.07066617517263858, 0.03407037898037032, 0.05918883722027483]",1,LongBeachCC_05062014_14-0330,model_A
tofueval_Qwen2.5-1.5B-Instruct,393,393,1.5191727876663208,29,2.375501871109009,0.2879331111907959,"[0.13422839235964007, 0.024591860435662215, -0.02453164382966171, -0.017562169765306893, 1.701873777948063]","[0.014676043047231736, 0.002080670387056608, 0.0034614703776681163, 0.0024877491867316384, 0.24680330024646788]",0,LongBeachCC_05062014_14-0330,model_B
tofueval_Qwen2.5-1.5B-Instruct,394,394,1.4657899141311646,42,1.517163634300232,0.21648277342319489,"[0.2913072103373928, -0.004769961003191946, 0.010405171388161502, 0.008540195315921059, 0.8994155737704465]","[0.039991777925111126, 0.0020771833584755464, 0.0023415884707425165, 0.0033161192689346664, 0.14493594973880267]",1,LongBeachCC_05062014_14-0330,model_C
tofueval_Qwen2.5-1.5B-Instruct,395,395,1.934624195098877,44,1.1974583864212036,0.24165910482406616,"[0.09957193187967112, 0.019728713150305503, -0.0014628218328156931, -0.020671820103995164, 0.7433646881995215]","[0.019427904257761176, 0.0028104906863187684, 0.0016866396397497076, 0.004290355910763372, 0.14218891302483494]",1,LongBeachCC_05062014_14-0330,model_D
tofueval_Qwen2.5-1.5B-Instruct,396,396,2.0417251586914062,49,0.8456224799156189,0.15689446032047272,"[0.04985950395883042, 0.06747424566396037, -0.028954614006096915, -0.028405790554587633, 0.7496177732982502]","[0.011129611828474315, 0.006665153985151698, 0.0014459445164717107, 0.00402162814000859, 0.10909355129352866]",1,LongBeachCC_05062014_14-0330,model_E
tofueval_Qwen2.5-1.5B-Instruct,397,397,1.9895530939102173,64,1.3583691120147705,0.21730637550354004,"[0.1976959255989641, -0.0011922430239792448, 0.0034839979889511596, 0.3127303836226929, 0.5803394109025248]","[0.01994736208212089, 0.0043390977561301725, 0.0019108857702292426, 0.05131769273111786, 0.12178095749871432]",1,LongBeachCC_05062014_14-0330,Model-Extra
tofueval_Qwen2.5-1.5B-Instruct,398,398,2.0553946495056152,47,1.8914282321929932,0.28791141510009766,"[0.16336031397556924, -0.01771277435584628, 0.058713314958174334, 0.28076771425177405, 0.9772089400744819]","[0.012909664358804994, 0.0026177661648324963, 0.0020122237845188987, 0.02810416537743143, 0.17644174127131107]",1,LongBeachCC_05062014_14-0330,model_A
tofueval_Qwen2.5-1.5B-Instruct,399,399,2.289921760559082,34,2.2998836040496826,0.29760104417800903,"[0.6011527260621626, 0.02169999772997792, 0.05220985073281233, -0.05867941566290991, 1.1858710618415738]","[0.029585344208017512, 0.0016266449690513528, 0.0018680554775902932, 0.008680254932615379, 0.17593051159244222]",1,LongBeachCC_05062014_14-0330,model_B
tofueval_Qwen2.5-1.5B-Instruct,400,400,1.4646210670471191,36,2.4530560970306396,0.35153189301490784,"[0.14452585134616433, -0.01060133069000181, 0.028408341777523875, -0.030024196761789627, 1.3061926650568947]","[0.01644466788265062, 0.0010458119705592456, 0.0009824463256664887, 0.002611621499833442, 0.20014586175885699]",0,LongBeachCC_05062014_14-0330,model_C
tofueval_Qwen2.5-1.5B-Instruct,401,401,1.3387794494628906,96,1.868599534034729,0.24900312721729279,"[1.2511640183025368, 0.1985788206155424, 0.01983576538206459, -0.01188009254769895, -0.06864038819871136]","[0.13072879497894144, 0.07284555775911154, 0.005261896819189538, 0.005204815006487469, 0.03229552945515716]",0,LongBeachCC_05062014_14-0330,model_D
tofueval_Qwen2.5-1.5B-Instruct,402,402,2.581826686859131,70,1.4281710386276245,0.21694204211235046,"[0.1760700415420745, 0.7745103492800679, 0.13324839307793548, 0.05690097991111023, -0.013236160709389619]","[0.048740356630774584, 0.08495952143899298, 0.03962427618363498, 0.021243458855730882, 0.007332722282340651]",0,LongBeachCC_05102022_22-0507,Model-Extra
tofueval_Qwen2.5-1.5B-Instruct,403,403,1.6775977611541748,43,1.5113976001739502,0.28358694911003113,"[0.6638353263179577, 0.16479529290146, 0.006820459511715832, -0.009749941882504108, 0.021658365570041242]","[0.10583104910653864, 0.1323027774834732, 0.0034710446400737943, 0.0036531178020622126, 0.005081652052943587]",0,LongBeachCC_05102022_22-0507,model_A
tofueval_Qwen2.5-1.5B-Instruct,404,404,1.5344516038894653,79,2.545024871826172,0.3378068208694458,"[0.037674536848867374, 0.8316356550045223, 0.5967162266500549, -0.05747659945778719, 0.3570247694165291]","[0.023217794297165077, 0.12931813737682377, 0.08158394411479485, 0.01553325254038595, 0.042890776155054135]",1,LongBeachCC_05102022_22-0507,model_B
tofueval_Qwen2.5-1.5B-Instruct,405,405,1.6571111679077148,59,2.0565900802612305,0.3003074824810028,"[0.26212974819325113, 1.8512691486374302, -0.04850115167555178, -0.01165117162439609, -0.037876706843666924]","[0.05996600616277122, 0.227940631850812, 0.004236267411115323, 0.0017934523311234473, 0.004193422081812059]",0,LongBeachCC_05102022_22-0507,model_C
tofueval_Qwen2.5-1.5B-Instruct,406,406,1.4833282232284546,71,1.9094468355178833,0.26213890314102173,"[0.25637598369082976, 1.0463521070565216, 0.874688046331383, 0.015095411753732855, -0.021877974409594762]","[0.057066619123283646, 0.12325671908905073, 0.09187687655890171, 0.009329521122819968, 0.00556631665362352]",0,LongBeachCC_05102022_22-0507,model_D
tofueval_Qwen2.5-1.5B-Instruct,407,407,1.9129265546798706,39,2.166022777557373,0.3330543041229248,"[0.22233805287247285, 1.7056951981085615, -0.04029297821286421, -0.013441254923609683, -0.05062998318111894]","[0.046574877866358014, 0.26020197817781127, 0.006066613638923767, 0.0026247947409664893, 0.005747190204902043]",0,LongBeachCC_05102022_22-0507,model_E
tofueval_Qwen2.5-1.5B-Instruct,408,408,2.922154664993286,61,1.287874460220337,0.22416533529758453,"[0.013493344974017045, 0.45677744998734016, 0.49206694026218084, 0.17694597061891415, 0.14202667069697722]","[0.01872144029862209, 0.07521192060657547, 0.05888465718083755, 0.03148613459943888, 0.01656280677713364]",0,LongBeachCC_05102022_22-0507,Model-Extra
tofueval_Qwen2.5-1.5B-Instruct,409,409,1.2738841772079468,35,2.6121633052825928,0.3614691495895386,"[-0.037528041686735895, 2.3650137541483023, -0.03781247469887603, -0.006277080898663761, -0.054430713772308084]","[0.009229912679341265, 0.3187194420035147, 0.0028577871157965873, 0.0022676478551082774, 0.004232267374279835]",0,LongBeachCC_05102022_22-0507,model_A
tofueval_Qwen2.5-1.5B-Instruct,410,410,1.1638035774230957,61,2.183856964111328,0.32195281982421875,"[0.041359164470689345, 1.5898581571212862, -0.03823099535001064, -0.02205942414789728, -0.02017478656250846]","[0.022493788936873867, 0.24869734858274287, 0.0031939683876361577, 0.0022338057085972488, 0.003947625860638388]",0,LongBeachCC_05102022_22-0507,model_B
tofueval_Qwen2.5-1.5B-Instruct,411,411,1.4683984518051147,41,2.442863941192627,0.3513290286064148,"[0.40182656601139505, 1.6656658193380458, -0.024622092004325923, -0.05475566111520648, -0.07558523732338317]","[0.032531131611549205, 0.2751775065641496, 0.0022930289170642205, 0.0017531117594169856, 0.00402203800368769]",0,LongBeachCC_05102022_22-0507,model_C
tofueval_Qwen2.5-1.5B-Instruct,412,412,1.3257132768630981,47,2.387707233428955,0.33059486746788025,"[0.23799918498131795, 1.3346490490205705, -0.02802427371368159, -0.01435466033426371, 0.2671357041188922]","[0.049982070402257765, 0.18993996651508807, 0.002375247778847087, 0.0021069436862088432, 0.023358547892197302]",0,LongBeachCC_05102022_22-0507,model_D
tofueval_Qwen2.5-1.5B-Instruct,413,413,1.1751877069473267,62,2.5698904991149902,0.33083492517471313,"[0.023088468718367127, 1.6637621775594345, 0.8440571564403487, 0.008657658138491247, -0.029611619156287728]","[0.015536713940950481, 0.19919631991151912, 0.07272654639706572, 0.002920538850424286, 0.0041063390940370295]",0,LongBeachCC_05102022_22-0507,model_E
tofueval_Qwen2.5-1.5B-Instruct,414,414,1.4451768398284912,37,1.7336182594299316,0.3133982717990875,"[0.3190506152030729, 1.3806284102233681, -0.027399063140733603, -0.009073508089116061, 0.022025015936181974]","[0.11636581168745518, 0.2408826917024861, 0.004304557340286446, 0.0016713005364294986, 0.004361635930476152]",0,LongBeachCC_05102022_22-0507,Model-Extra
tofueval_Qwen2.5-1.5B-Instruct,415,415,1.235267162322998,78,2.140504837036133,0.3130730092525482,"[0.12751962260335858, 0.9177052089062039, 0.6467148661617662, -0.0017749592337704366, 0.02629351108594281]","[0.05129918799918606, 0.14415833397867736, 0.0647030613563635, 0.006465830304883924, 0.0038407513185930863]",1,LongBeachCC_05102022_22-0507,model_A
tofueval_Qwen2.5-1.5B-Instruct,416,416,0.8449507355690002,83,2.2293970584869385,0.32922035455703735,"[0.9424314722055864, 1.3383433986451585, 0.04120773112540026, 0.013682550945748473, -0.020938554953334527]","[0.13514146289197518, 0.19942052660317358, 0.004903956114231097, 0.0017587409707446743, 0.0027482457273873637]",0,LongBeachCC_05102022_22-0507,model_B
tofueval_Qwen2.5-1.5B-Instruct,417,417,0.8785892724990845,45,3.028273820877075,0.41006943583488464,"[0.16303142565314677, 2.028744880952743, 0.0040408515800259516, 0.021663824541368133, 0.01776794551713263]","[0.03434727926263197, 0.2676265050366459, 0.002103192597539621, 0.0010350633557562913, 0.0023608648425099293]",0,LongBeachCC_05102022_22-0507,model_C
tofueval_Qwen2.5-1.5B-Instruct,418,418,1.7664580345153809,58,1.8605726957321167,0.2541879713535309,"[0.2951276545818787, 0.7900265439740655, 0.3925030919402569, 0.02015190144554473, 0.2406429876011379]","[0.04415306044110962, 0.15263138362771034, 0.04167775996287035, 0.0022643723822872337, 0.023941652269862626]",0,LongBeachCC_05102022_22-0507,model_D
tofueval_Qwen2.5-1.5B-Instruct,419,419,1.5213366746902466,58,1.9141994714736938,0.2691095471382141,"[0.08049222877462885, 1.518228602142009, -0.06736067356642111, -0.00196623664192759, -0.009300934775167443]","[0.022113643477637356, 0.23104331511171167, 0.005898274704981273, 0.002235205658517567, 0.0031609054469166446]",0,LongBeachCC_05102022_22-0507,model_E
tofueval_Qwen2.5-1.5B-Instruct,420,420,2.4328863620758057,28,1.7707148790359497,0.3046865463256836,"[0.15242025432650866, -0.012102476116394558, 0.0263801401519491, -0.03402713967651445, 1.5397096779197454]","[0.01118038845884988, 0.005159889234619186, 0.002034537680087973, 0.004367281881723021, 0.2743094045269702]",0,LongBeachCC_06212022_22-0692,Model-Extra
tofueval_Qwen2.5-1.5B-Instruct,421,421,1.897084355354309,26,2.4572713375091553,0.332653671503067,"[0.030186402622344025, -0.04404342075409536, -0.016811679508892806, -0.005109084564397703, 2.2720022983194212]","[0.005757968994590903, 0.003909099753664227, 0.0010100038905130977, 0.002042804217228313, 0.3239760400599782]",0,LongBeachCC_06212022_22-0692,model_A
tofueval_Qwen2.5-1.5B-Instruct,422,422,2.167065382003784,43,2.1947879791259766,0.30471375584602356,"[0.024732349338253613, -0.03647514736786794, -0.008176873916584048, -0.009904626012218065, 2.023234562429215]","[0.009016704287917222, 0.00546107006341823, 0.0013343350531403208, 0.0027619866769284635, 0.29111257190565676]",0,LongBeachCC_06212022_22-0692,model_B
tofueval_Qwen2.5-1.5B-Instruct,423,423,1.1664371490478516,43,2.130981206893921,0.33095860481262207,"[0.06311808173580725, -0.010284200783646981, -0.02602824156514977, 0.008727065314093485, 1.8636229159704716]","[0.007130348610332455, 0.005448957960995357, 0.0018083439802180983, 0.0020682372915900465, 0.3110308979101446]",0,LongBeachCC_06212022_22-0692,model_C
tofueval_Qwen2.5-1.5B-Instruct,424,424,1.7086803913116455,57,1.7978734970092773,0.33364829421043396,"[0.038800389995079364, -0.04029545868075857, 0.007487150709230742, 0.009002520029577698, 1.4313160203715884]","[0.02334000733202626, 0.006383551969454023, 0.0035107556117182277, 0.002780084127890148, 0.2626295305707843]",0,LongBeachCC_06212022_22-0692,model_D
tofueval_Qwen2.5-1.5B-Instruct,425,425,0.9832537174224854,48,2.6614015102386475,0.35614538192749023,"[0.04998184542940246, 0.007370842154462783, 0.03342727517413616, 0.0009624059465132007, 2.489978225095001]","[0.009726729437919227, 0.005203872536199731, 0.0015945565770132397, 0.0014240023355280111, 0.34168045071767966]",0,LongBeachCC_06212022_22-0692,model_E
tofueval_Qwen2.5-1.5B-Instruct,426,426,2.2111024856567383,62,0.5418333411216736,0.12531635165214539,"[0.030078616150512237, 0.0739350418776399, 0.019131994317567368, 0.01581184099532515, 0.41452571914663666]","[0.003872151672893203, 0.012541571367837064, 0.0008868694345901146, 0.0010893271075431699, 0.09842197285093614]",1,LongBeachCC_06212022_22-0692,Model-Extra
tofueval_Qwen2.5-1.5B-Instruct,427,427,1.5330106019973755,50,0.8686496019363403,0.200269877910614,"[0.011157757145192591, 0.11456029562287767, -0.0072197105559098414, -0.0001474357071947452, 0.7305897635370638]","[0.01132782461876502, 0.010890285599771374, 0.0014512318734995232, 0.0016272946440156488, 0.18434628204598993]",1,LongBeachCC_06212022_22-0692,model_A
tofueval_Qwen2.5-1.5B-Instruct,428,428,2.0870003700256348,43,1.5599173307418823,0.25917404890060425,"[0.13816261020525247, 0.03033181040679432, 0.03261302862978652, 0.02776787924093971, 1.5332048428583305]","[0.01647765538594941, 0.005655178058224316, 0.001518691681018333, 0.0018245940144295271, 0.2562269621171994]",1,LongBeachCC_06212022_22-0692,model_B
tofueval_Qwen2.5-1.5B-Instruct,429,429,1.432387113571167,40,1.8841882944107056,0.3463774621486664,"[0.014551794276394503, -0.025986706646835955, 0.002739105620639748, 0.004357940938280081, 1.714921638379019]","[0.006870730067529962, 0.003778378770769564, 0.0006728483330846302, 0.0008473613618889431, 0.3135317772757844]",0,LongBeachCC_06212022_22-0692,model_C
tofueval_Qwen2.5-1.5B-Instruct,430,430,1.2213395833969116,51,2.4509098529815674,0.2904275357723236,"[0.05839884718736076, 0.003965523055562832, 0.010300187490750378, -0.009939904424290007, 2.1110909845624075]","[0.011264905621347862, 0.003988472940295316, 0.0012445490358378402, 0.0009661186493918241, 0.29994880074424574]",0,LongBeachCC_06212022_22-0692,model_D
tofueval_Qwen2.5-1.5B-Instruct,431,431,1.016858458518982,42,2.3903727531433105,0.305285781621933,"[0.06012003780588094, -0.043752961282907996, 0.01290724083462248, -0.001171524542376985, 2.029952817104155]","[0.005539958763988363, 0.002730612777451907, 0.00074460605945341, 0.0009181642340392738, 0.29965128514145145]",0,LongBeachCC_06212022_22-0692,model_E
tofueval_Qwen2.5-1.5B-Instruct,432,432,1.9914337396621704,44,1.3410166501998901,0.2607736587524414,"[-0.008059169600032461, -0.007806158144045516, 0.06277460519082854, 0.025771202982220777, 1.2324577519162134]","[0.013281540567932253, 0.0028175430206312576, 0.002163885024001838, 0.0017699314871580637, 0.2203601714308289]",0,LongBeachCC_06212022_22-0692,Model-Extra
tofueval_Qwen2.5-1.5B-Instruct,433,433,1.6335865259170532,49,2.115673065185547,0.30979669094085693,"[0.2052298020458758, -0.02890290848005156, -0.002181516135824866, -0.03610592110122729, 1.7462263652120542]","[0.01123373138880986, 0.0029459240144523837, 0.0017332900738159767, 0.0013025938764286012, 0.26526326092926883]",0,LongBeachCC_06212022_22-0692,model_A
tofueval_Qwen2.5-1.5B-Instruct,434,434,1.2627606391906738,61,2.047351837158203,0.30854332447052,"[-0.0013695897159982824, 0.0927585757562413, 0.03177104289107349, 0.0063057332832188685, 1.8667132094439067]","[0.007974828476115659, 0.01473582616544143, 0.0011590336731376236, 0.001289389409743057, 0.2714961935931051]",0,LongBeachCC_06212022_22-0692,model_B
tofueval_Qwen2.5-1.5B-Instruct,435,435,1.6398738622665405,47,1.862878680229187,0.33256229758262634,"[0.038660887237943205, -0.010327652868928705, 0.02891060865384985, 0.025370097554794947, 1.6505902426105556]","[0.01413071217301758, 0.005100168650656958, 0.0019802243151507645, 0.002166413259220569, 0.29301717064648053]",1,LongBeachCC_06212022_22-0692,model_C
tofueval_Qwen2.5-1.5B-Instruct,436,436,1.7131022214889526,38,2.223097801208496,0.32434579730033875,"[0.2419296117172693, -0.03136195149954801, -0.013130610110336923, -0.08561877866807328, 2.279172975695091]","[0.008780140809105543, 0.004899432693569662, 0.0013799169841864735, 0.0024524389588252106, 0.3114073539150013]",0,LongBeachCC_06212022_22-0692,model_D
tofueval_Qwen2.5-1.5B-Instruct,437,437,1.0811727046966553,49,2.5318000316619873,0.3870888948440552,"[0.016870187045705216, -0.007121863787724161, -0.005162673587991015, -0.02559348780963848, 2.3905410150502426]","[0.010514744306630332, 0.002609455302885391, 0.0010741123654095677, 0.0012857536458781883, 0.3654183207746075]",0,LongBeachCC_06212022_22-0692,model_E
tofueval_Qwen2.5-1.5B-Instruct,438,438,2.344780921936035,43,1.3266313076019287,0.24507199227809906,"[1.0597522960296226, -0.0049694876963554254, 0.047154946192465505, 0.02102361838157332, -0.00692407859402687]","[0.21302013484413226, 0.016443209654201298, 0.004953720868356445, 0.0014711376334796728, 0.004253952743558625]",0,LongBeachCC_08112020_20-0678,Model-Extra
tofueval_Qwen2.5-1.5B-Instruct,439,439,1.234869122505188,38,1.6847600936889648,0.2509596645832062,"[1.2729475628584623, 0.0087832560441855, 0.010643507071347957, 0.013906161667890908, -0.006175815487183986]","[0.20831549901049584, 0.004693163732042649, 0.0031149600805131165, 0.001074606448850689, 0.0028765789612156083]",0,LongBeachCC_08112020_20-0678,model_A
tofueval_Qwen2.5-1.5B-Instruct,440,440,1.2354321479797363,86,1.4054826498031616,0.23199009895324707,"[0.9892305349633315, 0.23306994773630257, 0.04429966068591755, 0.039548924619021965, 0.0031739967878736002]","[0.18432823924427624, 0.04791392858702281, 0.00858435698913769, 0.0027918442582840408, 0.004140034215094924]",1,LongBeachCC_08112020_20-0678,model_B
tofueval_Qwen2.5-1.5B-Instruct,441,441,1.6473898887634277,85,1.4760254621505737,0.2570933699607849,"[0.8907589946921421, 0.40903190140121726, 0.03106338587415795, -0.032114722868284255, 0.030054639226449686]","[0.17550669502333596, 0.0698306971656002, 0.007739266723391371, 0.00611255779840133, 0.01271891903752693]",1,LongBeachCC_08112020_20-0678,model_C
tofueval_Qwen2.5-1.5B-Instruct,442,442,1.6694517135620117,42,1.6039668321609497,0.24437901377677917,"[1.0241472295130647, -0.03852199741162449, -0.00943104230931827, 0.003764094316422762, 0.004281574064710488]","[0.1815136496166122, 0.023864029760824496, 0.010134688643336717, 0.001569958513603827, 0.004059416931741431]",0,LongBeachCC_08112020_20-0678,model_D
tofueval_Qwen2.5-1.5B-Instruct,443,443,1.1218491792678833,55,2.2229650020599365,0.3354232907295227,"[1.6686890066236215, 0.4392803608328739, -0.027253390234942675, -0.014939229310006009, -0.013817048438464884]","[0.2300385995101599, 0.06887047527936209, 0.0031181007329347597, 0.0016182941199138607, 0.004592962434664762]",0,LongBeachCC_08112020_20-0678,model_E
tofueval_Qwen2.5-1.5B-Instruct,444,444,2.362358808517456,49,1.389950156211853,0.22137559950351715,"[0.9040558821692759, -0.007475594666843511, 0.1707274604360668, 0.012645352365715163, -0.04774175439866222]","[0.15790420346798337, 0.021288356652005357, 0.01846876374281924, 0.003006376147454273, 0.005283687536798332]",1,LongBeachCC_08112020_20-0678,Model-Extra
tofueval_Qwen2.5-1.5B-Instruct,445,445,0.9622780680656433,52,2.3359267711639404,0.32281172275543213,"[2.255962783215532, 0.023887614428251533, 0.019353865276780898, 0.02446127251383027, 0.039518070286878634]","[0.3070906395217977, 0.006831722841434056, 0.001741761438875773, 0.0008774048485124061, 0.002361311617539522]",0,LongBeachCC_08112020_20-0678,model_A
tofueval_Qwen2.5-1.5B-Instruct,446,446,2.016939401626587,43,-0.02240741066634655,0.15366296470165253,"[0.10356101516477201, 0.10274029614912822, -0.05225150442010788, -0.038052462941566265, -0.11054788752957138]","[0.09009835428150836, 0.01343925326396899, 0.002867395364218769, 0.0009999131410987226, 0.004775580285367628]",1,LongBeachCC_08112020_20-0678,model_B
tofueval_Qwen2.5-1.5B-Instruct,447,447,1.4764480590820312,47,1.5916340351104736,0.29107892513275146,"[1.3773364397880443, 0.14832232698012995, -0.06659132544665865, -0.01382121074122087, -0.03476962023852777]","[0.25020427838001313, 0.019017739446901924, 0.0032932816862120623, 0.0012024252646055406, 0.006394545196754018]",0,LongBeachCC_08112020_20-0678,model_C
tofueval_Qwen2.5-1.5B-Instruct,448,448,1.2427948713302612,49,1.0977413654327393,0.2588328719139099,"[1.0934351521677204, 0.07090609987582346, -0.003216284842762564, -0.005892082575437784, -0.0904938069930091]","[0.20255068516387242, 0.005603199272465125, 0.003207799262440858, 0.0010377851142041028, 0.004980029028701563]",0,LongBeachCC_08112020_20-0678,model_D
tofueval_Qwen2.5-1.5B-Instruct,449,449,1.750850796699524,59,1.5330480337142944,0.2615092396736145,"[1.1538246197130737, 0.33373878485773756, -0.022967418499381706, 0.02489543789210907, -0.026532939244658583]","[0.19438659411087245, 0.05774349311175653, 0.004971152888483668, 0.0017027818555927791, 0.00544393810855774]",0,LongBeachCC_08112020_20-0678,model_E
tofueval_Qwen2.5-1.5B-Instruct,450,450,2.9837472438812256,49,1.1355515718460083,0.23937764763832092,"[0.8298838975107563, 0.2715028927718498, 0.04998447096250875, 0.06791016660459644, 0.06920509184568133]","[0.12075561492513641, 0.0889441338035145, 0.0173429361384664, 0.0022054816974504117, 0.0032719103938429078]",0,LongBeachCC_08112020_20-0678,Model-Extra
tofueval_Qwen2.5-1.5B-Instruct,451,451,1.4465135335922241,48,2.6996428966522217,0.3615535795688629,"[2.243401230080053, -0.130858946678624, -0.017915133197523875, 0.05500290066765956, -0.029957297990828618]","[0.3025465622583094, 0.015775262750625057, 0.01221882841261864, 0.0048134978752164175, 0.003483340016008659]",0,LongBeachCC_08112020_20-0678,model_A
tofueval_Qwen2.5-1.5B-Instruct,452,452,2.0743987560272217,47,0.14518411457538605,0.14994928240776062,"[0.0657097751062928, 0.010023933047666512, -0.025147004963265374, -0.03289319784999726, -0.0526414913003967]","[0.040736118850157044, 0.05909586071031802, 0.021485935418896356, 0.003077847860266318, 0.005701681486011403]",1,LongBeachCC_08112020_20-0678,model_B
tofueval_Qwen2.5-1.5B-Instruct,453,453,1.3597763776779175,72,1.308789610862732,0.2548463046550751,"[0.9026537818965102, 0.2518745914143526, -0.011016778266713977, 0.013185151112146009, -0.00309936271475269]","[0.14397469853532308, 0.08758757671526969, 0.008558062736079779, 0.001239745010735069, 0.0026679847255053346]",0,LongBeachCC_08112020_20-0678,model_C
tofueval_Qwen2.5-1.5B-Instruct,454,454,1.9356544017791748,46,1.216903805732727,0.21730731427669525,"[0.5889004936806209, 0.420762855772172, -0.05075933004769942, 0.02735427205207879, -0.035279261727776866]","[0.08683617236080032, 0.1090883867683537, 0.014503270701781097, 0.0028765868265786003, 0.0059339943231664265]",1,LongBeachCC_08112020_20-0678,model_D
tofueval_Qwen2.5-1.5B-Instruct,455,455,1.650149941444397,83,0.8053816556930542,0.20030400156974792,"[0.48506148196583926, 0.29571431541722654, -0.017083406231926435, 0.013319146728616647, -0.0045602887698750925]","[0.10634200218430441, 0.04627256455107768, 0.005720747982480706, 0.0011188274543629298, 0.0030040219769301006]",0,LongBeachCC_08112020_20-0678,model_E
tofueval_Qwen2.5-1.5B-Instruct,456,456,1.9246915578842163,59,2.02268123626709,0.2753799557685852,"[0.1820103517860905, 0.07373919126921927, 0.013777326940633708, 0.9311772326492878, -0.036220323126545446]","[0.027327908543958397, 0.03067326184517508, 0.018095028179941127, 0.13729972927780243, 0.0032531027294164416]",0,LongBeachCC_08132019_19-0733,Model-Extra
tofueval_Qwen2.5-1.5B-Instruct,457,457,1.7344565391540527,68,1.7398284673690796,0.22009365260601044,"[0.43731395885238805, -0.08436079886580634, 0.00627156158663959, 0.15183409455943653, 0.3603994938397297]","[0.0669369053526184, 0.04846848885818013, 0.016360293747601586, 0.03957831368558713, 0.01974965966691818]",0,LongBeachCC_08132019_19-0733,model_A
tofueval_Qwen2.5-1.5B-Instruct,458,458,1.5033366680145264,50,1.5397950410842896,0.21512146294116974,"[-0.02271206056313531, 0.31935964470940237, 0.09233740239935287, -0.018612959621095798, -0.006770018113675178]","[0.05212240664217461, 0.062004928510059475, 0.029700516200544768, 0.01868151848806775, 0.0028436751035269482]",0,LongBeachCC_08132019_19-0733,model_B
tofueval_Qwen2.5-1.5B-Instruct,459,459,1.545192837715149,55,2.1884877681732178,0.30268391966819763,"[0.8217784012436327, 0.00810722692906645, -0.00861668050833528, 0.2336167232556115, -0.01247746804428144]","[0.10519344895884304, 0.05841046070632026, 0.01346311855479805, 0.042134190071117864, 0.006327728386232097]",1,LongBeachCC_08132019_19-0733,model_C
tofueval_Qwen2.5-1.5B-Instruct,460,460,1.7437711954116821,52,2.09673810005188,0.27688613533973694,"[0.5775042994337127, 0.15259896831839098, -0.11635305023208695, 0.1700771483121151, 0.006932397964192205]","[0.11016233019260933, 0.06502850169578359, 0.00640352926729193, 0.019072119829309904, 0.002459037487426212]",0,LongBeachCC_08132019_19-0733,model_D
tofueval_Qwen2.5-1.5B-Instruct,461,461,1.4199721813201904,69,1.5986829996109009,0.1980547308921814,"[0.16690175892005715, 0.23215515141709003, 0.06151532513879077, 0.4804864363672939, 0.040068452450213954]","[0.04383221435115126, 0.036849162542647966, 0.023031032455037348, 0.06471899849812884, 0.0032799663458454365]",0,LongBeachCC_08132019_19-0733,model_E
tofueval_Qwen2.5-1.5B-Instruct,462,462,2.343485116958618,52,1.0811913013458252,0.2452045977115631,"[0.003989198685163641, -0.051015060367297756, -0.03897205709584411, 0.5176523917605385, -0.0820398720373375]","[0.0162900972002787, 0.014932654820488377, 0.01141331699762724, 0.13431501348532038, 0.007709658504329407]",1,LongBeachCC_08132019_19-0733,Model-Extra
tofueval_Qwen2.5-1.5B-Instruct,463,463,1.4498529434204102,51,1.3309608697891235,0.1795186549425125,"[0.18545872649259515, 0.008906676616164738, 0.0713554578497304, 0.25375477201034263, -0.03599964574623657]","[0.02487058388043815, 0.02148047429023327, 0.018442115693571893, 0.04937070799878354, 0.009363466825022317]",0,LongBeachCC_08132019_19-0733,model_A
tofueval_Qwen2.5-1.5B-Instruct,464,464,0.6770651936531067,48,3.6520793437957764,0.4229847490787506,"[3.1230280630212897, -0.018407386394452867, -0.003287452274283472, -0.01275695934206548, -0.022332370585597044]","[0.36553296836549026, 0.0008036244629465727, 0.0014893849820320308, 0.001967645345445135, 0.003127030915550222]",0,LongBeachCC_08132019_19-0733,model_B
tofueval_Qwen2.5-1.5B-Instruct,465,465,1.1365375518798828,61,1.6578621864318848,0.2514492869377136,"[0.7966185542778684, 0.2158422114001742, 0.007185271752517065, 0.30857203029577773, -0.033759221500822306]","[0.09358460886486586, 0.045422054517466975, 0.01841506756544383, 0.04191696769134128, 0.005557881441754235]",0,LongBeachCC_08132019_19-0733,model_C
tofueval_Qwen2.5-1.5B-Instruct,466,466,1.5953360795974731,73,1.5401816368103027,0.24440982937812805,"[0.5732355776408316, 0.14557210652106134, 0.021096190902737785, 0.34230830847351074, -0.024578796696254332]","[0.05845275606293009, 0.05181732365385932, 0.02452826510541158, 0.04485144373104379, 0.007297299261938484]",0,LongBeachCC_08132019_19-0733,model_D
tofueval_Qwen2.5-1.5B-Instruct,467,467,1.6055694818496704,48,1.4498852491378784,0.21388815343379974,"[0.034455251491673757, 0.2883065196579082, -0.032452963952020276, 0.261046151205619, -0.04047114389353131]","[0.026689281382857644, 0.031566430911643316, 0.023941013556270246, 0.0467718596675315, 0.008443205478059213]",0,LongBeachCC_08132019_19-0733,model_E
tofueval_Qwen2.5-1.5B-Instruct,468,468,2.8382866382598877,50,0.9722845554351807,0.21341846883296967,"[-0.03779037812142633, 0.4131395731610246, 0.07699085484287935, 0.12239983215666143, -0.07518746347341221]","[0.05171755056537222, 0.05966838850916247, 0.017766744113264395, 0.025302657658542102, 0.004489691679418683]",0,LongBeachCC_08132019_19-0733,Model-Extra
tofueval_Qwen2.5-1.5B-Instruct,469,469,1.6400463581085205,64,1.580981969833374,0.2410992980003357,"[0.636217934993013, 0.12143200908920448, -0.01426876174014069, 0.341898004767927, -0.047826117909608]","[0.0911875068517154, 0.07989968613432463, 0.011320717662119062, 0.049529829247554114, 0.0037502221328429286]",0,LongBeachCC_08132019_19-0733,model_A
tofueval_Qwen2.5-1.5B-Instruct,470,470,0.8424656391143799,45,2.8340394496917725,0.356062114238739,"[2.394172802531264, -0.0049928030060578344, 0.039377682829055835, -0.0012218973408582518, 0.16663978570690638]","[0.3058002359175589, 0.0015695697058845325, 0.0010207057035687386, 0.0009124158593800125, 0.02223625196930546]",0,LongBeachCC_08132019_19-0733,model_B
tofueval_Qwen2.5-1.5B-Instruct,471,471,2.3387343883514404,25,1.0875483751296997,0.19107048213481903,"[0.8031457952564233, -0.004019768762627791, 0.008103652565223456, 0.03164695505391137, -0.08359077737994085]","[0.11040728887754085, 0.018981444380061704, 0.0035739695820696227, 0.003460292842698323, 0.005765125244164722]",0,LongBeachCC_08132019_19-0733,model_C
tofueval_Qwen2.5-1.5B-Instruct,472,472,1.616600513458252,57,1.003576397895813,0.19818100333213806,"[0.6174253540783977, 0.04853676433882165, -0.013225534527647827, -0.003778053303999753, -0.03801249669426429]","[0.09821965970004704, 0.029840264024458742, 0.014731473495472326, 0.018669839426202497, 0.0048935072752451444]",0,LongBeachCC_08132019_19-0733,model_D
tofueval_Qwen2.5-1.5B-Instruct,473,473,1.5962448120117188,46,1.1626375913619995,0.17351704835891724,"[-0.0763830322696816, -0.0213502389540973, 0.20172067925246348, 0.03827391486099615, 0.0135612089295888]","[0.060857202761357226, 0.03751433338951084, 0.008358061074880612, 0.012470451551935591, 0.0052044621548784885]",0,LongBeachCC_08132019_19-0733,model_E
tofueval_Qwen2.5-1.5B-Instruct,474,474,2.631601095199585,52,0.9559780359268188,0.21493496000766754,"[0.10014970404318564, -0.015225242846580701, 0.13816676245820558, 0.035957938796828924, 0.04467923446747171]","[0.0454697493210421, 0.010270303226718625, 0.060977493328922404, 0.035413241330045454, 0.010331603388152644]",0,LongBeachCC_08152017_17-0671,Model-Extra
tofueval_Qwen2.5-1.5B-Instruct,475,475,0.9717848300933838,108,2.4949185848236084,0.3077639937400818,"[0.12393855808346012, 1.2328595279332655, 0.19696444763485488, -0.017048614317462598, -0.023571142949313745]","[0.027507453786941798, 0.14820988084587766, 0.01724304176787394, 0.003388768944938542, 0.01033684670263963]",1,LongBeachCC_08152017_17-0671,model_A
tofueval_Qwen2.5-1.5B-Instruct,476,476,1.5452930927276611,66,2.0997939109802246,0.29238441586494446,"[0.14622212720158848, 1.0694129076105265, -0.029485459702417564, -0.02154574835097292, 0.06289340784210115]","[0.045750969341851674, 0.12058603660333381, 0.00633303373748211, 0.004186667965098657, 0.024605163155300577]",0,LongBeachCC_08152017_17-0671,model_B
tofueval_Qwen2.5-1.5B-Instruct,477,477,1.4488708972930908,52,1.540298342704773,0.24074679613113403,"[0.0026245689589009438, 0.7883783484284183, -0.03039611333864601, 0.034026606127956535, 0.012075348032305136]","[0.025429476242106393, 0.06611552225058048, 0.0038124790066124893, 0.0014541177042280888, 0.006984954779420823]",0,LongBeachCC_08152017_17-0671,model_C
tofueval_Qwen2.5-1.5B-Instruct,478,478,1.6418064832687378,57,0.8573043346405029,0.1661209911108017,"[-0.014774926484478144, 0.08904794007983446, 0.06343791726368708, 0.024027120953471575, 0.06717296983609694]","[0.03690488699931761, 0.015014162595529493, 0.02165648757955614, 0.00727219576915828, 0.00892251868388521]",0,LongBeachCC_08152017_17-0671,model_D
tofueval_Qwen2.5-1.5B-Instruct,479,479,1.5356487035751343,62,1.2452940940856934,0.22922472655773163,"[0.07807070131142639, 0.0749411842541283, 0.21292632697549702, 0.4004208159474714, 0.11417698613284653]","[0.036191825793271314, 0.02882381920921357, 0.036123571412047334, 0.06085810749499662, 0.01739359460650429]",0,LongBeachCC_08152017_17-0671,model_E
tofueval_Qwen2.5-1.5B-Instruct,480,480,2.736280679702759,53,1.5504186153411865,0.2789103388786316,"[0.14604187349492212, 0.2175136940943546, 0.35343673798047776, -0.05740602710929519, -0.0018602193249191842]","[0.04431788976492451, 0.04291301469810228, 0.06001582006298821, 0.010261541140275252, 0.008864552317696048]",1,LongBeachCC_08152017_17-0671,Model-Extra
tofueval_Qwen2.5-1.5B-Instruct,481,481,1.1088306903839111,77,1.1806385517120361,0.19878578186035156,"[0.07834129364053226, 0.16970803340854065, 0.005489439455739958, 0.0310176779995971, 0.00796673267243684]","[0.03440158859488641, 0.019008289748566172, 0.00470029893101538, 0.0032398949960373976, 0.0021408345738134446]",1,LongBeachCC_08152017_17-0671,model_A
tofueval_Qwen2.5-1.5B-Instruct,482,482,2.103654146194458,67,0.667654275894165,0.14365814626216888,"[0.12831150136241662, -0.004418017632503248, 0.18755690563047034, 0.06176142105722471, 0.015224258788483854]","[0.04998843027671221, 0.01802070551906948, 0.015663236644245647, 0.008255468676068956, 0.009209992796089484]",1,LongBeachCC_08152017_17-0671,model_B
tofueval_Qwen2.5-1.5B-Instruct,483,483,1.3309520483016968,94,0.9241085648536682,0.21482449769973755,"[0.0012764316113008773, -0.03289804427562161, 0.12424335568081983, 0.398029512195269, 0.07895497639729582]","[0.029565345178605276, 0.013609834203824398, 0.03163168818546521, 0.07247612595016459, 0.012123603843333707]",0,LongBeachCC_08152017_17-0671,model_C
tofueval_Qwen2.5-1.5B-Instruct,484,484,1.4574476480484009,73,2.105475902557373,0.2908760607242584,"[0.05626185859523814, 0.7927517209091217, 0.039806389401883906, 0.01284998140413149, 0.03251464488155213]","[0.04096575782711488, 0.08422741766714839, 0.01859405552916585, 0.007992057029210404, 0.010955557483665161]",0,LongBeachCC_08152017_17-0671,model_D
tofueval_Qwen2.5-1.5B-Instruct,485,485,1.4889919757843018,74,1.0487573146820068,0.21102280914783478,"[0.04651218097815617, -0.008377312479029644, 0.2699564122436484, 0.252745945498979, 0.028264921679121126]","[0.023615989889819004, 0.019227888134630684, 0.05010105410239125, 0.0480160662559449, 0.013322559811559963]",0,LongBeachCC_08152017_17-0671,model_E
tofueval_Qwen2.5-1.5B-Instruct,486,486,2.2545626163482666,51,1.5862008333206177,0.27026399970054626,"[0.03342498379403397, 0.3416211410036411, 0.08811279696023763, 0.46647125027141323, -0.006270592988513789]","[0.03912745748172764, 0.08598819232786042, 0.03797565855327276, 0.04448006083903772, 0.008752541619733344]",1,LongBeachCC_08152017_17-0671,Model-Extra
tofueval_Qwen2.5-1.5B-Instruct,487,487,0.8393545150756836,45,3.9187090396881104,0.4645172953605652,"[2.0089264213754277, 0.0010319056413007073, 0.0014650993272274113, -0.006977633001871355, 0.008915971213395501]","[0.2626178326887182, 0.013478216474797793, 0.002387285545824448, 0.0011434601667234447, 0.006806345511409341]",0,LongBeachCC_08152017_17-0671,model_A
tofueval_Qwen2.5-1.5B-Instruct,488,488,2.521111488342285,43,1.1411436796188354,0.24196860194206238,"[0.47971868766373604, 0.09069604889670467, -0.06588559426952913, -0.021631756647387423, -0.026956088161103592]","[0.09707715664902998, 0.04438491994491888, 0.00501918406393667, 0.008126265165854256, 0.015245386318726723]",1,LongBeachCC_08152017_17-0671,model_B
tofueval_Qwen2.5-1.5B-Instruct,489,489,1.003920555114746,49,3.6874258518218994,0.476309597492218,"[1.8552681098559074, -0.06585442812487302, 0.010401977183299058, 0.018517984317144028, -0.005638662212063815]","[0.29462742653131313, 0.019434780050650427, 0.001651485320164692, 0.0013876956342607385, 0.00770312285156214]",0,LongBeachCC_08152017_17-0671,model_C
tofueval_Qwen2.5-1.5B-Instruct,490,490,1.3819037675857544,34,3.136012554168701,0.37162235379219055,"[0.5554742801102881, 1.084632724375805, 0.040585633703037326, 0.011452300658755335, 0.013785129263905058]","[0.1231407474634205, 0.1343454532492655, 0.005265243899008751, 0.001819091862992483, 0.0045230845121295715]",0,LongBeachCC_08152017_17-0671,model_D
tofueval_Qwen2.5-1.5B-Instruct,491,491,1.6201660633087158,46,2.584212303161621,0.30066221952438354,"[0.17477120995175463, 0.9219494074000265, 0.08369528716402981, 0.08450164289170851, 0.007796448754976629]","[0.04698343701485773, 0.14056384913408237, 0.006398001578447846, 0.004698906673379201, 0.011069789367962565]",0,LongBeachCC_08152017_17-0671,model_E
tofueval_Qwen2.5-1.5B-Instruct,492,492,2.0275862216949463,36,1.8095250129699707,0.22125887870788574,"[1.0071892857247602, -0.0321740281696192, 0.3588079720373369, 0.015354333895326514, -0.002443038814413335]","[0.1376330980258192, 0.00692918634458945, 0.035485787697174, 0.004336668101372097, 0.012069128565612017]",0,LongBeachCC_08252020_20-0608,Model-Extra
tofueval_Qwen2.5-1.5B-Instruct,493,493,1.2456095218658447,39,2.5443625450134277,0.27997103333473206,"[2.1817919694734975, 0.021401124807128396, 0.029284169441477086, 0.032736173417502776, 0.005581272145485481]","[0.2437827396811022, 0.009441098665576693, 0.0025702001917846493, 0.002228218467997487, 0.002326475243541072]",0,LongBeachCC_08252020_20-0608,model_A
tofueval_Qwen2.5-1.5B-Instruct,494,494,0.861695408821106,108,2.021672487258911,0.3097449839115143,"[0.7213183617472909, 0.5814180943063371, 0.8695178301568944, -0.00900536967318262, -0.010830260320066945]","[0.11026287395135889, 0.10065924092194302, 0.10745110537996012, 0.00303432683009714, 0.0015995769173666001]",0,LongBeachCC_08252020_20-0608,model_B
tofueval_Qwen2.5-1.5B-Instruct,495,495,1.149045705795288,60,2.4238007068634033,0.27788418531417847,"[1.975066082496778, -0.006707990687573329, 0.3182908311316472, -0.028668662825536255, -0.038460261346335754]","[0.23635286418939358, 0.010015449253717178, 0.008660846010707246, 0.005911010534426471, 0.005493230521987395]",1,LongBeachCC_08252020_20-0608,model_C
tofueval_Qwen2.5-1.5B-Instruct,496,496,1.2114033699035645,108,1.328974962234497,0.22271643579006195,"[0.7310883342734508, 0.3358462858361606, 0.040349764470192895, 0.25414140845010413, 0.003001677369723068]","[0.09917779400292343, 0.05699613685692805, 0.038056843830265176, 0.03620495571943131, 0.002244041778928468]",0,LongBeachCC_08252020_20-0608,model_D
tofueval_Qwen2.5-1.5B-Instruct,497,497,1.473439335823059,42,1.8903205394744873,0.19620484113693237,"[1.8278573659148865, -0.010521891029340969, -0.04920566926878001, 0.007018313698132434, -0.026032059438875876]","[0.17908458957984544, 0.002173421904721468, 0.003604958139341025, 0.0019690863874973815, 0.0015859993380561697]",1,LongBeachCC_08252020_20-0608,model_E
tofueval_Qwen2.5-1.5B-Instruct,498,498,2.8826024532318115,46,0.9432346224784851,0.2087041586637497,"[0.5129384369913327, 0.06359747848372259, -0.06941526254092384, 0.008401960802628942, -0.036544579934106085]","[0.12817435391480103, 0.01043899565984643, 0.005855841799243338, 0.003323071442507527, 0.005710140110750217]",1,LongBeachCC_08252020_20-0608,Model-Extra
tofueval_Qwen2.5-1.5B-Instruct,499,499,1.516924500465393,66,-0.021790236234664917,0.05002432316541672,"[-0.07292997927045992, 0.03004940536552705, 0.0014264573986689686, 0.005466966186566314, -0.015668172484628016]","[0.012730742115694959, 0.006393279559287032, 0.0026039932590634003, 0.0013072078415089809, 0.0011668097084897124]",1,LongBeachCC_08252020_20-0608,model_A
tofueval_Qwen2.5-1.5B-Instruct,500,500,0.9837095737457275,93,2.4343788623809814,0.2935889661312103,"[1.2431756266477576, 0.6924362144369903, 0.7664300463258906, -0.03190013325321718, -0.01026055996043328]","[0.1569066958889634, 0.08248898741623141, 0.050509239237495236, 0.0028861469987243368, 0.002525183021709738]",0,LongBeachCC_08252020_20-0608,model_B
tofueval_Qwen2.5-1.5B-Instruct,501,501,1.3573994636535645,57,2.6867434978485107,0.31440863013267517,"[2.183145497092291, -0.02020390893959669, 0.11123176426279538, -0.01909616310966381, -0.042776731977171856]","[0.2483565766658438, 0.022023810991375587, 0.017738866137581983, 0.004007786481729295, 0.02017454205188965]",0,LongBeachCC_08252020_20-0608,model_C
tofueval_Qwen2.5-1.5B-Instruct,502,502,1.3233656883239746,46,-0.026117505505681038,0.049861643463373184,"[-0.06925927688343622, 0.016954390089939927, 0.0019411868774825605, 0.007526545366050888, 0.0023442335303748814]","[0.013988293050478324, 0.003568416109134353, 0.0021801458837310984, 0.001382382787191407, 0.0012679452997872431]",1,LongBeachCC_08252020_20-0608,model_D
tofueval_Qwen2.5-1.5B-Instruct,503,503,1.6299058198928833,38,1.8537800312042236,0.2400672286748886,"[1.0797952204899814, 0.1427960252226273, -0.014224612810721737, 0.012727983894317157, -0.10649917106610174]","[0.12902365734197174, 0.039232578544679826, 0.008694276169958775, 0.003745284923996307, 0.008271225418793082]",0,LongBeachCC_08252020_20-0608,model_E
tofueval_Qwen2.5-1.5B-Instruct,504,504,1.8848148584365845,37,2.4043333530426025,0.3017481863498688,"[1.986939318150886, 0.016255425582081394, -0.006393632402348984, -0.03348788395192674, 0.010120951354061568]","[0.24418148134105108, 0.004450887359934239, 0.00329159686318874, 0.002527307598691587, 0.006477568000927685]",0,LongBeachCC_08252020_20-0608,Model-Extra
tofueval_Qwen2.5-1.5B-Instruct,505,505,1.8786197900772095,96,1.1571674346923828,0.2078961879014969,"[0.43206143582043904, -0.048377339052838884, 0.4671614429588165, 0.27341352087247134, -0.017479631489171272]","[0.08124026576054177, 0.01946268678404195, 0.06539492970179861, 0.030333374625418113, 0.010072090274967138]",1,LongBeachCC_08252020_20-0608,model_A
tofueval_Qwen2.5-1.5B-Instruct,506,506,1.3150862455368042,74,1.717672348022461,0.2620871663093567,"[1.4676980828060895, 0.018219915978816798, 0.05661809053364433, -0.03344581984947581, 0.014894864591681383]","[0.20652903943295856, 0.012391980829085474, 0.007141273751613339, 0.006141809603751715, 0.0032293812948046715]",0,LongBeachCC_08252020_20-0608,model_B
tofueval_Qwen2.5-1.5B-Instruct,507,507,1.538313627243042,20,3.714047908782959,0.3535785377025604,"[3.2489040289074183, 0.001918189087882638, 0.028048992562980858, 0.008909704063262325, -0.009258593582489993]","[0.28889701316365973, 0.0013710100301977945, 0.00179647877394018, 0.0010015676529746998, 0.0031652628684469162]",0,LongBeachCC_08252020_20-0608,model_C
tofueval_Qwen2.5-1.5B-Instruct,508,508,1.096836805343628,43,2.6507177352905273,0.29129865765571594,"[2.481870468447342, -0.030101209704552337, 0.010063019861686477, -0.006440479945436088, -0.030441484289144154]","[0.2680205515803103, 0.003187792763997042, 0.00192381005465476, 0.0015313964390770707, 0.00890862547522258]",0,LongBeachCC_08252020_20-0608,model_D
tofueval_Qwen2.5-1.5B-Instruct,509,509,1.2200086116790771,43,2.646458148956299,0.33507105708122253,"[2.4190184294874237, -0.017536431678171392, -0.025259245307848305, -0.010480637340913026, 0.04671603390451585]","[0.2978293937522658, 0.0016238841524569662, 0.0013002359396584529, 0.0009796001034077942, 0.0040811580150327854]",0,LongBeachCC_08252020_20-0608,model_E
tofueval_Qwen2.5-1.5B-Instruct,510,510,1.9715700149536133,57,0.7716376781463623,0.1832440197467804,"[0.03955467061339796, 0.08787559900992435, 0.043147277567696984, 0.010146662293807725, 0.07305649098564397]","[0.05220169542083572, 0.01686563146240747, 0.03609456379760495, 0.009282848404023082, 0.008542059368211173]",0,LongBeachCC_09042018_18-0783,Model-Extra
tofueval_Qwen2.5-1.5B-Instruct,511,511,1.1860301494598389,127,1.659124493598938,0.24882957339286804,"[0.1982083232526024, 0.03027929100900346, 0.42740802117166493, 0.02014112057088458, 0.5733984072497216]","[0.040216974464066975, 0.008959374632779618, 0.06603648821219771, 0.019905704747172445, 0.07416706198392428]",0,LongBeachCC_09042018_18-0783,model_A
tofueval_Qwen2.5-1.5B-Instruct,512,512,1.3894827365875244,59,1.0442055463790894,0.21031318604946136,"[0.569940635138063, -0.007547650884003753, -0.027073442129915484, 0.011509744321579168, 0.023729472783612683]","[0.09808681460646952, 0.016399350413970275, 0.01664727920016719, 0.0061006588850424604, 0.006397190291871034]",0,LongBeachCC_09042018_18-0783,model_B
tofueval_Qwen2.5-1.5B-Instruct,513,513,1.8552652597427368,48,1.1731702089309692,0.2097713202238083,"[0.5202790007078875, 0.016817801840488755, -0.03207694064053612, 0.015230779619817744, 0.027140597396510202]","[0.0928584950787202, 0.01097283355207305, 0.008785680555610279, 0.011482958967964882, 0.005723502719931162]",0,LongBeachCC_09042018_18-0783,model_C
tofueval_Qwen2.5-1.5B-Instruct,514,514,1.3098907470703125,112,0.9109966158866882,0.20797085762023926,"[0.1668849336966949, -0.0034600708706713184, 0.18985961175079474, 0.3563995437729578, -0.017782967621769785]","[0.07113647480224065, 0.009412305899436393, 0.04806130084845961, 0.049048504689979566, 0.011105743579443685]",0,LongBeachCC_09042018_18-0783,model_D
tofueval_Qwen2.5-1.5B-Instruct,515,515,1.1490840911865234,99,1.3402546644210815,0.23917225003242493,"[0.04952435275727755, -0.024961156425658805, 0.6709465376418784, 0.18210374754022324, -0.01408509933393398]","[0.02430170968658432, 0.014824470860462085, 0.10484116731066649, 0.05614560257479734, 0.008861171768992702]",0,LongBeachCC_09042018_18-0783,model_E
tofueval_Qwen2.5-1.5B-Instruct,516,516,2.3228228092193604,74,0.9184279441833496,0.15618234872817993,"[0.2311376599788452, 0.012193822283832659, 0.17881821960248556, 0.17134232284199144, -0.04980292026821927]","[0.020355589419056276, 0.006353438377739105, 0.043982086708884045, 0.0233284657069325, 0.01074756520722838]",0,LongBeachCC_09042018_18-0783,Model-Extra
tofueval_Qwen2.5-1.5B-Instruct,517,517,1.0357091426849365,152,1.006583571434021,0.16540060937404633,"[0.2633245643975604, 0.0033125577884461385, 0.31780740745205543, 0.15294661531678636, 0.2385080352701601]","[0.04561446756362648, 0.007745036618928225, 0.0535052478059416, 0.02610708643541128, 0.021642277198388626]",0,LongBeachCC_09042018_18-0783,model_A
tofueval_Qwen2.5-1.5B-Instruct,518,518,1.1871721744537354,36,0.7036920189857483,0.12116903811693192,"[0.11962909488849821, -0.007516625034946224, 0.3355045727738697, 0.03703684916237964, 0.010205526421082646]","[0.005660963001572681, 0.006210242707235618, 0.08277635592296267, 0.005256702941071328, 0.004657547903652433]",0,LongBeachCC_09042018_18-0783,model_B
tofueval_Qwen2.5-1.5B-Instruct,519,519,1.251922369003296,101,0.8474817276000977,0.1887616068124771,"[-0.036900289954426645, 0.08394755522753221, 0.31724091367780577, 0.5218701240788001, -0.006182672811024027]","[0.014349584198762588, 0.007601122820154493, 0.06002119552010416, 0.0777363158123195, 0.014040595047185663]",0,LongBeachCC_09042018_18-0783,model_C
tofueval_Qwen2.5-1.5B-Instruct,520,520,1.1334316730499268,107,1.1829328536987305,0.2028820663690567,"[0.05517038151522367, 0.04176181657817988, 0.21850911824637817, 0.06586740909869952, 0.5708264366155257]","[0.011817167443374623, 0.007616049864202815, 0.04922671195962881, 0.02434396929336315, 0.06969645470215874]",0,LongBeachCC_09042018_18-0783,model_D
tofueval_Qwen2.5-1.5B-Instruct,521,521,1.1905604600906372,77,1.4878541231155396,0.21654468774795532,"[0.8562535573573414, -0.040272897963133165, 0.060240819400883966, 0.3852280279983957, 0.28027270513281677]","[0.09768315101273284, 0.006012367608501667, 0.021227200224332107, 0.07291737393459007, 0.02854290181316965]",0,LongBeachCC_09042018_18-0783,model_E
tofueval_Qwen2.5-1.5B-Instruct,522,522,1.9458765983581543,72,1.0509588718414307,0.21988871693611145,"[0.03279743661227662, 0.047444887958893865, 0.2794498014619522, 0.2019020471408213, -0.06151003446818019]","[0.05522664785133694, 0.012626854840618762, 0.048619484686393356, 0.040885567057930276, 0.009102623273709773]",1,LongBeachCC_09042018_18-0783,Model-Extra
tofueval_Qwen2.5-1.5B-Instruct,523,523,1.2408323287963867,39,2.9195070266723633,0.3841345012187958,"[2.5904945415707354, 0.015837121154991342, -0.02230305574089587, 0.012803404398884876, -0.011099519375047514]","[0.3529059739771466, 0.011376607968075474, 0.0014662155389580734, 0.0009098589101768084, 0.002586712779253876]",0,LongBeachCC_09042018_18-0783,model_A
tofueval_Qwen2.5-1.5B-Instruct,524,524,1.2667176723480225,71,1.4477152824401855,0.18791420757770538,"[0.6697808819571882, -0.014357866976925053, 0.036174606672016704, 0.17954872257354842, 0.27225382305311197]","[0.1179003032775698, 0.007081826796078911, 0.006216484946542912, 0.019931684364811304, 0.030001562942903598]",1,LongBeachCC_09042018_18-0783,model_B
tofueval_Qwen2.5-1.5B-Instruct,525,525,1.1197723150253296,140,1.542170763015747,0.2213480919599533,"[0.529223324921866, -0.0025845975931880665, 0.427155029552575, 0.30436676689900133, 0.023462581238456032]","[0.06902387679432503, 0.009548925953692488, 0.061170594393258525, 0.050894767757189034, 0.008319625202813492]",1,LongBeachCC_09042018_18-0783,model_C
tofueval_Qwen2.5-1.5B-Instruct,526,526,1.4889744520187378,112,1.2016044855117798,0.23337505757808685,"[0.7248030379955058, -0.00805629177609392, 0.37564487569216, 0.009098784320095936, -0.033635906385305656]","[0.13082652898408145, 0.012019561484677865, 0.05405751184801894, 0.010231865773068958, 0.005792501048507656]",0,LongBeachCC_09042018_18-0783,model_D
tofueval_Qwen2.5-1.5B-Instruct,527,527,1.4305394887924194,89,1.1436357498168945,0.20487478375434875,"[0.7034811293536253, 0.007309566358211607, 0.05728071174741948, 0.02116028655462982, -0.006199007367275739]","[0.12621919790906125, 0.020658889570372874, 0.016307522872428825, 0.0068760425090753355, 0.006129620459601386]",1,LongBeachCC_09042018_18-0783,model_E
tofueval_Qwen2.5-1.5B-Instruct,528,528,2.868215560913086,62,1.1796876192092896,0.2422090768814087,"[0.3721263719151818, 0.0710951255882279, 0.1530755718929633, 0.22732464300333372, -0.0512543456148236]","[0.11345756060496394, 0.022892270179469168, 0.025557208114928325, 0.03846537603784518, 0.007949791020989997]",0,LongBeachCC_10112016_16-0929,Model-Extra
tofueval_Qwen2.5-1.5B-Instruct,529,529,1.216521978378296,51,2.1076712608337402,0.3127550184726715,"[1.1429370670739802, 0.7238469927109262, 0.03347991776482719, -0.05868924074599693, 0.028731336559918847]","[0.1778726297239571, 0.10093671103238291, 0.0024372265303728613, 0.0028356357788830865, 0.0078073297176813996]",0,LongBeachCC_10112016_16-0929,model_A
tofueval_Qwen2.5-1.5B-Instruct,530,530,1.6009482145309448,96,0.5874277949333191,0.14125339686870575,"[0.30379874972398585, 0.017600775201647895, -0.03300049142164122, 0.05996422708903992, 0.030473686738181033]","[0.07519974431824512, 0.005346678818699028, 0.0040450506531210335, 0.012743217831819939, 0.01054273456165807]",1,LongBeachCC_10112016_16-0929,model_B
tofueval_Qwen2.5-1.5B-Instruct,531,531,1.8945356607437134,35,0.868560791015625,0.1954849660396576,"[0.033299395029774005, -0.018805323634712424, -0.06964236918491744, 0.16582333931603768, -0.06567474988738208]","[0.13044457983467705, 0.01477687842450775, 0.0053375092033580325, 0.01732669499853208, 0.014404175808821102]",0,LongBeachCC_10112016_16-0929,model_C
tofueval_Qwen2.5-1.5B-Instruct,532,532,1.0528806447982788,53,2.2076632976531982,0.3339597284793854,"[0.8732499643200462, 1.1184484961974344, 0.045737929109785705, -0.019322353570628965, 0.015391325746984978]","[0.17073763702569952, 0.12405018394288743, 0.002608610428324092, 0.005821680198437207, 0.00737907136940757]",0,LongBeachCC_10112016_16-0929,model_D
tofueval_Qwen2.5-1.5B-Instruct,533,533,1.4531967639923096,94,1.5233464241027832,0.25863391160964966,"[0.38824442131147197, 0.2257816770491232, 0.28204557526708973, 0.7801123448366815, 0.026141070779876246]","[0.08607664849429927, 0.034467161369529445, 0.031895026415100045, 0.11627518792634181, 0.015532343374909236]",0,LongBeachCC_10112016_16-0929,model_E
tofueval_Qwen2.5-1.5B-Instruct,534,534,2.8673505783081055,48,1.1286123991012573,0.23325543105602264,"[0.5385649734913992, -0.30314096544558805, 0.21664127946132794, 0.1825419701441812, -0.006289192436573406]","[0.1375424989273597, 0.04776428438556953, 0.031837356706394836, 0.019499806653584528, 0.005356816245921436]",0,LongBeachCC_10112016_16-0929,Model-Extra
tofueval_Qwen2.5-1.5B-Instruct,535,535,1.2202576398849487,42,2.3147051334381104,0.3037455976009369,"[1.7069599080260516, 0.5350360839123217, -0.01030961243439032, -0.061832306191241686, 0.005647410862452705]","[0.20665591898081662, 0.0657020373215438, 0.0033036559212007433, 0.006682594524677586, 0.004858069305479755]",0,LongBeachCC_10112016_16-0929,model_A
tofueval_Qwen2.5-1.5B-Instruct,536,536,1.0509120225906372,83,2.033845901489258,0.27696365118026733,"[0.962648283635513, 0.4064568271755724, 0.34575463105406873, 0.06193347190209494, 0.11827634536284787]","[0.15011969163264527, 0.05073272744749807, 0.041859959833628634, 0.011374066317826814, 0.012474861436329369]",0,LongBeachCC_10112016_16-0929,model_B
tofueval_Qwen2.5-1.5B-Instruct,537,537,1.459033727645874,75,1.673680067062378,0.2872876226902008,"[0.8028319528365198, 0.8532228896033485, 0.011399159330370215, -0.004266902769644124, 0.03848901053502535]","[0.15802953807316952, 0.09457662970367892, 0.0057380758182534915, 0.006593135603022044, 0.004947245023176947]",0,LongBeachCC_10112016_16-0929,model_C
tofueval_Qwen2.5-1.5B-Instruct,538,538,1.1576684713363647,109,1.3280082941055298,0.25694066286087036,"[0.5734355420854, 0.6392315617246547, -0.000534302086234341, 0.10677368048328982, -0.015319213965052134]","[0.11914096953339404, 0.12278250116940273, 0.0047196504064989965, 0.009733286500932603, 0.004802607015496669]",1,LongBeachCC_10112016_16-0929,model_D
tofueval_Qwen2.5-1.5B-Instruct,539,539,1.1634210348129272,146,1.932647466659546,0.2769940495491028,"[0.5713800621405214, 0.491388418073294, 0.03207313604809614, 0.8417458717383117, 0.17965447995121794]","[0.09435600773583314, 0.07709802837753259, 0.014671821897151932, 0.08877337064148204, 0.02330578756236347]",0,LongBeachCC_10112016_16-0929,model_E
tofueval_Qwen2.5-1.5B-Instruct,540,540,2.2016963958740234,36,1.221632957458496,0.2555171549320221,"[0.49983683426398784, 0.004351675169649146, 0.036841876124930825, 0.05209704320481655, -0.0392640106531164]","[0.17632085855519916, 0.036176490610260875, 0.013821895670338967, 0.011173876049168838, 0.0057603206626468915]",0,LongBeachCC_10112016_16-0929,Model-Extra
tofueval_Qwen2.5-1.5B-Instruct,541,541,1.7556666135787964,52,1.578529953956604,0.28035661578178406,"[0.33434343700243446, -0.011617689750892168, 0.4554663421805834, 0.13440465184640532, -0.020895439570897276]","[0.15720849291182487, 0.02358927101720208, 0.04234246669450123, 0.02635251149853756, 0.011162474714865311]",0,LongBeachCC_10112016_16-0929,model_A
tofueval_Qwen2.5-1.5B-Instruct,542,542,1.1378180980682373,45,2.4882242679595947,0.30316922068595886,"[1.2380549361444233, 0.29442041123175944, 0.44969950918263446, 0.04485461454023607, -0.013336018659012754]","[0.2026616725879042, 0.06675164448031662, 0.025060066838444882, 0.01768403018194375, 0.00493821065897085]",0,LongBeachCC_10112016_16-0929,model_B
tofueval_Qwen2.5-1.5B-Instruct,543,543,1.2794458866119385,70,1.937219262123108,0.25902312994003296,"[0.6516070601135393, 0.37777793048914776, 0.40811990761768746, 0.12367771514395177, -0.011142549442281182]","[0.1405328272542517, 0.03723751615931162, 0.05100024517014796, 0.016935899533653143, 0.004557358040328755]",0,LongBeachCC_10112016_16-0929,model_C
tofueval_Qwen2.5-1.5B-Instruct,544,544,1.5056662559509277,49,2.3857719898223877,0.3156150281429291,"[0.8736024287143812, 0.7813410489788464, 0.19024430033897835, -0.02619839453220674, -0.03130499202649974]","[0.16458348946839485, 0.09089466732092549, 0.028274618716597283, 0.0059944807768465115, 0.003912633683178368]",0,LongBeachCC_10112016_16-0929,model_D
tofueval_Qwen2.5-1.5B-Instruct,545,545,1.2101004123687744,73,1.9954198598861694,0.28965091705322266,"[0.41855184816340124, 0.6940982268211908, 0.3224553236010401, 0.26926364862041213, -0.002907812346801284]","[0.12628903019846852, 0.09398706243242075, 0.03225056854120034, 0.03630214959009227, 0.0054881743699640275]",0,LongBeachCC_10112016_16-0929,model_E
tofueval_Qwen2.5-1.5B-Instruct,546,546,2.082810640335083,68,0.5898782014846802,0.13252319395542145,"[-0.003993359921664438, 0.2047490126775194, 0.44672737118996925, -0.003079980491961846, 0.03776361404401113]","[0.008080337893849954, 0.06930719195588608, 0.07132333358587777, 0.00163634887241963, 0.003601085883875545]",0,LongBeachCC_10172017_17-0944,Model-Extra
tofueval_Qwen2.5-1.5B-Instruct,547,547,1.5222759246826172,71,1.8527066707611084,0.2483104169368744,"[0.11555549515218394, 0.27436106989748815, 0.791485853408874, 0.01629858912749857, 0.7723629142736326]","[0.021603778739460375, 0.06304834055852962, 0.09347835632979695, 0.007308191260659108, 0.08408327559474126]",0,LongBeachCC_10172017_17-0944,model_A
tofueval_Qwen2.5-1.5B-Instruct,548,548,1.700528860092163,40,1.5087157487869263,0.19144363701343536,"[0.053840673482045534, 0.8501360457856209, 0.7033767535584048, 0.03372983071021736, 0.047349830204620955]","[0.008671287774245685, 0.12850817533326336, 0.062052078138913204, 0.0015343586725066415, 0.004305389047658537]",0,LongBeachCC_10172017_17-0944,model_B
tofueval_Qwen2.5-1.5B-Instruct,549,549,1.3195745944976807,65,1.7134350538253784,0.2533493936061859,"[0.14768224957649811, 0.16275941850080228, 1.44445015097825, -0.00769351850836896, 0.04129618776944251]","[0.00953256325858372, 0.0750199202204665, 0.16438519822768285, 0.0014477262650241475, 0.014018211251221565]",1,LongBeachCC_10172017_17-0944,model_C
tofueval_Qwen2.5-1.5B-Instruct,550,550,1.8361371755599976,47,0.39253950119018555,0.14027893543243408,"[-0.026997065191414763, 0.41022944054814015, 0.08827745534004049, 0.012070159113252574, 0.0064053586684167385]","[0.014254661411561098, 0.11344559206717097, 0.02980957520524866, 0.0019228794273629397, 0.007043049256606808]",0,LongBeachCC_10172017_17-0944,model_D
tofueval_Qwen2.5-1.5B-Instruct,551,551,1.6984776258468628,52,1.299591302871704,0.20198146998882294,"[0.027037191560409086, 0.6488386145658576, 0.7459113188436347, -0.0038000934539293386, -0.009456358423029507]","[0.008304058313692271, 0.1268621441466586, 0.07242199868890854, 0.0017602515979542833, 0.004021644921631553]",1,LongBeachCC_10172017_17-0944,model_E
tofueval_Qwen2.5-1.5B-Instruct,552,552,3.5805344581604004,40,0.4793360233306885,0.16877920925617218,"[0.013642220257315785, 0.06415150919929147, 0.17672429251251742, -0.021097272710176185, 0.026266549591673537]","[0.012948647242865263, 0.0935800886945799, 0.056941643834761635, 0.0027385300081732566, 0.0053159759065238175]",0,LongBeachCC_10172017_17-0944,Model-Extra
tofueval_Qwen2.5-1.5B-Instruct,553,553,1.558496356010437,102,1.1272354125976562,0.21714729070663452,"[0.1096144639313399, 0.2801466327041899, 0.5463006385478937, -0.005298009859175449, 0.40155114400006237]","[0.031678173317041404, 0.0630215826705179, 0.08829185591711322, 0.006762067439856488, 0.04623679455919077]",1,LongBeachCC_10172017_17-0944,model_A
tofueval_Qwen2.5-1.5B-Instruct,554,554,1.4860529899597168,75,1.228412389755249,0.2334120124578476,"[0.04333822255488485, 0.7752942162007094, 0.7055682112028201, 0.010355783888759712, 0.032246467865382634]","[0.009511188705825286, 0.15784243821088845, 0.09277748639956068, 0.001504885831897506, 0.005181354730108675]",1,LongBeachCC_10172017_17-0944,model_B
tofueval_Qwen2.5-1.5B-Instruct,555,555,1.5316976308822632,74,1.2247158288955688,0.19872136414051056,"[0.37830407444473807, 0.2914607673579618, 0.4781533519991491, 0.062218856079247466, 0.05679913943984846]","[0.05400637885375889, 0.04885483993587366, 0.07628714219850194, 0.008970455391815105, 0.012792045004378427]",1,LongBeachCC_10172017_17-0944,model_C
tofueval_Qwen2.5-1.5B-Instruct,556,556,2.0575578212738037,43,0.8929009437561035,0.16821369528770447,"[0.042947696137436944, 0.4299436649632489, 0.687771930562354, -0.010176047623200818, 0.01851549876994605]","[0.016715233912268455, 0.07273360702268736, 0.09987776100015888, 0.002305079790339944, 0.0036825485025643546]",0,LongBeachCC_10172017_17-0944,model_D
tofueval_Qwen2.5-1.5B-Instruct,557,557,1.7065834999084473,37,0.5172391533851624,0.2039511352777481,"[0.02699888143782831, 0.3428694371423508, 0.26907879707554505, 0.0005466029743311574, -0.07668631790422935]","[0.017878224462627847, 0.06865776138540634, 0.07990572748216486, 0.004047824069833016, 0.005568239649742404]",0,LongBeachCC_10172017_17-0944,model_E
tofueval_Qwen2.5-1.5B-Instruct,558,558,2.2711899280548096,68,1.1482092142105103,0.24500013887882233,"[0.64526237995939, 0.20535282442313688, 0.33100042929093915, -0.01640897591427989, -0.03129407523845336]","[0.14792827968759573, 0.08474472058959664, 0.03475171925674658, 0.0017309007440310191, 0.00615660190832761]",1,LongBeachCC_10172017_17-0944,Model-Extra
tofueval_Qwen2.5-1.5B-Instruct,559,559,1.4066425561904907,37,1.6237499713897705,0.342529833316803,"[1.2474520090665366, 0.03460238816694835, -0.02685226209310664, -0.01810198912799761, -0.11717520157705892]","[0.295371214985042, 0.0022298495413132194, 0.0032101419126627515, 0.0007864955858019892, 0.005902162355031012]",1,LongBeachCC_10172017_17-0944,model_A
tofueval_Qwen2.5-1.5B-Instruct,560,560,0.9513213634490967,49,1.9728373289108276,0.32012078166007996,"[1.7021726250876577, 0.011657368377794283, 0.025881594751975785, 0.002583309187499179, -0.03287759443732544]","[0.28852805193057474, 0.0019086290128087762, 0.0022800182792540296, 0.0009743169209509595, 0.005390524783029016]",1,LongBeachCC_10172017_17-0944,model_B
tofueval_Qwen2.5-1.5B-Instruct,561,561,0.9641244411468506,51,1.2059952020645142,0.27335643768310547,"[1.0424712188313623, 0.04596904938565179, 0.014900864976059929, -0.006718563883730573, -0.036943987927039484]","[0.2435643979777381, 0.002788877384182788, 0.0030415787642444534, 0.0009425665906240854, 0.004101920516600954]",1,LongBeachCC_10172017_17-0944,model_C
tofueval_Qwen2.5-1.5B-Instruct,562,562,1.417967677116394,72,0.9043708443641663,0.17476774752140045,"[0.49602789260421154, 0.06037990675395122, 0.043162292395815406, 0.07271200009886848, 0.029804466061856754]","[0.13614764458482873, 0.0078027023709460585, 0.009711020152571513, 0.017498654851825297, 0.007396846655511682]",1,LongBeachCC_10172017_17-0944,model_D
tofueval_Qwen2.5-1.5B-Instruct,563,563,0.8545087575912476,46,2.079583168029785,0.29967960715293884,"[1.895438707879056, 0.029977400953256343, 0.039830579065259684, 0.006434243377715693, -0.02359178609059081]","[0.2794385547749698, 0.0012614965787436274, 0.0013313959007064113, 0.0008197700955920679, 0.00385655258617629]",1,LongBeachCC_10172017_17-0944,model_E
tofueval_Qwen2.5-1.5B-Instruct,564,564,1.488850474357605,37,1.9837833642959595,0.2908634841442108,"[0.06131406689441851, 1.1279198052109898, -0.037656610947640334, -0.03057538570499526, -0.015952686229767907]","[0.00735187533211649, 0.16066657703973958, 0.013490770497269664, 0.0015339514171851202, 0.001880472636801986]",0,LongBeachCC_11202018_18-1021,Model-Extra
tofueval_Qwen2.5-1.5B-Instruct,565,565,1.765872836112976,36,1.870240330696106,0.3217277228832245,"[0.25224582943499424, 0.0952256982466982, 0.26113620183605235, 0.0393097635411929, -0.01281598041936781]","[0.01829609698535882, 0.07619116623007155, 0.0343331160401653, 0.002075415427637179, 0.003870039728389606]",0,LongBeachCC_11202018_18-1021,model_A
tofueval_Qwen2.5-1.5B-Instruct,566,566,1.059245228767395,120,2.004856586456299,0.3053058087825775,"[0.0529078790139162, 1.0255221918904378, 0.5890549709064772, 0.01651814301609041, -0.0056790183984730905]","[0.007823232509742912, 0.17663867804658367, 0.07956395411773798, 0.002803085511731969, 0.00222798304831926]",0,LongBeachCC_11202018_18-1021,model_B
tofueval_Qwen2.5-1.5B-Instruct,567,567,0.7871926426887512,82,2.5848350524902344,0.3828451931476593,"[0.021208120749176444, 1.3286603273548436, 0.7499809126153506, 0.0008243211624015358, -0.0027517960025351187]","[0.004596993754732429, 0.20610370893718494, 0.10970754650626498, 0.002231622001905945, 0.002395128132899511]",0,LongBeachCC_11202018_18-1021,model_C
tofueval_Qwen2.5-1.5B-Instruct,568,568,0.6587062478065491,54,2.9339451789855957,0.39248940348625183,"[0.2167474550702132, 2.176079994102043, -0.021545827389032907, 0.00683537506312051, -0.020279872232398095]","[0.014982213609304953, 0.29173456120770425, 0.005534477588387037, 0.0011053158492733961, 0.0016944438445336716]",0,LongBeachCC_11202018_18-1021,model_D
tofueval_Qwen2.5-1.5B-Instruct,569,569,0.5678441524505615,145,2.4805145263671875,0.3464159071445465,"[0.019453878523758062, 1.5390369167382796, 0.6273280833095511, -0.0032910242627559485, -0.016886086948742843]","[0.0029962741936458313, 0.22990775949678963, 0.0822240898076604, 0.0014080707812985534, 0.0010626047073538632]",0,LongBeachCC_11202018_18-1021,model_E
tofueval_Qwen2.5-1.5B-Instruct,570,570,1.4755808115005493,53,2.1769564151763916,0.2835337519645691,"[0.006652224059919563, 0.9299758512698079, 0.05921197161434014, 0.037250933798103056, 0.02618521600976786]","[0.0065087056452262215, 0.1510713592960767, 0.026915195747881385, 0.003571443104165895, 0.002543210338322625]",0,LongBeachCC_11202018_18-1021,Model-Extra
tofueval_Qwen2.5-1.5B-Instruct,571,571,0.6316322684288025,104,2.742126941680908,0.383683979511261,"[0.03204326683895868, 1.3593920172245886, 0.8210372781122572, 0.006665759784902128, -0.0141238422030002]","[0.0051375570456013535, 0.231259876387552, 0.11809607614070777, 0.0016812505176570897, 0.0012879990224156346]",0,LongBeachCC_11202018_18-1021,model_A
tofueval_Qwen2.5-1.5B-Instruct,572,572,0.7713422775268555,81,2.469038486480713,0.3507554531097412,"[-0.02213478682507443, 1.4217367706544422, 0.4331294424432318, 0.01569000318019149, -0.018106227613226323]","[0.004997292073275547, 0.23316849787627206, 0.06584979624594983, 0.002162769975676414, 0.0015769529762511736]",0,LongBeachCC_11202018_18-1021,model_B
tofueval_Qwen2.5-1.5B-Instruct,573,573,0.7271361351013184,152,2.319291353225708,0.34339526295661926,"[-0.008366320727659334, 0.94121391725754, 0.8680996437991358, 0.02263993550916678, 0.033198814334784436]","[0.005000641331727314, 0.1590046460325365, 0.13778047109584274, 0.0026097074927108857, 0.0016829202693610394]",0,LongBeachCC_11202018_18-1021,model_C
tofueval_Qwen2.5-1.5B-Instruct,574,574,0.495266318321228,123,3.2139370441436768,0.4137958884239197,"[0.0018486123270517927, 1.049912417795917, 1.6982367664422338, 6.605091387730984e-05, -0.009806743040464085]","[0.004620167961839461, 0.15786126781362572, 0.2005216208734254, 0.0013856206430057135, 0.0017452969706923112]",0,LongBeachCC_11202018_18-1021,model_D
tofueval_Qwen2.5-1.5B-Instruct,575,575,0.929236888885498,97,2.5181493759155273,0.3321765661239624,"[-0.007996201573058494, 0.9059853653841143, 0.9258981111046355, 0.004931445173600334, 0.008739263135062972]","[0.005654160159967441, 0.1375234458927358, 0.13824228968461946, 0.005974223700557385, 0.005332194931127949]",0,LongBeachCC_11202018_18-1021,model_E
tofueval_Qwen2.5-1.5B-Instruct,576,576,2.048769235610962,34,1.3908207416534424,0.27922892570495605,"[-0.04630939159516642, 0.4972270613500715, -0.05724132269541074, 0.02167176848730806, 0.01948012234604047]","[0.003301971518905087, 0.14019133107411322, 0.038207492032106126, 0.0015839217115168433, 0.0032685970936763157]",0,LongBeachCC_11202018_18-1021,Model-Extra
tofueval_Qwen2.5-1.5B-Instruct,577,577,1.160282015800476,57,1.9721704721450806,0.2827114760875702,"[0.03751072598836464, 0.7478286343986136, 0.36470405607663753, 0.004010776588090761, -0.027940649478663097]","[0.00474800876868218, 0.16874088066361492, 0.048773677243958036, 0.0009926258968113487, 0.0018752798781868183]",0,LongBeachCC_11202018_18-1021,model_A
tofueval_Qwen2.5-1.5B-Instruct,578,578,0.4388369619846344,96,3.3058671951293945,0.41451576352119446,"[0.006308959241238199, 2.493257483743946, 0.013343632107362188, 0.002866086519240696, -0.0023403965188938023]","[0.001546061454874274, 0.35256841168787406, 0.0064007467196217265, 0.0004698560661047975, 0.001032722121237543]",0,LongBeachCC_11202018_18-1021,model_B
tofueval_Qwen2.5-1.5B-Instruct,579,579,0.9986933469772339,90,2.106630563735962,0.30206388235092163,"[0.001002946458094003, 1.0262876181759768, 0.4104820982797214, -0.005659223735953371, -0.001088168967706022]","[0.0025803327718190556, 0.17691780658723372, 0.08499629893323117, 0.0021326067540106425, 0.0015433187141600986]",0,LongBeachCC_11202018_18-1021,model_C
tofueval_Qwen2.5-1.5B-Instruct,580,580,0.8808930516242981,119,2.3628287315368652,0.32909515500068665,"[0.02129349129336333, 0.6488039121622398, 1.3338064676712702, -0.006222663805349556, -0.006401059436595323]","[0.002407439613986138, 0.1337542808115137, 0.16051500694312618, 0.0009957819679823484, 0.0009330222085028835]",0,LongBeachCC_11202018_18-1021,model_D
tofueval_Qwen2.5-1.5B-Instruct,581,581,1.8082997798919678,39,1.9337737560272217,0.30445271730422974,"[-0.07560674838616531, 0.7798794318857686, 0.2392652122453467, -0.0049695673065471985, -0.08364282760251229]","[0.003756235864977078, 0.15032299196042379, 0.05929786369390746, 0.00202255879245956, 0.002820441636161447]",0,LongBeachCC_11202018_18-1021,model_E
tofueval_Qwen2.5-1.5B-Instruct,582,582,2.3584821224212646,61,0.9518073797225952,0.1506350338459015,"[0.5340608022288805, 0.5044264588829466, 0.09187290456444674, -0.07470435413176987, 0.019204227649559053]","[0.06374069315959369, 0.04890259618297455, 0.009470736415487707, 0.02364190474708691, 0.009468704012321172]",1,LongBeachCC_12052017_17-1101,Model-Extra
tofueval_Qwen2.5-1.5B-Instruct,583,583,1.8816596269607544,67,0.8507260084152222,0.170762836933136,"[0.16597745418392204, 0.3627914463701126, 0.09048428199772633, 0.11415526431035199, -0.021594951930379847]","[0.030640175165573776, 0.06888224152778515, 0.006866810744584335, 0.03311397795044205, 0.015843132540261814]",1,LongBeachCC_12052017_17-1101,model_A
tofueval_Qwen2.5-1.5B-Instruct,584,584,2.0109596252441406,67,1.2769232988357544,0.1536286324262619,"[0.08187715039832201, 0.12630790928092006, 0.007108362052010184, 0.2685325729909158, 0.6676077629016441]","[0.019499792318573607, 0.019383901841664154, 0.007976566344084472, 0.028047400538871985, 0.05564149540120793]",0,LongBeachCC_12052017_17-1101,model_B
tofueval_Qwen2.5-1.5B-Instruct,585,585,1.976959228515625,72,1.1424338817596436,0.20878176391124725,"[0.3030631972322024, 0.05060130517853799, 0.11161028929015832, 0.36400921200371766, 0.1517307064559898]","[0.06328252562383972, 0.030998639193234742, 0.013638524097330339, 0.044930875904735025, 0.01934738420360047]",1,LongBeachCC_12052017_17-1101,model_C
tofueval_Qwen2.5-1.5B-Instruct,586,586,1.4466814994812012,95,1.1813362836837769,0.1954156756401062,"[0.6340168344692517, 0.44066919952295536, 0.03838574768187276, 0.008940668236985068, 0.06518809427928461]","[0.08305953308232635, 0.07091253470954191, 0.005850973211773922, 0.006447519070482749, 0.013971723897987575]",0,LongBeachCC_12052017_17-1101,model_D
tofueval_Qwen2.5-1.5B-Instruct,587,587,1.4487519264221191,74,1.3503361940383911,0.23357319831848145,"[0.6655323624186044, 0.15039554144034292, 0.020565022100447243, 0.6098187562084432, 0.21067064777533331]","[0.10420753841046655, 0.028819452879889157, 0.005368355891220431, 0.06727517780034366, 0.03738013265988525]",1,LongBeachCC_12052017_17-1101,model_E
tofueval_Qwen2.5-1.5B-Instruct,588,588,2.6717216968536377,45,1.4418741464614868,0.28021302819252014,"[0.696672419582804, 0.4381765830434031, 0.07391827640434107, 0.1214851077594277, 0.2297815127712157]","[0.16885880991920002, 0.0868704805406095, 0.0031282154636856933, 0.013785371799369589, 0.01861697048213197]",0,LongBeachCC_12052017_17-1101,Model-Extra
tofueval_Qwen2.5-1.5B-Instruct,589,589,2.4101107120513916,47,1.2454476356506348,0.21454551815986633,"[0.488585730027556, 0.24651363852806638, -0.012725734005916239, 0.1330173603070781, 0.1146625638385229]","[0.08834056259427675, 0.028859793859195865, 0.007969806375551846, 0.031085369673475843, 0.021660839736873737]",1,LongBeachCC_12052017_17-1101,model_A
tofueval_Qwen2.5-1.5B-Instruct,590,590,1.1529673337936401,69,1.621931552886963,0.26381275057792664,"[0.9290014088865196, 0.3985139970986959, 0.01411035647565175, 0.20682317162857583, 0.03711642002430829]","[0.16476612026420207, 0.07130452336610503, 0.002993115875719066, 0.015429913914144692, 0.00441877868240681]",1,LongBeachCC_12052017_17-1101,model_B
tofueval_Qwen2.5-1.5B-Instruct,591,591,1.774169921875,64,1.562032699584961,0.22378909587860107,"[0.6799687499033098, 0.6709671865761493, 0.028461079282124047, 0.0015600095539411996, 0.05270414968481418]","[0.09821565991816783, 0.08963205782745831, 0.004613777469480773, 0.0044630377305456825, 0.005145746864683609]",0,LongBeachCC_12052017_17-1101,model_C
tofueval_Qwen2.5-1.5B-Instruct,592,592,1.8301562070846558,68,1.9119956493377686,0.2633277177810669,"[0.9534000588849748, 0.5553789180309704, -0.03460159891234499, 0.10413172877580269, 0.046100439175300864]","[0.13017501429781345, 0.09350134519390917, 0.0047396985949670605, 0.018430587542174155, 0.005919600651201804]",0,LongBeachCC_12052017_17-1101,model_D
tofueval_Qwen2.5-1.5B-Instruct,593,593,2.1123600006103516,36,0.28710684180259705,0.14605621993541718,"[-0.15806669788131936, -0.030767228365423054, 0.017089689694027282, 0.2515006385947345, 0.0703181530340468]","[0.05083457775279183, 0.019359405345337817, 0.0016304751871100759, 0.01404677598247872, 0.004582792376639746]",1,LongBeachCC_12052017_17-1101,model_E
tofueval_Qwen2.5-1.5B-Instruct,594,594,2.088921070098877,67,1.641465663909912,0.21344773471355438,"[0.5029412934027956, 0.6545639075043458, 0.05116273763117384, 0.2987520708666668, 0.15815062977713723]","[0.07517496795915224, 0.10314627296267997, 0.00431632765731701, 0.02518503145608296, 0.027993325075915912]",0,LongBeachCC_12052017_17-1101,Model-Extra
tofueval_Qwen2.5-1.5B-Instruct,595,595,1.676011323928833,79,1.2180989980697632,0.21310533583164215,"[0.7495577386495675, 0.1719702838273878, 0.018956046595628287, 0.15326043694838956, 0.02517457755320835]","[0.13926441775238577, 0.05151305424198907, 0.00439420632245355, 0.020285331825176355, 0.014352667479794105]",1,LongBeachCC_12052017_17-1101,model_A
tofueval_Qwen2.5-1.5B-Instruct,596,596,1.449574589729309,108,1.5627397298812866,0.2624611258506775,"[0.17039644822046252, 0.2896022640419923, 0.01946472688376633, 0.27756064956602805, 0.7841222658702194]","[0.07800991317510804, 0.07163651935339611, 0.006424087709743224, 0.02590317396446564, 0.08462789254510449]",1,LongBeachCC_12052017_17-1101,model_B
tofueval_Qwen2.5-1.5B-Instruct,597,597,1.5037134885787964,50,0.929227352142334,0.15184089541435242,"[0.02387408593116561, 0.29573041503310377, 0.019089615841876365, 0.3416595087223686, 0.046354285522684224]","[0.05485568298428234, 0.06098384516898477, 0.0030872710411654226, 0.03418255995261006, 0.009191418005705145]",1,LongBeachCC_12052017_17-1101,model_C
tofueval_Qwen2.5-1.5B-Instruct,598,598,1.4413753747940063,98,1.5887750387191772,0.2429964244365692,"[1.075420116849347, 0.11668691019707583, 0.01919492283396183, 0.3246708871848401, 0.07330604057070948]","[0.16841561913155118, 0.03315787106792608, 0.004111056959230814, 0.02207500870417325, 0.016706039880991553]",1,LongBeachCC_12052017_17-1101,model_D
tofueval_Qwen2.5-1.5B-Instruct,599,599,1.6184026002883911,44,1.8212307691574097,0.23553909361362457,"[0.602601204309973, 0.6517264902324148, 0.020866701220132778, 0.30315619396730076, 0.022943174242052257]","[0.052810695163457086, 0.12092876385483722, 0.0023318760931988177, 0.037809330801262385, 0.014626180686092803]",0,LongBeachCC_12052017_17-1101,model_E
tofueval_Qwen2.5-1.5B-Instruct,600,600,1.5238851308822632,41,1.3737651109695435,0.20107538998126984,"[1.0664082083782953, 0.11175001564883931, -0.018139363846119787, 0.02592226452978183, 0.004306441575087175]","[0.1839333958526301, 0.03093319997337955, 0.0028767034901119775, 0.0028635089556874435, 0.0051847455230453]",0,SeattleCityCouncil_02082022_CB 120264,Model-Extra
tofueval_Qwen2.5-1.5B-Instruct,601,601,1.0427970886230469,44,1.728024959564209,0.23084388673305511,"[0.632451680963806, 1.0396495586054781, -0.031649704524831825, -0.017560662276413164, 0.037207846871090376]","[0.13984603477679644, 0.10470916094829424, 0.0013655478907733968, 0.0017036212223693135, 0.003637365006297118]",1,SeattleCityCouncil_02082022_CB 120264,model_A
tofueval_Qwen2.5-1.5B-Instruct,602,602,0.8813803195953369,52,1.684520959854126,0.23882076144218445,"[1.2322750977741985, 0.41191035755344696, -0.03469119487915752, -0.03966539576756007, 0.012101661289657036]","[0.18326784723411457, 0.06936798300121766, 0.0034941685575255667, 0.001652704192722992, 0.004310077509663083]",1,SeattleCityCouncil_02082022_CB 120264,model_B
tofueval_Qwen2.5-1.5B-Instruct,603,603,1.1285735368728638,67,1.6685841083526611,0.22940175235271454,"[1.0508348235791833, 0.4849246784657198, -0.022124226148580825, 0.05198655651149048, 0.012980182987894974]","[0.16970763931582422, 0.06666212877250623, 0.005854768976354562, 0.004227383412463401, 0.0035719449430749294]",0,SeattleCityCouncil_02082022_CB 120264,model_C
tofueval_Qwen2.5-1.5B-Instruct,604,604,0.9940680265426636,39,1.6231757402420044,0.2563144862651825,"[1.4440541006147096, 0.16514682204564077, -0.005262437881006358, 0.013762221262694743, 0.02501516890986703]","[0.2302895098602256, 0.031698145574946233, 0.0025197822649669177, 0.001941814598560599, 0.003562758330283545]",0,SeattleCityCouncil_02082022_CB 120264,model_D
tofueval_Qwen2.5-1.5B-Instruct,605,605,1.2590081691741943,71,1.9500367641448975,0.25075408816337585,"[0.3788356001811261, 0.3936377207360814, 0.6481817475518332, 0.011987754820476997, 0.16172625027413975]","[0.09821715509269459, 0.04349206777595422, 0.06123433027595907, 0.022770493555586673, 0.012632259978896002]",1,SeattleCityCouncil_02082022_CB 120264,model_E
tofueval_Qwen2.5-1.5B-Instruct,606,606,1.7744673490524292,63,1.1218593120574951,0.22617734968662262,"[0.761443196592616, 0.11742977165092255, 0.017340653639361596, 0.030901535122312553, -0.04910449692039355]","[0.20651765644923592, 0.02153002510231054, 0.0033174869623446776, 0.0027162607108717593, 0.004621554189844531]",0,SeattleCityCouncil_02082022_CB 120264,Model-Extra
tofueval_Qwen2.5-1.5B-Instruct,607,607,1.2560926675796509,34,2.1150577068328857,0.2920007109642029,"[1.817730088444317, -0.04957635293933837, -0.004386455724563669, -0.0346568534424638, 0.010172492434161113]","[0.2844277011121021, 0.002678085258219867, 0.002711063160404592, 0.001812101547343178, 0.0024962715976524874]",0,SeattleCityCouncil_02082022_CB 120264,model_A
tofueval_Qwen2.5-1.5B-Instruct,608,608,1.0139970779418945,89,2.3741533756256104,0.3216920793056488,"[1.707799332355688, 0.6248640890317301, 0.018776159703070897, 0.015808974177764796, 0.008232662493325089]","[0.2532335118004095, 0.06576768768970111, 0.001668605171318269, 0.0014511830055796329, 0.0018799070640256195]",1,SeattleCityCouncil_02082022_CB 120264,model_B
tofueval_Qwen2.5-1.5B-Instruct,609,609,1.4455510377883911,64,1.9067533016204834,0.2757762670516968,"[1.4263002467923798, 0.1786823228069352, 0.0050923649125707016, 0.0008541091605138718, -0.004562381905202528]","[0.2394898172824469, 0.02375648605109859, 0.0014116310936636012, 0.0017396781832133001, 0.002325939727818138]",0,SeattleCityCouncil_02082022_CB 120264,model_C
tofueval_Qwen2.5-1.5B-Instruct,610,610,1.0657188892364502,71,1.4867124557495117,0.23134341835975647,"[1.1760609171182757, 0.2687083710801565, 0.01041672531430098, 0.01777465194775264, 0.017081254168452933]","[0.20213902271746226, 0.0276734880031321, 0.0025180313757685543, 0.002964372960536981, 0.0037893371342799815]",0,SeattleCityCouncil_02082022_CB 120264,model_D
tofueval_Qwen2.5-1.5B-Instruct,611,611,0.9460722804069519,35,2.4081249237060547,0.3331160545349121,"[2.2469746479298918, -0.02109666633571448, 0.004924953375042865, -0.00509257867062323, 0.03867701379967912]","[0.3308767784586442, 0.0015332821659317882, 0.0015312910765617614, 0.0012679090222783478, 0.002403070470502046]",0,SeattleCityCouncil_02082022_CB 120264,model_E
tofueval_Qwen2.5-1.5B-Instruct,612,612,1.708022117614746,53,1.4646756649017334,0.24661123752593994,"[1.1136801507552418, 0.06368753301868774, -0.021200658070295007, 0.002054189006985497, -0.03613977267618021]","[0.23858362101765243, 0.019375007219050187, 0.002010374711812158, 0.0018483274341350516, 0.002323618563343858]",0,SeattleCityCouncil_02082022_CB 120264,Model-Extra
tofueval_Qwen2.5-1.5B-Instruct,613,613,1.0418285131454468,95,2.4023966789245605,0.2987455129623413,"[1.0422095139850411, 0.4703599986131418, 0.44198160207543924, 0.010975156841241666, 0.10531249105383483]","[0.16385172155802186, 0.04567368344291666, 0.04733642416881175, 0.019626998394801375, 0.010124094471728696]",1,SeattleCityCouncil_02082022_CB 120264,model_A
tofueval_Qwen2.5-1.5B-Instruct,614,614,1.0849130153656006,65,2.0731022357940674,0.2920134961605072,"[1.3830607533848915, 0.736125483790126, -0.019497282836639967, -0.009593869139028427, -0.010532177129509645]","[0.21242903434680416, 0.0795512452402433, 0.0018475757776041763, 0.001906785331201578, 0.0038072460526284257]",1,SeattleCityCouncil_02082022_CB 120264,model_B
tofueval_Qwen2.5-1.5B-Instruct,615,615,1.5582438707351685,64,1.5394694805145264,0.2391446828842163,"[1.4176515584149456, 0.015230454815537087, 0.017642193790152305, 0.010508340272963324, 0.024660186612891266]","[0.2337041096543544, 0.003096770244521707, 0.0021239689843355336, 0.0024398981081716897, 0.0031417412681946644]",1,SeattleCityCouncil_02082022_CB 120264,model_C
tofueval_Qwen2.5-1.5B-Instruct,616,616,1.3156445026397705,74,1.9966304302215576,0.274921715259552,"[1.4694709740453273, 0.22441047183678461, -0.006022332728969412, -0.01787735636714166, -0.012472339005939461]","[0.222775351739885, 0.04016873341124911, 0.001379732242002307, 0.001681878821145617, 0.002180993064463429]",0,SeattleCityCouncil_02082022_CB 120264,model_D
tofueval_Qwen2.5-1.5B-Instruct,617,617,1.6238598823547363,43,2.246830940246582,0.3079410791397095,"[1.4053689419795476, 0.16117065724528254, 0.6495228064819076, 0.008421477417022986, -0.0038471488267870966]","[0.23583279650822161, 0.036845168328001325, 0.05996254215882229, 0.0018291903881980265, 0.0029808855460400144]",1,SeattleCityCouncil_02082022_CB 120264,model_E
tofueval_Qwen2.5-1.5B-Instruct,618,618,1.398468255996704,54,1.6808769702911377,0.254808247089386,"[0.6178144485343687, 0.22935727416835208, 0.343352517308193, 0.03949815418167822, 0.0362366226912585]","[0.08735995354409506, 0.05266757020306748, 0.04610696026050062, 0.005813067228405931, 0.0045113790811355005]",0,SeattleCityCouncil_02162021_CB 119996,Model-Extra
tofueval_Qwen2.5-1.5B-Instruct,619,619,0.8938929438591003,43,2.362312078475952,0.29110729694366455,"[-0.02870234246362342, 0.47933425594914464, 1.293913792531469, 0.017780507835701682, -0.0029374277432801794]","[0.021752731014996328, 0.0608979705956974, 0.15028047216929039, 0.003368127038441365, 0.0023045646359412596]",0,SeattleCityCouncil_02162021_CB 119996,model_A
tofueval_Qwen2.5-1.5B-Instruct,620,620,1.2044910192489624,53,2.476710796356201,0.32292640209198,"[0.7105911238479234, 0.35325535062375424, 0.882045936846517, 0.014606098775402643, 0.13546758289569724]","[0.08279235898582968, 0.040784731144378625, 0.11018398062590694, 0.008239192690505763, 0.018328854613868455]",0,SeattleCityCouncil_02162021_CB 119996,model_B
tofueval_Qwen2.5-1.5B-Instruct,621,621,1.3420867919921875,33,2.3188769817352295,0.27886703610420227,"[1.15133313697791, 0.3705704326064072, 0.6975231045296162, 0.08036912954500594, 0.026641509083812267]","[0.11902333823893445, 0.067249347227103, 0.07780199854903802, 0.004111779388233227, 0.002038535079243571]",0,SeattleCityCouncil_02162021_CB 119996,model_C
tofueval_Qwen2.5-1.5B-Instruct,622,622,0.8178787231445312,91,2.548675298690796,0.3682344853878021,"[1.4009719361416142, 0.931007392967141, 0.20685064785900797, 0.007311219328130392, 0.07887533221017813]","[0.18313240524298885, 0.1276527901885754, 0.03264709037880881, 0.01012915955197531, 0.007897973743272384]",0,SeattleCityCouncil_02162021_CB 119996,model_D
tofueval_Qwen2.5-1.5B-Instruct,623,623,0.9782385230064392,68,1.3117108345031738,0.20534363389015198,"[0.6371294072763275, 0.33235003651595757, 0.46058414541165105, -0.0010348363012406695, 0.022109516979258736]","[0.09808446907443207, 0.039083002724587895, 0.05743139857857466, 0.0034825156761412505, 0.006326397755015776]",0,SeattleCityCouncil_02162021_CB 119996,model_E
tofueval_Qwen2.5-1.5B-Instruct,624,624,1.3868297338485718,63,1.8089442253112793,0.29550203680992126,"[1.122898866829004, 0.698981641936183, 0.017429157978017067, 0.00703020341802224, 0.002476977324794649]","[0.19634322734505294, 0.09426863985329455, 0.0015827004309170343, 0.0015680912460235656, 0.002352047322946173]",0,SeattleCityCouncil_02162021_CB 119996,Model-Extra
tofueval_Qwen2.5-1.5B-Instruct,625,625,1.1431348323822021,89,1.905593752861023,0.3072133958339691,"[0.9686662482411347, 0.7381615561832374, 0.19352556843427868, 0.017036172636600507, 0.027967360058763907]","[0.15988385292083865, 0.09241484866987101, 0.03123154198195234, 0.0013337320129604255, 0.001349962310911543]",0,SeattleCityCouncil_02162021_CB 119996,model_A
tofueval_Qwen2.5-1.5B-Instruct,626,626,0.9497131109237671,84,2.153618812561035,0.3295123875141144,"[0.8873301559319121, 0.8854768164455891, 0.2652696627892943, 0.004371671143817799, 0.06828178985891836]","[0.14860451675295258, 0.1145949860576279, 0.032061929457705945, 0.001679811384550909, 0.0034855432382962753]",0,SeattleCityCouncil_02162021_CB 119996,model_B
tofueval_Qwen2.5-1.5B-Instruct,627,627,1.3254809379577637,52,1.7029532194137573,0.32401472330093384,"[1.06557287713468, 0.9119711157394564, 0.007229988142521156, 0.021670725175051933, 0.0012131883235829615]","[0.2207940241941497, 0.1042188440537582, 0.002973797244932869, 0.0022640454040863634, 0.002661296389686203]",0,SeattleCityCouncil_02162021_CB 119996,model_C
tofueval_Qwen2.5-1.5B-Instruct,628,628,0.977019727230072,111,1.864615797996521,0.30357813835144043,"[0.7391536415701151, 0.7418271397515898, 0.1400612657569516, 0.01870327790627696, 0.04947269608893859]","[0.13720611306521566, 0.12411086800916196, 0.03075315746442205, 0.003693502139494822, 0.005574592522852859]",1,SeattleCityCouncil_02162021_CB 119996,model_D
tofueval_Qwen2.5-1.5B-Instruct,629,629,0.8312141299247742,125,1.5289291143417358,0.2428693026304245,"[0.8592071722146356, 0.6236431780717212, 0.15889402480168793, -0.02160945656352851, -0.009709834425564622]","[0.13833700549866626, 0.07805894711153223, 0.02223019732919465, 0.001287612160049548, 0.0013692945272457565]",0,SeattleCityCouncil_02162021_CB 119996,model_E
tofueval_Qwen2.5-1.5B-Instruct,630,630,1.428622841835022,63,2.199162006378174,0.32844266295433044,"[1.0881601781584322, 0.8133024167539603, 0.3596259384274971, 0.07876464213930173, 0.028628590816157474]","[0.18158075060614104, 0.09902198222246784, 0.040222031594065275, 0.004131357795770219, 0.0033582265790690663]",0,SeattleCityCouncil_02162021_CB 119996,Model-Extra
tofueval_Qwen2.5-1.5B-Instruct,631,631,0.7768520712852478,92,2.5256075859069824,0.3360537588596344,"[1.2549683527002977, 0.9350414567008319, 0.25232428821136244, 0.0715734544154034, 0.023621687535533845]","[0.1661482372143402, 0.12284345790371523, 0.030089722901677093, 0.004442530434092339, 0.0032980074755709875]",0,SeattleCityCouncil_02162021_CB 119996,model_A
tofueval_Qwen2.5-1.5B-Instruct,632,632,1.072367548942566,69,2.3873283863067627,0.3336169421672821,"[0.9653581498554348, 0.9717199411896982, 0.2619900228211022, -0.0023035708704481003, 0.03455670349355215]","[0.13435988660595563, 0.13042052726496625, 0.04009481819458165, 0.006199225907035244, 0.007120575210320646]",0,SeattleCityCouncil_02162021_CB 119996,model_B
tofueval_Qwen2.5-1.5B-Instruct,633,633,0.8881116509437561,111,2.5047414302825928,0.3767363131046295,"[1.5002015501539734, 0.8167981622299447, 0.18679661385211654, 0.006049103548189902, 0.0035855616148707282]","[0.22370450496558217, 0.11832870024360195, 0.024686188793030372, 0.0009285468843992996, 0.001307238126136232]",1,SeattleCityCouncil_02162021_CB 119996,model_C
tofueval_Qwen2.5-1.5B-Instruct,634,634,1.015446424484253,78,1.8270046710968018,0.2860803008079529,"[0.7468424231113041, 0.737618029228461, 0.28493395426573603, 0.04676075148205573, 0.03810745339616845]","[0.1560265941388701, 0.09869648108545229, 0.032327435265671056, 0.0017609630865714565, 0.001428260732937066]",0,SeattleCityCouncil_02162021_CB 119996,model_D
tofueval_Qwen2.5-1.5B-Instruct,635,635,1.025533676147461,73,2.3465754985809326,0.3507867753505707,"[1.5503226557893244, 0.7719675027487253, -0.003156619012459063, -0.004786586993149073, 0.0003451183400924592]","[0.2415662321703802, 0.11887950926088145, 0.0019848242325037537, 0.001514774844100766, 0.0014090954009121834]",0,SeattleCityCouncil_02162021_CB 119996,model_E
tofueval_Qwen2.5-1.5B-Instruct,636,636,1.9326443672180176,53,1.776349663734436,0.28798264265060425,"[0.7443023645494766, 0.03773967196924924, 0.49475782348572295, 0.020489650098788156, 0.04406433360459489]","[0.16030771097767976, 0.004153215650221854, 0.07400300537887541, 0.0018812221656835906, 0.007044277434166567]",0,SeattleCityCouncil_02212017_CB 118912,Model-Extra
tofueval_Qwen2.5-1.5B-Instruct,637,637,1.0993448495864868,66,2.3310160636901855,0.31275132298469543,"[0.9359090737526651, 0.03273511096096737, 0.7796901438506955, -0.028494804523275394, -0.02685218665691068]","[0.15035246019292434, 0.006264666109512801, 0.09778828417966358, 0.0017735258715681607, 0.006155908991565935]",0,SeattleCityCouncil_02212017_CB 118912,model_A
tofueval_Qwen2.5-1.5B-Instruct,638,638,1.3880267143249512,75,1.5625780820846558,0.24448710680007935,"[0.44840851907637747, 0.018877890714793465, 0.662795158312656, -0.04631851880752947, 0.020992060293016646]","[0.10063199955338632, 0.011593456546142989, 0.09741716184435063, 0.002589154751173434, 0.0047855873350090405]",0,SeattleCityCouncil_02212017_CB 118912,model_B
tofueval_Qwen2.5-1.5B-Instruct,639,639,1.1477261781692505,69,1.9659578800201416,0.2777227461338043,"[1.0019830708079625, 0.03523719830754208, 0.5850691588738287, -0.0176915727035679, -0.027376692590105053]","[0.18614649626767682, 0.00586839768349186, 0.07852114478918341, 0.0017198739083537278, 0.005336780906306387]",0,SeattleCityCouncil_02212017_CB 118912,model_C
tofueval_Qwen2.5-1.5B-Instruct,640,640,0.6627969741821289,98,2.461179256439209,0.35644519329071045,"[0.7739173780414882, 0.008822375204656464, 0.02245065226749403, 0.0016644638000835417, 1.257647964792155]","[0.09907381135228521, 0.001233255007888351, 0.001297386328260751, 0.0012248574826952215, 0.22559251574732894]",0,SeattleCityCouncil_02212017_CB 118912,model_D
tofueval_Qwen2.5-1.5B-Instruct,641,641,1.0570125579833984,99,2.323507308959961,0.29786795377731323,"[0.6463843337759214, 0.061987569423221464, 1.0821895980513703, -0.019787499592113286, 0.12144080943734378]","[0.0927636074786021, 0.007679336480885386, 0.15263496819751377, 0.003824849406899661, 0.01648018754608334]",0,SeattleCityCouncil_02212017_CB 118912,model_E
tofueval_Qwen2.5-1.5B-Instruct,642,642,1.8678253889083862,58,1.3494616746902466,0.25196465849876404,"[0.46528922513946247, -0.06171201858448732, 0.25894222528159877, -0.0018239151244854618, -0.0450107416164146]","[0.14076667330789797, 0.010653843401573325, 0.060515777234913595, 0.0014025676982939708, 0.005707310033013245]",0,SeattleCityCouncil_02212017_CB 118912,Model-Extra
tofueval_Qwen2.5-1.5B-Instruct,643,643,1.2328813076019287,94,1.584761619567871,0.27744144201278687,"[0.7678815359745096, 0.23093993082062647, 0.2450771231193125, -0.019940202256545123, -0.04480530803870197]","[0.15081619149930972, 0.05689973327255508, 0.05601100225598483, 0.0020870947322440226, 0.005512379622870717]",1,SeattleCityCouncil_02212017_CB 118912,model_A
tofueval_Qwen2.5-1.5B-Instruct,644,644,0.9503913521766663,89,1.9978636503219604,0.2979479432106018,"[0.9389196899091679, 0.005880863412467794, 0.479825507573459, 0.010668294206624615, 0.0035918142713261035]","[0.15895651424224513, 0.01403850324137044, 0.06790257105983324, 0.0016939831364133876, 0.0067061170587465494]",1,SeattleCityCouncil_02212017_CB 118912,model_B
tofueval_Qwen2.5-1.5B-Instruct,645,645,1.547680377960205,45,2.0500357151031494,0.30791935324668884,"[0.12263732588746482, 0.008542072462538878, 0.012964951226280795, 0.024689509264296954, 0.9898936053944959]","[0.061559340121069304, 0.0031617055345527154, 0.001155963895467317, 0.0024066337105371834, 0.1801980213650192]",1,SeattleCityCouncil_02212017_CB 118912,model_C
tofueval_Qwen2.5-1.5B-Instruct,646,646,1.252387523651123,82,1.8074158430099487,0.2652568221092224,"[0.7136992290295716, -0.0033714786246358615, 0.7306020336972124, 0.0046904584819791, -0.022885387498074745]","[0.15317427220696384, 0.011359084445885168, 0.0774309745144879, 0.0021829124190055026, 0.005881751470377733]",0,SeattleCityCouncil_02212017_CB 118912,model_D
tofueval_Qwen2.5-1.5B-Instruct,647,647,0.898594856262207,128,2.027024745941162,0.2826366722583771,"[0.5038500746472891, -0.004738488219835801, 1.2181999724334673, 0.006212275488522323, 0.0008234123102468516]","[0.09259473171208454, 0.009209999117355538, 0.16205977077339462, 0.002070772913213892, 0.004061463323365766]",0,SeattleCityCouncil_02212017_CB 118912,model_E
tofueval_Qwen2.5-1.5B-Instruct,648,648,2.2552952766418457,57,1.5104162693023682,0.26510682702064514,"[0.6632884546232066, 0.010655479586076629, 0.3137075241702086, 0.045000258197991604, 0.07883773641732293]","[0.16833223553635834, 0.0060598496110558925, 0.029404871176801975, 0.003943451848403799, 0.018999570743812512]",1,SeattleCityCouncil_02212017_CB 118912,Model-Extra
tofueval_Qwen2.5-1.5B-Instruct,649,649,1.0661778450012207,67,2.1741209030151367,0.3172016739845276,"[1.5405135682241908, 0.026971640621000072, 0.18114575738533192, -0.02310825173410547, 0.002182967126759989]","[0.24194301408194283, 0.0040891152348220185, 0.03671173361615206, 0.0015620299102075384, 0.004263338223546243]",0,SeattleCityCouncil_02212017_CB 118912,model_A
tofueval_Qwen2.5-1.5B-Instruct,650,650,1.4402357339859009,84,1.7954816818237305,0.25129234790802,"[0.6537390822897058, 0.05164110228646938, 0.6431572682525993, 0.00705332162024639, 0.137374581039131]","[0.0922181752143626, 0.006029788806001436, 0.10844510907223064, 0.0037045692382716446, 0.02301618341491684]",1,SeattleCityCouncil_02212017_CB 118912,model_B
tofueval_Qwen2.5-1.5B-Instruct,651,651,0.8628491759300232,62,2.659165859222412,0.35955411195755005,"[0.09831862450852397, 0.005952763321880822, 0.04066143715716598, 0.0062230440073049505, 1.8949835655474734]","[0.02647545601994059, 0.0018229113684722711, 0.0018820559616980034, 0.0009502011974496606, 0.3072343092053122]",0,SeattleCityCouncil_02212017_CB 118912,model_C
tofueval_Qwen2.5-1.5B-Instruct,652,652,1.231332540512085,78,2.558628559112549,0.3307250440120697,"[1.583603283127722, -0.03511821048358307, 0.848651964641109, -0.01001199850925798, 0.045998119709041094]","[0.21301480418127866, 0.012732762329494999, 0.11548142249273131, 0.0017339455258590347, 0.004356441595449248]",1,SeattleCityCouncil_02212017_CB 118912,model_D
tofueval_Qwen2.5-1.5B-Instruct,653,653,1.3012874126434326,42,2.5430493354797363,0.2842373251914978,"[1.8494280627263444, 0.05777593195593259, 0.007163054670984691, 0.018630351331618538, 0.017951817037101137]","[0.2375324046117298, 0.005120488971477195, 0.001355761674465008, 0.0012030229362286111, 0.0063371270458735095]",0,SeattleCityCouncil_02212017_CB 118912,model_E
tofueval_Qwen2.5-1.5B-Instruct,654,654,1.7337521314620972,62,1.4417749643325806,0.24687182903289795,"[0.0038435662920692855, 0.0450589718006555, 0.43181456890775854, -0.02804516312701913, -0.03366924601915901]","[0.007177614509615641, 0.014522354170924612, 0.19131579249915376, 0.001053685858558369, 0.002247121345652475]",0,SeattleCityCouncil_03092020_CB 119752,Model-Extra
tofueval_Qwen2.5-1.5B-Instruct,655,655,1.0752447843551636,67,2.174665689468384,0.3089427053928375,"[-0.003831915507430155, 0.17881189554203442, 1.22179608632886, 0.013953305826715277, -0.007134735338396823]","[0.032283500807807286, 0.027757561662909536, 0.20080272116203235, 0.0007899812982318779, 0.0020386773072033717]",0,SeattleCityCouncil_03092020_CB 119752,model_A
tofueval_Qwen2.5-1.5B-Instruct,656,656,0.9036920666694641,95,1.9930062294006348,0.2832844853401184,"[0.10039932693741177, 0.021308853456196774, 1.254012971099751, 0.017933438287151434, -0.0020684142975177996]","[0.028113023232279637, 0.01355777523842909, 0.20664533184663972, 0.0006020574393526084, 0.001286044383816955]",0,SeattleCityCouncil_03092020_CB 119752,model_B
tofueval_Qwen2.5-1.5B-Instruct,657,657,1.0365244150161743,60,2.2545766830444336,0.3072017431259155,"[0.03177111073115763, 0.08141052667876163, 1.2940442664029737, -0.021705018753224673, -0.05755314852964754]","[0.027021028074083613, 0.015710019398945483, 0.18860636108068624, 0.0012115171859780579, 0.0015962135658090422]",0,SeattleCityCouncil_03092020_CB 119752,model_C
tofueval_Qwen2.5-1.5B-Instruct,658,658,1.3113282918930054,60,1.7500184774398804,0.244901642203331,"[0.3426943104271534, 0.2718695277038933, 0.6641131618072298, -0.02300701812916183, -0.01279141855132669]","[0.053687266276945894, 0.04604432549648057, 0.09328929281729567, 0.0038196189019989407, 0.00540904514552949]",0,SeattleCityCouncil_03092020_CB 119752,model_D
tofueval_Qwen2.5-1.5B-Instruct,659,659,1.3230361938476562,73,1.9421278238296509,0.2557903826236725,"[0.5523489399325526, 0.144953682360883, 0.1290039281932516, 0.034387050690969624, 0.2960769242809089]","[0.06064449696718029, 0.0225225648766778, 0.07459469386727952, 0.0021261889133674145, 0.03338688875711241]",1,SeattleCityCouncil_03092020_CB 119752,model_E
tofueval_Qwen2.5-1.5B-Instruct,660,660,2.0086119174957275,30,2.3222994804382324,0.299072265625,"[-0.008317451118152045, 0.007510111679827484, 0.32054217747451424, -0.05719970693438275, 0.014070539603562793]","[0.0385864827334899, 0.021881454534862618, 0.09650770415100851, 0.003015301758781182, 0.0029688863663219914]",0,SeattleCityCouncil_03092020_CB 119752,Model-Extra
tofueval_Qwen2.5-1.5B-Instruct,661,661,1.3136013746261597,59,1.7188172340393066,0.25543147325515747,"[0.33508243186150727, 0.1295042096339245, 0.1813800600248831, -0.01910814884763953, -0.004534472686720034]","[0.05381256368318799, 0.034800372548180365, 0.09273457070271357, 0.0016585382950613891, 0.0030850684084355834]",0,SeattleCityCouncil_03092020_CB 119752,model_A
tofueval_Qwen2.5-1.5B-Instruct,662,662,0.8612356185913086,106,1.8726766109466553,0.2657225728034973,"[0.005092506838614013, 0.03670732094051689, 1.3256697230101981, -0.004821333267792174, -0.007253759713970588]","[0.023027447282605914, 0.021965052194434627, 0.1761039230804066, 0.0011949594337862727, 0.0021388413732432595]",0,SeattleCityCouncil_03092020_CB 119752,model_B
tofueval_Qwen2.5-1.5B-Instruct,663,663,0.842025101184845,97,2.0707621574401855,0.30478692054748535,"[0.3178852986715468, 0.0929009937113058, 1.217073887642701, -0.004014979905366193, -0.005506615586877085]","[0.04743468379675076, 0.020721897971602347, 0.14904382412692616, 0.0007299900194966282, 0.0013455769044271948]",0,SeattleCityCouncil_03092020_CB 119752,model_C
tofueval_Qwen2.5-1.5B-Instruct,664,664,1.5083807706832886,58,1.6337897777557373,0.24560314416885376,"[-0.08781053923698422, 0.22479439943238283, 0.7493999681058179, 0.0034628109998611134, 0.010871894959752259]","[0.02128283567003956, 0.06107731502275971, 0.11474323985673655, 0.0013885506545436549, 0.002267069110087442]",0,SeattleCityCouncil_03092020_CB 119752,model_D
tofueval_Qwen2.5-1.5B-Instruct,665,665,1.0560935735702515,65,1.7595343589782715,0.2328031063079834,"[0.19483450776224345, 0.1711842650291146, 0.6373226636075952, 0.002272449702958021, 0.0315401130045547]","[0.06097790928592898, 0.037110167108673625, 0.10665807860173468, 0.0009526492922864586, 0.00160232049615318]",0,SeattleCityCouncil_03092020_CB 119752,model_E
tofueval_Qwen2.5-1.5B-Instruct,666,666,2.34023118019104,44,0.942561149597168,0.21654357016086578,"[0.05023593374789925, -0.00747009601698003, 0.18374361924229146, -0.034737326012956066, 0.0900886717149247]","[0.02006141261284194, 0.01600022276116678, 0.10385607000543215, 0.003512446378698025, 0.0029388183516568297]",0,SeattleCityCouncil_03092020_CB 119752,Model-Extra
tofueval_Qwen2.5-1.5B-Instruct,667,667,1.0230412483215332,86,1.755926489830017,0.2649521231651306,"[-0.004065534968821191, 0.4268407930557746, 0.9517847726298875, 0.004167895033322904, -7.85995240686705e-05]","[0.01880117558257526, 0.05643284987520527, 0.12308114173771798, 0.0009469903394653746, 0.0014365653123224657]",0,SeattleCityCouncil_03092020_CB 119752,model_A
tofueval_Qwen2.5-1.5B-Instruct,668,668,0.8520588278770447,105,1.864396572113037,0.283549427986145,"[-0.015539731453706433, 0.10014536841173097, 1.2951344667845184, 0.008589549504228801, 0.011114481560140294]","[0.023244229907585838, 0.0227251197694202, 0.18905445607261495, 0.0007980231686652977, 0.0014943845633075355]",0,SeattleCityCouncil_03092020_CB 119752,model_B
tofueval_Qwen2.5-1.5B-Instruct,669,669,1.188472032546997,80,1.870303750038147,0.26180487871170044,"[-0.0019405670441983603, 0.4436247528345575, 0.5490416925933687, -0.01952711130090847, 0.1902441448257605]","[0.02558779589404061, 0.05155243394137301, 0.09200168805943747, 0.0029525301726387454, 0.014089877376203219]",0,SeattleCityCouncil_03092020_CB 119752,model_C
tofueval_Qwen2.5-1.5B-Instruct,670,670,1.4110466241836548,51,1.704046368598938,0.279480904340744,"[0.058778853822778, 0.21916522595582885, 0.8391331870693202, -0.02190980981600553, 0.01889945670086936]","[0.04504285247241132, 0.028762363194747356, 0.1308912184153662, 0.0018282642772780545, 0.003445328847959115]",0,SeattleCityCouncil_03092020_CB 119752,model_D
tofueval_Qwen2.5-1.5B-Instruct,671,671,1.0637857913970947,40,2.271620750427246,0.28571033477783203,"[0.43689313262875656, 0.17640603409090544, 0.8945723224984249, 0.018770392652368174, 0.030150960362516344]","[0.06726724382051544, 0.030677940913210477, 0.10414075255384887, 0.0010924444434749602, 0.002008785894213361]",0,SeattleCityCouncil_03092020_CB 119752,model_E
tofueval_Qwen2.5-1.5B-Instruct,672,672,1.6677072048187256,63,0.5821669101715088,0.17386606335639954,"[0.2017356514517728, 0.25552690906232106, 0.040454602523476796, 0.007055475507398128, 5.90997790115782e-05]","[0.08819732375582495, 0.0828970896649451, 0.007057319633289021, 0.0011846707086835833, 0.0037580118469005383]",0,SeattleCityCouncil_03202017_CB 118921,Model-Extra
tofueval_Qwen2.5-1.5B-Instruct,673,673,1.3071775436401367,64,0.8192795515060425,0.20218577980995178,"[0.19118394830762497, 0.613325910961521, -0.021023603277470215, 0.007940101973346714, -0.03946572004284832]","[0.060315051528816, 0.12911855145383377, 0.001921131776864371, 0.0012857999740276682, 0.0046668932872084845]",1,SeattleCityCouncil_03202017_CB 118921,model_A
tofueval_Qwen2.5-1.5B-Instruct,674,674,0.8524312376976013,96,1.24779212474823,0.2142200917005539,"[0.4107021890458782, 0.7796813607928925, -0.01258707512130286, 7.33624469451873e-05, 0.0007521998974861314]","[0.07266757101813444, 0.137145108619625, 0.0010592386001485228, 0.0007571019953722669, 0.0036175109378261774]",0,SeattleCityCouncil_03202017_CB 118921,model_B
tofueval_Qwen2.5-1.5B-Instruct,675,675,1.0701061487197876,76,1.1708695888519287,0.20115359127521515,"[0.37057207847173185, 0.7426623951540406, -0.015680904677681514, -0.02339566866849533, 0.0016450832784022694]","[0.09945804547504322, 0.10207821421309105, 0.0013186299405740435, 0.000970527144651693, 0.0032086584504005607]",0,SeattleCityCouncil_03202017_CB 118921,model_C
tofueval_Qwen2.5-1.5B-Instruct,676,676,1.1597408056259155,57,0.9141212105751038,0.19848912954330444,"[0.3967923587627235, 0.42144017690617674, 0.00020317862972182125, 0.014968566665182854, -0.023001926381096525]","[0.064708521305679, 0.10620330408861073, 0.0016534673368768015, 0.0010313962944388478, 0.0038815556435541736]",1,SeattleCityCouncil_03202017_CB 118921,model_D
tofueval_Qwen2.5-1.5B-Instruct,677,677,1.0781466960906982,111,0.9719263315200806,0.18654432892799377,"[0.2522263213054061, 0.6111094087630975, -0.037714878060247786, 0.015586147223542424, -0.029158927507499332]","[0.055830459078791125, 0.11853871586118926, 0.00930417315667277, 0.0030012635251578327, 0.003995300171082646]",0,SeattleCityCouncil_03202017_CB 118921,model_E
tofueval_Qwen2.5-1.5B-Instruct,678,678,1.4020944833755493,67,1.100178599357605,0.21470879018306732,"[0.30468622818432833, 0.3033276911566048, 0.008166291198863494, 0.015044852254179014, 0.004884974537990682]","[0.0993491316604282, 0.06768790566626032, 0.00669577390751885, 0.0016579749541940703, 0.003065859476803902]",0,SeattleCityCouncil_03202017_CB 118921,Model-Extra
tofueval_Qwen2.5-1.5B-Instruct,679,679,1.0379369258880615,72,1.3668116331100464,0.25448405742645264,"[0.4150231211310711, 0.5446439143664874, -0.005797218454265223, 0.0016145195807237339, 0.0008808500502305429]","[0.12388234687567252, 0.10044078686314448, 0.0020561142886320973, 0.0012603621267114956, 0.002591411707983345]",0,SeattleCityCouncil_03202017_CB 118921,model_A
tofueval_Qwen2.5-1.5B-Instruct,680,680,0.8228648900985718,99,1.6455329656600952,0.26686951518058777,"[0.7450182372608973, 0.728589574806778, -0.00309786981907022, 0.000603234216774728, 0.011301135223817768]","[0.11298369027798055, 0.12571286310886326, 0.002897257174700686, 0.0013110861429877882, 0.0026007961997393204]",0,SeattleCityCouncil_03202017_CB 118921,model_B
tofueval_Qwen2.5-1.5B-Instruct,681,681,1.1433241367340088,122,1.0689640045166016,0.19664978981018066,"[0.3307622946503529, 0.4673659295264069, 0.21493225025616366, 0.022948682385660623, -0.023438481911696608]","[0.07397580908879156, 0.07733281333104493, 0.03716176476627302, 0.0019620365352834334, 0.0029622496387949255]",0,SeattleCityCouncil_03202017_CB 118921,model_C
tofueval_Qwen2.5-1.5B-Instruct,682,682,0.8220775127410889,97,1.923721194267273,0.28472235798835754,"[0.9945079798521546, 0.5948957351820073, -0.01782219799286901, 0.0006186069998894362, -0.0442580033273799]","[0.1652859953053136, 0.0816710996340772, 0.002467093917966123, 0.0011566004972227224, 0.005498505489197566]",0,SeattleCityCouncil_03202017_CB 118921,model_D
tofueval_Qwen2.5-1.5B-Instruct,683,683,0.9896925091743469,56,2.023446559906006,0.28516295552253723,"[0.44060362719184404, 0.8535159232732374, 0.011743058820327081, 0.019541760064514944, -0.012893106668181125]","[0.14079547508799806, 0.09634086027041125, 0.0014348883330482312, 0.0006679333602416396, 0.002321661733868195]",0,SeattleCityCouncil_03202017_CB 118921,model_E
tofueval_Qwen2.5-1.5B-Instruct,684,684,1.9967535734176636,54,0.7848658561706543,0.18327663838863373,"[0.13031211412507454, 0.24632892355374578, 0.003780359250312257, -0.008472569893692035, -0.0013464650492770252]","[0.07971654184809639, 0.06607458513430915, 0.005954450116704451, 0.0012865934119822163, 0.003327755132347563]",0,SeattleCityCouncil_03202017_CB 118921,Model-Extra
tofueval_Qwen2.5-1.5B-Instruct,685,685,0.8151541948318481,110,1.580710530281067,0.23884983360767365,"[0.6419070805539707, 0.7038157532618987, -0.005031515953578492, 0.000852819440251551, -0.0019934399312371005]","[0.10276002243015175, 0.11853142767120062, 0.0012082241107164422, 0.0011086328950217319, 0.0021550030129625177]",1,SeattleCityCouncil_03202017_CB 118921,model_A
tofueval_Qwen2.5-1.5B-Instruct,686,686,0.698672354221344,132,1.2082016468048096,0.21419115364551544,"[0.19000207585571444, 0.8967505046599523, -0.01183756383268832, 0.003529560021215247, -0.01267478661569991]","[0.05908599045461991, 0.15574383406568956, 0.0010197923075736526, 0.0008477436337460373, 0.001568139239079721]",1,SeattleCityCouncil_03202017_CB 118921,model_B
tofueval_Qwen2.5-1.5B-Instruct,687,687,1.0092438459396362,57,1.4504497051239014,0.2387290596961975,"[0.6005442282011356, 0.48370028209491894, 0.0037784945718732687, 0.011578194789507777, -0.0023661299105457913]","[0.13202352222128466, 0.0913297697389788, 0.001108188991363397, 0.0007663898148140553, 0.0028289531082445287]",0,SeattleCityCouncil_03202017_CB 118921,model_C
tofueval_Qwen2.5-1.5B-Instruct,688,688,1.036275863647461,65,1.0494577884674072,0.20865336060523987,"[0.6658996377880193, 0.00808220412223958, -0.008310672731945837, -0.002705916647783642, -0.022331923339851737]","[0.12945395423188388, 0.06941070701811021, 0.0013959692867842933, 0.0007462242309158613, 0.002453851303212892]",0,SeattleCityCouncil_03202017_CB 118921,model_D
tofueval_Qwen2.5-1.5B-Instruct,689,689,0.92429119348526,112,1.5005114078521729,0.24487781524658203,"[0.49091933263686577, 0.7937344253872912, -0.009538136323872745, -0.001851729569141623, -0.013418958499041114]","[0.08476607783818833, 0.16032496589162243, 0.0013069339576290417, 0.0009105305671290864, 0.0018728388734276433]",1,SeattleCityCouncil_03202017_CB 118921,model_E
tofueval_Qwen2.5-1.5B-Instruct,690,690,1.2235825061798096,76,1.3295572996139526,0.2715532183647156,"[0.08488687252821892, 0.5194856966232979, 0.0026186944259710514, -0.0035482946450907833, 0.01831575684627751]","[0.02704029149632142, 0.10134631414304127, 0.0006144639757956994, 0.0005403000082388213, 0.002508726476865999]",0,SeattleCityCouncil_03282016_CB 118644,Model-Extra
tofueval_Qwen2.5-1.5B-Instruct,691,691,0.9530806541442871,150,1.899742841720581,0.2913661301136017,"[0.4172795292120039, 0.8245843314907203, -0.003496889960078988, -0.011513995084581742, -0.00288583570625633]","[0.05091954040676228, 0.11843519773372767, 0.001152000785104216, 0.0008288598043789837, 0.0027166315352512055]",1,SeattleCityCouncil_03282016_CB 118644,model_A
tofueval_Qwen2.5-1.5B-Instruct,692,692,0.6808829307556152,74,1.990217924118042,0.3122989237308502,"[0.46937296564229236, 0.2861215370706034, -0.00693377877748414, 9.303227430005004e-05, -0.012323187071111484]","[0.05768479315966294, 0.04850441849563398, 0.0005791228691138614, 0.000604748836989271, 0.0016011854020818548]",0,SeattleCityCouncil_03282016_CB 118644,model_B
tofueval_Qwen2.5-1.5B-Instruct,693,693,1.2218143939971924,103,1.4584254026412964,0.2374148815870285,"[0.10428636870177427, 0.9989386638018949, 0.018954646912091457, -0.011881096066892355, -0.017126261056581674]","[0.0508713171525547, 0.12692504077261846, 0.00816849341826684, 0.002594925811121074, 0.008037892347893275]",1,SeattleCityCouncil_03282016_CB 118644,model_C
tofueval_Qwen2.5-1.5B-Instruct,694,694,1.0055832862854004,123,2.0041542053222656,0.3287648856639862,"[0.19207019563227215, 0.34822352899469644, 0.01986877713370188, -0.014433313956343648, 0.7097334589813202]","[0.03447448021813393, 0.054463579895998294, 0.003740325831504434, 0.0013380939173245911, 0.10769432141744559]",1,SeattleCityCouncil_03282016_CB 118644,model_D
tofueval_Qwen2.5-1.5B-Instruct,695,695,0.42563676834106445,140,1.9984322786331177,0.29564395546913147,"[0.23339840630407188, 0.931695350991296, -0.003420762261183492, 0.005484920074013644, -0.0006899764117666304]","[0.03121815643052709, 0.13720715599109293, 0.0004255564380181503, 0.00039998081279333874, 0.0012226907519496827]",0,SeattleCityCouncil_03282016_CB 118644,model_E
tofueval_Qwen2.5-1.5B-Instruct,696,696,2.470182418823242,48,0.9350435137748718,0.14309759438037872,"[0.19550855472577192, -0.007378131746615206, 0.004868647800321924, 0.0113370655781182, 0.36868648077021743]","[0.028699352495247393, 0.005715029226015152, 0.001128224538338903, 0.0013135905241673147, 0.07933545513249858]",0,SeattleCityCouncil_03282016_CB 118644,Model-Extra
tofueval_Qwen2.5-1.5B-Instruct,697,697,2.0768704414367676,37,1.306069016456604,0.2477353811264038,"[0.05578526239401686, -0.03486598450596117, -0.04497997419015076, -0.043018574993176434, 1.1112833299069993]","[0.020526439235205494, 0.004052777727123169, 0.0007584810269395963, 0.0010481445931725681, 0.21811665711622383]",0,SeattleCityCouncil_03282016_CB 118644,model_A
tofueval_Qwen2.5-1.5B-Instruct,698,698,0.8068567514419556,128,1.8019241094589233,0.24089059233665466,"[0.30391574814314026, 0.5125459279842062, 0.02923531740600538, 0.006271594058262053, 0.5649226080947756]","[0.045630741687048726, 0.08166202918631882, 0.002182836700223234, 0.0016300973156821996, 0.07585836072573571]",1,SeattleCityCouncil_03282016_CB 118644,model_B
tofueval_Qwen2.5-1.5B-Instruct,699,699,1.71602463722229,40,1.6203134059906006,0.2275376319885254,"[0.07774414002487902, 0.014215262283687479, -0.005806292123452295, 0.006513951980741695, 1.0263436486013233]","[0.019117619622738856, 0.002439988783487479, 0.0003944625025951609, 0.0004181459851452018, 0.19946661052526907]",0,SeattleCityCouncil_03282016_CB 118644,model_C
tofueval_Qwen2.5-1.5B-Instruct,700,700,1.4154267311096191,43,1.6467989683151245,0.26366138458251953,"[0.031654829643991626, 0.010333486793421989, 0.0019629489830803384, 0.0076484569635372176, 1.2729051955650712]","[0.014718457215473981, 0.002683560295675433, 0.0005577989752880037, 0.0008180838316558609, 0.2428740311256978]",0,SeattleCityCouncil_03282016_CB 118644,model_D
tofueval_Qwen2.5-1.5B-Instruct,701,701,1.6029572486877441,42,1.381782054901123,0.2558567523956299,"[0.4223842627363324, 0.015013060707999449, -0.012511060669133994, 0.005030200246394435, 0.40230068092967575]","[0.07432652185984591, 0.008023983174525927, 0.0011529197150225844, 0.0011049600653580325, 0.12630549859460957]",0,SeattleCityCouncil_03282016_CB 118644,model_E
tofueval_Qwen2.5-1.5B-Instruct,702,702,0.8998521566390991,52,1.8585041761398315,0.31182992458343506,"[0.38558249796019833, 0.05947584984656155, -0.0043645966669338615, -0.0005988708496890747, 0.004519958082080568]","[0.03670411856585186, 0.01478692575666138, 0.0005397956780239627, 0.0004353787947348582, 0.0013079440695553156]",0,SeattleCityCouncil_03282016_CB 118644,Model-Extra
tofueval_Qwen2.5-1.5B-Instruct,703,703,1.1158790588378906,62,1.5426875352859497,0.27219581604003906,"[0.27339017405334276, 0.18235383282867149, 0.005699595549348516, 0.01735502622309028, 0.11458841968194447]","[0.07989252739202085, 0.04448293146079748, 0.0008361635397426242, 0.0010466472409615885, 0.014817264861119017]",0,SeattleCityCouncil_03282016_CB 118644,model_A
tofueval_Qwen2.5-1.5B-Instruct,704,704,0.9821217656135559,66,1.3888410329818726,0.23337234556674957,"[0.1137575578349325, 1.2707711209888768, -0.017760212612990996, 0.0030045707451680564, -0.04497381291973094]","[0.023411578348245574, 0.15970898838956296, 0.0010225803809355443, 0.001127650476917097, 0.0034563882148893645]",1,SeattleCityCouncil_03282016_CB 118644,model_B
tofueval_Qwen2.5-1.5B-Instruct,705,705,0.6866292357444763,116,1.8692724704742432,0.2692587673664093,"[0.5032262961120005, 0.22597553238176324, 0.027095158904495324, -0.008474897900104507, -0.01031079530510961]","[0.06495804834137994, 0.041374974641755595, 0.0022253737232611863, 0.001817728258688652, 0.002898538819146058]",1,SeattleCityCouncil_03282016_CB 118644,model_C
tofueval_Qwen2.5-1.5B-Instruct,706,706,1.133152723312378,119,1.5865836143493652,0.22351060807704926,"[0.28094301200393174, 0.9719998333388228, 0.01888500321847784, -0.0028666745595331143, -0.015528784987041303]","[0.05941296569147904, 0.12248919146420201, 0.005245733807082594, 0.0023813963123101903, 0.006688446036486276]",1,SeattleCityCouncil_03282016_CB 118644,model_D
tofueval_Qwen2.5-1.5B-Instruct,707,707,0.8333122730255127,132,1.7494220733642578,0.2716650664806366,"[0.5307675276743601, 0.2152228747203701, -0.008827761736470027, -0.03040447275711675, 0.3219544172384441]","[0.08256223043639638, 0.04918530005534711, 0.0027448800191361, 0.002178052351654735, 0.04494465417731893]",1,SeattleCityCouncil_03282016_CB 118644,model_E
tofueval_Qwen2.5-1.5B-Instruct,708,708,2.112140655517578,54,0.5443543195724487,0.1456659585237503,"[-0.0886267214976181, -0.001474975772267768, -0.012795080007183261, 0.01643920113673192, 0.292650743837132]","[0.011739782719166248, 0.0006551509001619033, 0.0019978876216555363, 0.001125756088261672, 0.12956583408293698]",1,SeattleCityCouncil_05262020_CB 119794,Model-Extra
tofueval_Qwen2.5-1.5B-Instruct,709,709,1.7900818586349487,39,1.033268928527832,0.20158277451992035,"[0.0620560146545848, -0.010365432910382366, 0.004783598944926873, 0.0021082889766265186, 0.8866881985539714]","[0.009883710214475845, 0.0007599440823002787, 0.0017273557436615543, 0.0011760600606439998, 0.19283974289376205]",1,SeattleCityCouncil_05262020_CB 119794,model_A
tofueval_Qwen2.5-1.5B-Instruct,710,710,0.7349520921707153,47,2.752866268157959,0.32155510783195496,"[0.1064471990429546, -0.003625786813574179, 0.0059694316708160805, -0.0032631419459729395, 2.3651657680574645]","[0.010049585336151296, 0.00032162326535515294, 0.0006775344120971103, 0.00031353384652670394, 0.28604192963053293]",0,SeattleCityCouncil_05262020_CB 119794,model_B
tofueval_Qwen2.5-1.5B-Instruct,711,711,1.324074149131775,48,1.707066535949707,0.278228223323822,"[0.04368310410916365, -0.0074587474849370965, 0.0026791537447176474, 0.006455856607052131, 1.523588906009536]","[0.01294859594715092, 0.0008074950786086296, 0.0012885051055964898, 0.0011326916190673348, 0.25786558050943614]",1,SeattleCityCouncil_05262020_CB 119794,model_C
tofueval_Qwen2.5-1.5B-Instruct,712,712,1.0966668128967285,58,1.8746083974838257,0.28965163230895996,"[0.08746286085863239, -0.02081038353496516, -0.005800722526052188, -0.0020236108538138698, 1.4355988219502815]","[0.012967393010959657, 0.0007247889933092539, 0.00088228922726526, 0.0005675170506539621, 0.2497934595002303]",1,SeattleCityCouncil_05262020_CB 119794,model_D
tofueval_Qwen2.5-1.5B-Instruct,713,713,2.2806432247161865,38,0.741790771484375,0.17326849699020386,"[-0.07890796536613427, -0.0041275382406494926, 0.02388293567913168, 0.03353349428844491, 0.45557477414657016]","[0.026258374051693817, 0.0034592218887251206, 0.0024419518454602725, 0.0012804456687861507, 0.12694002378367786]",1,SeattleCityCouncil_05262020_CB 119794,Model-Extra
tofueval_Qwen2.5-1.5B-Instruct,714,714,1.0627939701080322,91,1.723796010017395,0.22896771132946014,"[0.07037610996935205, -0.018358128870054464, 0.011532588420328007, -0.0032205278122881403, 1.5566644719910583]","[0.008231835422570789, 0.001639642377418008, 0.0009843258765296103, 0.000833417064697372, 0.20807804648635222]",1,SeattleCityCouncil_05262020_CB 119794,model_A
tofueval_Qwen2.5-1.5B-Instruct,715,715,1.7205438613891602,34,2.2936534881591797,0.29634010791778564,"[0.07352383781108074, -0.025534025979783003, -0.0011648077531443799, 0.012044636100386818, 2.1516158006304655]","[0.02251007582708553, 0.00435863172556845, 0.0015769424552913465, 0.002119047914581696, 0.2593456955116434]",1,SeattleCityCouncil_05262020_CB 119794,model_B
tofueval_Qwen2.5-1.5B-Instruct,716,716,0.8155592083930969,50,2.7215096950531006,0.30189430713653564,"[0.11323432944045635, -0.0008387635518738534, 0.024839708907238675, 0.006758326141425641, 2.414636459806934]","[0.009411806757634622, 0.001665005508220929, 0.000734018958046363, 0.00032580329087068095, 0.2734133917838335]",0,SeattleCityCouncil_05262020_CB 119794,model_C
tofueval_Qwen2.5-1.5B-Instruct,717,717,1.5679337978363037,29,2.096090316772461,0.30342891812324524,"[0.19724446101162327, -0.01544073752753822, -0.010884396089562055, -0.0003083700751725199, 1.9470751125140693]","[0.018863312521261832, 0.004059879878852747, 0.0020675998039537107, 0.0014931328172804507, 0.2603751518422385]",0,SeattleCityCouncil_05262020_CB 119794,model_D
tofueval_Qwen2.5-1.5B-Instruct,718,718,1.4549891948699951,61,1.4971797466278076,0.19632861018180847,"[0.041841786275758526, 0.0007741332901489051, -0.0069101322303930695, 0.02541917769336638, 1.2843611405391369]","[0.009924324415101556, 0.0019249374012040373, 0.0014167946629402382, 0.0009875462735523843, 0.16724965000166328]",1,SeattleCityCouncil_05262020_CB 119794,model_E
tofueval_Qwen2.5-1.5B-Instruct,719,719,2.3495986461639404,39,0.6104827523231506,0.1270849108695984,"[-0.1546004041372679, 0.007674857478541059, -0.008030039267256282, 0.006118406544630535, 0.18638558932042754]","[0.014734146467302568, 0.0005780639362339384, 0.0018762438393400188, 0.0005178157910986323, 0.09592164353410063]",0,SeattleCityCouncil_05262020_CB 119794,Model-Extra
tofueval_Qwen2.5-1.5B-Instruct,720,720,2.1707708835601807,44,0.32023996114730835,0.12244443595409393,"[0.08534299457890236, -0.0018905372641959482, 0.02394058800399018, -0.0015760729963651763, 0.6286582355875329]","[0.01090533242352039, 0.0007627764221457379, 0.0015129859224432803, 0.0007037001974972347, 0.09679413356627978]",0,SeattleCityCouncil_05262020_CB 119794,model_A
tofueval_Qwen2.5-1.5B-Instruct,721,721,0.7774955630302429,46,3.013795852661133,0.30513378977775574,"[0.0916160204626225, -0.004398067619426318, -0.0059826666617047285, -0.008863142236963462, 2.6877701451809592]","[0.013571686109215712, 0.00034468691038732095, 0.0007672094152044535, 0.00040733930204030753, 0.29149671282831824]",0,SeattleCityCouncil_05262020_CB 119794,model_B
tofueval_Qwen2.5-1.5B-Instruct,722,722,1.026505708694458,47,2.8658337593078613,0.37842538952827454,"[0.21507620107366435, -0.00995952358278644, -0.013565858980848831, -0.0016776409852838619, 1.69627914850927]","[0.030461894329948065, 0.0005408425065283193, 0.0007009883142153682, 0.00041928341556740634, 0.2665441154515955]",0,SeattleCityCouncil_05262020_CB 119794,model_C
tofueval_Qwen2.5-1.5B-Instruct,723,723,1.8571691513061523,62,1.1987727880477905,0.21412675082683563,"[0.12836299747070898, -0.009721486124157484, 0.0032019642934638767, 0.0027618732100592987, 0.8495397279339452]","[0.027132222332071368, 0.0012416978481504034, 0.0025598475431985617, 0.0011671569031198987, 0.18164501324081944]",0,SeattleCityCouncil_05262020_CB 119794,model_D
tofueval_Qwen2.5-1.5B-Instruct,724,724,1.2581638097763062,60,1.5124112367630005,0.23963017761707306,"[0.19217705419040007, 0.016122572953251316, -0.005053177318692785, 0.025155831437480933, 0.7873778266225903]","[0.029308004893566893, 0.0006628026968134767, 0.0013470832987290274, 0.0008961674678270508, 0.16899555902728025]",0,SeattleCityCouncil_05262020_CB 119794,model_E
tofueval_Qwen2.5-1.5B-Instruct,725,725,1.3985180854797363,43,1.7922065258026123,0.29951047897338867,"[1.2415467914666636, -0.0033978844276557644, 0.229788780412745, 0.08061898630051495, 0.013784204274426969]","[0.13909095691345758, 0.005179141665989661, 0.03617922078639589, 0.009237852441178881, 0.005920785600590423]",0,SeattleCityCouncil_06222015_Res 31594,Model-Extra
tofueval_Qwen2.5-1.5B-Instruct,726,726,0.6657604575157166,68,2.3523972034454346,0.3287486433982849,"[2.144718093220624, 0.00041039483284400965, 0.11534877515837519, -0.01522963409902064, -0.008823922097248856]","[0.2291786831236309, 0.00249713307876304, 0.02442800032327722, 0.0018022787556074102, 0.0030741987067047457]",1,SeattleCityCouncil_06222015_Res 31594,model_A
tofueval_Qwen2.5-1.5B-Instruct,727,727,1.1482532024383545,40,1.9068397283554077,0.34835201501846313,"[1.4675869939645054, -0.05766882890939087, 0.2078397102267445, 0.0665561722775692, -0.016768872834063586]","[0.18877270000066346, 0.005623215285005046, 0.03826390957098198, 0.002751045921240447, 0.005923206560976979]",0,SeattleCityCouncil_06222015_Res 31594,model_B
tofueval_Qwen2.5-1.5B-Instruct,728,728,1.032969355583191,58,1.8396118879318237,0.29721882939338684,"[0.9319950038745822, -0.023415084877742316, 0.15342085097619992, 0.26743134347496633, -0.017790726775901617]","[0.12657302929384404, 0.005466276369683316, 0.028105096281455313, 0.04114949073561218, 0.00499947513492659]",0,SeattleCityCouncil_06222015_Res 31594,model_C
tofueval_Qwen2.5-1.5B-Instruct,729,729,1.1895701885223389,40,2.146702527999878,0.3144497871398926,"[1.4361289423075505, -0.012840933677216526, 0.2108657859316736, 0.008962090508794063, 0.011553906614790322]","[0.16435955548658968, 0.005355745711753457, 0.04026434268344019, 0.0012044325088027108, 0.004360210613765503]",0,SeattleCityCouncil_06222015_Res 31594,model_D
tofueval_Qwen2.5-1.5B-Instruct,730,730,2.0554311275482178,60,1.4399081468582153,0.23157240450382233,"[-0.006750521291147986, 0.014145784335141798, -0.008195863923416861, 1.283529026224278, -0.011525437837675175]","[0.006788706474738623, 0.0004337467043418049, 0.0019051474587437648, 0.19833621685388608, 0.007852389097706691]",1,SeattleCityCouncil_06222015_Res 31594,Model-Extra
tofueval_Qwen2.5-1.5B-Instruct,731,731,0.8973835110664368,94,2.017516613006592,0.294988751411438,"[0.8479499973305947, -0.006361579287918273, 0.0674071160524847, 0.8812964527181627, -0.032742021769662004]","[0.07658870702459446, 0.0023276198597780885, 0.01824679035181565, 0.13183245717397207, 0.006585463606611749]",1,SeattleCityCouncil_06222015_Res 31594,model_A
tofueval_Qwen2.5-1.5B-Instruct,732,732,0.9304115772247314,109,1.841323733329773,0.28829333186149597,"[0.7257113129630727, 0.0012493765372497414, 0.04753178640356789, 0.8810103899897279, -0.005924960203003072]","[0.09193097043046049, 0.001997400379119685, 0.017133077937236264, 0.1492775746954029, 0.008484879981183607]",1,SeattleCityCouncil_06222015_Res 31594,model_B
tofueval_Qwen2.5-1.5B-Instruct,733,733,1.1696523427963257,87,1.56282639503479,0.2576608657836914,"[-0.01543585610975817, 0.006982402676453342, 0.10994082977245936, 1.1739377836846838, -0.05022286869079208]","[0.005798059097290744, 0.0018057214854383054, 0.015151520213773056, 0.17001489071028913, 0.008243850009423254]",0,SeattleCityCouncil_06222015_Res 31594,model_C
tofueval_Qwen2.5-1.5B-Instruct,734,734,1.4403265714645386,53,0.8039973378181458,0.16289693117141724,"[0.12611472242873067, 0.012027709755372753, -0.020784388807296293, 0.4454658194194362, -0.004393393456048902]","[0.015598123589472405, 0.0009458292451465652, 0.0016276304329558803, 0.09331664692776973, 0.007591884959329079]",0,SeattleCityCouncil_06222015_Res 31594,model_D
tofueval_Qwen2.5-1.5B-Instruct,735,735,1.118500828742981,81,1.4307438135147095,0.2342468500137329,"[-0.011388717643890343, 0.025304458451266585, 0.09621193794395996, 0.9898552427797161, 0.007660507012599142]","[0.015335590179467144, 0.0024770592269086826, 0.024559607705062565, 0.1300064581986348, 0.006126590139826355]",1,SeattleCityCouncil_06222015_Res 31594,model_E
tofueval_Qwen2.5-1.5B-Instruct,736,736,1.9519768953323364,62,1.4613724946975708,0.24403858184814453,"[0.510904704361418, 0.006951036198804486, 0.08729480501947805, 0.5860991210441082, -0.03164274481288533]","[0.06813631876822558, 0.0037704341216065205, 0.02414461505920753, 0.07564367895238613, 0.004798135463107106]",1,SeattleCityCouncil_06222015_Res 31594,Model-Extra
tofueval_Qwen2.5-1.5B-Instruct,737,737,1.1425514221191406,58,2.7355711460113525,0.3463411331176758,"[2.459741846228757, 0.02407047319226469, -0.062267512902853296, -0.04982817005224331, 0.02532798578732613]","[0.27241052146533107, 0.002387033810642716, 0.0036292968565423333, 0.013365354260768385, 0.004685779270611898]",0,SeattleCityCouncil_06222015_Res 31594,model_A
tofueval_Qwen2.5-1.5B-Instruct,738,738,0.8048449158668518,101,2.5799813270568848,0.31024861335754395,"[1.4861989866565835, 0.16568888151442202, 0.2037624539931346, 0.45765272262756884, 0.004315762239484414]","[0.15636504143235874, 0.005823964345577539, 0.02685836905756769, 0.062021937420278915, 0.004130977284652959]",1,SeattleCityCouncil_06222015_Res 31594,model_B
tofueval_Qwen2.5-1.5B-Instruct,739,739,0.9599242210388184,58,2.7222111225128174,0.3489517271518707,"[2.1824422972035946, 0.0027120782913949244, 0.1044412150402987, 0.014683213696618371, -0.03870330801472501]","[0.2430395720313817, 0.0028775316244295467, 0.014045086101826452, 0.003740019432762924, 0.004628198770966452]",0,SeattleCityCouncil_06222015_Res 31594,model_C
tofueval_Qwen2.5-1.5B-Instruct,740,740,1.2876696586608887,48,1.114881157875061,0.23101317882537842,"[-0.045046810669058836, 0.005362497985477906, 0.10376530359566989, 0.7153951383941907, -0.007173558453928308]","[0.03132214209995432, 0.0017400268024729826, 0.015995550540785313, 0.10564786470412783, 0.005949618473209739]",0,SeattleCityCouncil_06222015_Res 31594,model_D
tofueval_Qwen2.5-1.5B-Instruct,741,741,0.9400287866592407,110,2.095653533935547,0.3319067060947418,"[1.0681133471223636, -0.0332434046956223, 0.034320754785783884, 0.8724205132232534, -0.04700592951216177]","[0.13196817248995102, 0.002881970293679036, 0.014938111596907014, 0.13366332831223685, 0.005885381752851386]",1,SeattleCityCouncil_06222015_Res 31594,model_E
tofueval_Qwen2.5-1.5B-Instruct,742,742,1.1223753690719604,44,0.987122118473053,0.21784399449825287,"[0.3672146591639334, 0.5894095522903213, 0.014502277774226968, 0.002500473162316749, -0.02128826644333127]","[0.10996761889832514, 0.07016880980801364, 0.0017056729321842051, 0.0012238343172157329, 0.005233895866764856]",0,SeattleCityCouncil_07062020_CB 119814,Model-Extra
tofueval_Qwen2.5-1.5B-Instruct,743,743,1.1345345973968506,79,1.8830772638320923,0.2622647285461426,"[0.17415286419746517, 0.7837380303949143, 0.9484326706657572, 0.01408191274379222, -0.0108513514031972]","[0.0531834631344463, 0.0975038604498152, 0.10562998550926533, 0.0016172252551134275, 0.007963960623476108]",0,SeattleCityCouncil_07062020_CB 119814,model_A
tofueval_Qwen2.5-1.5B-Instruct,744,744,0.6233167052268982,138,2.124030590057373,0.3018772006034851,"[1.4433528309562305, 0.6536638801896344, 0.03524867716097778, 0.012507452991788645, 0.019656617014281463]","[0.20002518710922015, 0.10811647026463415, 0.002773448023333664, 0.0012739104638753765, 0.003546733244548001]",0,SeattleCityCouncil_07062020_CB 119814,model_B
tofueval_Qwen2.5-1.5B-Instruct,745,745,0.6579646468162537,106,2.0805599689483643,0.27679622173309326,"[1.4750636187763686, 0.4314381242692657, 0.009661538267741803, 0.004598821454495027, -0.007352475762707159]","[0.19937594949130538, 0.08359731738182574, 0.0014662410083244723, 0.0006200198973373354, 0.003571174066103526]",0,SeattleCityCouncil_07062020_CB 119814,model_C
tofueval_Qwen2.5-1.5B-Instruct,746,746,0.35884198546409607,133,2.3338382244110107,0.3536912798881531,"[1.4420699680652302, 0.7503171939825372, 0.020913932290288113, -0.00179667742065105, -0.004637384062163646]","[0.20573983248459968, 0.14797962215878838, 0.005494114671049738, 0.0008078456873154398, 0.0023519732614570962]",0,SeattleCityCouncil_07062020_CB 119814,model_D
tofueval_Qwen2.5-1.5B-Instruct,747,747,0.9016942381858826,85,1.1621261835098267,0.20697851479053497,"[0.5740831343091165, 0.5425028153402309, 0.022770323690255122, 0.0007059670331192833, 0.011586788446742075]","[0.0998419549185896, 0.08194750136188184, 0.0020803051273254464, 0.0012038575837958459, 0.0053403303341991995]",0,SeattleCityCouncil_07062020_CB 119814,model_E
tofueval_Qwen2.5-1.5B-Instruct,748,748,1.509722113609314,51,1.1584528684616089,0.2392791360616684,"[0.445975350517056, 0.5873883006302183, 0.015260805440572999, -0.007435390607675871, -0.06582017823101897]","[0.09694990851774349, 0.09514830200999973, 0.004815593637288782, 0.001343853291179103, 0.016190132668371274]",0,SeattleCityCouncil_07062020_CB 119814,Model-Extra
tofueval_Qwen2.5-1.5B-Instruct,749,749,0.3761933445930481,155,2.486863613128662,0.36014196276664734,"[1.2293592025875113, 1.07549665166366, 0.007684145911961452, 0.0038246246683317415, 0.0347863512451553]","[0.16886931443248965, 0.18506099164923867, 0.0011671419352263647, 0.0006907698485685115, 0.003209714784715391]",0,SeattleCityCouncil_07062020_CB 119814,model_A
tofueval_Qwen2.5-1.5B-Instruct,750,750,0.46983572840690613,124,2.53827166557312,0.3451025187969208,"[1.6086840066197892, 0.6627079970644592, 0.00521639827047693, 0.0048059878028740765, 0.06425719889013283]","[0.2267051627327859, 0.09719180346168023, 0.0013353781268520951, 0.0008430237538120416, 0.007709011825844921]",1,SeattleCityCouncil_07062020_CB 119814,model_B
tofueval_Qwen2.5-1.5B-Instruct,751,751,0.5865796804428101,82,3.1369900703430176,0.3975135087966919,"[1.9563787787522349, 0.6202010928108194, -0.007225114215277533, -0.008323729020847211, -0.030885805097435565]","[0.25815376315461813, 0.09978503786811505, 0.0031258805558090122, 0.0007713686875487793, 0.006541125966999438]",0,SeattleCityCouncil_07062020_CB 119814,model_C
tofueval_Qwen2.5-1.5B-Instruct,752,752,0.9517985582351685,63,1.3071303367614746,0.2354058176279068,"[0.5533406045682828, 0.3781648451825724, -0.016572896677341003, -0.01724834360749579, -0.05737286130043064]","[0.11718092906362255, 0.07595819554842184, 0.0023906321085427236, 0.0008208767996606299, 0.008016141949809256]",0,SeattleCityCouncil_07062020_CB 119814,model_D
tofueval_Qwen2.5-1.5B-Instruct,753,753,0.6685627102851868,99,2.8251049518585205,0.3685721457004547,"[1.4889455217035543, 0.39689991562758076, 0.7125161227347115, 0.0010015381705872845, 0.011184703335535656]","[0.20406891965581284, 0.06549756402484784, 0.08230787156142698, 0.0008599864718860891, 0.004396964847449332]",0,SeattleCityCouncil_07062020_CB 119814,model_E
tofueval_Qwen2.5-1.5B-Instruct,754,754,1.7152193784713745,33,1.3354802131652832,0.23216499388217926,"[0.38015039887007634, 0.6973437990906832, 0.050766811059667925, -0.019218200173451227, -0.03894925308960603]","[0.11290263810935192, 0.07950774000886612, 0.006330908374662393, 0.0017932977971971316, 0.006354660147721777]",0,SeattleCityCouncil_07062020_CB 119814,Model-Extra
tofueval_Qwen2.5-1.5B-Instruct,755,755,0.8276939988136292,64,2.1938228607177734,0.3230075240135193,"[1.1852544507892162, 0.5367966933540629, 0.009534245474128511, -0.002994757494775513, 0.009074279290530285]","[0.18990830766165345, 0.08946388222340573, 0.0033363230952403455, 0.0008952321396975549, 0.005210617643498949]",0,SeattleCityCouncil_07062020_CB 119814,model_A
tofueval_Qwen2.5-1.5B-Instruct,756,756,0.24314002692699432,120,2.8027596473693848,0.4025377333164215,"[1.6470365381879675, 0.921077258237104, 0.014204662816518976, 0.0008364124314236203, -0.005370770946168098]","[0.22349745886543435, 0.1649349710965718, 0.0012381702027624898, 0.000490032842403328, 0.0022323934602079968]",0,SeattleCityCouncil_07062020_CB 119814,model_B
tofueval_Qwen2.5-1.5B-Instruct,757,757,0.9595970511436462,101,1.6414330005645752,0.2875971794128418,"[0.6418545123009661, 0.7475586535191102, -0.002787590600661079, 0.00505666115041905, 0.0013477172243472181]","[0.13155783133712554, 0.12837063571925394, 0.003081981989076821, 0.0017888349762571498, 0.0067770791923270745]",0,SeattleCityCouncil_07062020_CB 119814,model_C
tofueval_Qwen2.5-1.5B-Instruct,758,758,0.9079113602638245,60,1.5350425243377686,0.244479238986969,"[0.6092838507363922, 0.5300299227111585, 0.025397418304904325, 0.0029341028549727827, -0.032187013972725255]","[0.11272159701469112, 0.08334808779729883, 0.004412326881614111, 0.000707965701538645, 0.008974118979116005]",0,SeattleCityCouncil_07062020_CB 119814,model_D
tofueval_Qwen2.5-1.5B-Instruct,759,759,0.7301751375198364,95,1.4757643938064575,0.26252952218055725,"[0.6525168294155217, 0.717827182656095, 0.03979940026417209, 0.0020942188398437697, 0.03723958947278956]","[0.1149073259145792, 0.1163931637832703, 0.0036538610801392524, 0.0010080590002985446, 0.0060799444473786934]",0,SeattleCityCouncil_07062020_CB 119814,model_E
tofueval_Qwen2.5-1.5B-Instruct,760,760,2.1074764728546143,52,1.3410086631774902,0.21424736082553864,"[-0.10634720647291172, 0.7366987526928335, 0.025851956392776067, 0.02283414442312138, 0.0037830704484524457]","[0.045899193932751374, 0.11889152608175489, 0.02283519063288745, 0.004294849480582632, 0.005648261260445837]",0,SeattleCityCouncil_08062018_CB 119319,Model-Extra
tofueval_Qwen2.5-1.5B-Instruct,761,761,1.491685390472412,41,2.0966999530792236,0.33643049001693726,"[1.1676325130548963, 0.5023621691322726, -0.038711127666075054, -0.029013470258200315, -0.016345849113039126]","[0.2508477343462135, 0.043305695701014994, 0.0014903177574435576, 0.0012348006135963682, 0.004680023874953338]",0,SeattleCityCouncil_08062018_CB 119319,model_A
tofueval_Qwen2.5-1.5B-Instruct,762,762,1.359540581703186,69,1.7987843751907349,0.258396714925766,"[0.6078105372413858, 0.9399112520221788, 0.005944408547688711, 0.0005524076710255189, -0.025391072169862826]","[0.13095360604358205, 0.10234659244588988, 0.002793438794481227, 0.002111211179990805, 0.002743596035570903]",0,SeattleCityCouncil_08062018_CB 119319,model_B
tofueval_Qwen2.5-1.5B-Instruct,763,763,1.3564633131027222,58,1.7944042682647705,0.21898718178272247,"[0.35900929337869203, 1.1269376323176277, 0.02416772413085584, 0.01727544136331838, 0.040569767290435266]","[0.07591947918416704, 0.09033651608959598, 0.0026903571994674573, 0.0019099570680196096, 0.0030737737494495503]",0,SeattleCityCouncil_08062018_CB 119319,model_C
tofueval_Qwen2.5-1.5B-Instruct,764,764,1.106825828552246,107,1.886138677597046,0.27930471301078796,"[0.8013674970444069, 0.714398178584399, -0.0007804513309004667, 0.009492255529555911, 0.4098907805655982]","[0.1283372511010975, 0.08150490195879509, 0.00624821273801674, 0.004192330176349663, 0.06179883308059012]",0,SeattleCityCouncil_08062018_CB 119319,model_D
tofueval_Qwen2.5-1.5B-Instruct,765,765,1.1958041191101074,51,1.9255101680755615,0.2421736866235733,"[0.9882177132154432, 0.6013182300766678, -0.008531331523651412, -0.005013679624301172, 0.00800976768611387]","[0.13788766258421317, 0.07224249285724116, 0.0015016657458171026, 0.0013351958698288346, 0.001738933153366334]",0,SeattleCityCouncil_08062018_CB 119319,model_E
tofueval_Qwen2.5-1.5B-Instruct,766,766,1.8823657035827637,43,1.2522228956222534,0.21048173308372498,"[0.0038925388531466988, 0.5812556935943999, 0.07065665863554513, 0.03155512227115037, 0.04419602573609662]","[0.051836496449839106, 0.12756103187775594, 0.008185370377757038, 0.002222910174967098, 0.005168238676941296]",0,SeattleCityCouncil_08062018_CB 119319,Model-Extra
tofueval_Qwen2.5-1.5B-Instruct,767,767,1.4642560482025146,41,1.7106587886810303,0.254038006067276,"[0.6381503448594352, 0.9983425635878065, 0.06949758123345219, 0.05697721913562174, 0.004435500030340114]","[0.11672474580394941, 0.11702360503046909, 0.002504859074361975, 0.002115442841196599, 0.0038748769195376277]",0,SeattleCityCouncil_08062018_CB 119319,model_A
tofueval_Qwen2.5-1.5B-Instruct,768,768,1.260772943496704,52,1.5598269701004028,0.23100750148296356,"[0.5390379466376684, 1.001545977960072, 0.02246962576128471, 0.00887237079237261, 0.005330496923726549]","[0.0837174115018535, 0.12837133689368913, 0.00209069952909256, 0.0019924446773618323, 0.0032388438805569944]",0,SeattleCityCouncil_08062018_CB 119319,model_B
tofueval_Qwen2.5-1.5B-Instruct,769,769,1.3935717344284058,108,2.26139760017395,0.29136162996292114,"[0.5979962748313281, 0.5730549546086102, 0.010585860812574942, 0.014494535424293846, 0.8817938485948683]","[0.11036413350621775, 0.082168207375307, 0.0038011662871874114, 0.0038924729366145686, 0.08877250690057246]",1,SeattleCityCouncil_08062018_CB 119319,model_C
tofueval_Qwen2.5-1.5B-Instruct,770,770,1.0634433031082153,116,1.6747421026229858,0.23008570075035095,"[1.1403710802129856, 0.3294449064492099, 0.012325905630452074, 0.023347128686964425, 0.027048297122166394]","[0.17194112538684217, 0.04279625092612472, 0.005237704455741378, 0.002865732854039724, 0.0030094917768635774]",0,SeattleCityCouncil_08062018_CB 119319,model_D
tofueval_Qwen2.5-1.5B-Instruct,771,771,1.2057100534439087,107,1.8215781450271606,0.24460309743881226,"[0.8557567349106028, 0.7344793294265128, 0.022615431356723868, 0.04495359551221435, 0.0037681637282671165]","[0.10485516526311849, 0.11120164655380453, 0.011791419206783449, 0.008361860940594129, 0.0035193596312670904]",0,SeattleCityCouncil_08062018_CB 119319,model_E
tofueval_Qwen2.5-1.5B-Instruct,772,772,1.318966031074524,32,2.1664538383483887,0.28308945894241333,"[-0.0696467550219495, 1.270585204823874, -0.013850584453848569, -0.0013562605445258669, -0.009531174008316157]","[0.03313212260135856, 0.17646603896878332, 0.002360026881660815, 0.0029312335386322275, 0.00140092126312652]",0,SeattleCityCouncil_08062018_CB 119319,Model-Extra
tofueval_Qwen2.5-1.5B-Instruct,773,773,1.2247824668884277,22,2.671369791030884,0.329897403717041,"[-0.10999601325436908, 1.6044764532535654, 0.04525844200179563, 0.04020613397931976, -0.01840229954409138]","[0.03114404917809307, 0.22212706727821735, 0.0027125782780889163, 0.0035451561000586066, 0.001841766642748801]",0,SeattleCityCouncil_08062018_CB 119319,model_A
tofueval_Qwen2.5-1.5B-Instruct,774,774,2.126211166381836,33,1.3458420038223267,0.22497795522212982,"[0.046004737315480736, -0.10754327954738542, -0.004031636062515618, -0.0022487958900235367, 0.8704332265064515]","[0.023707766911050414, 0.04195086754204815, 0.0019566076472267123, 0.004083135552932479, 0.11817284150200782]",1,SeattleCityCouncil_08062018_CB 119319,model_B
tofueval_Qwen2.5-1.5B-Instruct,775,775,1.021903395652771,78,2.264803886413574,0.29825088381767273,"[0.5899008381561427, 1.3661078939824223, -0.0012011699225415494, -0.006193878991232337, 0.011972283956870692]","[0.09440425984907144, 0.17062180765963555, 0.0022333857341779186, 0.0024951080000076256, 0.0026271645542765443]",0,SeattleCityCouncil_08062018_CB 119319,model_C
tofueval_Qwen2.5-1.5B-Instruct,776,776,1.8558908700942993,36,1.1944105625152588,0.1914023607969284,"[0.37939196343844134, 0.43217549987699994, 0.05554969292198722, 0.04708729111169103, 0.07999354826622745]","[0.04767505112685436, 0.08500222745316124, 0.0031052116347862263, 0.0036207900886766867, 0.013956379603211784]",0,SeattleCityCouncil_08062018_CB 119319,model_D
tofueval_Qwen2.5-1.5B-Instruct,777,777,0.9621713757514954,91,2.3071975708007812,0.3231174051761627,"[1.1422100883469133, 0.9361732237398878, -0.0013222285678748849, -0.002725090389543726, -0.012198902693353875]","[0.1735498673890386, 0.12425121974232238, 0.0016891505721682383, 0.0018345231796869344, 0.0019659814901785296]",0,SeattleCityCouncil_08062018_CB 119319,model_E
tofueval_Qwen2.5-1.5B-Instruct,778,778,1.4915372133255005,32,1.0089483261108398,0.19787871837615967,"[0.4448999248108123, 0.0008148446050455505, -0.0012623147968469084, 0.022061933529684552, -0.004526443336317243]","[0.15633110929767646, 0.002549356366525757, 0.0012109544135050498, 0.0009559410203401342, 0.005520701551024132]",0,SeattleCityCouncil_08082016_Res 31690,Model-Extra
tofueval_Qwen2.5-1.5B-Instruct,779,779,1.3609607219696045,77,1.303388237953186,0.21378116309642792,"[0.7442099014653366, 0.09016581576877372, 0.03538354910801604, 0.018056198490054843, 0.16565753080175302]","[0.14732389567601692, 0.018523128399687557, 0.003078824404013489, 0.0021624965525309375, 0.02025757493828746]",0,SeattleCityCouncil_08082016_Res 31690,model_A
tofueval_Qwen2.5-1.5B-Instruct,780,780,0.8920485973358154,99,1.726920485496521,0.2806019186973572,"[0.9409049867599146, 0.28331962253827386, 0.5038710677909701, 0.026744368282195848, -0.020904996483975515]","[0.16061765563305622, 0.03366638971860109, 0.06651100490646893, 0.0020101926628030647, 0.003114996583970497]",0,SeattleCityCouncil_08082016_Res 31690,model_B
tofueval_Qwen2.5-1.5B-Instruct,781,781,0.49906376004219055,110,1.8919683694839478,0.24345187842845917,"[1.6629356177465524, 0.006703083167886606, -0.0034318238133147876, 0.004110093744281006, 0.012571907622528173]","[0.21601252994646944, 0.002558621691447756, 0.0016162529897499668, 0.0017119452045609375, 0.005454490719791041]",0,SeattleCityCouncil_08082016_Res 31690,model_C
tofueval_Qwen2.5-1.5B-Instruct,782,782,1.6318567991256714,73,0.9855909943580627,0.17853184044361115,"[0.7216595060186617, 0.050931194893290586, -0.0069993940792612615, 0.005840985755141496, -0.04125716033738409]","[0.118701515967061, 0.012912391101358263, 0.001804056817336895, 0.0010833432974843087, 0.010197570941227552]",1,SeattleCityCouncil_08082016_Res 31690,model_D
tofueval_Qwen2.5-1.5B-Instruct,783,783,0.7782886624336243,154,1.6012647151947021,0.23411022126674652,"[1.3195446069385306, 0.10056510660744353, -0.00029296933959440963, -0.010980860306604681, -0.007230807490960709]","[0.18846295514342343, 0.012379115759552467, 0.004930535874655881, 0.001597709475679376, 0.006276205220093412]",0,SeattleCityCouncil_08082016_Res 31690,model_E
tofueval_Qwen2.5-1.5B-Instruct,784,784,2.1485602855682373,25,1.249528169631958,0.25378453731536865,"[-0.21608832372439793, -0.03167235858127242, 0.4079156890863669, -0.05394406968349358, -0.09495650673867204]","[0.08589564521596003, 0.012273045231095238, 0.06297259857087284, 0.007934980451436787, 0.007445053859457857]",0,SeattleCityCouncil_08082016_Res 31690,Model-Extra
tofueval_Qwen2.5-1.5B-Instruct,785,785,1.5255587100982666,70,1.2348660230636597,0.21398642659187317,"[0.7254264090131723, -0.09757581067619217, 0.04947181978979123, 0.17325271539281986, 0.0948862823455134]","[0.10303385239161733, 0.012407059579736921, 0.012698852890650057, 0.027797923196726516, 0.014274773247749855]",0,SeattleCityCouncil_08082016_Res 31690,model_A
tofueval_Qwen2.5-1.5B-Instruct,786,786,0.6386019587516785,73,1.6794637441635132,0.2719478905200958,"[0.23769109988959777, 0.9734756092954354, 0.3732591334713742, 0.006320622494940088, -0.02423165938575824]","[0.04397847648977572, 0.13817113355251606, 0.05651881794839602, 0.004400786878772566, 0.00358311640518781]",0,SeattleCityCouncil_08082016_Res 31690,model_B
tofueval_Qwen2.5-1.5B-Instruct,787,787,1.1646209955215454,55,1.8333104848861694,0.24775783717632294,"[0.7338409765659228, 0.18570930311055814, 0.2640205039620593, -0.04571149679610575, -0.0018623549274955373]","[0.11490414244392676, 0.02974919863641038, 0.037013523292303965, 0.005657763849995686, 0.009299944701473092]",0,SeattleCityCouncil_08082016_Res 31690,model_C
tofueval_Qwen2.5-1.5B-Instruct,788,788,1.2245571613311768,101,2.424190044403076,0.3337136209011078,"[1.4440716587750202, 0.6059971647992726, 0.03203386807963668, -0.025625096772732787, 0.023101173726719916]","[0.1983189293508139, 0.053463626462241835, 0.009705270305288715, 0.0045624198203842465, 0.011095947658304232]",1,SeattleCityCouncil_08082016_Res 31690,model_D
tofueval_Qwen2.5-1.5B-Instruct,789,789,2.0760700702667236,50,0.6440122127532959,0.2055429071187973,"[-0.3505249232483038, 0.009423397583159385, 0.2764314856271085, -0.10261293960706099, -0.07641553603592911]","[0.05170289382799865, 0.013590786870161083, 0.04953750497104352, 0.009718452624495057, 0.009344521744537815]",1,SeattleCityCouncil_08082016_Res 31690,model_E
tofueval_Qwen2.5-1.5B-Instruct,790,790,1.663787841796875,65,1.4999604225158691,0.2215132713317871,"[0.004260442967866905, 0.1315468933142256, 0.21926999805638422, -0.051861869605580486, 0.7060540036808771]","[0.039836289732375005, 0.012414578300600764, 0.036270886128312876, 0.016364369406115797, 0.1047297255185885]",0,SeattleCityCouncil_08082016_Res 31690,Model-Extra
tofueval_Qwen2.5-1.5B-Instruct,791,791,0.6423713564872742,156,1.7265630960464478,0.2558150291442871,"[1.00472814023688, 0.16190877378180454, 0.358057588994653, -0.0020826880904474495, 0.10805811750070077]","[0.1480521621379828, 0.03274014364022439, 0.05141709523648676, 0.004472876179477043, 0.014864087852457577]",0,SeattleCityCouncil_08082016_Res 31690,model_A
tofueval_Qwen2.5-1.5B-Instruct,792,792,1.2733532190322876,83,1.4321542978286743,0.2186756134033203,"[0.8502060891800919, 0.034507532652187145, -0.030034830215694214, 0.033582665121213655, 0.016182674322254866]","[0.14070006472327104, 0.015307354174815742, 0.011271844121419844, 0.004465945020526815, 0.009179974604467888]",0,SeattleCityCouncil_08082016_Res 31690,model_B
tofueval_Qwen2.5-1.5B-Instruct,793,793,1.258941888809204,53,0.5671008825302124,0.14156906306743622,"[0.037912597302083836, 0.18501999810006348, -0.03965676943485994, 0.01557005055463996, 0.015617463329723457]","[0.02642115055889591, 0.042598702151495534, 0.01856716785246221, 0.016430850420248427, 0.005287942741799854]",0,SeattleCityCouncil_08082016_Res 31690,model_C
tofueval_Qwen2.5-1.5B-Instruct,794,794,0.8749421238899231,121,1.5381826162338257,0.25016316771507263,"[0.295662778378139, 0.16326920584036592, 0.135044264059999, 0.4501745027872414, 0.4020115703346961]","[0.04934651121812051, 0.027220462529502235, 0.017880876244909357, 0.080595830257923, 0.06788808867172247]",0,SeattleCityCouncil_08082016_Res 31690,model_D
tofueval_Qwen2.5-1.5B-Instruct,795,795,1.6431654691696167,47,1.6953891515731812,0.2288232147693634,"[0.5686000788206931, 0.23783249177846455, -0.0054632284202640186, -0.0023682153283477825, -0.013103850170661277]","[0.14257705974383267, 0.015976919851046913, 0.009857839772125577, 0.003671186691818509, 0.005004895427641423]",0,SeattleCityCouncil_08082016_Res 31690,model_E
tofueval_Qwen2.5-1.5B-Instruct,796,796,2.57122540473938,52,1.2048265933990479,0.23925474286079407,"[0.010040079044231858, 0.6800275159274372, -0.0024847901144172423, -0.015507952755657382, 0.05981921689817682]","[0.011716964267616977, 0.12972045259997544, 0.006201764339213976, 0.008072681240946622, 0.023803130760492983]",0,SeattleCityCouncil_08142017_Res 31764,Model-Extra
tofueval_Qwen2.5-1.5B-Instruct,797,797,1.4649457931518555,93,1.835276484489441,0.2925339937210083,"[0.05308038103882404, 1.3595113335177302, -0.012068795648613764, 0.31683987257526486, -0.05955551320534219]","[0.014754898474928913, 0.20428441379310674, 0.004993833537565645, 0.06429019639743137, 0.008576472336586762]",1,SeattleCityCouncil_08142017_Res 31764,model_A
tofueval_Qwen2.5-1.5B-Instruct,798,798,1.0578639507293701,132,2.2291221618652344,0.31613025069236755,"[0.055310362919595776, 1.1764377019224577, 0.012294373637208386, 0.8795177030335501, 0.022524560881196743]","[0.008265904034373356, 0.19636957525576829, 0.004850583967869294, 0.09962412822571266, 0.006653393361029264]",0,SeattleCityCouncil_08142017_Res 31764,model_B
tofueval_Qwen2.5-1.5B-Instruct,799,799,1.812988519668579,65,1.053762435913086,0.24333594739437103,"[-0.020517343276431066, 0.7379254874804666, 0.09338380658748345, 0.3217352230831658, -0.040621268784161654]","[0.009066484481060727, 0.1450053483623868, 0.023493317720224765, 0.08219751132727861, 0.011043952393230519]",1,SeattleCityCouncil_08142017_Res 31764,model_C
tofueval_Qwen2.5-1.5B-Instruct,800,800,1.2279025316238403,111,2.064908981323242,0.2928737699985504,"[0.026739658810756, 1.3218961253645305, 0.36572337987485837, 0.035811135042610846, 0.06608986219702978]","[0.01001449960248514, 0.18061789698451222, 0.04370117042567103, 0.008005436070389633, 0.013723995920026363]",1,SeattleCityCouncil_08142017_Res 31764,model_D
tofueval_Qwen2.5-1.5B-Instruct,801,801,1.5566743612289429,56,1.8462907075881958,0.256862998008728,"[0.2694044596532227, 0.8352957728810517, -0.02257002905974202, 0.6654255257737012, 0.23998406047173507]","[0.0393659885064283, 0.13563997783002638, 0.010616240484182526, 0.06126827334726061, 0.030535659422672064]",0,SeattleCityCouncil_08142017_Res 31764,model_E
tofueval_Qwen2.5-1.5B-Instruct,802,802,2.449737071990967,51,1.2062488794326782,0.2094879150390625,"[0.001801339766768483, 0.6924793624328267, 0.35766341692001064, -0.04698968038770973, 0.07534146199103299]","[0.007645718771474254, 0.14428823718093126, 0.04409747337155625, 0.019699776105782947, 0.012159142109821379]",0,SeattleCityCouncil_08142017_Res 31764,Model-Extra
tofueval_Qwen2.5-1.5B-Instruct,803,803,0.9030480980873108,87,2.4253904819488525,0.32294028997421265,"[0.005433850718130915, 1.8466051878359426, 0.003873723898291716, 0.5705341949064389, 0.013727870889726608]","[0.006129083407582302, 0.24966208254793845, 0.008841350549879468, 0.07738767815245912, 0.0042700762510504454]",0,SeattleCityCouncil_08142017_Res 31764,model_A
tofueval_Qwen2.5-1.5B-Instruct,804,804,1.1941243410110474,77,2.2723476886749268,0.2886083424091339,"[0.058991047245104095, 2.1239289514971413, 0.040821986027627384, -0.012973346312790384, 0.002530731620605696]","[0.013506440397698605, 0.26153447943276553, 0.005129919636194197, 0.0086517614479628, 0.005766655424717006]",0,SeattleCityCouncil_08142017_Res 31764,model_B
tofueval_Qwen2.5-1.5B-Instruct,805,805,0.7970874309539795,117,2.0921831130981445,0.3116961717605591,"[7.193431262057235e-06, 1.6282477412054674, 0.45344911333726734, 0.018436721105464463, 0.0018289779998931952]","[0.005755246481686478, 0.26051622898362087, 0.05534685445839908, 0.010005074622669866, 0.0036705734497393533]",1,SeattleCityCouncil_08142017_Res 31764,model_C
tofueval_Qwen2.5-1.5B-Instruct,806,806,0.8692450523376465,72,1.796794056892395,0.24611309170722961,"[0.02656723840163977, 1.3260861454105504, 0.10850665508703766, 0.6377506750221882, 0.019118956435906713]","[0.007393291025442592, 0.17998732267983542, 0.005772211782221525, 0.0692233786315531, 0.004710330491589174]",0,SeattleCityCouncil_08142017_Res 31764,model_D
tofueval_Qwen2.5-1.5B-Instruct,807,807,1.4975346326828003,52,2.6289925575256348,0.3307204246520996,"[0.03600163350011616, 0.7604962262255588, -0.04072924495826905, 1.7420275355151926, -0.013085994688691035]","[0.005764928172276576, 0.09888158144809285, 0.01345948353886902, 0.23958621018111723, 0.016431375158180554]",0,SeattleCityCouncil_08142017_Res 31764,model_E
tofueval_Qwen2.5-1.5B-Instruct,808,808,2.4596688747406006,57,1.2604918479919434,0.26125001907348633,"[-0.11434030071464613, 0.7312674104775253, 0.4164411548235078, -0.10605874034094118, 0.04406318781905595]","[0.009391794954258091, 0.1868358921512896, 0.054528798928817866, 0.006394159620070065, 0.00437239705321477]",0,SeattleCityCouncil_08142017_Res 31764,Model-Extra
tofueval_Qwen2.5-1.5B-Instruct,809,809,1.279192328453064,92,2.0550179481506348,0.26247328519821167,"[0.019015421415173005, 1.7559276552049636, 0.01089787408802848, -0.006104698568774241, 0.022648327932153694]","[0.008783627297668278, 0.21819474987790707, 0.003999175206731904, 0.005554784567352825, 0.018373217419724842]",0,SeattleCityCouncil_08142017_Res 31764,model_A
tofueval_Qwen2.5-1.5B-Instruct,810,810,1.2498271465301514,62,1.3970972299575806,0.2291584610939026,"[-0.0044562305866425195, 1.1932792229382623, -0.009632502809249526, -0.007310684989093833, 0.020582079132568213]","[0.008412937902404894, 0.20086078067129898, 0.0020171972732419643, 0.0019748650935894367, 0.003816636984817207]",0,SeattleCityCouncil_08142017_Res 31764,model_B
tofueval_Qwen2.5-1.5B-Instruct,811,811,1.0129071474075317,95,2.3791959285736084,0.3061867654323578,"[0.044000869517300374, 1.833364317705242, 0.5303664997714709, 0.03113475925895871, 0.016192401339484557]","[0.011424777007826044, 0.25684269367698825, 0.06466991828894851, 0.0064687396016707725, 0.004229422766554523]",0,SeattleCityCouncil_08142017_Res 31764,model_C
tofueval_Qwen2.5-1.5B-Instruct,812,812,1.602404236793518,66,1.9069628715515137,0.27821052074432373,"[0.02260296585242913, 1.1722305356665994, -0.025177857498144447, -0.0035082905378658324, 0.18445295686604257]","[0.01413799032472911, 0.18732188061431138, 0.009026587962883545, 0.008081260143543741, 0.022302696423855996]",0,SeattleCityCouncil_08142017_Res 31764,model_D
tofueval_Qwen2.5-1.5B-Instruct,813,813,1.3515890836715698,104,1.7688701152801514,0.2645719647407532,"[-0.015476509152816877, 1.4915308087427268, -0.030862176977804596, 0.22487318100699946, -5.914940818631574e-05]","[0.011687932002014524, 0.23342183260491495, 0.007795783305034831, 0.020268424406736492, 0.003935829851700353]",0,SeattleCityCouncil_08142017_Res 31764,model_E
tofueval_Qwen2.5-1.5B-Instruct,814,814,2.2038235664367676,54,1.2935006618499756,0.21196916699409485,"[0.1899626703924258, -0.018727708814872637, -0.017823189634967734, 0.1785289340186864, -0.15039586367654717]","[0.062480145682962354, 0.004888688356105477, 0.014681266704361338, 0.028436611011717038, 0.030326379823910194]",0,SeattleCityCouncil_09122016_Res 31702,Model-Extra
tofueval_Qwen2.5-1.5B-Instruct,815,815,0.896697998046875,51,1.57882821559906,0.21385756134986877,"[0.0634810784088354, -0.027530032621072287, 0.009422714525249367, 0.006455057236712938, 0.4417718897320275]","[0.022213512959635907, 0.0010115725168165512, 0.0025865653722165934, 0.0008717498206654758, 0.050437715495468625]",1,SeattleCityCouncil_09122016_Res 31702,model_A
tofueval_Qwen2.5-1.5B-Instruct,816,816,0.7613527774810791,86,1.8327782154083252,0.2601751983165741,"[0.7101292149836597, 0.01756835594654487, -0.007323324142076714, 0.027910384937402256, 0.007653892175524159]","[0.1223600128707706, 0.00169005704504285, 0.003051954975332293, 0.0009463416558425473, 0.017328437642895763]",0,SeattleCityCouncil_09122016_Res 31702,model_B
tofueval_Qwen2.5-1.5B-Instruct,817,817,1.3993428945541382,39,1.7684801816940308,0.28259530663490295,"[0.15394475502044094, -0.009225593898102092, 0.03341154838077879, 0.026780525083990935, 0.5824614300494059]","[0.032630247924660766, 0.0016730020985715572, 0.0072873100944213015, 0.001072688572548941, 0.09313471171658304]",1,SeattleCityCouncil_09122016_Res 31702,model_C
tofueval_Qwen2.5-1.5B-Instruct,818,818,0.9869460463523865,98,1.1869779825210571,0.18358701467514038,"[0.2332959195019259, 0.0002755303068662048, 0.27050195167449065, -0.004247180747834322, 0.18577382082114535]","[0.06285027770802896, 0.002920011286207404, 0.036577012625420305, 0.0026136582165898576, 0.03780375125815312]",1,SeattleCityCouncil_09122016_Res 31702,model_D
tofueval_Qwen2.5-1.5B-Instruct,819,819,1.3777588605880737,65,1.0524731874465942,0.15195170044898987,"[-0.06042635932815476, 0.0034548404411627698, -0.02679415153241, -0.0123149676534992, 0.2827852642002444]","[0.02565896018150467, 0.00251076727591733, 0.003966019194409507, 0.001076833509091557, 0.03208057087544708]",1,SeattleCityCouncil_09122016_Res 31702,model_E
tofueval_Qwen2.5-1.5B-Instruct,820,820,2.362593650817871,48,1.2145944833755493,0.19525684416294098,"[0.21102296192839276, -0.039304348315151096, -0.06297840550056814, 0.1376408372549728, -0.0760837315125779]","[0.08058851304216812, 0.004504881380891372, 0.013015354337615767, 0.03480300860636968, 0.014199232247089336]",0,SeattleCityCouncil_09122016_Res 31702,Model-Extra
tofueval_Qwen2.5-1.5B-Instruct,821,821,0.7489354014396667,73,1.6841561794281006,0.21811699867248535,"[0.19597363501178397, 0.09832544249236466, -0.010998571762310385, 0.04471649037590745, 0.24924715451955196]","[0.05673914919624192, 0.015728848246378956, 0.0019605454482774652, 0.0013130478667036398, 0.031017185976402475]",1,SeattleCityCouncil_09122016_Res 31702,model_A
tofueval_Qwen2.5-1.5B-Instruct,822,822,1.284318208694458,49,0.8705551624298096,0.12779203057289124,"[0.013711172015862349, -0.009036441775791975, 0.020410120129354812, 0.03843050944673525, 0.25473464965138454]","[0.014723289223295478, 0.001181448379958399, 0.0012941675050402706, 0.0016433786597412924, 0.025213336854347068]",1,SeattleCityCouncil_09122016_Res 31702,model_B
tofueval_Qwen2.5-1.5B-Instruct,823,823,0.8122555017471313,64,2.3058693408966064,0.3366315960884094,"[0.7887953265795886, 0.003888192955017189, -0.009725868033726215, 0.014078406015073597, -0.0006665516112747127]","[0.1487115531918306, 0.0026073062975831007, 0.001019463663211262, 0.0009271797565668649, 0.011121884156343853]",1,SeattleCityCouncil_09122016_Res 31702,model_C
tofueval_Qwen2.5-1.5B-Instruct,824,824,0.869139552116394,61,2.485060453414917,0.31302931904792786,"[1.248657086307324, 0.05101501134419375, 0.5548983566960621, 0.02690777765827556, 0.014009201748642048]","[0.1792495403016622, 0.005643872296335847, 0.05421244767677815, 0.0016744168653836883, 0.008115108581884417]",0,SeattleCityCouncil_09122016_Res 31702,model_D
tofueval_Qwen2.5-1.5B-Instruct,825,825,1.1543735265731812,103,1.3039542436599731,0.2160317301750183,"[0.4452291161605811, -0.001144043443973803, 0.013610945643114125, 0.02309994062004954, 0.19648655099294912]","[0.07621228144655914, 0.002046095252424193, 0.006830106752593651, 0.0019052085415815225, 0.042262763261843264]",1,SeattleCityCouncil_09122016_Res 31702,model_E
tofueval_Qwen2.5-1.5B-Instruct,826,826,1.6035072803497314,58,0.8762733936309814,0.16794882714748383,"[0.2649431634184519, -0.0028134627610942797, -0.030873486973899255, 0.03092815300875247, 0.21802687819180047]","[0.055374706978737184, 0.0023901885092214043, 0.0071174383839120465, 0.0016813783280558083, 0.03981639810932581]",1,SeattleCityCouncil_09122016_Res 31702,Model-Extra
tofueval_Qwen2.5-1.5B-Instruct,827,827,0.9289835095405579,87,0.7758522629737854,0.15576522052288055,"[-0.010184734387172054, -0.014644589813458921, -0.012957878898723511, 0.007223266329172725, 0.1849478245794776]","[0.012991003377689709, 0.0018926710149101162, 0.0008295580258623656, 0.0004347848832063998, 0.03111293043906406]",1,SeattleCityCouncil_09122016_Res 31702,model_A
tofueval_Qwen2.5-1.5B-Instruct,828,828,1.5150306224822998,57,0.812140941619873,0.19465188682079315,"[0.13841871364581348, -0.0033251138694028845, 0.07603341264633887, -0.016718439590604567, 0.2132029913819248]","[0.03724975254369399, 0.0014637342660495179, 0.01797648905549945, 0.0012411156897167274, 0.05610652564322057]",1,SeattleCityCouncil_09122016_Res 31702,model_B
tofueval_Qwen2.5-1.5B-Instruct,829,829,1.0033948421478271,78,1.2162731885910034,0.19355610013008118,"[0.5676977691086321, -0.02348629908253012, -0.0411201472496918, 0.0035104877603001883, 0.30901015146122146]","[0.08801571290627244, 0.0012461325387515642, 0.0028760752892964822, 0.0007540199017247081, 0.03517389348379305]",1,SeattleCityCouncil_09122016_Res 31702,model_C
tofueval_Qwen2.5-1.5B-Instruct,830,830,1.2296937704086304,101,0.7989558577537537,0.16373974084854126,"[0.27044952043437626, -0.008161960331936726, -0.001651578546429981, -0.010572553471684832, 0.13729582174531935]","[0.05991989958235563, 0.0011439479113496509, 0.0025114748113198833, 0.0011063295776959493, 0.03742644648367604]",1,SeattleCityCouncil_09122016_Res 31702,model_D
tofueval_Qwen2.5-1.5B-Instruct,831,831,1.2668079137802124,103,1.3190146684646606,0.20983263850212097,"[0.5117814877946851, -0.004253110622883169, 0.005414539634533231, 0.14791736410510017, 0.11932676312963204]","[0.07161145215342153, 0.009022303574879825, 0.006729155974424041, 0.03359617698691036, 0.033011691268215036]",1,SeattleCityCouncil_09122016_Res 31702,model_E
tofueval_Qwen2.5-1.5B-Instruct,832,832,1.1750842332839966,36,2.0352840423583984,0.256762832403183,"[1.2258161411931117, 0.11272118555522563, 0.03980761272032396, 0.03251485436420706, 0.037917090995405384]","[0.16124345300179105, 0.007035458495541509, 0.0014575701174395464, 0.0020868553994830563, 0.0038102126616921497]",0,SeattleCityCouncil_10072019_CB 119288,Model-Extra
tofueval_Qwen2.5-1.5B-Instruct,833,833,0.8205121159553528,54,2.0031628608703613,0.2810758054256439,"[1.7956292354480226, 0.02482667486401624, 0.0034248735347419926, 0.008977550782960694, 0.0068885812265593645]","[0.25348759484013833, 0.005070181159386199, 0.001815558029151092, 0.0016020356295114281, 0.001948562957527092]",0,SeattleCityCouncil_10072019_CB 119288,model_A
tofueval_Qwen2.5-1.5B-Instruct,834,834,1.347265601158142,40,1.5017400979995728,0.24003878235816956,"[1.130245203828963, 0.04265317313329433, -0.020169891652039952, -0.05455800071940757, -0.044804436544654894]","[0.16862462904591666, 0.006850557734378526, 0.0021915344896854096, 0.0022630499980550666, 0.0026602009445468866]",0,SeattleCityCouncil_10072019_CB 119288,model_B
tofueval_Qwen2.5-1.5B-Instruct,835,835,1.1872694492340088,52,1.352197527885437,0.24936574697494507,"[0.6821384211918764, 0.2708680141742941, 0.17212214907955897, -0.007450066574585015, 0.039302211360336514]","[0.1145500589177048, 0.023839211140035295, 0.03175900218906564, 0.003371395352323029, 0.0041099403364145155]",1,SeattleCityCouncil_10072019_CB 119288,model_C
tofueval_Qwen2.5-1.5B-Instruct,836,836,1.1091206073760986,79,1.5073175430297852,0.2825362980365753,"[0.10196835033408966, 0.3982327492741678, -0.02080552119546558, -0.022097784775643406, 0.6942140727658141]","[0.076180498771772, 0.07064105444372021, 0.005342210207811029, 0.004121907574308727, 0.0921169941590113]",0,SeattleCityCouncil_10072019_CB 119288,model_D
tofueval_Qwen2.5-1.5B-Instruct,837,837,0.9332438707351685,77,1.853139877319336,0.2757124602794647,"[1.1905838144839553, 0.25915975507417566, -0.029334208880329667, 0.01487483738716722, -0.013646453531597312]","[0.18790179397770865, 0.04413521997894084, 0.00860865264812142, 0.0030206322388234446, 0.006611289987957904]",1,SeattleCityCouncil_10072019_CB 119288,model_E
tofueval_Qwen2.5-1.5B-Instruct,838,838,2.057774305343628,32,1.9780588150024414,0.24856777489185333,"[-0.07285480815608025, 0.20734181626721693, -0.07498124453286437, 0.0015138085591388517, 0.4218828503799159]","[0.010871246677538693, 0.017270991553061776, 0.01625885268725824, 0.006289819852952405, 0.15219675180901504]",0,SeattleCityCouncil_10072019_CB 119288,Model-Extra
tofueval_Qwen2.5-1.5B-Instruct,839,839,1.5964704751968384,40,1.9667476415634155,0.2939215302467346,"[0.059235212921339556, 0.01302409627387533, -0.018019421357894316, 0.022641128495160957, 1.2909596932760905]","[0.011320659059191485, 0.009201005721899946, 0.0013049788041314514, 0.003946646556937594, 0.23034229723416502]",0,SeattleCityCouncil_10072019_CB 119288,model_A
tofueval_Qwen2.5-1.5B-Instruct,840,840,2.5130085945129395,63,0.5558856129646301,0.18585702776908875,"[0.321537202444262, 0.20011201950385132, -0.04330596136597229, 0.004684597570245849, -0.108545384444167]","[0.04711138009322115, 0.02971497332574501, 0.001374332536453862, 0.003865060972332555, 0.11228597724249763]",1,SeattleCityCouncil_10072019_CB 119288,model_B
tofueval_Qwen2.5-1.5B-Instruct,841,841,2.9638772010803223,39,0.7191581130027771,0.18301287293434143,"[0.5192058160184667, 0.26084931783425885, -0.1580114750107989, -0.09561316029598507, -0.3453109012319682]","[0.05427082194290005, 0.02155272158578998, 0.005737238399794875, 0.012220093733328842, 0.10382602843203177]",1,SeattleCityCouncil_10072019_CB 119288,model_C
tofueval_Qwen2.5-1.5B-Instruct,842,842,1.2786283493041992,48,2.1977710723876953,0.332634299993515,"[1.6564845628284577, 0.13005482415731726, -0.01595136054068765, 0.01063952051238933, -0.049442525104192704]","[0.22735146733854586, 0.024890473197918556, 0.0025574340658541437, 0.0022036538489468662, 0.015240265976710058]",0,SeattleCityCouncil_10072019_CB 119288,model_D
tofueval_Qwen2.5-1.5B-Instruct,843,843,0.9903443455696106,94,2.0737197399139404,0.3313855826854706,"[1.2977203436510323, 0.44102798857409925, -0.015686529292548934, -0.02622617630632181, -0.04270434234055582]","[0.19059965539717258, 0.09226792123266288, 0.008637709801480722, 0.007462650821503847, 0.01482880895705971]",0,SeattleCityCouncil_10072019_CB 119288,model_E
tofueval_Qwen2.5-1.5B-Instruct,844,844,1.4953253269195557,75,1.5832490921020508,0.21863660216331482,"[-0.022775968286344626, 0.2330791243222969, -0.05542211464669284, 0.2626378953581055, 0.4273685112418995]","[0.013023000620687526, 0.08266751194930597, 0.006513089353945058, 0.025085378416291253, 0.05981246318793031]",1,SeattleCityCouncil_10072019_CB 119288,Model-Extra
tofueval_Qwen2.5-1.5B-Instruct,845,845,1.408064603805542,60,1.210126280784607,0.24952687323093414,"[0.013960192987118111, 0.8412968970951624, -0.061344815940780485, -0.019052676398132462, 0.0800221487566887]","[0.010919603734100747, 0.16292762501204075, 0.003695213159736947, 0.026840601779478373, 0.009180107472229793]",0,SeattleCityCouncil_10072019_CB 119288,model_A
tofueval_Qwen2.5-1.5B-Instruct,846,846,0.850696861743927,72,1.595510721206665,0.2505786716938019,"[0.009427564908492059, 1.0753343684179224, -0.05191077400422728, 0.021229566612469677, 0.037024064945196895]","[0.013310440403238822, 0.19989327180855476, 0.010461346568108511, 0.0058099988819609255, 0.005286469593441565]",0,SeattleCityCouncil_10072019_CB 119288,model_B
tofueval_Qwen2.5-1.5B-Instruct,847,847,0.7608415484428406,51,1.8375303745269775,0.2771831750869751,"[0.03939766652789937, 1.1466627851089772, -0.03843543649589479, 0.031069564402380765, 0.05229157056059122]","[0.010482219950825525, 0.19813572982920782, 0.004321072971836157, 0.005792697048135841, 0.0032324334685061365]",0,SeattleCityCouncil_10072019_CB 119288,model_C
tofueval_Qwen2.5-1.5B-Instruct,848,848,1.4105020761489868,48,1.6410168409347534,0.2244381457567215,"[0.06094810436904178, 0.13326760503211213, 0.17073061212189108, 0.6562235804994998, 0.04966458723599013]","[0.019123812754287428, 0.06042405901750195, 0.04609113250504985, 0.04979026083151439, 0.009096407449741642]",1,SeattleCityCouncil_10072019_CB 119288,model_D
tofueval_Qwen2.5-1.5B-Instruct,849,849,1.178729772567749,47,1.5072249174118042,0.20083706080913544,"[-0.060885861897677, 0.4314945608722987, 0.29753147551023273, 0.011968276953492486, 0.04929344328256582]","[0.02491638045981222, 0.1066165576496055, 0.038475287895922285, 0.003410753796709074, 0.007100172464536994]",1,SeattleCityCouncil_10072019_CB 119288,model_E
tofueval_Qwen2.5-1.5B-Instruct,850,850,1.5926430225372314,68,1.19371497631073,0.23064053058624268,"[0.10494318913111676, 0.7199126371500931, 0.013047219886228797, 0.01109234210311757, 0.003130569358718811]","[0.044151485055298215, 0.1414955775533813, 0.0025841549649030906, 0.0017630920856791979, 0.004026701441760264]",0,SeattleCityCouncil_11092020_CB 119945,Model-Extra
tofueval_Qwen2.5-1.5B-Instruct,851,851,0.9649004936218262,66,2.1881520748138428,0.29419705271720886,"[1.006775152402559, 0.6224439121122652, 0.02687252316739873, -0.009841973939976677, -0.01207678726244453]","[0.1412969444376286, 0.10411000262982986, 0.0020594702804645967, 0.0008856514630534465, 0.003144065625053138]",0,SeattleCityCouncil_11092020_CB 119945,model_A
tofueval_Qwen2.5-1.5B-Instruct,852,852,1.1157890558242798,86,1.4944747686386108,0.21220937371253967,"[-0.05822057832597767, 1.3158526504283694, -0.022752734479243288, 0.001797383646272613, 0.010632053771735437]","[0.023825208672218292, 0.1845155577250617, 0.003514161059377139, 0.0011441442149184907, 0.0022365699317092973]",1,SeattleCityCouncil_11092020_CB 119945,model_B
tofueval_Qwen2.5-1.5B-Instruct,853,853,1.3495012521743774,157,0.40686503052711487,0.08380669355392456,"[0.1166653414798165, 0.024548158951987555, -0.011804674000176749, -0.01808233685483029, 0.05125111055183729]","[0.05527539965403741, 0.008019989073041743, 0.002069508391095777, 0.000987397171611867, 0.006848870787160044]",1,SeattleCityCouncil_11092020_CB 119945,model_C
tofueval_Qwen2.5-1.5B-Instruct,854,854,1.235808253288269,71,1.9214649200439453,0.27096107602119446,"[0.5490486426922513, 1.0612304878255523, 0.06386134057928002, -0.004498077468282722, -0.0002749009723424613]","[0.11040514093456551, 0.1180708301530052, 0.0047884464397187415, 0.0014906251120708116, 0.0021839740998619702]",0,SeattleCityCouncil_11092020_CB 119945,model_D
tofueval_Qwen2.5-1.5B-Instruct,855,855,0.9710686802864075,96,1.969952940940857,0.2842704951763153,"[0.0927953711004837, 0.8346290880111459, 0.5247751671224327, 0.012060704064557134, 0.2162422982759343]","[0.03556501616216442, 0.1427431816339014, 0.06994827289200956, 0.0018150196192413166, 0.025963146004706655]",1,SeattleCityCouncil_11092020_CB 119945,model_E
tofueval_Qwen2.5-1.5B-Instruct,856,856,1.3453080654144287,26,1.8301208019256592,0.23086309432983398,"[0.27055468577936365, 0.24842982025155344, -0.011415636674078437, 0.002836367021280659, 0.0016666909281271868]","[0.1063700896786311, 0.007800613099572746, 0.0007670910989558111, 0.0009962096541034254, 0.003606057862240365]",0,SeattleCityCouncil_11092020_CB 119945,Model-Extra
tofueval_Qwen2.5-1.5B-Instruct,857,857,1.020825743675232,57,2.355017900466919,0.29339736700057983,"[0.5817448295335149, 1.1586566452624218, 0.005240765298574907, -0.01653141531449109, -0.01344100684687682]","[0.12329539363818305, 0.12425393563729047, 0.002024915780392994, 0.0013662067563536926, 0.0030638056213152403]",0,SeattleCityCouncil_11092020_CB 119945,model_A
tofueval_Qwen2.5-1.5B-Instruct,858,858,1.0945255756378174,78,1.8215240240097046,0.24436573684215546,"[0.38040698486474867, 0.8600242847684197, 0.4520944312476459, 0.026006300682195452, 0.013782408229603905]","[0.05948802365487346, 0.10086812874346716, 0.055157115567899734, 0.0014490990331042807, 0.0018490479399264797]",1,SeattleCityCouncil_11092020_CB 119945,model_B
tofueval_Qwen2.5-1.5B-Instruct,859,859,0.35729238390922546,75,2.5879249572753906,0.3482167422771454,"[1.950340657531245, -0.012155723710457096, -0.0066216379170267224, 0.005569118466034221, -0.010797557872914088]","[0.26577309940400784, 0.008072691248031939, 0.0003878786641356176, 0.0006671023039325519, 0.002380179241931728]",0,SeattleCityCouncil_11092020_CB 119945,model_C
tofueval_Qwen2.5-1.5B-Instruct,860,860,0.7122006416320801,74,2.049755096435547,0.29730224609375,"[0.7081676284808939, 0.8117636034389638, -0.007686444541982874, -0.0007748514513091446, -0.01019909035928961]","[0.11184165180317814, 0.11746661197509725, 0.0017841322996426663, 0.0007759809548169977, 0.0017924709295774881]",0,SeattleCityCouncil_11092020_CB 119945,model_D
tofueval_Qwen2.5-1.5B-Instruct,861,861,0.714815080165863,107,1.9822490215301514,0.29753395915031433,"[0.3386099005154936, 0.9671363433839038, 0.37504811073370625, 0.0022831801133982644, -0.015210641068378949]","[0.07936011731431518, 0.1437821963641297, 0.048092324224669844, 0.0016528730546649109, 0.0023619770624036733]",1,SeattleCityCouncil_11092020_CB 119945,model_E
tofueval_Qwen2.5-1.5B-Instruct,862,862,1.5089374780654907,62,1.3184919357299805,0.24505431950092316,"[0.19354878784296517, 0.5128194545887973, 0.5992107053842177, -0.009804476231663776, 0.04250090759277584]","[0.05249931688443747, 0.05964508775991817, 0.09616384451435205, 0.0022084440653059338, 0.0030092754479241076]",0,SeattleCityCouncil_11092020_CB 119945,Model-Extra
tofueval_Qwen2.5-1.5B-Instruct,863,863,0.6104093194007874,52,2.1906208992004395,0.30588075518608093,"[1.023288267686999, 1.0720612607717788, 0.023880856170133205, 0.022561211438537263, 0.03904003932089276]","[0.17039376641780388, 0.09763442803220922, 0.002274469403722343, 0.0013644344883582211, 0.0024283012719654206]",0,SeattleCityCouncil_11092020_CB 119945,model_A
tofueval_Qwen2.5-1.5B-Instruct,864,864,1.1156893968582153,85,1.5621016025543213,0.27058348059654236,"[0.04843875652693575, 0.8392995093958127, 0.6219292237142594, -0.02854132996970507, 0.18113655482970095]","[0.026803604025671494, 0.15104842238427624, 0.07848662095955607, 0.0029242279608511393, 0.02823580599436836]",1,SeattleCityCouncil_11092020_CB 119945,model_B
tofueval_Qwen2.5-1.5B-Instruct,865,865,1.6431894302368164,70,0.3650316596031189,0.12549567222595215,"[0.29212938388476944, 0.07882339375293149, -0.0397372327661807, 0.01474687783380172, 0.0296461721749178]","[0.0755137052074133, 0.01581783434355332, 0.0026402634227322, 0.001689850380223236, 0.05472380127118543]",1,SeattleCityCouncil_11092020_CB 119945,model_C
tofueval_Qwen2.5-1.5B-Instruct,866,866,1.028974175453186,76,1.7394365072250366,0.28177952766418457,"[0.48818896263002154, 1.0856498815877498, 0.022936115472804743, -0.021305220102291106, 0.000308234397344246]","[0.10338978563427496, 0.15176904939066485, 0.0022146024004605636, 0.0009425427312297224, 0.001887664784357406]",0,SeattleCityCouncil_11092020_CB 119945,model_D
tofueval_Qwen2.5-1.5B-Instruct,867,867,0.9248824715614319,78,1.9421666860580444,0.2698841691017151,"[0.5742458762817757, 0.4175080782600465, 0.7581099191907598, -0.004505330287312786, 0.01652759091615362]","[0.10313594521541383, 0.06385022814599021, 0.09377298842286362, 0.0007063291733795898, 0.001991856621415513]",0,SeattleCityCouncil_11092020_CB 119945,model_E
tofueval_Qwen2.5-1.5B-Instruct,868,868,2.4816086292266846,57,1.6130192279815674,0.27408385276794434,"[0.229470508336498, 0.22486143166519978, 0.5373293408233542, 0.014357713018462323, 0.06214547259099945]","[0.08528522007512501, 0.07805219044808166, 0.06095515319172288, 0.006454580681875406, 0.010575138489098447]",0,SeattleCityCouncil_12142020_CB 119971,Model-Extra
tofueval_Qwen2.5-1.5B-Instruct,869,869,1.362788438796997,63,1.708675742149353,0.2586176097393036,"[0.7537975738876643, 0.5720488488236913, 0.04271327487916255, 0.02017995651860676, 0.017923383444472814]","[0.13635264726475263, 0.0643498579541424, 0.02223666557051007, 0.0017211982194982147, 0.0025227632521158568]",0,SeattleCityCouncil_12142020_CB 119971,model_A
tofueval_Qwen2.5-1.5B-Instruct,870,870,1.6022014617919922,74,1.3354331254959106,0.21007513999938965,"[0.6993772934654624, 0.18644859746957473, 0.000846776116157196, 0.018949399933164288, 0.008325921935957504]","[0.09250220109628866, 0.059395073225816976, 0.008089614161254094, 0.0013789884446436117, 0.0027261492828397176]",1,SeattleCityCouncil_12142020_CB 119971,model_B
tofueval_Qwen2.5-1.5B-Instruct,871,871,1.798691749572754,57,2.86921763420105,0.35378244519233704,"[1.0839179429564403, 0.5345690170052285, 0.022241477861698195, -0.02425275313110257, -0.008886030641166909]","[0.15723580581539354, 0.08795480932506332, 0.032253344311763944, 0.004643048697744234, 0.0035432745470136964]",0,SeattleCityCouncil_12142020_CB 119971,model_C
tofueval_Qwen2.5-1.5B-Instruct,872,872,1.2656782865524292,115,2.1518802642822266,0.2963813543319702,"[1.0324389174927446, 0.4329026654867725, 0.11456664288011582, -0.012348062109974663, 0.10790938263929528]","[0.14534970601386665, 0.05608298809410786, 0.038597050765882, 0.007008949183950394, 0.014455094384794868]",0,SeattleCityCouncil_12142020_CB 119971,model_D
tofueval_Qwen2.5-1.5B-Instruct,873,873,2.8208861351013184,46,1.32373046875,0.23664522171020508,"[0.2978348660525744, 0.1637261367640863, 0.10157784856805253, -0.0866160143379365, -0.014486984716748575]","[0.04929857845443463, 0.0537175814024522, 0.041866418470303673, 0.01540826360896181, 0.010344799906780954]",1,SeattleCityCouncil_12142020_CB 119971,Model-Extra
tofueval_Qwen2.5-1.5B-Instruct,874,874,1.1835062503814697,93,2.3685858249664307,0.33497005701065063,"[0.8851982875433262, 0.7061524053317181, 0.34569409580942967, -0.012345234023918218, -0.037395909296494834]","[0.14119709551396814, 0.1054940067615572, 0.059961969575652724, 0.002790649915823451, 0.0031605547855660526]",0,SeattleCityCouncil_12142020_CB 119971,model_A
tofueval_Qwen2.5-1.5B-Instruct,875,875,1.5502747297286987,46,1.8570599555969238,0.26931437849998474,"[0.9345797013893784, 0.07998060208869308, -0.01713167121583272, 0.15204190938896753, 0.27718892427915504]","[0.14664566899275244, 0.0259001109894677, 0.003958791870440623, 0.005240363295043786, 0.0664215284211581]",1,SeattleCityCouncil_12142020_CB 119971,model_B
tofueval_Qwen2.5-1.5B-Instruct,876,876,1.499965786933899,53,2.0199341773986816,0.2668399214744568,"[0.7161219072844481, 0.44295619734461894, 0.2543596305800953, -0.018955323855581536, -0.016061014641858287]","[0.1083500749071322, 0.08161036774391453, 0.027785209800183695, 0.002329968676071599, 0.00530676302015257]",0,SeattleCityCouncil_12142020_CB 119971,model_C
tofueval_Qwen2.5-1.5B-Instruct,877,877,1.5077420473098755,64,1.9166620969772339,0.2763742208480835,"[0.9572209219040815, 0.19759953842367395, -0.001169264533018577, 0.041863572379043035, -0.008586836614085769]","[0.15382731887075352, 0.05642018702705798, 0.005348021932920943, 0.004692413940603046, 0.005428212147052136]",1,SeattleCityCouncil_12142020_CB 119971,model_D
tofueval_Qwen2.5-1.5B-Instruct,878,878,3.235581159591675,49,1.4246740341186523,0.19438312947750092,"[0.09663226622707989, 0.35500869166334065, 0.44073351526309795, -0.13506351701193015, -0.08564316019967046]","[0.018383986579001244, 0.0448624610993536, 0.05466418380923902, 0.008415560645405594, 0.004490447309781674]",0,SeattleCityCouncil_12142020_CB 119971,Model-Extra
tofueval_Qwen2.5-1.5B-Instruct,879,879,1.7761549949645996,47,0.9610234498977661,0.1794821172952652,"[0.10747807876434812, -0.04571648204000667, -0.036132642538583976, 0.32539001748986307, 0.045095381319542674]","[0.016552462645295044, 0.021242574087893366, 0.03383526805044583, 0.08045780215252307, 0.00637966789388961]",0,SeattleCityCouncil_12142020_CB 119971,model_A
tofueval_Qwen2.5-1.5B-Instruct,880,880,2.0598278045654297,91,1.8174169063568115,0.2409166842699051,"[0.3092222119888462, 0.14103489143935105, 0.39978361917579047, 0.10491042364730754, -0.0015577494882313908]","[0.036079569736297605, 0.043808784182356945, 0.06214420365794452, 0.027218884425760086, 0.00398206820852795]",1,SeattleCityCouncil_12142020_CB 119971,model_B
tofueval_Qwen2.5-1.5B-Instruct,881,881,1.996930480003357,40,0.8146772384643555,0.1343359649181366,"[0.1125207537712413, 0.0860238668989041, 0.05160882455675164, -0.01696015197230736, -0.007595795720408205]","[0.04152668007916418, 0.024932366040758325, 0.015149992510589527, 0.010439814726123587, 0.005125268066956323]",0,SeattleCityCouncil_12142020_CB 119971,model_C
tofueval_Qwen2.5-1.5B-Instruct,882,882,1.2753539085388184,45,1.2132748365402222,0.1718549132347107,"[0.24772869924911195, 0.13156327008166246, 0.0023490319752858743, 0.04324189246916729, -0.013623245687793113]","[0.04662987884071804, 0.02940899526442485, 0.011784321793695401, 0.009610083720912776, 0.005287500327277586]",0,SeattleCityCouncil_12142020_CB 119971,model_D
tofueval_Qwen2.5-1.5B-Instruct,883,883,1.507805585861206,65,1.2443933486938477,0.1867976188659668,"[0.09312879233296441, 0.13614021615615526, 0.1619429320506662, 0.04622054375985709, -0.01854311156717953]","[0.020644890818584827, 0.04235253036813272, 0.029695762555509365, 0.007089827629715728, 0.0036179869395220102]",0,SeattleCityCouncil_12142020_CB 119971,model_E
