model,resp_id,orig_idx,mean_surprisal,n_ans,gap,jsd_noctx,chunk_drops,chunk_jsds,label,doc_id,summ_model
tofueval_Qwen2.5-0.5B-Instruct,0,0,3.348933696746826,62,0.7653778791427612,0.18008384108543396,"[-0.0306955314346499, 0.11399178086444849, 0.2293427533455073, 0.028153491057192667, 0.015779850762144984]","[0.01988526133403602, 0.007197652746130658, 0.11723610932207404, 0.0348296082399297, 0.009935083142020249]",1,AlamedaCC_02172015_2015-1189,Model-Extra
tofueval_Qwen2.5-0.5B-Instruct,1,1,1.62173593044281,80,1.095263123512268,0.20720796287059784,"[0.3204469395511751, 0.05762759533398594, 0.34396172627062926, 0.02226619130235008, -0.057605141210336795]","[0.06661590055231556, 0.036206468122495394, 0.09114925374574626, 0.01247552263799392, 0.007335085271772357]",0,AlamedaCC_02172015_2015-1189,model_A
tofueval_Qwen2.5-0.5B-Instruct,2,2,2.2193710803985596,20,1.1181488037109375,0.1672738790512085,"[0.03573040929622948, -0.002562637976370752, 0.5340503056300804, -0.09457653930876404, 0.05431957063265145]","[0.01773352133059234, 0.013879715886423583, 0.07051239346401417, 0.030493463749007788, 0.010190468859354951]",0,AlamedaCC_02172015_2015-1189,model_B
tofueval_Qwen2.5-0.5B-Instruct,3,3,1.6277015209197998,50,1.0599265098571777,0.2542157471179962,"[0.0932140654921659, 0.03408253938516282, 0.8577601946190407, 0.07950031961975583, 0.01786128471973825]","[0.01037228457894571, 0.00856284876626205, 0.21191674630252236, 0.025602919428329186, 0.006068142190104027]",0,AlamedaCC_02172015_2015-1189,model_C
tofueval_Qwen2.5-0.5B-Instruct,4,4,2.314363479614258,66,0.8423053622245789,0.18664385378360748,"[0.22580133839790395, 0.038977585636916265, 0.39607502126433025, -0.03451547028122481, -0.019727357872783836]","[0.037860614357694805, 0.038001270101998136, 0.11655605341415635, 0.03135445194931725, 0.009052875319861703]",1,AlamedaCC_02172015_2015-1189,model_D
tofueval_Qwen2.5-0.5B-Instruct,5,5,2.0759332180023193,31,1.3880746364593506,0.19951045513153076,"[0.027094718691988682, 0.06600598895954224, 1.346116082699624, -0.23236254716879734, -0.20606126586532017]","[0.008503394141202549, 0.006856142321618292, 0.17431731976337747, 0.018024348363225376, 0.011337234631179355]",0,AlamedaCC_02172015_2015-1189,model_E
tofueval_Qwen2.5-0.5B-Instruct,6,6,2.8745968341827393,52,1.0690034627914429,0.20839349925518036,"[0.13585367727165037, 0.02326638379152148, 0.6799384020268917, 0.3164512065704912, 0.010155647948312644]","[0.034084816934689746, 0.019495630942681322, 0.1573472808981583, 0.03965471702912719, 0.00844266559908227]",1,AlamedaCC_02172015_2015-1189,Model-Extra
tofueval_Qwen2.5-0.5B-Instruct,7,7,1.4214880466461182,67,1.2543102502822876,0.21928097307682037,"[0.24676360248730503, 0.19793350081638877, 0.7021434638151203, 0.004814975455498024, 0.020972539111711225]","[0.05202907787435915, 0.05275257792013079, 0.10848510105890807, 0.005029636241498514, 0.00689923094800104]",1,AlamedaCC_02172015_2015-1189,model_A
tofueval_Qwen2.5-0.5B-Instruct,8,8,1.8921457529067993,51,1.6123433113098145,0.26764023303985596,"[0.3231768658980739, 0.058733636988643624, 1.3095549792793177, -0.052190517924578204, 0.07331444704704707]","[0.05487823005450189, 0.0250156026721519, 0.16577932537363857, 0.016954908604330455, 0.008141570097390124]",0,AlamedaCC_02172015_2015-1189,model_B
tofueval_Qwen2.5-0.5B-Instruct,9,9,1.416405439376831,124,1.457028865814209,0.23068946599960327,"[-0.006627533796745411, -0.05332744726142517, 0.8449900032408608, 0.5386835050165011, -0.03520654256279217]","[0.016277305127821072, 0.009907748418878409, 0.12287084868747174, 0.08736012509251989, 0.008656856297444582]",0,AlamedaCC_02172015_2015-1189,model_C
tofueval_Qwen2.5-0.5B-Instruct,10,10,1.553949236869812,74,1.5414868593215942,0.22574657201766968,"[0.3606399828222001, 0.3151924180767949, 0.8488603487651719, -0.0167434940559434, -0.006472294795998637]","[0.04857341328592943, 0.05520188934859697, 0.12596702232463952, 0.0081461762550847, 0.00592470100588577]",0,AlamedaCC_02172015_2015-1189,model_D
tofueval_Qwen2.5-0.5B-Instruct,11,11,1.046445608139038,112,1.4171559810638428,0.20126387476921082,"[0.5921843174449221, -0.008085227269824762, 0.6497897223965603, -0.02829798173998808, -0.0005409130430759238]","[0.088653192170857, 0.02318081050474685, 0.07836584046520732, 0.006645684193687654, 0.0048406547053318405]",1,AlamedaCC_02172015_2015-1189,model_E
tofueval_Qwen2.5-0.5B-Instruct,12,12,2.363752603530884,43,1.4002901315689087,0.2513691484928131,"[0.19714913462007114, 0.3717071675955383, 0.6923907719942373, 0.175835094988606, -0.04278167444389573]","[0.02351672335346446, 0.08893788645455483, 0.10988777927271913, 0.02827508507860245, 0.004937431013765258]",1,AlamedaCC_02172015_2015-1189,Model-Extra
tofueval_Qwen2.5-0.5B-Instruct,13,13,1.2534133195877075,101,1.2372466325759888,0.2218000739812851,"[0.556155993551896, 0.5010812885377911, 0.4465566918716417, 0.05156216895258496, 0.0902303243306456]","[0.09001307012287348, 0.10064288054920072, 0.06277392462562763, 0.004526766395534957, 0.004827005073580175]",0,AlamedaCC_02172015_2015-1189,model_A
tofueval_Qwen2.5-0.5B-Instruct,14,14,1.4334932565689087,91,1.5722198486328125,0.20860610902309418,"[0.4804681444482732, -0.05305668273486735, 0.48905026196437146, 0.013584204277267017, 0.2404392341131025]","[0.06797814741682592, 0.045083014367959307, 0.044369577463606966, 0.010188829116074303, 0.031592003636075915]",0,AlamedaCC_02172015_2015-1189,model_B
tofueval_Qwen2.5-0.5B-Instruct,15,15,1.6567083597183228,75,1.1753917932510376,0.17352451384067535,"[0.27059186113455025, 0.21119323302060367, 0.7778331900682921, 0.00807680688992453, 0.026175593361646557]","[0.05990319831932235, 0.049858791435011277, 0.07892205454297861, 0.0037031452491100934, 0.004231506101920483]",0,AlamedaCC_02172015_2015-1189,model_C
tofueval_Qwen2.5-0.5B-Instruct,16,16,1.525595784187317,82,1.1951606273651123,0.2243703305721283,"[0.044997528523331644, 0.2571911911814468, 0.6670284500880105, 0.33710279460501624, -0.019072871875634032]","[0.02648863822966588, 0.058450154026226435, 0.10943365905756387, 0.06286123412420659, 0.0064718593267881685]",0,AlamedaCC_02172015_2015-1189,model_D
tofueval_Qwen2.5-0.5B-Instruct,17,17,1.2362821102142334,116,1.1703441143035889,0.19916677474975586,"[0.426449780077809, 0.32261644561495373, 0.5685981970531437, 0.0546545323840809, 0.038935945688335936]","[0.07142236536008564, 0.07836290330578594, 0.07260822125683306, 0.006190386535851007, 0.003909002631199941]",0,AlamedaCC_02172015_2015-1189,model_E
tofueval_Qwen2.5-0.5B-Instruct,18,18,3.1912546157836914,23,1.6326411962509155,0.3408682644367218,"[0.17566383431894, -0.08905589768919922, -0.03331235449940837, 0.033706170166070755, 1.1430513164377771]","[0.009998196936106504, 0.0035842528153431845, 0.0012792860509010927, 0.0009558765538476227, 0.31561165013472026]",0,AlamedaCC_04042017_2017-4092,Model-Extra
tofueval_Qwen2.5-0.5B-Instruct,19,19,1.2935774326324463,92,2.0101561546325684,0.24053721129894257,"[0.0006950536014063919, -0.030033043747325988, -0.011916044760739722, -0.006547621201172621, 1.8640800341002077]","[0.0017255796319931426, 0.0010545062506673237, 0.00046897106858276186, 0.0005519178939455633, 0.21831697050694618]",1,AlamedaCC_04042017_2017-4092,model_A
tofueval_Qwen2.5-0.5B-Instruct,20,20,0.7919209599494934,77,2.253887414932251,0.291969358921051,"[-0.013482043093337732, 0.002105152026896068, 0.00037622185640453587, -0.007680029190417124, 2.174524383202147]","[0.0015042882941038265, 0.0020082219600503952, 0.0010400880581652348, 0.0004961116641286392, 0.2780220243609631]",1,AlamedaCC_04042017_2017-4092,model_B
tofueval_Qwen2.5-0.5B-Instruct,21,21,1.2918542623519897,101,2.2105932235717773,0.2892688810825348,"[-0.04805933983523501, -0.058820915968411075, 0.011580122889075811, -0.028818365577769716, 1.995678913923635]","[0.007415565718569233, 0.009759912715674429, 0.0013833930419456192, 0.0014051516781593124, 0.2670876556594792]",1,AlamedaCC_04042017_2017-4092,model_C
tofueval_Qwen2.5-0.5B-Instruct,22,22,0.9093730449676514,57,3.65140438079834,0.4118930697441101,"[0.007600249822069982, 0.0160114753146748, -0.0030207339339683946, 0.006464149647654905, 3.3193006148692548]","[0.0015479175143163478, 0.0022808001801957033, 0.0006522934008899028, 0.0006163429733884154, 0.39462750453273193]",0,AlamedaCC_04042017_2017-4092,model_D
tofueval_Qwen2.5-0.5B-Instruct,23,23,1.1165863275527954,43,2.6708316802978516,0.35454344749450684,"[-0.016404260365032865, 0.011878731529746844, 0.01243721957552077, -0.015398542211568023, 2.2026421669193783]","[0.003289218428225465, 0.0014153769811285368, 0.0005235408031957599, 0.0006717833962449445, 0.31275278585624533]",1,AlamedaCC_04042017_2017-4092,model_E
tofueval_Qwen2.5-0.5B-Instruct,24,24,2.6241061687469482,66,0.7199388146400452,0.14188651740550995,"[-0.024241458061706824, 0.01678346777900212, 0.015256208686974842, 0.012588682094198675, 0.5139215268585152]","[0.008180028918876345, 0.0022817977819200182, 0.0003760360232883448, 0.001022921927366924, 0.11139533469967125]",1,AlamedaCC_04042017_2017-4092,Model-Extra
tofueval_Qwen2.5-0.5B-Instruct,25,25,0.5073896646499634,66,3.78426194190979,0.4215225577354431,"[0.0636260892295702, 0.017940942855216923, -0.006739022715647259, -0.0008621338540706347, 3.481532276556016]","[0.003685417187424181, 0.0016058016062157603, 0.0017865191118365449, 0.0006534449714281161, 0.41141210983187193]",0,AlamedaCC_04042017_2017-4092,model_A
tofueval_Qwen2.5-0.5B-Instruct,26,26,0.8614451885223389,39,3.000464916229248,0.3887175917625427,"[-0.022370504580259458, 0.016155874444516136, 0.01209321721497266, 0.012923629560436193, 2.6346869089473515]","[0.0026652519756319238, 0.0023031997805983105, 0.0005232942994837231, 0.0006446904680341248, 0.35815137998015883]",0,AlamedaCC_04042017_2017-4092,model_B
tofueval_Qwen2.5-0.5B-Instruct,27,27,0.9928064942359924,96,2.3761682510375977,0.2840544879436493,"[-0.03513999706531953, -0.015776371802909733, 0.0014987978028102589, 0.005673536012257803, 2.3942903264348083]","[0.0016055715870706422, 0.0018328649282182141, 0.0005487027037413365, 0.0006626930253617047, 0.279252858857338]",1,AlamedaCC_04042017_2017-4092,model_C
tofueval_Qwen2.5-0.5B-Instruct,28,28,1.6684975624084473,61,1.401228427886963,0.20686040818691254,"[-0.015871656576020212, 0.01008575476330183, -0.0005069424311513417, 0.002587067149686875, 1.280778635598597]","[0.0021760245471058193, 0.0019285811030997258, 0.00047619636967417627, 0.000729444752700087, 0.18950811177244042]",1,AlamedaCC_04042017_2017-4092,model_D
tofueval_Qwen2.5-0.5B-Instruct,29,29,1.3200225830078125,93,1.9486730098724365,0.24847356975078583,"[-0.0009126844391870182, 0.014540363849797573, 0.0031902659149675864, -0.0002951966469540381, 1.832843853746571]","[0.0030751593689792474, 0.0019188200686287057, 0.000568398744758514, 0.0005104557137521761, 0.2361698643171719]",1,AlamedaCC_04042017_2017-4092,model_E
tofueval_Qwen2.5-0.5B-Instruct,30,30,3.559882164001465,54,0.6333199143409729,0.13848885893821716,"[0.06919862609141057, -0.019685481543462998, 0.03976811027408716, 0.03354107552311487, 0.48933333723107353]","[0.004145139019884583, 0.00265615102640974, 0.0006419036131706822, 0.0012020064541839357, 0.11060663104129802]",1,AlamedaCC_04042017_2017-4092,Model-Extra
tofueval_Qwen2.5-0.5B-Instruct,31,31,1.546430230140686,47,1.8800772428512573,0.23421123623847961,"[-0.07707554797552608, 0.009887075727826239, 0.0015290399235883788, -0.00450342250328407, 1.576940339280322]","[0.004829923999731112, 0.0020289385131926543, 0.0005922759414232209, 0.0010252997817588039, 0.21132642637314078]",1,AlamedaCC_04042017_2017-4092,model_A
tofueval_Qwen2.5-0.5B-Instruct,32,32,1.1929850578308105,69,2.4380764961242676,0.2805931568145752,"[-0.012696062502600134, 0.004613441588277794, -0.015684757454858998, -0.014380004894506335, 2.352408140540069]","[0.0015869907938131423, 0.00136682761353768, 0.0003435808787838576, 0.0006329478327564215, 0.27294454906824167]",1,AlamedaCC_04042017_2017-4092,model_B
tofueval_Qwen2.5-0.5B-Instruct,33,33,1.4791765213012695,79,1.1686046123504639,0.17031753063201904,"[-0.02528397705153894, 0.006006902135981409, 0.002376632209568096, -0.0038411935690615055, 1.1227594715030274]","[0.0015737233174857902, 0.001598428671073473, 0.0004868804077161741, 0.0008336456452226126, 0.15056469148029336]",1,AlamedaCC_04042017_2017-4092,model_C
tofueval_Qwen2.5-0.5B-Instruct,34,34,0.7799416184425354,78,3.1367440223693848,0.37253397703170776,"[-0.0006129481431600699, 0.012662213543022424, -0.011402674150595442, 0.005796591461766627, 2.786016307878666]","[0.0024808770573984543, 0.001098977535250994, 0.0004420187092335208, 0.00038183368819306616, 0.3553215092456995]",1,AlamedaCC_04042017_2017-4092,model_D
tofueval_Qwen2.5-0.5B-Instruct,35,35,1.837540626525879,39,2.6718530654907227,0.32596081495285034,"[-0.028914724868790913, 0.012118566190623917, 0.011915414521167688, -0.008368310218196338, 2.0296191653051676]","[0.003155703420979523, 0.0017221867314779398, 0.0007915878662130965, 0.0016415626957426027, 0.2763855680756163]",1,AlamedaCC_04042017_2017-4092,model_E
tofueval_Qwen2.5-0.5B-Instruct,36,36,2.652778148651123,54,0.6946099400520325,0.18496635556221008,"[-0.07525356958528089, 0.015791797738293773, -0.03200720315167187, -0.02209706521218188, 0.7065083772228078]","[0.004513782535822328, 0.007182528523268654, 0.003945261481240542, 0.012015995552027798, 0.1735458391483378]",1,AlamedaCC_07162019_2019-6992,Model-Extra
tofueval_Qwen2.5-0.5B-Instruct,37,37,2.147336959838867,45,0.23291116952896118,0.1041845828294754,"[-0.05725037539676931, -0.05533139071291468, -0.010927978371586908, 0.019640301747050316, 0.3906292018456346]","[0.0036760609974913275, 0.005009969543789339, 0.004230273385777157, 0.006855689308859938, 0.08933212606688257]",1,AlamedaCC_07162019_2019-6992,model_A
tofueval_Qwen2.5-0.5B-Instruct,38,38,2.0274808406829834,38,0.31281405687332153,0.10849517583847046,"[-0.017202593597558963, -0.003726988135416545, -0.00037336335519380794, 0.052717713737174085, 0.30129102098908334]","[0.004628885554044054, 0.006367571959584127, 0.0057144945327117485, 0.0056396277867813635, 0.08197846132004902]",1,AlamedaCC_07162019_2019-6992,model_B
tofueval_Qwen2.5-0.5B-Instruct,39,39,1.850994348526001,82,-0.20874428749084473,0.06560806185007095,"[-0.03642578658513585, -0.0337363908668566, -0.0021518256931569073, -0.011495185811970548, 0.011450749796794541]","[0.0014341691208290108, 0.003032932698183353, 0.0016839940805805493, 0.004781827272159806, 0.04007230588674092]",1,AlamedaCC_07162019_2019-6992,model_C
tofueval_Qwen2.5-0.5B-Instruct,40,40,2.5697779655456543,17,0.36303550004959106,0.10173328965902328,"[-0.004589518125559313, -0.03844495426806936, 0.05896689187091611, -0.018935241033913745, -0.1724425861145445]","[0.0014283856076765327, 0.002831125800345463, 0.0033580092725274237, 0.004532526886310627, 0.061860168836146305]",0,AlamedaCC_07162019_2019-6992,model_D
tofueval_Qwen2.5-0.5B-Instruct,41,41,0.6757120490074158,129,2.4752049446105957,0.3595612347126007,"[0.23990323899924848, 1.9674217313437437, -0.029096855857559174, -0.02286338149270853, -0.07043908679977819]","[0.033070062139312434, 0.2629422901750084, 0.0027931225590905324, 0.0020044030733709127, 0.01949841915489947]",0,AlamedaCC_07162019_2019-6992,model_E
tofueval_Qwen2.5-0.5B-Instruct,42,42,3.1829581260681152,55,0.5942229628562927,0.14530427753925323,"[0.0032350354743274777, 0.01669868747703731, -0.007936834924939004, -0.01174376808445562, 0.49200157508762044]","[0.0015383511225412472, 0.0027302096743369473, 0.004076532976746834, 0.01568688764481604, 0.1389120710962743]",1,AlamedaCC_07162019_2019-6992,Model-Extra
tofueval_Qwen2.5-0.5B-Instruct,43,43,1.5807437896728516,126,1.8281456232070923,0.26788049936294556,"[0.07821632571701936, 1.1027664697279298, -0.03343918015682917, 0.18547702769494265, 0.04150009653237667]","[0.019718453325078864, 0.1445939358252778, 0.008688368448877064, 0.027909072534424605, 0.03465672256841153]",1,AlamedaCC_07162019_2019-6992,model_A
tofueval_Qwen2.5-0.5B-Instruct,44,44,1.6925334930419922,64,0.021735727787017822,0.06485945731401443,"[-0.031077656953129917, 0.03821158240316436, -0.020261187077267095, -0.03271208440128248, -0.06857176976336632]","[0.001224094744578963, 0.0017712331575978624, 0.0022999635386913297, 0.0019399582231898194, 0.03714437068197185]",1,AlamedaCC_07162019_2019-6992,model_B
tofueval_Qwen2.5-0.5B-Instruct,45,45,2.135209798812866,31,1.3610873222351074,0.2243967354297638,"[0.20443331825381686, -0.1368172124831847, 0.02536400616724765, -0.046410887727453824, -0.1468184423828197]","[0.008370422833840782, 0.021775289071170375, 0.0058861269576629, 0.005058474582674242, 0.08173712021544494]",1,AlamedaCC_07162019_2019-6992,model_C
tofueval_Qwen2.5-0.5B-Instruct,46,46,1.9849436283111572,47,0.32285356521606445,0.09245894104242325,"[-0.03393786317331994, 0.02465409900438278, -0.02949499291308383, -0.05511972284380426, 0.0286577692691316]","[0.0021963204948057882, 0.0021542005346070273, 0.0027062119689288283, 0.0030153606346194715, 0.05790735718836275]",1,AlamedaCC_07162019_2019-6992,model_D
tofueval_Qwen2.5-0.5B-Instruct,47,47,1.808172583580017,56,-0.00266519607976079,0.06352756172418594,"[-0.01291937370686875, 0.0171919919843536, -0.0031692876177008395, -0.02437061251839623, -0.0692079851375768]","[0.0006104100666643067, 0.0015759717056523317, 0.0014597788457665825, 0.0012013688605634343, 0.013644988822501805]",1,AlamedaCC_07162019_2019-6992,model_E
tofueval_Qwen2.5-0.5B-Instruct,48,48,3.3570339679718018,50,0.6797205209732056,0.12522479891777039,"[-0.058967075417749586, -0.013650776869617402, -0.014098600125871599, -0.008469976531341673, 0.4174486066587269]","[0.002720133939947118, 0.0036288013029115974, 0.0026160918086679886, 0.0038743006655931824, 0.09672888193919789]",1,AlamedaCC_07162019_2019-6992,Model-Extra
tofueval_Qwen2.5-0.5B-Instruct,49,49,2.2859582901000977,44,-0.17268024384975433,0.07825915515422821,"[-0.013361593200401827, -0.004441573199900714, -0.011645013297146017, -0.010075720027089119, -0.17513199760155243]","[0.0013306053551787045, 0.002601718420464749, 0.0018329400207386987, 0.0020527732685257597, 0.04005386628506875]",1,AlamedaCC_07162019_2019-6992,model_A
tofueval_Qwen2.5-0.5B-Instruct,50,50,2.2650721073150635,48,1.7681175470352173,0.23807956278324127,"[-0.05827258892046908, 0.05270751123316586, 0.02786205941811204, 0.01861671102233231, 1.538337386989345]","[0.002657351577151227, 0.001802608427586468, 0.0017974307596280898, 0.0036614176877568148, 0.24057510442798957]",1,AlamedaCC_07162019_2019-6992,model_B
tofueval_Qwen2.5-0.5B-Instruct,51,51,2.1977710723876953,64,-0.3319794535636902,0.06941897422075272,"[-0.03555763675831258, 0.005871853209100664, -0.03489768487634137, -0.02344068099046126, -0.30803405662300065]","[0.0009574577248372407, 0.0014864957587406025, 0.0017180215454573045, 0.0019148227062260048, 0.04104655380888289]",1,AlamedaCC_07162019_2019-6992,model_C
tofueval_Qwen2.5-0.5B-Instruct,52,52,2.104036331176758,68,1.3865225315093994,0.2358725517988205,"[0.06993264476188736, 0.21533364586607337, -0.003329494944356317, 0.04696897470175292, 0.4103929044457907]","[0.018860900137918392, 0.05464411096524119, 0.006433430190387459, 0.005260248546599488, 0.10534236040262064]",0,AlamedaCC_07162019_2019-6992,model_D
tofueval_Qwen2.5-0.5B-Instruct,53,53,2.2659976482391357,57,0.07546750456094742,0.08550668507814407,"[-0.024930415929064333, -0.009450349714984839, -0.05061796527323231, -0.013545021257493971, -0.23083249199880174]","[0.001160255192173696, 0.003972799269448794, 0.0022629114790649048, 0.0026110886449858205, 0.04687013663051562]",1,AlamedaCC_07162019_2019-6992,model_E
tofueval_Qwen2.5-0.5B-Instruct,54,54,2.9876387119293213,54,1.4647718667984009,0.29421746730804443,"[-0.014055136306625273, -0.00042853541499762623, 0.06312856956005648, 0.3374289441422594, 0.42821272689400725]","[0.03830960983729407, 0.019309219321156788, 0.0431067639863748, 0.06362931558746991, 0.09003083333525999]",1,AlamedaCC_07202021_2021-1128,Model-Extra
tofueval_Qwen2.5-0.5B-Instruct,55,55,1.2069863080978394,94,2.704407215118408,0.3484737277030945,"[-0.005359662652289386, 0.037885473077930075, 0.35595200959958556, 1.0244917198582544, 1.199835124558144]","[0.017748977317893377, 0.01809006713633571, 0.05431890400177508, 0.12403715219693368, 0.14334469757762022]",1,AlamedaCC_07202021_2021-1128,model_A
tofueval_Qwen2.5-0.5B-Instruct,56,56,2.0407979488372803,37,1.8700623512268066,0.2856122851371765,"[0.33894396651334857, 0.45777567145037085, -0.00035485205857234224, 0.049214406639048074, 0.024235836909832182]","[0.0806941208402104, 0.09618069890397286, 0.02412987733863259, 0.0033685375300273016, 0.006466878061031378]",0,AlamedaCC_07202021_2021-1128,model_B
tofueval_Qwen2.5-0.5B-Instruct,57,57,1.5019687414169312,110,2.220736503601074,0.28155001997947693,"[0.2011535164603794, 0.09356900244390338, 0.16757338055864568, 0.8093890047846468, 0.5471032216086645]","[0.04773768632211903, 0.025805783552227075, 0.029133005075043045, 0.07167382233256749, 0.0962817145782124]",1,AlamedaCC_07202021_2021-1128,model_C
tofueval_Qwen2.5-0.5B-Instruct,58,58,1.7588027715682983,50,2.9266719818115234,0.306924432516098,"[0.7373179660271854, 0.06059244923759252, -0.0541023973422125, 0.7579227260081097, -0.03343875388614834]","[0.08835381560316818, 0.032259245431996535, 0.020275202768079908, 0.06464948113338323, 0.017484068231460696]",1,AlamedaCC_07202021_2021-1128,model_D
tofueval_Qwen2.5-0.5B-Instruct,59,59,1.2927433252334595,85,2.2782015800476074,0.3191773593425751,"[0.22414074080708601, 1.726015200305504, 0.19705371602782074, -0.01914886665466945, 0.007294594006163928]","[0.03732759109252383, 0.2345387126176587, 0.0418295301434428, 0.0031812880420582536, 0.00245974742231818]",1,AlamedaCC_07202021_2021-1128,Model-Extra
tofueval_Qwen2.5-0.5B-Instruct,60,60,1.4753795862197876,35,2.96649432182312,0.33739686012268066,"[-0.0530834376841085, 1.6486290239063757, 0.6016656983065851, 0.06675603471646485, 0.05036244987817814]","[0.03468394730745266, 0.1718165847855354, 0.06328913794178724, 0.0020342802054561355, 0.004524832073002472]",1,AlamedaCC_07202021_2021-1128,model_A
tofueval_Qwen2.5-0.5B-Instruct,61,61,1.1180579662322998,141,2.247398853302002,0.30876877903938293,"[-0.015098592036796204, 0.11435477207425643, 0.21097583917404297, 0.805094501610056, 0.8613698218834659]","[0.01643059402997567, 0.04149802475462369, 0.03070330395553517, 0.09657029864220731, 0.12048682009679716]",1,AlamedaCC_07202021_2021-1128,model_B
tofueval_Qwen2.5-0.5B-Instruct,62,62,1.4292536973953247,105,1.9343363046646118,0.2865491509437561,"[0.31899135437984333, 0.549085135317143, 0.624286781898562, 0.24264340851902186, -0.01519867964846396]","[0.06647284416653747, 0.07372155466394448, 0.07691973920801891, 0.0433998414078678, 0.006232988014101336]",1,AlamedaCC_07202021_2021-1128,model_C
tofueval_Qwen2.5-0.5B-Instruct,63,63,1.6946606636047363,53,1.3688265085220337,0.2587929964065552,"[0.3616431889402623, -0.07626664554502569, 0.9149731948569786, 0.023356196911234566, 0.03281308878800735]","[0.05598223988663192, 0.05842730969171168, 0.12057750191078807, 0.002413565742138648, 0.005636975397957816]",0,AlamedaCC_07202021_2021-1128,model_D
tofueval_Qwen2.5-0.5B-Instruct,64,64,1.5519870519638062,63,2.276332139968872,0.282659113407135,"[0.4750222890907603, 0.21349410243084774, -0.021466120561060037, 0.5683172578444808, -0.06271678146292707]","[0.0814110687917116, 0.05611174197506371, 0.0185418099562744, 0.058119218872210665, 0.020028532643050673]",1,AlamedaCC_07202021_2021-1128,model_E
tofueval_Qwen2.5-0.5B-Instruct,65,65,2.498706817626953,59,0.20153427124023438,0.16357167065143585,"[0.023772552252305134, -0.02714459150852004, -0.0031484894186132035, 0.2324767167348478, 0.00751823068880555]","[0.0034168191746483884, 0.0046100245521209495, 0.005361857329412719, 0.11827507923738005, 0.020901788854859923]",1,AlamedaCC_07202021_2021-1128,Model-Extra
tofueval_Qwen2.5-0.5B-Instruct,66,66,1.281291127204895,104,2.247180700302124,0.28025224804878235,"[-0.009324413209801955, 0.006185519987691525, 0.014882070348343964, 1.1440415397246397, 1.011027656200615]","[0.002702414205306634, 0.0022722237390717316, 0.003605383681930837, 0.1271229544984049, 0.14711796780437625]",0,AlamedaCC_07202021_2021-1128,model_A
tofueval_Qwen2.5-0.5B-Instruct,67,67,1.2657103538513184,52,1.141525387763977,0.21108311414718628,"[-0.005421777358815934, -0.022011738397570577, 0.01750780773055829, 1.091087336233893, -0.012767750627132885]","[0.002597045904781663, 0.005932522401451479, 0.006252523992840837, 0.18117580826947233, 0.01754163323127063]",0,AlamedaCC_07202021_2021-1128,model_B
tofueval_Qwen2.5-0.5B-Instruct,68,68,1.094516634941101,52,1.3020678758621216,0.20171135663986206,"[0.012520007636864578, 0.02763034070977273, 0.3451575971487098, 1.0866697638876548, 0.08600791874295492]","[0.0020161403217921012, 0.003415797212378143, 0.033692998085580954, 0.16150625399025278, 0.019000447437594385]",1,AlamedaCC_07202021_2021-1128,model_C
tofueval_Qwen2.5-0.5B-Instruct,69,69,1.0064692497253418,92,2.7848355770111084,0.3486974537372589,"[-0.0013608953341526617, 0.013154007259088205, 0.021238084024488395, 1.9667797942858432, 0.8442113799939525]","[0.001881134347396186, 0.001252246579880989, 0.002558056411069866, 0.2516096457557464, 0.0976061265430318]",0,AlamedaCC_07202021_2021-1128,model_D
tofueval_Qwen2.5-0.5B-Instruct,70,70,1.3895862102508545,50,0.8555996417999268,0.16492101550102234,"[-0.020515382105950265, -0.008103762730024755, 0.04745947945397347, 0.6883672680670861, 0.10268956405809149]","[0.0026016091909559693, 0.004456017201298437, 0.00417551244741162, 0.11685932341237276, 0.022383386781991702]",0,AlamedaCC_07202021_2021-1128,model_E
tofueval_Qwen2.5-0.5B-Instruct,71,71,3.9830124378204346,60,0.8812086582183838,0.1749456226825714,"[0.004800817696377635, 0.24192364173941314, -0.08270717202685773, 0.052268542861565945, 0.11215627559771141]","[0.017374868628758124, 0.05138646526853942, 0.02473873826675117, 0.011002806166955755, 0.04464343993749935]",1,AlamedaCC_09012015_2015-1940,Model-Extra
tofueval_Qwen2.5-0.5B-Instruct,72,72,1.2467330694198608,46,1.7726221084594727,0.23774296045303345,"[-0.035446254130360816, 0.014257293157618773, -0.005322395747122716, -0.01688387405911469, 1.6372792040827968]","[0.0026509572683746387, 0.001167869313897664, 0.0006352209872266426, 0.0017748834211636715, 0.23686210024955115]",0,AlamedaCC_09012015_2015-1940,model_A
tofueval_Qwen2.5-0.5B-Instruct,73,73,1.384890079498291,110,0.602146565914154,0.10265611857175827,"[-0.002907802287985429, 0.004322382895820325, -0.007097687388398877, -0.0187335449311914, 0.6397390374130654]","[0.0017312043335400839, 0.0012188134595739733, 0.0003902356028246149, 0.001166225410333833, 0.1005522768634943]",1,AlamedaCC_09012015_2015-1940,model_B
tofueval_Qwen2.5-0.5B-Instruct,74,74,1.7860684394836426,78,0.7733323574066162,0.14051726460456848,"[-0.013493069016091725, -0.007282379297847887, -0.01394535521727355, -0.020028959682011377, 0.872893063721653]","[0.0021847158250530366, 0.0012831674639178696, 0.0005867181344351243, 0.0014895261558693234, 0.14123631230382344]",1,AlamedaCC_09012015_2015-1940,model_C
tofueval_Qwen2.5-0.5B-Instruct,75,75,1.927060842514038,60,1.8640801906585693,0.23372367024421692,"[0.12296594342527291, 0.24844054370284235, 0.2908382884983439, 0.07025013820384629, -0.049790577176221026]","[0.023141987839820407, 0.03961040528744585, 0.047472131897514674, 0.01977487604926864, 0.023634816585248093]",1,AlamedaCC_09012015_2015-1940,model_D
tofueval_Qwen2.5-0.5B-Instruct,76,76,1.4253160953521729,41,2.0268824100494385,0.24904541671276093,"[-0.05893042240298134, -0.00883302145606782, -0.024159795455023236, -0.017824693768888233, 1.9039716931519939]","[0.002639212248008024, 0.0012460376711692887, 0.0007190783963576395, 0.00192054418667384, 0.23110567334054105]",1,AlamedaCC_09012015_2015-1940,model_E
tofueval_Qwen2.5-0.5B-Instruct,77,77,2.1517703533172607,84,1.0722215175628662,0.20280560851097107,"[-0.006623291301626263, 0.08053872808531673, 0.11616704008320951, 0.1124644807727496, 0.02166159160177423]","[0.01909052268604769, 0.01738118025310173, 0.01751462396508768, 0.022728893126725325, 0.038765537005793875]",0,AlamedaCC_09012015_2015-1940,Model-Extra
tofueval_Qwen2.5-0.5B-Instruct,78,78,1.2182867527008057,136,1.819640040397644,0.2651476562023163,"[0.5057344456636201, 0.41405590213566806, 0.105975984486911, -0.027653305873821622, -0.044705789086205025]","[0.06931345425798152, 0.05681134415938954, 0.02157629327187331, 0.011612330652666588, 0.00981758644226632]",0,AlamedaCC_09012015_2015-1940,model_A
tofueval_Qwen2.5-0.5B-Instruct,79,79,2.4945123195648193,44,1.3131343126296997,0.1520577073097229,"[0.018338532505202402, 0.007119721141696738, 0.02122670551894275, -0.0028046182983830063, 1.2480342590504072]","[0.0007990949909113128, 0.0009913447672199088, 0.000338541669138563, 0.0006660512343511404, 0.13770400101599412]",1,AlamedaCC_09012015_2015-1940,model_B
tofueval_Qwen2.5-0.5B-Instruct,80,80,1.7609270811080933,63,2.116018772125244,0.27059295773506165,"[0.05636004002470087, 0.14206170344204155, 0.06606847342447422, 0.00886311595021407, -0.06284752159401596]","[0.03646131648162866, 0.038230076139435756, 0.020843887316860196, 0.013624464633086598, 0.020559394998671782]",0,AlamedaCC_09012015_2015-1940,model_C
tofueval_Qwen2.5-0.5B-Instruct,81,81,3.792954683303833,28,0.43054723739624023,0.1003500372171402,"[-0.0064384289157065466, -0.03277035154074578, -0.025170347234766917, -0.05634309943031569, 0.3523204369204385]","[0.002652707347010619, 0.0013918610867936618, 0.0006288663159109222, 0.0014638141594787157, 0.08787187510045312]",1,AlamedaCC_09012015_2015-1940,model_D
tofueval_Qwen2.5-0.5B-Instruct,82,82,1.685801386833191,66,0.9430505037307739,0.15576687455177307,"[-0.005720457253670303, 0.006887008900569278, 0.010133748547959289, 0.005891692258170555, 0.8793402092855875]","[0.0013990597263851998, 0.001169539213702647, 0.0003495185186845144, 0.0011298594567651062, 0.14831934498116342]",1,AlamedaCC_09012015_2015-1940,model_E
tofueval_Qwen2.5-0.5B-Instruct,83,83,2.731802463531494,71,0.9513367414474487,0.1793786585330963,"[0.10346336530285402, 0.13037620894086194, -0.06722402664452372, -0.06580174307693058, 0.28472776179739706]","[0.036412660785521134, 0.02472084291569022, 0.02685759539809611, 0.0178205735322939, 0.07724713419832971]",0,AlamedaCC_09012015_2015-1940,Model-Extra
tofueval_Qwen2.5-0.5B-Instruct,84,84,1.8858420848846436,79,0.19795580208301544,0.04817191883921623,"[0.0017053034885353968, 0.00419397013333937, -0.005024845701571601, 0.008489049759548293, 0.25405369094231084]","[0.0014307886128531381, 0.0010804031424505652, 0.00040968122044732, 0.0011815484590673045, 0.021397065084289076]",1,AlamedaCC_09012015_2015-1940,model_A
tofueval_Qwen2.5-0.5B-Instruct,85,85,1.7685353755950928,63,0.8183109164237976,0.14199844002723694,"[0.018960835762906452, 0.03537205029510554, 0.007153143627932415, -0.0059498001794833855, 0.8284674131030602]","[0.001809279413946353, 0.0018534081919925585, 0.0002609367203827816, 0.0034147300195439723, 0.13847821659966564]",1,AlamedaCC_09012015_2015-1940,model_B
tofueval_Qwen2.5-0.5B-Instruct,86,86,1.9329551458358765,82,0.4573030173778534,0.08114145696163177,"[-0.003602516417431172, -0.020784641928990245, -0.0129090575408155, -0.004608767067688083, 0.3797993184828268]","[0.0013897396089657555, 0.0010854617625194274, 0.0003104481741712977, 0.002410618492472334, 0.0697699426742563]",1,AlamedaCC_09012015_2015-1940,model_C
tofueval_Qwen2.5-0.5B-Instruct,87,87,1.4712899923324585,75,0.7911098599433899,0.10811847448348999,"[-0.010103738896032156, -0.002016215611814308, 0.011412470646731284, -0.008719026044582278, 0.6354619592309851]","[0.0013966743941470365, 0.000733501606076364, 0.0003821929700128142, 0.0007777628905144714, 0.10820703179090439]",1,AlamedaCC_09012015_2015-1940,model_D
tofueval_Qwen2.5-0.5B-Instruct,88,88,1.4318535327911377,60,2.1219916343688965,0.2534269690513611,"[0.24130923088014242, 0.055299581649614994, 0.08607575570693674, -0.03067676713887219, -0.03987311938005102]","[0.026335291564632258, 0.013405327006099317, 0.014304230636576657, 0.014763751452629018, 0.018050667759564477]",0,AlamedaCC_09012015_2015-1940,model_E
tofueval_Qwen2.5-0.5B-Instruct,89,89,2.7744836807250977,43,1.4868422746658325,0.23135703802108765,"[1.1436965482006238, 0.2522639941077593, -0.01415970929096951, 0.018892452342782255, 0.035447068723611704]","[0.13329511260489263, 0.035763380507570365, 0.0022860760893605022, 0.006028543736583954, 0.011935395246160455]",0,AlamedaCC_09152020_2020-8293,Model-Extra
tofueval_Qwen2.5-0.5B-Instruct,90,90,2.3147988319396973,36,1.3547790050506592,0.2314484715461731,"[0.537145763787622, 0.28208166545179364, -0.048555602827238746, -0.07336432346750775, -0.0062710567015326684]","[0.1624498055304381, 0.049137564541726735, 0.0032513391184794374, 0.016392662800828676, 0.012870617900464114]",0,AlamedaCC_09152020_2020-8293,model_A
tofueval_Qwen2.5-0.5B-Instruct,91,91,1.8861849308013916,57,1.765123724937439,0.23713308572769165,"[1.0812683961611536, 0.3890538915951319, 0.01622672108044897, 0.033013865165693254, 0.050223958038195474]","[0.1312805201093413, 0.05947734862572935, 0.0020511173238606205, 0.009275526414759889, 0.008999308173961731]",1,AlamedaCC_09152020_2020-8293,model_B
tofueval_Qwen2.5-0.5B-Instruct,92,92,1.5929878950119019,58,1.2159171104431152,0.21306240558624268,"[0.5748223677269536, 0.06296055927342767, -0.007709500498282884, 0.10702460321722199, 0.006616958284525779]","[0.09276409842190222, 0.031917777298888034, 0.0030660140334303238, 0.03538827571456154, 0.013763595722333195]",0,AlamedaCC_09152020_2020-8293,model_C
tofueval_Qwen2.5-0.5B-Instruct,93,93,1.3306329250335693,68,2.3324737548828125,0.3118034303188324,"[1.8717780998284819, -0.02353457486964651, 0.012295104460436586, 0.14422971847686902, 0.057169662600833414]","[0.2183773080516189, 0.01689603704001035, 0.002140892040032708, 0.02747909971630403, 0.011893731464470769]",1,AlamedaCC_09152020_2020-8293,model_D
tofueval_Qwen2.5-0.5B-Instruct,94,94,2.3471717834472656,34,1.2947877645492554,0.23168355226516724,"[1.1292522539288792, 0.010754001107724273, 0.020493404090623644, 0.01659768299021594, 0.022288006120909226]","[0.129774636878317, 0.03928662435817601, 0.0018190414962993922, 0.008737161429828976, 0.01074442698582596]",0,AlamedaCC_09152020_2020-8293,model_E
tofueval_Qwen2.5-0.5B-Instruct,95,95,2.680659770965576,51,0.9675516486167908,0.2048722207546234,"[0.8325249236442295, 0.19541128724471063, -0.005262936326200325, -0.03720653677409442, 0.030418098230809702]","[0.14107287653228817, 0.026973711224560677, 0.0020986151784619126, 0.010534024943184455, 0.01158129592787351]",0,AlamedaCC_09152020_2020-8293,Model-Extra
tofueval_Qwen2.5-0.5B-Instruct,96,96,1.9136642217636108,76,1.1283202171325684,0.22032304108142853,"[0.5564490054311567, 0.17690873786930178, -0.03738011929238526, 0.14220649725408102, 0.06769599298879832]","[0.14811120286246274, 0.022577582031444582, 0.0020789374677711316, 0.030238272542370145, 0.009747149053650542]",1,AlamedaCC_09152020_2020-8293,model_A
tofueval_Qwen2.5-0.5B-Instruct,97,97,1.2247819900512695,76,2.810297966003418,0.3079352080821991,"[1.7838264322835082, 0.8513569157639722, 0.018297831900973074, 0.06121396891313979, 0.05571534145230161]","[0.1862581610861717, 0.11277123606690584, 0.0016913482482182548, 0.007282451363385695, 0.007926959937285304]",0,AlamedaCC_09152020_2020-8293,model_B
tofueval_Qwen2.5-0.5B-Instruct,98,98,1.8818466663360596,66,2.1341538429260254,0.27960604429244995,"[1.5157982985824536, 0.4866142474280478, -0.0238845627365222, 0.04344685330243286, 0.052345407061417944]","[0.18302852073221595, 0.07347619585782571, 0.0033998984366043965, 0.009947541963795587, 0.009728823750835449]",0,AlamedaCC_09152020_2020-8293,model_C
tofueval_Qwen2.5-0.5B-Instruct,99,99,1.7309601306915283,51,1.3692291975021362,0.21271777153015137,"[1.0427069331144951, 0.18993287279027202, -0.005939369622829676, 0.008178405104177621, 0.05695580891188001]","[0.1526862599660971, 0.029280005522356507, 0.0016401712092445843, 0.009051774534138227, 0.0062597682733555714]",0,AlamedaCC_09152020_2020-8293,model_D
tofueval_Qwen2.5-0.5B-Instruct,100,100,1.284348964691162,107,2.1052498817443848,0.3016784191131592,"[1.7610518215241826, 0.02892368180807786, -0.01828860625041628, 0.2197502162816818, 0.019755465491097114]","[0.21832448809293956, 0.015417510311416978, 0.0013602853403864455, 0.05123561178994716, 0.009479893797456965]",1,AlamedaCC_09152020_2020-8293,model_E
tofueval_Qwen2.5-0.5B-Instruct,101,101,1.5288887023925781,54,2.5487887859344482,0.3276282548904419,"[-0.011748383904247291, 0.005310520795723682, 0.00021214836171431535, 1.8446954148870038, -0.08695738276232819]","[0.005368717755225639, 0.004261870608892785, 0.0008127514464814778, 0.2403438273210028, 0.02501280546098146]",0,AlamedaCC_09152020_2020-8293,Model-Extra
tofueval_Qwen2.5-0.5B-Instruct,102,102,1.190054178237915,77,2.372788190841675,0.30122077465057373,"[0.02924033447845148, 0.0017255295155242587, -0.011792417940707853, 1.7447924896536657, 0.06976079102974103]","[0.004940318993195202, 0.0026172371714298973, 0.0011222385256630402, 0.22834638851874206, 0.03379024305244953]",1,AlamedaCC_09152020_2020-8293,model_A
tofueval_Qwen2.5-0.5B-Instruct,103,103,1.0943166017532349,66,2.6667702198028564,0.3131152391433716,"[0.009227606123617576, 0.01798922297056186, -0.021474121792517977, 1.9188515219108067, 0.23739656067206824]","[0.006638324682371758, 0.0054747779847273805, 0.0036131889858485133, 0.19781592686189414, 0.03367211746561252]",0,AlamedaCC_09152020_2020-8293,model_B
tofueval_Qwen2.5-0.5B-Instruct,104,104,1.709390640258789,67,2.1933753490448,0.29787206649780273,"[-0.02700354537515903, -0.028078827425231982, -0.029404797163779358, 1.4981645278345077, 0.13199856463466153]","[0.005541713088557945, 0.0034287308989916316, 0.001038752959516811, 0.1910215694285819, 0.05682613572529346]",1,AlamedaCC_09152020_2020-8293,model_C
tofueval_Qwen2.5-0.5B-Instruct,105,105,1.2635774612426758,54,1.64226233959198,0.2582765221595764,"[-0.037230640240994504, -0.012261746888624556, -0.02230851596336665, 1.083349177018304, 0.20031577551250207]","[0.005752174974089839, 0.0023154955258001386, 0.0006241100867791156, 0.15693117691437322, 0.06383051632592132]",0,AlamedaCC_09152020_2020-8293,model_D
tofueval_Qwen2.5-0.5B-Instruct,106,106,0.9301597476005554,66,2.566622018814087,0.32411861419677734,"[-0.016246929103985938, -0.004750512213969628, -0.028415237138081768, 1.9093874054568998, 0.13236362159593476]","[0.003913801032170609, 0.0032572033833715027, 0.0012801653333071679, 0.24493944282283503, 0.026960657982843975]",1,AlamedaCC_09152020_2020-8293,model_E
tofueval_Qwen2.5-0.5B-Instruct,107,107,2.314089298248291,53,1.2332154512405396,0.19668711721897125,"[0.42065643503972855, 0.4588360594337606, 0.16099632181664314, 0.03722535870666725, 0.07596323976045]","[0.08790641279467377, 0.08358959901801735, 0.02170735223966991, 0.0043412112407957395, 0.009402449655057061]",0,AlamedaCC_09192017_2017-4642,Model-Extra
tofueval_Qwen2.5-0.5B-Instruct,108,108,1.359452486038208,76,1.5895484685897827,0.235759437084198,"[0.2882769397026191, 0.6065767534271225, 0.5686729079355988, 0.0020106868297908045, 0.2104996691153749]","[0.0602002568091655, 0.07680205450277736, 0.0643877024977766, 0.003944048595673316, 0.028978964578841054]",0,AlamedaCC_09192017_2017-4642,model_A
tofueval_Qwen2.5-0.5B-Instruct,109,109,1.2412233352661133,99,1.7032244205474854,0.2322423905134201,"[0.3766942390933341, 0.4792333534224147, 0.6681217864924099, 0.0917456708558908, -0.03475913646236516]","[0.05948488409488145, 0.08530923251831757, 0.06325022911462176, 0.02876972202441128, 0.027498329708500725]",0,AlamedaCC_09192017_2017-4642,model_B
tofueval_Qwen2.5-0.5B-Instruct,110,110,1.27870774269104,89,1.4232267141342163,0.21686354279518127,"[0.14749623934201306, 0.587604335054432, 0.30634122046448986, 0.24449338632500636, 0.021643670923858122]","[0.04424174374411945, 0.06207533007424384, 0.05230418932349946, 0.03608593980932428, 0.031565190858835905]",0,AlamedaCC_09192017_2017-4642,model_C
tofueval_Qwen2.5-0.5B-Instruct,111,111,1.5307024717330933,92,1.4187418222427368,0.2159283310174942,"[0.26979942445644195, 0.11288384510998106, 0.4807794948010961, 0.2924959347752895, 0.07919717851987314]","[0.05904315449132817, 0.03833003324082849, 0.051221533563052715, 0.03267692175119632, 0.03126677165916068]",1,AlamedaCC_09192017_2017-4642,model_D
tofueval_Qwen2.5-0.5B-Instruct,112,112,1.7431614398956299,64,1.472332239151001,0.23641039431095123,"[0.5319654138859278, 0.06913800747273058, 0.826266069750119, 0.07564685814000427, 0.011968788713232925]","[0.09101133177041731, 0.05233978739958545, 0.09006806952089974, 0.007319579304544632, 0.008259303483793445]",1,AlamedaCC_09192017_2017-4642,model_E
tofueval_Qwen2.5-0.5B-Instruct,113,113,2.1046102046966553,85,1.1643223762512207,0.1981271654367447,"[0.2938134978604092, 0.42073122687708, 0.2335886343203396, -0.028814465762287213, 0.023194849307850852]","[0.05090901540969325, 0.06643465019719369, 0.031466082696959025, 0.01951593928606331, 0.02744866669582226]",0,AlamedaCC_09192017_2017-4642,Model-Extra
tofueval_Qwen2.5-0.5B-Instruct,114,114,1.510725498199463,58,2.303859233856201,0.29835274815559387,"[-0.025826717716975915, 1.8319923114031553, 0.019673743038357974, 0.04713507973667282, 0.010964900650237567]","[0.019106780008416598, 0.24161169697141177, 0.0034647868738469194, 0.00422222452974391, 0.007050570983971017]",1,AlamedaCC_09192017_2017-4642,model_A
tofueval_Qwen2.5-0.5B-Instruct,115,115,1.7301886081695557,105,1.6024196147918701,0.23980826139450073,"[0.2179780852146602, 0.23025275427426095, 0.5524146028455843, 0.12883943620139948, 0.0819732643049931]","[0.021935115150507133, 0.038001937888957185, 0.0869021514881535, 0.03834664450175751, 0.03744732502741066]",1,AlamedaCC_09192017_2017-4642,model_B
tofueval_Qwen2.5-0.5B-Instruct,116,116,1.5192757844924927,55,1.9588680267333984,0.260810911655426,"[0.05258082566552647, 0.8007631005796032, 0.8898407231915785, 0.011657436391264623, 0.022760727632505057]","[0.01969451674002068, 0.10256804746872646, 0.11533245466196769, 0.009206851089042671, 0.00552182285961697]",0,AlamedaCC_09192017_2017-4642,model_C
tofueval_Qwen2.5-0.5B-Instruct,117,117,1.6326375007629395,48,1.9540561437606812,0.25289592146873474,"[0.31226646544655523, 0.5774693310268049, 0.8934377840156836, 0.010707988088446049, -0.0223764104929766]","[0.039591822460972516, 0.09747636252537954, 0.09842355614287612, 0.005793862752582868, 0.0055247656275388595]",0,AlamedaCC_09192017_2017-4642,model_D
tofueval_Qwen2.5-0.5B-Instruct,118,118,1.2952492237091064,114,1.3279123306274414,0.21858097612857819,"[0.05538737296948264, 0.33404911014491645, 0.32166614828837053, 0.05573269280951839, 0.38511092544030634]","[0.010833738915681729, 0.06534765213795604, 0.0430938590138465, 0.021350993050629433, 0.057565440374192256]",1,AlamedaCC_09192017_2017-4642,model_E
tofueval_Qwen2.5-0.5B-Instruct,119,119,2.0749053955078125,68,0.9097816348075867,0.20064802467823029,"[0.054061365491714454, 0.30302231878773883, 0.11886804915882428, 0.18282953927631324, -0.016713384097195503]","[0.02783110584773935, 0.08979501371888933, 0.03520506492222018, 0.028734988079135933, 0.010980103984579995]",1,AlamedaCC_09192017_2017-4642,Model-Extra
tofueval_Qwen2.5-0.5B-Instruct,120,120,1.6667064428329468,92,1.719893217086792,0.26670676469802856,"[0.28500541432742427, 0.6151904849378732, 0.82695345505591, 0.018773238986756514, 0.003078110884930736]","[0.0401191698639472, 0.14100090800175363, 0.09953860273734241, 0.00550979018869483, 0.0061782351141296795]",1,AlamedaCC_09192017_2017-4642,model_A
tofueval_Qwen2.5-0.5B-Instruct,121,121,1.3444068431854248,88,1.3852401971817017,0.23787444829940796,"[0.22361068699788947, 0.621641494032784, 0.21367247432145964, 0.05546444944870514, 0.05720443621827475]","[0.0320415996630097, 0.09952697358744445, 0.06065932638660146, 0.005946102073409065, 0.026454464874397197]",1,AlamedaCC_09192017_2017-4642,model_B
tofueval_Qwen2.5-0.5B-Instruct,122,122,1.866371512413025,48,1.223606824874878,0.2091345191001892,"[0.2384412992377444, 0.2272536443295697, 0.4408033246273438, 0.0021299187072448453, 0.006611292884296442]","[0.04278413556956551, 0.13359789998173, 0.05077968473809591, 0.0045103948507865255, 0.009777334587074193]",1,AlamedaCC_09192017_2017-4642,model_C
tofueval_Qwen2.5-0.5B-Instruct,123,123,1.8425369262695312,64,1.64420485496521,0.22370672225952148,"[0.3070289734916969, 0.13999391810898487, 0.6763319793874416, 0.023116621816768657, 0.016748375356712586]","[0.04693550439318628, 0.07396851330524612, 0.07893874231523768, 0.006223377698944432, 0.005742075966416849]",0,AlamedaCC_09192017_2017-4642,model_D
tofueval_Qwen2.5-0.5B-Instruct,124,124,1.5822303295135498,45,1.2530229091644287,0.18910333514213562,"[0.3788634027184647, 0.051469012842911374, 0.17934944741589587, 0.1071589615733602, 0.07553124618538681]","[0.06929034628071046, 0.07129488535728747, 0.025558301625298756, 0.004721873940080615, 0.0060078701553215475]",0,AlamedaCC_09192017_2017-4642,model_E
tofueval_Qwen2.5-0.5B-Instruct,125,125,2.645662307739258,53,1.1198651790618896,0.1731678694486618,"[0.40064370033974656, -0.037514889161856156, 0.2718195030338393, 0.08736327296383195, -0.0335548547271448]","[0.10583968570241474, 0.011665062470970987, 0.027449052138162754, 0.019020625991906168, 0.002786842122883893]",0,AlamedaCC_11172015_2015-2270,Model-Extra
tofueval_Qwen2.5-0.5B-Instruct,126,126,1.305013656616211,77,1.5707484483718872,0.22192877531051636,"[1.0358943563841385, 0.14515273173131024, -0.028383824358346143, -0.015473246723464494, 0.0033749227049947993]","[0.17117799170381506, 0.029013611251665586, 0.002803546422455838, 0.0030592631193420467, 0.002324356634520197]",1,AlamedaCC_11172015_2015-2270,model_A
tofueval_Qwen2.5-0.5B-Instruct,127,127,1.8287824392318726,69,1.1397148370742798,0.2105424553155899,"[0.5178282954704259, 0.24159780116897178, 0.15464470892556678, 0.18778375962861849, 0.0017607338612029655]","[0.11668028869853252, 0.04486491154229821, 0.027868608086787455, 0.02523206758024057, 0.002537221552901811]",0,AlamedaCC_11172015_2015-2270,model_B
tofueval_Qwen2.5-0.5B-Instruct,128,128,2.02065372467041,72,1.1551014184951782,0.21141022443771362,"[0.8145357492655118, 0.013718605763870073, 0.08582926719117899, 0.0025766833933984243, -0.01687855465888788]","[0.157025151438404, 0.025760092269087584, 0.010715743867422134, 0.005508068818591659, 0.0021676860788804536]",1,AlamedaCC_11172015_2015-2270,model_C
tofueval_Qwen2.5-0.5B-Instruct,129,129,1.3678393363952637,69,1.4499162435531616,0.20592835545539856,"[0.8300409520879246, -0.03838391765785291, 0.08262800465276535, 0.13664047664916207, 0.004244628993487625]","[0.16306580053717393, 0.007526886793448778, 0.010991082967087135, 0.011293955134721293, 0.0023641951246673484]",0,AlamedaCC_11172015_2015-2270,model_D
tofueval_Qwen2.5-0.5B-Instruct,130,130,1.454047679901123,90,1.7787199020385742,0.22062581777572632,"[0.976624454429091, 0.03146909901402574, 0.026443944516439742, 0.14689111887172557, -0.011498582476512335]","[0.14492052918180384, 0.011108319393608528, 0.006169786942672949, 0.019091714793173904, 0.0019788593417767214]",0,AlamedaCC_11172015_2015-2270,model_E
tofueval_Qwen2.5-0.5B-Instruct,131,131,2.714548349380493,51,0.9146654605865479,0.18755105137825012,"[0.119426040916961, 0.043628322051232564, 0.28175278244039054, 0.43804663403324073, -0.0007309045008607392]","[0.05343084662536949, 0.008259055193454568, 0.03307302296389917, 0.05113774510494955, 0.0027575595195230562]",0,AlamedaCC_11172015_2015-2270,Model-Extra
tofueval_Qwen2.5-0.5B-Instruct,132,132,1.7522377967834473,85,1.0557843446731567,0.2121129184961319,"[0.5455954004064926, 0.21743697306147786, 0.11850867813575806, 0.0677323334051995, 0.0411315009368884]","[0.0977551524568004, 0.02920179081955158, 0.028254663543938317, 0.026215981236667657, 0.007609887952377689]",0,AlamedaCC_11172015_2015-2270,model_A
tofueval_Qwen2.5-0.5B-Instruct,133,133,1.836635947227478,55,0.9069328308105469,0.17585386335849762,"[0.6417220955292412, -0.018092271109666894, 0.1311850191542445, -0.006548007424101922, 0.03415438026052222]","[0.11603600041325163, 0.0102584303707524, 0.010559483078792585, 0.0028871904024774927, 0.0029572677419557954]",0,AlamedaCC_11172015_2015-2270,model_B
tofueval_Qwen2.5-0.5B-Instruct,134,134,1.564024806022644,129,0.9814447164535522,0.17808544635772705,"[0.5110538810854274, 0.038547801503733534, 0.12643821017143833, 0.07716798986659215, 0.01475041132968635]","[0.09984957631588942, 0.014748556479633782, 0.016715702037255288, 0.018680533399037285, 0.002012851419733632]",0,AlamedaCC_11172015_2015-2270,model_C
tofueval_Qwen2.5-0.5B-Instruct,135,135,0.9124487042427063,74,1.9673320055007935,0.2963646948337555,"[1.6925490011104507, -0.04866646586539925, -0.020485388531400334, -0.015938629257303744, 0.0006076249932743234]","[0.26557533001409495, 0.013165276717101021, 0.004661473526554702, 0.0021412055691414295, 0.0016068346064996972]",0,AlamedaCC_11172015_2015-2270,model_D
tofueval_Qwen2.5-0.5B-Instruct,136,136,1.2402472496032715,79,1.3340733051300049,0.22605903446674347,"[1.0379240095048197, -0.05948706372522724, 0.20693539313605228, 0.006867245652888932, 0.011488611177350023]","[0.1799143660406502, 0.009857069536720598, 0.013329692851100448, 0.0022069168954310125, 0.0009086998604319185]",0,AlamedaCC_11172015_2015-2270,model_E
tofueval_Qwen2.5-0.5B-Instruct,137,137,2.1736249923706055,22,2.0900776386260986,0.2201307713985443,"[0.4843112795146722, 0.10172032708148683, 0.18342685730352637, -0.022369447702658363, -0.011371187601815274]","[0.035420901983674084, 0.018114983997789255, 0.05329805431797881, 0.0058190406166018374, 0.002565756096787068]",0,AlamedaCC_11172015_2015-2270,Model-Extra
tofueval_Qwen2.5-0.5B-Instruct,138,138,1.3904720544815063,123,1.052552580833435,0.20254455506801605,"[0.540915359736048, 0.12697480243653303, 0.17669264404747348, 0.08555977302916941, 0.007682294804035928]","[0.10290672354854846, 0.02077001495381114, 0.023646446231118827, 0.024226115977727922, 0.00195235691117615]",0,AlamedaCC_11172015_2015-2270,model_A
tofueval_Qwen2.5-0.5B-Instruct,139,139,1.86256742477417,72,1.52195405960083,0.22225196659564972,"[0.7096125369509738, -0.007946016229766428, 0.18114306486874435, 0.2505634102516928, 0.024141476710888635]","[0.1031495751915246, 0.012231840661545194, 0.036185942673449115, 0.03218166817307772, 0.002727047980041814]",0,AlamedaCC_11172015_2015-2270,model_B
tofueval_Qwen2.5-0.5B-Instruct,140,140,2.2221405506134033,52,1.0699553489685059,0.18351761996746063,"[0.6264373724471415, 0.0798776490608781, 0.08760765108057128, -0.0054086242013139645, -0.019952574958341966]","[0.0832540043512521, 0.009220818237491376, 0.026904177564469698, 0.0053027369768257745, 0.002089503622353452]",0,AlamedaCC_11172015_2015-2270,model_C
tofueval_Qwen2.5-0.5B-Instruct,141,141,1.1688860654830933,95,1.7985252141952515,0.22622957825660706,"[0.9225741225670725, -0.01892142902514407, 0.04499558030251807, 0.3867680630481788, 0.026459051723117896]","[0.1524160325391916, 0.005674921243053177, 0.011909943632229825, 0.03444680937222385, 0.002139810676599633]",0,AlamedaCC_11172015_2015-2270,model_D
tofueval_Qwen2.5-0.5B-Instruct,142,142,2.0083956718444824,53,1.1858476400375366,0.21403127908706665,"[0.4099439226542155, 0.0658466554302305, 0.11069711295703252, 0.20911108522773678, 0.029488543659269607]","[0.08779073369764516, 0.007367936607369181, 0.04820432668673606, 0.04522300789524723, 0.008771441808710492]",0,AlamedaCC_11172015_2015-2270,model_E
tofueval_Qwen2.5-0.5B-Instruct,143,143,1.227131724357605,40,1.6357148885726929,0.32638296484947205,"[0.08847777114788187, 0.03832012453494826, -0.015161765373341041, -0.009996883512212663, 1.462636069801374]","[0.014852838116374301, 0.0021842673894553856, 0.0011948175564327813, 0.004724912976752193, 0.28562366437718084]",1,BostonCC_06292022_2022-0708,Model-Extra
tofueval_Qwen2.5-0.5B-Instruct,144,144,1.146117091178894,37,2.1626241207122803,0.3422396183013916,"[0.03941772832390475, 0.005323292368179741, 0.025378309039248002, 0.015673929115920957, 1.9478897534159791]","[0.01253889674649759, 0.001034084060466813, 0.0007776921746561719, 0.0022160119472671895, 0.31201896122405054]",0,BostonCC_06292022_2022-0708,model_A
tofueval_Qwen2.5-0.5B-Instruct,145,145,1.4872698783874512,50,1.280726432800293,0.26103609800338745,"[0.004754612034885213, -0.01699520023248624, 0.0009500434726942331, -0.013388073036330751, 1.0311184353940188]","[0.008962582617940598, 0.0017210647124738898, 0.0008420046386117974, 0.0075372470364538915, 0.2298225672612898]",1,BostonCC_06292022_2022-0708,model_B
tofueval_Qwen2.5-0.5B-Instruct,146,146,1.2860286235809326,35,3.091074228286743,0.38726675510406494,"[-0.03846517773677728, -0.013994852982328406, 0.02761228061946375, 0.003471072600223124, 2.586550046503544]","[0.007192397779752875, 0.0008650817770753098, 0.0013564845262018415, 0.003185937097656019, 0.36350332267050234]",0,BostonCC_06292022_2022-0708,model_C
tofueval_Qwen2.5-0.5B-Instruct,147,147,0.9634116291999817,41,2.2662031650543213,0.3657952845096588,"[0.04126722792450271, 0.042206405576818234, -0.0028568038787187373, -0.031068048941073713, 1.948679437122603]","[0.017225842466229286, 0.00409027545652784, 0.0011223861511569606, 0.0036968983191183902, 0.31002364093551366]",0,BostonCC_06292022_2022-0708,model_D
tofueval_Qwen2.5-0.5B-Instruct,148,148,1.2327626943588257,42,2.7770543098449707,0.398800790309906,"[-0.11902661748761256, 0.013835551605595919, 0.009427928993578203, -0.013810034823975349, 2.4513697452909713]","[0.007847772568441411, 0.0011221891728014487, 0.0010015135883566558, 0.002776261210090611, 0.3631775056710467]",1,BostonCC_06292022_2022-0708,model_E
tofueval_Qwen2.5-0.5B-Instruct,149,149,1.6346957683563232,44,2.0057921409606934,0.3736637830734253,"[0.01900701576960273, -0.007981802032604306, 0.042489916434119965, 0.023898103161958385, 1.8829396736532957]","[0.010864787677095674, 0.001747010696481704, 0.001389563120038805, 0.0016853478401902646, 0.3387930722833103]",0,BostonCC_06292022_2022-0708,Model-Extra
tofueval_Qwen2.5-0.5B-Instruct,150,150,1.1785540580749512,32,2.4784035682678223,0.386162132024765,"[-0.003560818186997494, 0.010833154732608818, 0.010563782511781028, -0.0189194838117146, 2.388055636663921]","[0.0049828798781064165, 0.0029529884280989904, 0.002168375120591648, 0.002176397353579773, 0.37187172294943593]",0,BostonCC_06292022_2022-0708,model_A
tofueval_Qwen2.5-0.5B-Instruct,151,151,0.8274820446968079,40,3.359877347946167,0.4039650559425354,"[0.006824021315696882, 0.02407399246476416, 0.03291767683913349, 0.02251068871773896, 3.1772777388396207]","[0.004660790663386649, 0.0009970144353104616, 0.0011963858822753083, 0.0020879916063847757, 0.38966112601920033]",0,BostonCC_06292022_2022-0708,model_B
tofueval_Qwen2.5-0.5B-Instruct,152,152,1.2435016632080078,39,2.553215503692627,0.4121822416782379,"[0.06320214967350833, 0.009864667454400124, 0.009538361122115301, 0.0081429195139581, 2.4155396968365097]","[0.012052341811480662, 0.0010795318008569245, 0.0013612227802614375, 0.002210775595778194, 0.3876530457264147]",0,BostonCC_06292022_2022-0708,model_C
tofueval_Qwen2.5-0.5B-Instruct,153,153,1.3493272066116333,49,1.235984444618225,0.2173137664794922,"[0.012447946438831943, -0.013107081421125889, -0.003079768212937408, -0.014039786428282018, 1.3400665144792434]","[0.008938670388738966, 0.0017296611319384933, 0.0009639220099128282, 0.001821106371608039, 0.19678374506489787]",1,BostonCC_06292022_2022-0708,model_D
tofueval_Qwen2.5-0.5B-Instruct,154,154,0.7716356515884399,38,3.6394379138946533,0.4491219222545624,"[0.011078771356934388, 0.0066994397298242945, 0.023445815810287297, -0.007086540186336558, 3.39320179783298]","[0.0032169926233671887, 0.0011216831486086975, 0.001061402390447304, 0.001746578590505602, 0.4265095497064881]",0,BostonCC_06292022_2022-0708,model_E
tofueval_Qwen2.5-0.5B-Instruct,155,155,2.34529447555542,31,1.5883545875549316,0.29879871010780334,"[0.008136988502942146, 0.017347217103721755, 0.03420621510632636, 0.039031683745223186, 1.7101380709678895]","[0.005234127837851584, 0.0019440197466396526, 0.0012623755989308496, 0.003213494140225286, 0.2886198929120456]",1,BostonCC_06292022_2022-0708,Model-Extra
tofueval_Qwen2.5-0.5B-Instruct,156,156,1.1844158172607422,38,2.47613787651062,0.37065479159355164,"[0.02327726762029526, 0.007075024856021628, 0.04732486613915841, -0.0006353286003822608, 2.3619076405823427]","[0.0036706937819866127, 0.0017106089522581226, 0.002724139653692921, 0.002601641562424256, 0.35418241759639624]",1,BostonCC_06292022_2022-0708,model_A
tofueval_Qwen2.5-0.5B-Instruct,157,157,1.9292614459991455,39,1.3419054746627808,0.21612155437469482,"[-0.017720615068892352, 0.03955950958502049, 0.029213994674277134, 0.03329735492857603, 1.4930698590305371]","[0.004841232698196016, 0.0020950639309084626, 0.001335044636177302, 0.003102936169299051, 0.20671935689647514]",0,BostonCC_06292022_2022-0708,model_B
tofueval_Qwen2.5-0.5B-Instruct,158,158,1.5803977251052856,59,1.7911925315856934,0.31870198249816895,"[0.12138901083627558, 0.004784806146112792, 0.014387380178836253, 0.015126619515624844, 1.4545545137597848]","[0.022713152202860805, 0.0026323287691419387, 0.002192766335657186, 0.004760168180297823, 0.2620523983881004]",1,BostonCC_06292022_2022-0708,model_C
tofueval_Qwen2.5-0.5B-Instruct,159,159,0.5848073959350586,44,3.4513823986053467,0.4447871148586273,"[0.002309776831349485, 0.013567775640364165, 0.024505928061857543, 0.019420784030609702, 3.1759170641783965]","[0.004852927445075362, 0.0011543947852368835, 0.0007757853687580378, 0.0029761753194851403, 0.4169013755718796]",0,BostonCC_06292022_2022-0708,model_D
tofueval_Qwen2.5-0.5B-Instruct,160,160,3.0348012447357178,53,1.4023596048355103,0.24400292336940765,"[0.07563255372794096, 0.09075886777714433, 0.17903440569771534, 0.3695957160550433, -0.05525947250182826]","[0.04399494927146544, 0.01713387273640313, 0.03680987993345967, 0.055306406805374415, 0.02175943376432598]",0,DenverCityCouncil_03212022_22-0159,Model-Extra
tofueval_Qwen2.5-0.5B-Instruct,161,161,2.3349976539611816,45,1.4328538179397583,0.2403947412967682,"[-0.12000243767268128, 0.06575641490829488, -0.012132659000861976, 0.0917488574826469, -0.007209484809492198]","[0.03266548089527027, 0.043864258295313145, 0.019725476196254022, 0.027552587608412674, 0.026805608925901146]",0,DenverCityCouncil_03212022_22-0159,model_A
tofueval_Qwen2.5-0.5B-Instruct,162,162,1.3814551830291748,123,2.353501319885254,0.2859344184398651,"[0.545182554707181, 1.0420282009567372, 0.504328464518128, -0.02667691676564632, -0.03467144451671511]","[0.07115881944787916, 0.12394461232253252, 0.07734872846566855, 0.007067394400047209, 0.010334545093293514]",1,DenverCityCouncil_03212022_22-0159,model_B
tofueval_Qwen2.5-0.5B-Instruct,163,163,1.972601056098938,44,0.9979820847511292,0.20333904027938843,"[-0.07159202140279707, -0.0394214161417701, 0.25525517114279367, -0.05498599553142081, 0.42373696994036436]","[0.024289206711852206, 0.01794888017035522, 0.046881437563900945, 0.011723393033786455, 0.07201929848534663]",1,DenverCityCouncil_03212022_22-0159,model_C
tofueval_Qwen2.5-0.5B-Instruct,164,164,1.7428699731826782,138,2.3025014400482178,0.27391988039016724,"[0.28813767097029785, 0.6065538965138237, 0.7299786039824856, 0.01423212789882859, -0.0701382623436378]","[0.04761686470822437, 0.07530711308536954, 0.1026023434486512, 0.016444802892683616, 0.015702111161152825]",0,DenverCityCouncil_03212022_22-0159,model_D
tofueval_Qwen2.5-0.5B-Instruct,165,165,1.8860609531402588,53,1.5065245628356934,0.24979807436466217,"[-0.010780732569675718, 0.7525471246835362, 0.28670007142431614, -0.04731566519454508, -0.05757795907622906]","[0.028318478373395645, 0.06738431825120848, 0.04390915781543711, 0.006545644452289879, 0.02148997441701177]",0,DenverCityCouncil_03212022_22-0159,model_E
tofueval_Qwen2.5-0.5B-Instruct,166,166,2.5185515880584717,62,1.490376591682434,0.17644111812114716,"[0.3237822343794359, 0.0192659561730726, 0.30086173902213154, 0.22278390086308542, 0.18292999712397315]","[0.04096524211062417, 0.012423118007093089, 0.024270479745873964, 0.01862258278693081, 0.02052985322042068]",0,DenverCityCouncil_03212022_22-0159,Model-Extra
tofueval_Qwen2.5-0.5B-Instruct,167,167,1.7421053647994995,107,0.8491998314857483,0.16796091198921204,"[0.3969753926978109, 0.23627135477162883, 0.02768975769596122, -0.014451428700595329, 0.027263289669862616]","[0.08399134186901877, 0.019844581023441443, 0.021517261490350742, 0.005080423285855822, 0.01302739902963095]",1,DenverCityCouncil_03212022_22-0159,model_A
tofueval_Qwen2.5-0.5B-Instruct,168,168,1.5279403924942017,81,2.1521854400634766,0.29133084416389465,"[0.9084221098893954, 0.40333869292998664, 0.1051848952674284, -0.0028219489275799767, -0.0402364791629629]","[0.13551907025473078, 0.04076476428597317, 0.035514191320768905, 0.010136954241278107, 0.015566804298784664]",0,DenverCityCouncil_03212022_22-0159,model_B
tofueval_Qwen2.5-0.5B-Instruct,169,169,2.1013286113739014,114,1.8582581281661987,0.259443998336792,"[0.7814204764468868, 0.4312802191040024, 0.2951934033140117, -0.050582401040038236, 0.037663769895899396]","[0.10432847177096212, 0.04757516573421558, 0.049396532299290516, 0.01148732523561323, 0.02125553375956245]",0,DenverCityCouncil_03212022_22-0159,model_C
tofueval_Qwen2.5-0.5B-Instruct,170,170,1.8089866638183594,72,0.8277655839920044,0.1401991993188858,"[0.11759353488438744, 0.19133527803549238, 0.12856215889223677, 0.011810139889146538, 0.15819962443593896]","[0.03746342945665207, 0.026702781749128865, 0.03230324935495648, 0.0030901588615708736, 0.01571462525644544]",1,DenverCityCouncil_03212022_22-0159,model_D
tofueval_Qwen2.5-0.5B-Instruct,171,171,1.6598312854766846,154,1.9778457880020142,0.27240484952926636,"[0.6255543466598154, 0.5744206510206551, 0.37769564777186904, 0.09980642163188716, 0.0638291582413626]","[0.09498922758290099, 0.07049142648718641, 0.06863415074527533, 0.025264539177377976, 0.011184368815164051]",0,DenverCityCouncil_03212022_22-0159,model_E
tofueval_Qwen2.5-0.5B-Instruct,172,172,3.8291940689086914,49,1.147467851638794,0.19193127751350403,"[0.06381888833961316, -0.12395862232399535, 0.19261972526354448, 0.08888127357337852, 0.042813841552872746]","[0.046085784064602266, 0.017951575204445975, 0.017119292388607783, 0.0074506575739939525, 0.018992369295657986]",0,DenverCityCouncil_03212022_22-0159,Model-Extra
tofueval_Qwen2.5-0.5B-Instruct,173,173,2.1000914573669434,80,2.1176395416259766,0.2558913826942444,"[0.634062646793609, 0.41967081467155365, 0.07553657568496419, -0.00954688385972986, -0.013682679044723044]","[0.08827719270011584, 0.06701798505491752, 0.029346271625718144, 0.005217085514232167, 0.0164531109505333]",0,DenverCityCouncil_03212022_22-0159,model_A
tofueval_Qwen2.5-0.5B-Instruct,174,174,1.5406731367111206,95,2.023934841156006,0.26817500591278076,"[0.5260530761368979, 0.8958862447642452, 0.2893520616510949, 0.011610239926870379, 0.009200674782225273]","[0.06828737071804139, 0.1103224186322031, 0.03901013499956111, 0.011727081777512706, 0.00953285681079203]",0,DenverCityCouncil_03212022_22-0159,model_B
tofueval_Qwen2.5-0.5B-Instruct,175,175,1.630149483680725,99,1.743255615234375,0.21815407276153564,"[0.24001542891750838, 0.46055954947333894, 0.2982061658552295, -0.011097149994145523, 0.08423815822173522]","[0.040008430142394226, 0.056800512155428126, 0.056122848259733335, 0.004879004453159376, 0.02485356215603326]",0,DenverCityCouncil_03212022_22-0159,model_C
tofueval_Qwen2.5-0.5B-Instruct,176,176,1.9115818738937378,56,1.9904534816741943,0.24534542858600616,"[0.7763704313796812, -0.0034031065037457404, -0.05243848747548847, 0.027087188408976153, 0.0673580445020759]","[0.11401895740813675, 0.02650396175412035, 0.017733286036510826, 0.008038165813169533, 0.023321963605277624]",0,DenverCityCouncil_03212022_22-0159,model_D
tofueval_Qwen2.5-0.5B-Instruct,177,177,1.725041389465332,45,1.8237231969833374,0.23059603571891785,"[0.7929803335935706, 0.020456862351339724, -0.03752627869447072, 0.034693919991453485, 0.5345820741417507]","[0.0973273467384489, 0.006714010357205148, 0.010458160990068185, 0.007171097119741413, 0.06788002224784577]",1,DenverCityCouncil_03212022_22-0159,model_E
tofueval_Qwen2.5-0.5B-Instruct,178,178,1.7247103452682495,67,1.6376557350158691,0.2541498839855194,"[0.3222034177916653, 0.21018742697995196, 0.21450837953361498, 0.49018484085742664, -0.02879016970565765]","[0.08928536962261334, 0.010796299505721862, 0.04243849062567475, 0.04917051059732187, 0.009212100353301167]",1,DenverCityCouncil_04052021_21-0386,Model-Extra
tofueval_Qwen2.5-0.5B-Instruct,179,179,0.9900912642478943,86,2.3313276767730713,0.3193841278553009,"[0.4844767169843815, -0.023721354400042274, 0.24603152302844072, 0.17189294588489817, 0.153554603577758]","[0.08442295046255145, 0.00174054733146104, 0.03790916698974845, 0.028963345913406248, 0.021710596377916048]",0,DenverCityCouncil_04052021_21-0386,model_A
tofueval_Qwen2.5-0.5B-Instruct,180,180,1.5216039419174194,90,1.6168358325958252,0.26992419362068176,"[0.11964389521955228, 0.10496023413725197, 0.659461638160024, 0.09714559450278304, 0.24138918638636825]","[0.054368759476263524, 0.005353058214012031, 0.1004880884609305, 0.038392611913077544, 0.038686367433091264]",0,DenverCityCouncil_04052021_21-0386,model_B
tofueval_Qwen2.5-0.5B-Instruct,181,181,1.3726221323013306,43,1.554535984992981,0.2813509702682495,"[0.05266053175812906, 0.0003688909794639818, 0.4412138584654692, 0.01704446511575952, -0.0029380846791291545]","[0.035643803103719326, 0.0010264616316671997, 0.06905072242325913, 0.007497681585559433, 0.004285701131888885]",1,DenverCityCouncil_04052021_21-0386,model_C
tofueval_Qwen2.5-0.5B-Instruct,182,182,2.067647933959961,62,1.0713621377944946,0.21995887160301208,"[-0.08069471311424539, 0.006424800313740683, 0.039802543402050014, 0.16200821307504684, -0.02761427787329247]","[0.02581088301768971, 0.002406482787074721, 0.026018427233962468, 0.04722942947998651, 0.029254309101911385]",0,DenverCityCouncil_04052021_21-0386,model_D
tofueval_Qwen2.5-0.5B-Instruct,183,183,1.7358925342559814,71,1.2169653177261353,0.20971432328224182,"[0.3346647680032028, 0.021798114301341678, -0.012368744264215782, 0.04418342653743949, 0.49433303154262215]","[0.06185149649528784, 0.009744331519318044, 0.00619405680350277, 0.028759553860680454, 0.07876801444242862]",0,DenverCityCouncil_04052021_21-0386,model_E
tofueval_Qwen2.5-0.5B-Instruct,184,184,2.2005372047424316,43,1.1447473764419556,0.24425353109836578,"[-0.07358979775046971, -0.023113551952709987, -0.016178427141714437, -0.14484202432216736, 1.270436816144908]","[0.014548077368365126, 0.002721557957384945, 0.004128584911907289, 0.019869384386849168, 0.235015782288365]",0,DenverCityCouncil_04052021_21-0386,Model-Extra
tofueval_Qwen2.5-0.5B-Instruct,185,185,1.6734216213226318,40,1.0592600107192993,0.2856314778327942,"[-0.014784476715499295, -0.0011700438669095092, -0.023547202838653903, -0.05120987354787303, 0.8035545821694541]","[0.004962910898819927, 0.0004070863045754436, 0.0016512478947412034, 0.0026261187999146785, 0.25013831729511365]",0,DenverCityCouncil_04052021_21-0386,model_A
tofueval_Qwen2.5-0.5B-Instruct,186,186,1.3413995504379272,84,1.1890356540679932,0.2075214684009552,"[-0.03570011156517423, 0.017467445723771863, 0.15093208141236877, 0.05082152244648612, 0.6070342236487791]","[0.010634580857556773, 0.0015619139914679046, 0.02892070628753392, 0.01690911071186395, 0.1114576546991711]",1,DenverCityCouncil_04052021_21-0386,model_B
tofueval_Qwen2.5-0.5B-Instruct,187,187,0.9693407416343689,42,1.9385133981704712,0.2904447317123413,"[0.03704576162430212, -0.0031265874999917287, 0.028599338098003847, 0.044836263864930344, 1.9520991009887352]","[0.0046933585089001485, 0.0005226345203957246, 0.0008030387393272944, 0.002430224936045447, 0.2881102605464375]",0,DenverCityCouncil_04052021_21-0386,model_C
tofueval_Qwen2.5-0.5B-Instruct,188,188,0.688809871673584,37,2.4378843307495117,0.32147112488746643,"[0.03974512364782247, -0.0001543524558533013, 0.02910684250179435, 0.048156150611187, 2.542051262060193]","[0.003962696555510553, 0.0005207148503099713, 0.0005595777022013199, 0.0011192592158009403, 0.3304985696905115]",0,DenverCityCouncil_04052021_21-0386,model_D
tofueval_Qwen2.5-0.5B-Instruct,189,189,0.7587927579879761,57,1.7155653238296509,0.2089952826499939,"[0.06350510117094368, -0.014583259734153168, 0.01904615047818911, 0.02157378827233882, 1.851160384335743]","[0.005385919554137237, 0.0008972872794108872, 0.0009824538822662114, 0.0019990763203547126, 0.21295860701777775]",1,DenverCityCouncil_04052021_21-0386,model_E
tofueval_Qwen2.5-0.5B-Instruct,190,190,1.8890948295593262,72,1.6735725402832031,0.3192127048969269,"[0.1671963888161877, 0.13617844721860214, 0.2409069892514203, 0.21051021236093626, -0.043565201080531954]","[0.056997783665843196, 0.009038070709152635, 0.04451785275667754, 0.04652251551444743, 0.014774742185679202]",0,DenverCityCouncil_04052021_21-0386,Model-Extra
tofueval_Qwen2.5-0.5B-Instruct,191,191,0.8518742322921753,86,2.7793595790863037,0.39616677165031433,"[-0.01895297984827816, -0.030613964073952872, 0.1845764118034547, 0.4347134376816833, 1.338180742112833]","[0.013022918343402358, 0.0016517983533094064, 0.02662451513002891, 0.06444008205069748, 0.17775763257112315]",1,DenverCityCouncil_04052021_21-0386,model_A
tofueval_Qwen2.5-0.5B-Instruct,192,192,1.3579177856445312,80,1.3112907409667969,0.27362996339797974,"[0.2932135530298183, 0.020376923183175678, 0.15516842261167768, 0.26682861001227137, 0.40934281085319524]","[0.03337850104796871, 0.003034943995558592, 0.04748283461918419, 0.055079241252849444, 0.06652992189537485]",0,DenverCityCouncil_04052021_21-0386,model_B
tofueval_Qwen2.5-0.5B-Instruct,193,193,2.264770746231079,46,0.7023522853851318,0.1610051542520523,"[0.07414517411962152, 0.03590622872276151, 0.005767375777435043, 0.06397606770548483, 0.40370719101401453]","[0.024257332481362897, 0.0031896476464918005, 0.0056289019323388775, 0.028973548039135967, 0.04678985079345179]",0,DenverCityCouncil_04052021_21-0386,model_C
tofueval_Qwen2.5-0.5B-Instruct,194,194,1.1743282079696655,78,2.4349417686462402,0.3501664400100708,"[0.9558033948888829, 0.006693715679807027, 0.1892088421857177, 0.06239288068079473, 0.49102069728318243]","[0.12190253229994433, 0.002858658612410636, 0.0217885897384072, 0.024655001457109648, 0.06868738772840799]",0,DenverCityCouncil_04052021_21-0386,model_D
tofueval_Qwen2.5-0.5B-Instruct,195,195,1.2058805227279663,38,1.9604803323745728,0.33238834142684937,"[0.16132712486432865, 0.001534334626309206, 0.46013239526578936, -0.003036092447138416, 0.015209816867067466]","[0.03409916164970415, 0.0007904015664247541, 0.0767297889045602, 0.005756729577892895, 0.0035055305197063623]",1,DenverCityCouncil_04052021_21-0386,model_E
tofueval_Qwen2.5-0.5B-Instruct,196,196,2.1109330654144287,30,0.9946634769439697,0.16465936601161957,"[-0.059657524215678374, -0.025455269093314806, 0.028992881377538044, 0.5869455435002844, 0.016509194672107697]","[0.012977592546667438, 0.00543043439295919, 0.005545225419821994, 0.09579873123439028, 0.01458939442867025]",0,DenverCityCouncil_07312017_17-0680,Model-Extra
tofueval_Qwen2.5-0.5B-Instruct,197,197,1.6516567468643188,83,0.9848754405975342,0.15068313479423523,"[0.18274117821823324, -0.08976209294562879, 0.006621225208344909, 0.22047057129428316, 0.0058208837815390685]","[0.02455291478603262, 0.008752945075157007, 0.005048417655919274, 0.05489871501487546, 0.007303272197216631]",0,DenverCityCouncil_07312017_17-0680,model_A
tofueval_Qwen2.5-0.5B-Instruct,198,198,1.2149393558502197,87,1.2709720134735107,0.2312759906053543,"[-0.0012461080312215049, -0.02820057879555328, -0.01085138091303665, 0.5903710908224357, 0.34992074374987303]","[0.004555414238778724, 0.002486355836240939, 0.0019941787023035223, 0.13469251033856036, 0.07323686364468122]",0,DenverCityCouncil_07312017_17-0680,model_B
tofueval_Qwen2.5-0.5B-Instruct,199,199,2.0169708728790283,50,1.6649993658065796,0.21851105988025665,"[-0.03670174838509411, 0.06077277318574488, 0.024244572687894105, 0.36327622657641767, 0.23200676283333452]","[0.011740794763318263, 0.01707204150126927, 0.0068392612396928594, 0.07774403344432358, 0.012432968323391833]",0,DenverCityCouncil_07312017_17-0680,model_C
tofueval_Qwen2.5-0.5B-Instruct,200,200,1.2963086366653442,49,2.311353921890259,0.2768450975418091,"[0.04309682872108355, 0.09940536883754694, 0.019480805948604733, 0.37866080987590306, 0.6762000312458496]","[0.012256035510680314, 0.019299889690491723, 0.0046101920456656405, 0.06428237184311966, 0.057549334438664695]",0,DenverCityCouncil_07312017_17-0680,model_D
tofueval_Qwen2.5-0.5B-Instruct,201,201,1.957058310508728,58,0.63653564453125,0.14137838780879974,"[-0.0061260891500218165, 0.0061773494656743675, 0.05303110252937366, 0.2900573392880374, 0.09685343979247685]","[0.008585339913381552, 0.00377831527068087, 0.005078585886904279, 0.06030341525610279, 0.022681456255919205]",0,DenverCityCouncil_07312017_17-0680,model_E
tofueval_Qwen2.5-0.5B-Instruct,202,202,1.8031461238861084,82,1.128909707069397,0.23091888427734375,"[0.17954393841962263, -0.044427248003691, 0.1128048653119505, 0.6144651275933095, 0.26110958794334893]","[0.040454001779635734, 0.005238649258674785, 0.013402560771012526, 0.11196506244421404, 0.07850318267461821]",1,DenverCityCouncil_07312017_17-0680,Model-Extra
tofueval_Qwen2.5-0.5B-Instruct,203,203,1.7453147172927856,45,1.4785995483398438,0.24469836056232452,"[0.6246630354577468, -0.07542703121184281, 0.30959909913767153, 0.26449738574730064, -0.0651523544036738]","[0.11335795249987213, 0.013042014604564795, 0.011791340492014671, 0.01960938604804912, 0.005420800868840716]",0,DenverCityCouncil_07312017_17-0680,model_A
tofueval_Qwen2.5-0.5B-Instruct,204,204,2.0089728832244873,65,0.5553559064865112,0.14924298226833344,"[0.08624025768098922, 0.05438535515792095, 0.07213633791901744, 0.17127335099145197, 0.03690532625366289]","[0.014418684949655121, 0.006718803617359999, 0.004211945508835085, 0.048032980275232916, 0.010431823545457939]",1,DenverCityCouncil_07312017_17-0680,model_B
tofueval_Qwen2.5-0.5B-Instruct,205,205,1.9524366855621338,49,0.45544663071632385,0.1523687243461609,"[0.07435482396383067, 0.017937542623555174, 0.007149700056381372, 0.6573796937318177, 0.028383065376202672]","[0.015168483799076354, 0.004002046439920229, 0.0038688283040050455, 0.07071151661170452, 0.00643221297700713]",0,DenverCityCouncil_07312017_17-0680,model_C
tofueval_Qwen2.5-0.5B-Instruct,206,206,2.245328664779663,49,0.7259699702262878,0.12347263842821121,"[0.048276820894786895, 0.02998625780740867, 0.03959023756716324, 0.7188253024859088, 0.03634655486070076]","[0.009475980107319109, 0.004641797085297389, 0.003469078651115914, 0.06502419933649992, 0.0069304166610557015]",1,DenverCityCouncil_07312017_17-0680,model_D
tofueval_Qwen2.5-0.5B-Instruct,207,207,1.5872271060943604,70,1.2675724029541016,0.20136649906635284,"[0.09519218203458876, -0.015609148751380936, -0.002040755581531682, 0.4995403460805132, 0.37077207070329415]","[0.012176597214762198, 0.007508027703173071, 0.005428571789359385, 0.05882002212520945, 0.0547897296608314]",1,DenverCityCouncil_07312017_17-0680,model_E
tofueval_Qwen2.5-0.5B-Instruct,208,208,2.4723634719848633,50,1.1076874732971191,0.21728229522705078,"[0.32059199310839176, -0.054781122498679904, 0.0848255401942879, 0.36095785614801573, -0.056158946547657254]","[0.0474913993536029, 0.010381955121101783, 0.014189461034748092, 0.058630767754875704, 0.00654699147831252]",0,DenverCityCouncil_07312017_17-0680,Model-Extra
tofueval_Qwen2.5-0.5B-Instruct,209,209,2.058119773864746,41,0.4609285295009613,0.10965227335691452,"[0.05522207041248316, -0.0008751346797841351, 0.047687924580603114, 0.06450503026475994, 0.009869250309903448]","[0.01707765725640035, 0.0033280582445114285, 0.006448600132432879, 0.04357830043200676, 0.0054399534859751325]",0,DenverCityCouncil_07312017_17-0680,model_A
tofueval_Qwen2.5-0.5B-Instruct,210,210,1.313038945198059,40,2.038989543914795,0.2515946924686432,"[0.5912831108551473, -0.06337447210898972, 0.05930531374033308, 0.6754326694732299, -0.005695421462587546]","[0.06332317550550215, 0.00864166579465291, 0.005446915333413927, 0.07085436458193044, 0.004625161870995953]",1,DenverCityCouncil_07312017_17-0680,model_B
tofueval_Qwen2.5-0.5B-Instruct,211,211,1.6366703510284424,89,1.686638593673706,0.2129296064376831,"[-0.009695824949866098, -0.06125836584208863, 0.36517430603140544, 0.7213792881823414, 0.31339414563262835]","[0.026013761973261128, 0.014630466041304888, 0.030949490921884308, 0.05842242474750747, 0.04287417772401864]",1,DenverCityCouncil_07312017_17-0680,model_C
tofueval_Qwen2.5-0.5B-Instruct,212,212,1.6887900829315186,46,1.783161997795105,0.2441653162240982,"[0.032679293061728065, 0.08236525958130622, 0.6820944619451083, 0.2578562837291468, -0.06685261388623115]","[0.02468230216048972, 0.01473062267192567, 0.08041588394399182, 0.05358269702233172, 0.003263543229205306]",0,DenverCityCouncil_07312017_17-0680,model_D
tofueval_Qwen2.5-0.5B-Instruct,213,213,2.0663883686065674,42,0.7934603095054626,0.11652614176273346,"[0.08380341086359251, 0.05797636047715232, 0.0250078368311127, 0.24827529649649346, 0.05203725127059789]","[0.017950960703490722, 0.004775273957507341, 0.005074244395862999, 0.03978082147382554, 0.004785710556808183]",0,DenverCityCouncil_07312017_17-0680,model_E
tofueval_Qwen2.5-0.5B-Instruct,214,214,1.728629231452942,61,1.6616860628128052,0.2905362546443939,"[-0.01742392340932637, -0.03902505478295917, 0.1967597939932841, 0.15708592474712518, 1.2031236711400943]","[0.03239259417701018, 0.008406805052532893, 0.03995915566755699, 0.039126304896347046, 0.18374688028392275]",0,DenverCityCouncil_08292016_16-0553,Model-Extra
tofueval_Qwen2.5-0.5B-Instruct,215,215,1.2927097082138062,56,2.4536056518554688,0.307956725358963,"[-0.0782484535292107, 0.02122451608738629, 0.2410427252086395, 0.30188370592233177, 1.8754321242283498]","[0.01248742735701366, 0.009362037629573803, 0.02565539223355375, 0.0365519034031487, 0.21350685379755824]",1,DenverCityCouncil_08292016_16-0553,model_A
tofueval_Qwen2.5-0.5B-Instruct,216,216,2.024915933609009,34,1.9954721927642822,0.2814769744873047,"[-0.11810738926664378, 0.024248230947277453, 0.3265503691697685, 0.43009059787180054, 1.1429188212598949]","[0.021007844315443648, 0.01178928545641611, 0.028227400283586737, 0.059189920711159014, 0.1491083310204832]",0,DenverCityCouncil_08292016_16-0553,model_B
tofueval_Qwen2.5-0.5B-Instruct,217,217,1.210754156112671,72,2.1862258911132812,0.28281527757644653,"[0.6296687596191582, -0.04932646068025153, 0.10594844736594193, 0.1668852834966401, 1.277837266808395]","[0.06192138205229488, 0.02001023818377195, 0.02583802981620467, 0.027913268725588598, 0.14651639956198576]",1,DenverCityCouncil_08292016_16-0553,model_C
tofueval_Qwen2.5-0.5B-Instruct,218,218,1.685906171798706,72,1.0478949546813965,0.23050451278686523,"[-0.0672779062475052, 0.018240373271207016, 0.1906352430467248, 0.059519430059784405, 1.0067579922162824]","[0.011728502759859162, 0.00773931941945231, 0.03922513005469833, 0.018033053344431157, 0.16265926172996437]",1,DenverCityCouncil_08292016_16-0553,model_D
tofueval_Qwen2.5-0.5B-Instruct,219,219,0.9459234476089478,118,1.961419701576233,0.35063207149505615,"[-0.03349093566596867, -0.005496531393195471, 0.7136310070979516, 0.29665484412501014, 0.8058191988156207]","[0.012794496828273988, 0.007084115357629893, 0.1456675968830511, 0.06422769044544184, 0.09857142367669898]",0,DenverCityCouncil_08292016_16-0553,model_E
tofueval_Qwen2.5-0.5B-Instruct,220,220,1.7958799600601196,48,0.4874325692653656,0.16627655923366547,"[-0.06995054516786088, 0.00455638245815256, 0.276031737215817, 0.24977606692603635, 0.04782212301991725]","[0.01575938708333524, 0.007560317824641061, 0.0607498379995756, 0.03396653479573312, 0.038181758162257516]",0,DenverCityCouncil_08292016_16-0553,Model-Extra
tofueval_Qwen2.5-0.5B-Instruct,221,221,1.6320018768310547,71,1.5773065090179443,0.3192003667354584,"[0.02032035067034959, -0.024052108992870837, 0.15276038941092465, 0.3121046718749735, 1.1373637507040002]","[0.006658670329271608, 0.01313371403881627, 0.030813081797860756, 0.04763282313732781, 0.16213786742405253]",0,DenverCityCouncil_08292016_16-0553,model_A
tofueval_Qwen2.5-0.5B-Instruct,222,222,1.5767853260040283,45,2.440352439880371,0.3178061544895172,"[0.023589272909965882, 0.0438644715403724, 0.04027376980617798, 0.6721088541826854, 1.636523799225688]","[0.006489734969171776, 0.009489262909503143, 0.01317223096216872, 0.0658149240792328, 0.20785941345400513]",1,DenverCityCouncil_08292016_16-0553,model_B
tofueval_Qwen2.5-0.5B-Instruct,223,223,1.4879266023635864,55,1.5267940759658813,0.2622583210468292,"[-0.06454175089655274, 0.009381511929810089, 0.1611727386956442, 0.027011807675378145, 1.2917215214364908]","[0.010053952290143735, 0.005883198401873167, 0.046675761230686806, 0.04450160546102779, 0.15082968046838438]",1,DenverCityCouncil_08292016_16-0553,model_C
tofueval_Qwen2.5-0.5B-Instruct,224,224,2.2872653007507324,36,1.3622361421585083,0.23726585507392883,"[0.8007142635372778, -0.06832336784443921, 0.11961751367845055, 0.29654413175820893, 0.12261065259938025]","[0.12877944916059883, 0.01290256688541073, 0.023805435236378496, 0.03536497295822806, 0.027452934819141066]",1,DenverCityCouncil_08292016_16-0553,model_D
tofueval_Qwen2.5-0.5B-Instruct,225,225,1.5131157636642456,59,1.3218470811843872,0.21075813472270966,"[0.37008785118222615, -0.08366172027308494, 0.4957128690389948, 0.2658211795881517, 0.07992681158880183]","[0.04466165383897625, 0.010787565300249252, 0.04263644878603558, 0.032427517021845896, 0.03182952749551278]",0,DenverCityCouncil_08292016_16-0553,model_E
tofueval_Qwen2.5-0.5B-Instruct,226,226,2.5097708702087402,58,1.4007184505462646,0.21923957765102386,"[0.2518508421886383, -0.0556284777753874, 0.034006646438401414, -0.0015190278811195608, 0.830387817446849]","[0.033162355008291095, 0.023952690509962973, 0.004478121445792003, 0.014266419845045737, 0.12595664264743642]",1,DenverCityCouncil_08292016_16-0553,Model-Extra
tofueval_Qwen2.5-0.5B-Instruct,227,227,1.7725508213043213,60,1.3690329790115356,0.2257792055606842,"[-0.016836965495410066, 0.00801853431633693, 0.012741788284862802, 0.010829445008251544, 1.1042256296922763]","[0.002832817679735437, 0.0025877789375575353, 0.004198952715794727, 0.003132220065540044, 0.18569253840735958]",0,DenverCityCouncil_08292016_16-0553,model_A
tofueval_Qwen2.5-0.5B-Instruct,228,228,1.9908488988876343,49,1.2440053224563599,0.24167673289775848,"[-0.005981335989009513, -0.040392079456662996, 0.011632676288599566, -0.032954557798060405, 1.030271593794911]","[0.002595335436165776, 0.002731006053239776, 0.0019591792462789475, 0.003823453146809215, 0.20657440360008303]",1,DenverCityCouncil_08292016_16-0553,model_B
tofueval_Qwen2.5-0.5B-Instruct,229,229,2.0300471782684326,41,2.3149101734161377,0.31614208221435547,"[-0.03463487779574679, 0.11158276840876902, -0.010575491924899368, 0.1865377451918548, 1.4583011232316494]","[0.0024198029540701367, 0.023058881402603884, 0.0069030002214248735, 0.019278087883266404, 0.2220611171683342]",0,DenverCityCouncil_08292016_16-0553,model_C
tofueval_Qwen2.5-0.5B-Instruct,230,230,2.076538562774658,30,2.0500400066375732,0.29558244347572327,"[-0.02228251491857615, 0.04562415831460385, 0.04265611308607428, -0.0538247350389914, 1.7495236453289786]","[0.00195381979802202, 0.004501594936664332, 0.002597897166879193, 0.0026744787880621365, 0.2565479101904202]",0,DenverCityCouncil_08292016_16-0553,model_D
tofueval_Qwen2.5-0.5B-Instruct,231,231,1.30872642993927,78,2.1802213191986084,0.29947522282600403,"[-0.029293715638069002, 0.9945980368640261, 0.8410673362420474, 0.04254909822824023, -0.019737519167765873]","[0.007857446528870965, 0.1406511790398956, 0.1284491534157228, 0.0020072671186921864, 0.00848504765328984]",0,DenverCityCouncil_11212016_16-1065,Model-Extra
tofueval_Qwen2.5-0.5B-Instruct,232,232,1.0559556484222412,86,2.1804282665252686,0.3384566307067871,"[-0.07090096094497164, 0.8703567544615971, 0.9789747564929585, 0.022100057464254055, -0.00894440978067165]","[0.00970686805742931, 0.14833297834597625, 0.15253323123430337, 0.001683950899081938, 0.007356979538817382]",1,DenverCityCouncil_11212016_16-1065,model_A
tofueval_Qwen2.5-0.5B-Instruct,233,233,0.8912392854690552,65,2.098573684692383,0.2904811203479767,"[-0.046154662864291124, 0.9931287709965965, 0.6515143922092018, -0.013697816999202727, -0.00012064124174720256]","[0.011057998474797815, 0.1618755768250594, 0.07231309574146613, 0.002261229365599932, 0.009792610543124606]",0,DenverCityCouncil_11212016_16-1065,model_B
tofueval_Qwen2.5-0.5B-Instruct,234,234,0.6624327301979065,102,2.452890634536743,0.3302719295024872,"[-0.024025896381161538, 0.8842495864636494, 1.2742681415273573, 0.0264465750239036, -0.015600316986757545]","[0.007397268767284274, 0.11912632887774902, 0.18324788310257098, 0.001097310688501779, 0.004314991261586712]",0,DenverCityCouncil_11212016_16-1065,model_C
tofueval_Qwen2.5-0.5B-Instruct,235,235,1.505652666091919,71,-0.0001514209870947525,0.06640776246786118,"[-0.0026895043968028737, -0.050004415686140724, 0.03894563351816391, -0.03381743361283875, -0.029918246805670644]","[0.006826595417138037, 0.010891048834902366, 0.0033683014099058477, 0.0009504116481240013, 0.0049295424593419485]",1,DenverCityCouncil_11212016_16-1065,model_D
tofueval_Qwen2.5-0.5B-Instruct,236,236,2.1521048545837402,50,1.7954318523406982,0.21571636199951172,"[-0.0428959471424605, 0.3819894271699013, 0.7120741145862121, -0.0282743710372597, -0.046662019970681284]","[0.015443033886458579, 0.031220696345117177, 0.09884301883429089, 0.001380847890854966, 0.01018093291628702]",0,DenverCityCouncil_11212016_16-1065,model_E
tofueval_Qwen2.5-0.5B-Instruct,237,237,1.6878511905670166,64,1.542722225189209,0.28597044944763184,"[-0.003523819502220249, 0.5658866568574012, 0.43071940500448136, 0.04102293248791966, -0.0030696829079488452]","[0.006706552091952034, 0.14124983747774422, 0.11767197738864255, 0.002641017854814187, 0.011487351469483542]",0,DenverCityCouncil_11212016_16-1065,Model-Extra
tofueval_Qwen2.5-0.5B-Instruct,238,238,0.928931713104248,96,1.9660953283309937,0.31251463294029236,"[-0.031111405459076497, 0.8848422988991539, 0.8926297891183594, 0.01928833305904239, 0.012143558467490342]","[0.004270736180307229, 0.13971109959433647, 0.13393071003622717, 0.001383139775498421, 0.008705941891506086]",0,DenverCityCouncil_11212016_16-1065,model_A
tofueval_Qwen2.5-0.5B-Instruct,239,239,1.1466126441955566,106,1.6925450563430786,0.2727336287498474,"[-0.025729433318710502, 0.7874475714465315, 0.8067779729645427, 0.02255201759307622, -0.0034932369478482077]","[0.0070646920370060875, 0.11295353540755866, 0.11422316923676644, 0.0020802087298463067, 0.011792107303152397]",0,DenverCityCouncil_11212016_16-1065,model_B
tofueval_Qwen2.5-0.5B-Instruct,240,240,1.2759300470352173,71,1.75523841381073,0.2912939488887787,"[-0.02157622633004253, 0.7040735185834985, 0.803766008924765, 0.0523100492705773, -0.010638854571726357]","[0.007072873407244349, 0.1432378733283463, 0.132339288924061, 0.0024233517328578363, 0.010921296220680823]",0,DenverCityCouncil_11212016_16-1065,model_C
tofueval_Qwen2.5-0.5B-Instruct,241,241,0.18640075623989105,142,2.4707448482513428,0.38776376843452454,"[-0.011811034746796407, 0.5570000916063499, 1.803290021981219, 0.017107394523873793, -0.018675653748258053]","[0.0024363868514001297, 0.0827172974412273, 0.29254775987772386, 0.00038304945510358074, 0.0036158892115720296]",0,DenverCityCouncil_11212016_16-1065,model_D
tofueval_Qwen2.5-0.5B-Instruct,242,242,0.29343733191490173,167,2.338515043258667,0.36304885149002075,"[0.0029982133393547453, 0.40106925690779355, 1.8107216077661468, 0.008329543237614744, -0.0024487475725695216]","[0.0020721729599258963, 0.06194340959004665, 0.28000392435287047, 0.00041189855515455574, 0.0037159771665475653]",0,DenverCityCouncil_11212016_16-1065,model_E
tofueval_Qwen2.5-0.5B-Instruct,243,243,0.9443245530128479,47,1.964413046836853,0.3074738085269928,"[-0.028341782262361177, 1.3674026431845243, 0.06706294169158897, 0.016937382595487896, -0.01338316959833932]","[0.008859572874355503, 0.22870164719447628, 0.005981122838430236, 0.001752890801143128, 0.008528611205345905]",0,DenverCityCouncil_11212016_16-1065,Model-Extra
tofueval_Qwen2.5-0.5B-Instruct,244,244,1.1404484510421753,81,1.8180993795394897,0.32153016328811646,"[0.058394959985036375, 0.8583965600679491, 0.8345937778521832, 0.006945618190788262, 0.07729468749976935]","[0.007982418812809028, 0.17459173987425755, 0.1378680321447266, 0.0012781384821743285, 0.010686257642652137]",1,DenverCityCouncil_11212016_16-1065,model_A
tofueval_Qwen2.5-0.5B-Instruct,245,245,0.6205620169639587,139,2.145925760269165,0.33547818660736084,"[0.021840323753959185, 0.6176922774278695, 1.4072144039312027, -0.006101445853588472, -0.03234310155156197]","[0.006327926345564922, 0.10920510423690051, 0.2170152201423696, 0.00186052990629947, 0.004657386715755758]",0,DenverCityCouncil_11212016_16-1065,model_B
tofueval_Qwen2.5-0.5B-Instruct,246,246,1.0451476573944092,95,1.8944206237792969,0.31895267963409424,"[-0.019656698390884374, 0.8396604737916373, 0.9460520632833083, 0.015790067728161567, 0.02756870998572068]","[0.011816384343159084, 0.1429176940043506, 0.13495512917248728, 0.003340306920557324, 0.00893698437272226]",0,DenverCityCouncil_11212016_16-1065,model_C
tofueval_Qwen2.5-0.5B-Instruct,247,247,0.9939298033714294,124,2.0185587406158447,0.3000551164150238,"[0.2162788321233268, 0.8467697114214271, 0.4818312716338809, 0.06219863072180575, 0.06881952326030812]","[0.023736128466080662, 0.13990483291969036, 0.06439434887986803, 0.007838509125515852, 0.019680287586605654]",1,DenverCityCouncil_11212016_16-1065,model_D
tofueval_Qwen2.5-0.5B-Instruct,248,248,0.9738538861274719,96,2.0912692546844482,0.31711921095848083,"[0.10339909061451162, 1.0349532419618868, 0.8279042215864365, 0.01943031263237079, -0.02767949527139753]","[0.007959419547021321, 0.16170345701551506, 0.10897940132430506, 0.0015594183205619079, 0.0067599286911826555]",0,DenverCityCouncil_11212016_16-1065,model_E
tofueval_Qwen2.5-0.5B-Instruct,249,249,2.584401845932007,59,0.69947749376297,0.15236152708530426,"[0.2580948302125084, 0.11673168680182104, 0.14645881103301767, 0.004185681730000474, -0.0362112160319311]","[0.10206713111116839, 0.025057951706720028, 0.02348012948605328, 0.0025048733690771585, 0.005012449666826612]",1,LongBeachCC_02082022_22-0137,Model-Extra
tofueval_Qwen2.5-0.5B-Instruct,250,250,0.545730471611023,72,2.761990547180176,0.32045844197273254,"[2.700833308195999, 0.004070366465692625, -0.005663362891567658, 0.001580953843731297, 0.014864145401525598]","[0.3125934853800977, 0.0010935523786529523, 0.0007266383715887059, 0.0007366717568378552, 0.003771502678108144]",0,LongBeachCC_02082022_22-0137,model_A
tofueval_Qwen2.5-0.5B-Instruct,251,251,0.9188204407691956,126,2.458953619003296,0.30154597759246826,"[1.6983194134340414, 0.7860800515001823, -0.02100253281386203, -0.007939077701870528, -0.0245210897122354]","[0.21779820555809512, 0.08862014649121788, 0.0029989977405448605, 0.0016097098281933982, 0.004842605682354936]",0,LongBeachCC_02082022_22-0137,model_B
tofueval_Qwen2.5-0.5B-Instruct,252,252,1.232406735420227,83,2.328374147415161,0.31679078936576843,"[1.226973374823041, 1.1845126888368114, 0.002718404426121262, -0.009330410490402284, 0.0019330366359724164]","[0.18262500299634524, 0.13654571138948152, 0.004306834471108287, 0.0024151841260210134, 0.0062326128475019855]",0,LongBeachCC_02082022_22-0137,model_C
tofueval_Qwen2.5-0.5B-Instruct,253,253,1.508861780166626,89,1.7566746473312378,0.2689242959022522,"[0.42422122040026417, 1.1339924936611587, 0.11619441081476518, -0.009455613310952746, -0.022486327261463025]","[0.10379334854249035, 0.138002881453861, 0.012700063254836995, 0.0019222626939087574, 0.0050812037033175035]",0,LongBeachCC_02082022_22-0137,model_D
tofueval_Qwen2.5-0.5B-Instruct,254,254,1.4976614713668823,90,-0.028538096696138382,0.06073398515582085,"[-0.05014659200351161, 0.0027948065891400297, -0.0027325882858652522, -0.014902143894525781, 0.007497006732976135]","[0.023732480583129878, 0.006311721849543674, 0.0014676670474361546, 0.0015710559748444868, 0.0036079585668435106]",1,LongBeachCC_02082022_22-0137,model_E
tofueval_Qwen2.5-0.5B-Instruct,255,255,3.0091068744659424,76,1.056351661682129,0.18355335295200348,"[0.22330458870436287, 0.46030849254901496, 0.11466749215850014, -0.013034925431216643, -0.026417124507851872]","[0.06794195291009798, 0.0643875735108042, 0.04143829287720056, 0.00459664599807752, 0.004783126110030061]",1,LongBeachCC_02082022_22-0137,Model-Extra
tofueval_Qwen2.5-0.5B-Instruct,256,256,2.2830162048339844,35,0.21899540722370148,0.08711548149585724,"[0.017260160762816668, 0.04100858470691102, 0.008688387234828301, 0.024197742928351675, -0.009425831745777812]","[0.013863143390959261, 0.023488771368283777, 0.003233116606653701, 0.00211880756422553, 0.004252359464174203]",1,LongBeachCC_02082022_22-0137,model_A
tofueval_Qwen2.5-0.5B-Instruct,257,257,1.9746301174163818,103,0.13806605339050293,0.09584575891494751,"[-0.06413293340457016, 0.09040540250501984, -0.014907330040338458, 0.011336066569958912, 0.007818965480077414]","[0.029936761367758503, 0.03558030661460603, 0.009089751552040167, 0.0023918108483918085, 0.005448350138269313]",1,LongBeachCC_02082022_22-0137,model_B
tofueval_Qwen2.5-0.5B-Instruct,258,258,2.0419654846191406,81,2.0757944583892822,0.28971126675605774,"[0.4564298796295016, 1.263108007607868, 0.012832382718139948, 0.00487954174667844, 0.009532890782276898]","[0.11549611820517407, 0.14510056426005868, 0.02463580834481395, 0.002716886819761396, 0.0066178419180664885]",0,LongBeachCC_02082022_22-0137,model_C
tofueval_Qwen2.5-0.5B-Instruct,259,259,1.9060178995132446,63,1.8795982599258423,0.23747272789478302,"[-0.014120698867214194, 1.246017739488577, 0.533777779478225, 0.01726359878906921, 0.0011422709845531258]","[0.014336874351823691, 0.12228180592160603, 0.06486031964826879, 0.003465523798897468, 0.004085136063117211]",0,LongBeachCC_02082022_22-0137,model_D
tofueval_Qwen2.5-0.5B-Instruct,260,260,1.9317435026168823,53,1.6331892013549805,0.22555464506149292,"[0.6944179310132896, -0.0856261106655524, 0.30152384458298637, -0.02193290693913644, -0.06212376108810274]","[0.13012770042091967, 0.011596963397899576, 0.03632858853105509, 0.003908123763842082, 0.014445401850656158]",0,LongBeachCC_02082022_22-0137,model_E
tofueval_Qwen2.5-0.5B-Instruct,261,261,1.249556541442871,58,1.9394632577896118,0.300749808549881,"[1.7485608213136057, -0.020774984105032514, -0.011417210435771768, -0.008484105978101885, -0.0023303254895616758]","[0.2917022285150622, 0.0022546962630568047, 0.001953978037661351, 0.0012332683286507713, 0.004011237580401477]",0,LongBeachCC_02082022_22-0137,Model-Extra
tofueval_Qwen2.5-0.5B-Instruct,262,262,0.940872311592102,75,2.680532932281494,0.3373364508152008,"[2.3866988332383334, -0.0229008718963208, -0.02314922768244287, -0.0019496690554660745, -0.012194867101109896]","[0.3123857397112685, 0.0019087156097596866, 0.0009389548288640981, 0.0006404890392574695, 0.0023885449794299046]",0,LongBeachCC_02082022_22-0137,model_A
tofueval_Qwen2.5-0.5B-Instruct,263,263,1.846629023551941,104,1.2834537029266357,0.21439684927463531,"[0.6273230302411741, 0.3358957514768078, 0.025955969278409333, -0.0025500178349270406, -0.005192072904020069]","[0.14513842612919128, 0.0524480283332036, 0.003166431514496428, 0.003666160332053017, 0.0053486161199578835]",1,LongBeachCC_02082022_22-0137,model_B
tofueval_Qwen2.5-0.5B-Instruct,264,264,0.9465453028678894,54,2.618753671646118,0.3463156223297119,"[2.1846809217887415, 0.002928687858069747, -0.006328915881534124, -0.014234588225479928, 0.003422289596023297]","[0.2891583656967635, 0.001175656367586776, 0.000823346381551986, 0.0010094206462048937, 0.0044188114665960005]",0,LongBeachCC_02082022_22-0137,model_C
tofueval_Qwen2.5-0.5B-Instruct,265,265,1.13460373878479,65,1.674686312675476,0.300193727016449,"[1.037753233276677, 0.3943307362278574, -0.016275845787011068, -0.004957734870493788, 0.022815377034007375]","[0.21040100519354346, 0.06481972893764648, 0.0015369352593902128, 0.0013555673160961026, 0.003179985056347225]",1,LongBeachCC_02082022_22-0137,model_D
tofueval_Qwen2.5-0.5B-Instruct,266,266,1.8282384872436523,66,1.2869493961334229,0.21301428973674774,"[0.41325954593026615, -0.01799397232058585, 0.11757233020585828, -0.0444663578938079, 0.009020038235493385]","[0.12212663020762772, 0.013868313163453477, 0.019896766424491227, 0.002613655295931494, 0.005988045762695616]",1,LongBeachCC_02082022_22-0137,model_E
tofueval_Qwen2.5-0.5B-Instruct,267,267,3.069279432296753,37,1.3827400207519531,0.24995285272598267,"[0.34497149768159596, 0.09918351491560808, -0.06910402992287197, 0.016511771249005925, 0.025216820700144447]","[0.10653564673761926, 0.011664706220914456, 0.007865546881598798, 0.0078008879351506724, 0.007989058226214823]",0,LongBeachCC_02092016_16-0125,Model-Extra
tofueval_Qwen2.5-0.5B-Instruct,268,268,1.2478811740875244,69,1.5199946165084839,0.2515457570552826,"[1.150471153618444, 0.04065381394141603, 0.04521745814692121, 0.025295625086468848, 0.01828497207801168]","[0.17620999774690194, 0.01030303896880508, 0.01203802902772214, 0.006491981168806703, 0.005014238468282966]",0,LongBeachCC_02092016_16-0125,model_A
tofueval_Qwen2.5-0.5B-Instruct,269,269,1.0729621648788452,92,1.9620964527130127,0.26649680733680725,"[0.9305155480161256, 0.04888868147748365, 0.14517696250012427, 0.312326497522799, 0.04856374097906392]","[0.1259655959605504, 0.010396972617271509, 0.016013333237365063, 0.0405059809544676, 0.005482515303798585]",1,LongBeachCC_02092016_16-0125,model_B
tofueval_Qwen2.5-0.5B-Instruct,270,270,1.2215862274169922,78,1.7221935987472534,0.2513148784637451,"[1.1314939874379586, -0.021423468909536798, -0.07831159126605296, -0.1099862701400222, 0.011649839322788652]","[0.1536857115375964, 0.018416498906780803, 0.022754883952809626, 0.014201222797857018, 0.005594714287419778]",0,LongBeachCC_02092016_16-0125,model_C
tofueval_Qwen2.5-0.5B-Instruct,271,271,1.707322597503662,44,1.202826976776123,0.21967090666294098,"[0.4967022126736331, 0.06941801504316655, 0.02358168263295242, 0.2692267306159589, 0.06434161761055955]","[0.11706267214735404, 0.013953877798485337, 0.005867355674085543, 0.04430622575637244, 0.007975685212923881]",0,LongBeachCC_02092016_16-0125,model_D
tofueval_Qwen2.5-0.5B-Instruct,272,272,1.4573369026184082,83,2.054605007171631,0.27161991596221924,"[1.1136029895510053, 0.2031803649984488, -0.020748692612880447, -0.029771559250909914, 0.09832392885340574]","[0.16755256835790808, 0.01878884427706765, 0.007728347557224562, 0.009623543802454919, 0.009856578016067022]",1,LongBeachCC_02092016_16-0125,model_E
tofueval_Qwen2.5-0.5B-Instruct,273,273,3.1649584770202637,40,0.5484613180160522,0.19430282711982727,"[0.24941449524194467, 0.01556155585567467, 0.1364035498118028, 0.12365866290056146, -0.0304872500768397]","[0.09754550473080599, 0.010735596065569553, 0.015273773132003043, 0.011016945551818935, 0.011575790706410771]",1,LongBeachCC_02092016_16-0125,Model-Extra
tofueval_Qwen2.5-0.5B-Instruct,274,274,1.1842371225357056,90,2.3322105407714844,0.28551915287971497,"[1.3882183110073028, -0.01771976578812529, -0.011909558617885018, 0.01870189105943104, 0.022158783491209356]","[0.18486967019125586, 0.009342419737420945, 0.007307785666686565, 0.009815069118899879, 0.009552971905254202]",0,LongBeachCC_02092016_16-0125,model_A
tofueval_Qwen2.5-0.5B-Instruct,275,275,0.9833264350891113,65,2.946370840072632,0.31621357798576355,"[1.7955979791738523, -0.03311639525479852, -0.009371050661250662, 0.011822618972151899, 0.07071155953095652]","[0.20967697759993964, 0.010103963225265033, 0.002998126270960291, 0.005619656452682438, 0.005346600144828419]",0,LongBeachCC_02092016_16-0125,model_B
tofueval_Qwen2.5-0.5B-Instruct,276,276,1.0088508129119873,28,3.3263466358184814,0.32069042325019836,"[2.434696090041793, 0.020213320567563642, -0.01463296587878306, -0.040296352689827994, 0.16934865022111417]","[0.2618330663119975, 0.00573926488167282, 0.0006695125636204986, 0.002733506986585001, 0.0036856262491450514]",0,LongBeachCC_02092016_16-0125,model_C
tofueval_Qwen2.5-0.5B-Instruct,277,277,1.2945555448532104,90,1.272144079208374,0.20761117339134216,"[0.7708085489743907, -0.02017864205813061, 0.034532405215173236, 0.07808855866525037, 0.0133544711800318]","[0.14224882679583162, 0.009910830153709563, 0.0025375857404040087, 0.014612013915413828, 0.006379048541768699]",0,LongBeachCC_02092016_16-0125,model_D
tofueval_Qwen2.5-0.5B-Instruct,278,278,1.0428375005722046,94,1.4506462812423706,0.2548011243343353,"[1.3261350284756577, 0.01572039257982706, -0.015251021465952905, -0.027823919079581056, 0.06738346807554642]","[0.2293050179270064, 0.005264518144326273, 0.003975172539180385, 0.005470970654878909, 0.004062539183538088]",0,LongBeachCC_02092016_16-0125,model_E
tofueval_Qwen2.5-0.5B-Instruct,279,279,2.168837308883667,33,0.4994942545890808,0.16836366057395935,"[0.2939443955917589, -0.0819016467871596, 0.011969278970465177, -0.0030577366309113463, 0.007629967139412959]","[0.09131719441255413, 0.012654406954466553, 0.00945813410938475, 0.004018408991710617, 0.008970455794593418]",0,LongBeachCC_02092016_16-0125,Model-Extra
tofueval_Qwen2.5-0.5B-Instruct,280,280,0.9704843759536743,107,1.5589947700500488,0.25057876110076904,"[0.8886492161295664, 0.051202398973460544, 0.34787405150203754, 0.08298350288995071, 0.010839823938342612]","[0.14541212371113094, 0.008777398807746212, 0.04220798733804768, 0.013568587820630192, 0.0037459870331773668]",0,LongBeachCC_02092016_16-0125,model_A
tofueval_Qwen2.5-0.5B-Instruct,281,281,1.464184045791626,90,1.5250428915023804,0.19898031651973724,"[0.6526783894624613, 0.08602881283521936, -0.019015319986243007, -0.0029316076113092195, 0.12940197216925703]","[0.0959347645410162, 0.009070204302133789, 0.006041422341008406, 0.015657940299221688, 0.013955343372463682]",0,LongBeachCC_02092016_16-0125,model_B
tofueval_Qwen2.5-0.5B-Instruct,282,282,1.2931865453720093,83,1.786214828491211,0.24250110983848572,"[0.9307880771524519, 0.057488691659590946, -0.017794485937478583, -0.02531603411091099, 0.06998071737772595]","[0.135981364893433, 0.015555754517789459, 0.008746900618259232, 0.004949611540559342, 0.006187153264527954]",0,LongBeachCC_02092016_16-0125,model_C
tofueval_Qwen2.5-0.5B-Instruct,283,283,1.3270130157470703,74,1.7298275232315063,0.24815793335437775,"[1.0305137745343853, 0.061340693407613354, 0.22625164331544215, 0.016262858504322485, 0.03055756275834692]","[0.16507081462407006, 0.011136532333528128, 0.04056859876517149, 0.005622404439052204, 0.005050528146800905]",0,LongBeachCC_02092016_16-0125,model_D
tofueval_Qwen2.5-0.5B-Instruct,284,284,1.0981857776641846,43,1.3782999515533447,0.1769086867570877,"[0.9833711573358647, 0.16147443000024164, -0.012833625637265571, -0.029640693461175923, 0.036999074030169395]","[0.1385373258123954, 0.013958356369077465, 0.005843893889494549, 0.004002847574621799, 0.007096380924045915]",0,LongBeachCC_02092016_16-0125,model_E
tofueval_Qwen2.5-0.5B-Instruct,285,285,2.7014949321746826,58,1.5502125024795532,0.24104519188404083,"[0.10443933244999337, -0.0233432058112471, 0.26211543320296815, 0.07091547634677384, 0.11666733629154523]","[0.05026144128222423, 0.022441162103585408, 0.040454238823148726, 0.02943692034402594, 0.02427230636112654]",0,LongBeachCC_02142017_17-0099,Model-Extra
tofueval_Qwen2.5-0.5B-Instruct,286,286,2.1089305877685547,68,0.35078951716423035,0.08921487629413605,"[0.05016008896132007, 0.005652602241070781, -0.00878881935615455, -0.0204144912663517, 0.4143228578950049]","[0.00489387458784767, 0.0009010100401182546, 0.0012562853797583235, 0.0009976845420216224, 0.0720900392381656]",1,LongBeachCC_02142017_17-0099,model_A
tofueval_Qwen2.5-0.5B-Instruct,287,287,1.970130205154419,33,0.9811822175979614,0.16454821825027466,"[0.0011939240359259368, -0.0035025112231806183, -0.010345425121461934, 0.018694553654341056, 0.752845168322286]","[0.006526139679921829, 0.0013226290982471035, 0.0019019248612893894, 0.001084881187642333, 0.13440831659395233]",1,LongBeachCC_02142017_17-0099,model_B
tofueval_Qwen2.5-0.5B-Instruct,288,288,1.5243321657180786,48,0.9043266177177429,0.1624317169189453,"[0.13257149462405474, 0.03858075029658418, 0.02375735744146823, 0.006551664578220577, 0.7641776496675448]","[0.01151564762798074, 0.0012408746089723384, 0.001964595825166763, 0.0013423066819437206, 0.10666800113487322]",1,LongBeachCC_02142017_17-0099,model_C
tofueval_Qwen2.5-0.5B-Instruct,289,289,1.6493157148361206,38,0.7715413570404053,0.13444115221500397,"[0.04032981641936012, 0.022091632848921443, 0.002564589678322112, 0.008328739976030576, 0.5169435201138473]","[0.009349521660845695, 0.0010246725013362983, 0.0014480670528111037, 0.0008041765428078849, 0.10156692732581225]",1,LongBeachCC_02142017_17-0099,model_D
tofueval_Qwen2.5-0.5B-Instruct,290,290,1.5410550832748413,51,0.6363329291343689,0.1335185319185257,"[0.08297189072885992, 0.0031563177530473446, 0.037685679946341276, -0.006258611166480941, 0.5413129802681415]","[0.006642346462643565, 0.0009040106952321972, 0.0016825161612658514, 0.0008270291345088124, 0.07851442256421304]",1,LongBeachCC_02142017_17-0099,model_E
tofueval_Qwen2.5-0.5B-Instruct,291,291,1.548843264579773,58,2.209620237350464,0.24184653162956238,"[0.406000553262982, 0.16193083466024635, 0.02313908458946289, 0.6343624085315367, 0.0664380522753947]","[0.07374589851330146, 0.02751962059224313, 0.008454479147950411, 0.046636629366291565, 0.032161924162649264]",0,LongBeachCC_02142017_17-0099,Model-Extra
tofueval_Qwen2.5-0.5B-Instruct,292,292,2.5821218490600586,19,1.4693561792373657,0.1430726796388626,"[0.11606045548708273, 0.01706728376606598, 0.057592304432139495, 0.005295126971424524, 1.16403694015169]","[0.008361772812960274, 0.0010748941345139571, 0.0016611590767333358, 0.0008538264682053858, 0.18197062403708897]",1,LongBeachCC_02142017_17-0099,model_A
tofueval_Qwen2.5-0.5B-Instruct,293,293,1.9300293922424316,36,0.6522323489189148,0.11002366989850998,"[0.13872880070769295, 0.011241682233680371, 0.04218974701191453, 0.00759117582113807, 0.3655357807480313]","[0.009795080625685336, 0.001003612877598117, 0.00095319935559246, 0.0005031982780963062, 0.06895449196911901]",1,LongBeachCC_02142017_17-0099,model_B
tofueval_Qwen2.5-0.5B-Instruct,294,294,1.5056588649749756,40,0.8445621728897095,0.12637877464294434,"[0.08697387583986256, 0.029294495888029813, 0.021792591620328493, 0.0025835002249209537, 0.5261676829279167]","[0.009904288924194305, 0.0011010804574013377, 0.0009422676540793873, 0.0006284050498720717, 0.07729426655588867]",1,LongBeachCC_02142017_17-0099,model_C
tofueval_Qwen2.5-0.5B-Instruct,295,295,1.6605758666992188,42,1.8351895809173584,0.24780146777629852,"[-0.07030908160101847, 0.01999357508923692, 0.007109921943040155, -0.0014089335436437977, 1.8289079179862928]","[0.008412018509239888, 0.00106092050935201, 0.0010457373446548619, 0.0007188188048823056, 0.23772115216039916]",1,LongBeachCC_02142017_17-0099,model_D
tofueval_Qwen2.5-0.5B-Instruct,296,296,2.688462257385254,66,1.6124359369277954,0.2511340379714966,"[0.21479205068273144, 0.07386756777519952, 0.3318669880366845, 0.26388153888039984, -0.02415670959321274]","[0.04540367235580678, 0.024904730272570567, 0.03827022442463644, 0.023625556862429443, 0.033094929403770235]",0,LongBeachCC_02142017_17-0099,Model-Extra
tofueval_Qwen2.5-0.5B-Instruct,297,297,1.823076605796814,73,0.17301476001739502,0.0678458958864212,"[0.10794495474004939, 0.00689010845075843, -0.005639231692714942, 0.013023693266716206, 0.32404943165970945]","[0.005507652922790852, 0.0005498952943326751, 0.001145908986036873, 0.0007372747919636249, 0.06082406135304416]",1,LongBeachCC_02142017_17-0099,model_A
tofueval_Qwen2.5-0.5B-Instruct,298,298,1.6667670011520386,47,0.7942338585853577,0.15569154918193817,"[0.03721696642149138, 0.003155986445408223, -0.0027334258852630576, 0.01886095878174448, 0.7587886164138252]","[0.006723966490829134, 0.0009368883216579211, 0.0011627458818275818, 0.000755451484553034, 0.13304805695255748]",1,LongBeachCC_02142017_17-0099,model_B
tofueval_Qwen2.5-0.5B-Instruct,299,299,1.4802201986312866,41,1.486836552619934,0.18216845393180847,"[0.036113903889644264, 0.03605596165566456, 0.012998850346531714, -0.01107577825281091, 1.0165469875412272]","[0.010574985427674287, 0.000957989780739276, 0.001850640643763144, 0.0010814377461850577, 0.12955016951052198]",1,LongBeachCC_02142017_17-0099,model_C
tofueval_Qwen2.5-0.5B-Instruct,300,300,1.70719575881958,70,1.3561487197875977,0.24158835411071777,"[0.564890098397882, 0.0845026247606646, 0.07846035755470179, 0.030907557074845368, -0.09748117365961662]","[0.08843363085400467, 0.04685391053556275, 0.013006436406824865, 0.004852596209847044, 0.023146905504134046]",0,LongBeachCC_02142017_17-0099,model_D
tofueval_Qwen2.5-0.5B-Instruct,301,301,1.8568674325942993,53,0.7889028787612915,0.13265186548233032,"[0.04815425064259885, 0.01413313334877493, 0.03685167919196966, 0.0022894010574607405, 0.655597777046562]","[0.007238360121814023, 0.0011080022749676984, 0.0013921008647805207, 0.0009277282162425112, 0.084837429626858]",1,LongBeachCC_02142017_17-0099,model_E
tofueval_Qwen2.5-0.5B-Instruct,302,302,2.1655020713806152,50,1.267482876777649,0.22156380116939545,"[0.10737851430778392, -0.07306717701510934, 0.7530595663825806, 0.10189161148311542, -0.03649295107315993]","[0.010181347951854604, 0.01316323283062502, 0.18220534704894817, 0.019769906898621913, 0.006525454205682308]",0,LongBeachCC_03182014_14-0164,Model-Extra
tofueval_Qwen2.5-0.5B-Instruct,303,303,1.5660972595214844,64,1.9333832263946533,0.3316872715950012,"[0.19025797060447758, -0.021326499657220666, 1.2929999911732466, 0.027998258724153402, 0.014705119945176648]","[0.02390886453001162, 0.016007316678046113, 0.2628991048480884, 0.004119293919633282, 0.004207172047181018]",0,LongBeachCC_03182014_14-0164,model_A
tofueval_Qwen2.5-0.5B-Instruct,304,304,1.8967078924179077,50,2.381685256958008,0.323490172624588,"[0.6672121584328125, 0.26171978656977446, 0.6743543596571544, -0.006343538230285048, 0.05964944636561995]","[0.05483301481979879, 0.03865571469715405, 0.15761164937754074, 0.0045187852299079624, 0.006623095385583611]",0,LongBeachCC_03182014_14-0164,model_B
tofueval_Qwen2.5-0.5B-Instruct,305,305,1.3189420700073242,136,2.2497496604919434,0.31989938020706177,"[0.25350376709543393, -0.03170049977474906, 1.489489582759073, 0.009875576558245565, 0.018824372259353045]","[0.03974913680606019, 0.013111435194297543, 0.22738515513019059, 0.009995891700831528, 0.00475644671139536]",0,LongBeachCC_03182014_14-0164,model_C
tofueval_Qwen2.5-0.5B-Instruct,306,306,1.1862449645996094,83,2.0137641429901123,0.26550596952438354,"[0.3275416837958286, -0.0013330093547610667, 0.9541945614531518, -0.010911554532582838, 0.005207689288766572]","[0.04597999672712678, 0.006849576653608613, 0.14964519600433993, 0.0035404142868050675, 0.0030618793288537624]",0,LongBeachCC_03182014_14-0164,model_D
tofueval_Qwen2.5-0.5B-Instruct,307,307,1.1649962663650513,93,2.3578615188598633,0.32706648111343384,"[0.4787397045705294, -0.03960565893575349, 1.2734028008595604, -0.01252719888157361, 0.004288428231013059]","[0.05274689973352038, 0.006284976702800037, 0.22490982735349285, 0.0026659244420288177, 0.0034042769529647895]",0,LongBeachCC_03182014_14-0164,model_E
tofueval_Qwen2.5-0.5B-Instruct,308,308,2.5612893104553223,55,0.9517132639884949,0.19749143719673157,"[0.216795903226276, -0.046707191182808444, -0.04124376883264631, 0.2912049700590697, -0.02553603585851802]","[0.03976915887945903, 0.004386181866588727, 0.04942130405225643, 0.060449893149102124, 0.0067349937233798715]",1,LongBeachCC_03182014_14-0164,Model-Extra
tofueval_Qwen2.5-0.5B-Instruct,309,309,0.9823307394981384,98,1.7267318964004517,0.25717973709106445,"[0.33451008416592715, 0.001141845329166987, 1.0138614977855764, -0.005352024874726488, 0.008971226769782167]","[0.0390728707779048, 0.002518681679449203, 0.16816217674737086, 0.004758811573578281, 0.00500882469115326]",0,LongBeachCC_03182014_14-0164,model_A
tofueval_Qwen2.5-0.5B-Instruct,310,310,1.0677460432052612,128,1.7144935131072998,0.27090662717819214,"[0.24023019890759656, 0.0332676080413421, 0.8946033947636352, 0.4344859578928322, 0.006018866428760816]","[0.04467139530900521, 0.009420760540560347, 0.14252582142950665, 0.0546269594429461, 0.00458706398774289]",0,LongBeachCC_03182014_14-0164,model_B
tofueval_Qwen2.5-0.5B-Instruct,311,311,1.499462604522705,51,2.352292537689209,0.30869442224502563,"[1.1034564376653482, 0.014674115892072829, 0.29799279266729833, 0.02213653346595546, 0.038091191157696346]","[0.16674415457379713, 0.005150072661469013, 0.0640582998308923, 0.00447078092816346, 0.005360978594705789]",0,LongBeachCC_03182014_14-0164,model_C
tofueval_Qwen2.5-0.5B-Instruct,312,312,1.2649446725845337,103,1.812934160232544,0.25976234674453735,"[0.6193378685114033, -0.0469555234354559, 0.6381235660063114, 0.26139544369002976, 0.0030737072693492575]","[0.08526585671708162, 0.006798042271914277, 0.11775903384926723, 0.027849641376898274, 0.005504002623106361]",1,LongBeachCC_03182014_14-0164,model_D
tofueval_Qwen2.5-0.5B-Instruct,313,313,1.6206587553024292,59,1.6842455863952637,0.24351321160793304,"[0.4366292321898627, 0.04282687672698018, 0.4504968246950184, -0.0003478465109996466, 0.0016596987791718536]","[0.09014483113335284, 0.012301562581218974, 0.08975383323830378, 0.0021290113740471527, 0.005309732284393064]",0,LongBeachCC_03182014_14-0164,Model-Extra
tofueval_Qwen2.5-0.5B-Instruct,314,314,1.0853384733200073,56,3.0172486305236816,0.31844523549079895,"[0.9489340830846881, 0.01766356145900058, 1.3978499445708752, -0.001762284993511847, -0.04306972541407309]","[0.12305511160643537, 0.007602150023393912, 0.1544717336294395, 0.004076072999673386, 0.003706906221583698]",0,LongBeachCC_03182014_14-0164,model_A
tofueval_Qwen2.5-0.5B-Instruct,315,315,1.0241199731826782,107,1.8094595670700073,0.2772066295146942,"[0.2348552458349, 0.022723527265689228, 1.0500697408395898, 0.01321058261941136, -0.029343438249593547]","[0.03555930523487534, 0.009227681084494328, 0.1801319966120475, 0.010514346191739413, 0.00619397093599178]",0,LongBeachCC_03182014_14-0164,model_B
tofueval_Qwen2.5-0.5B-Instruct,316,316,1.6219605207443237,119,1.2049113512039185,0.221624493598938,"[0.294620143285491, -0.014312332955318917, 0.4673457926938001, 0.15124892005022186, -0.006087084860911939]","[0.031592634790976674, 0.01771877109463906, 0.0992383452072287, 0.013759470577348233, 0.0037846509381968627]",0,LongBeachCC_03182014_14-0164,model_C
tofueval_Qwen2.5-0.5B-Instruct,317,317,1.3708772659301758,66,2.478837728500366,0.3024528920650482,"[0.6325871075897532, -0.060524173149119495, 1.3929507454864285, -0.0035880416646498566, 0.04599314949051735]","[0.060061828762272715, 0.02755831832111815, 0.17024425825361228, 0.003409400532106588, 0.0025381476590425655]",0,LongBeachCC_03182014_14-0164,model_D
tofueval_Qwen2.5-0.5B-Instruct,318,318,1.0818195343017578,96,1.9342846870422363,0.2751286029815674,"[0.8479923185114634, 0.08309617721829454, 0.6373614671583709, -0.023391779633811893, -0.010719569630737169]","[0.10318285920575931, 0.02058938628623726, 0.12150074004501239, 0.0034753599521257783, 0.003357936884811489]",1,LongBeachCC_03182014_14-0164,model_E
tofueval_Qwen2.5-0.5B-Instruct,319,319,2.1171164512634277,57,0.966812789440155,0.19401314854621887,"[0.09697566185710266, 0.006006449965449671, 0.30190729224960433, -0.01710800283686503, 0.09523190257931945]","[0.0222038619758199, 0.032029625513052704, 0.04242075447297809, 0.005468556988042812, 0.011614321301669662]",0,LongBeachCC_03202018_18-0269,Model-Extra
tofueval_Qwen2.5-0.5B-Instruct,320,320,1.4161502122879028,93,1.1694889068603516,0.20950044691562653,"[0.13765021319243237, -0.0470581012114542, 0.21789551603855686, 0.05388313311406271, 0.06738912855601689]","[0.03733195807509679, 0.028784426728952404, 0.046467892966023536, 0.01262082319381715, 0.0256841983516038]",0,LongBeachCC_03202018_18-0269,model_A
tofueval_Qwen2.5-0.5B-Instruct,321,321,1.2802627086639404,46,1.624211072921753,0.2526581287384033,"[-0.023784095089270166, 0.20816484923821205, 0.4316496336543186, 0.024114152363598925, 0.022185339908268677]","[0.016298397061627442, 0.03789717043092305, 0.06378766389674695, 0.003604833687839583, 0.008451754455615688]",0,LongBeachCC_03202018_18-0269,model_B
tofueval_Qwen2.5-0.5B-Instruct,322,322,1.1977781057357788,77,1.7705750465393066,0.22748716175556183,"[0.11234252986894291, 0.15710933154597032, 0.6100132000536579, 0.11766202065469274, 0.003001281693003249]","[0.01701289194172748, 0.03663214850624987, 0.06668536272867052, 0.015073195137920147, 0.014552377550565432]",1,LongBeachCC_03202018_18-0269,model_C
tofueval_Qwen2.5-0.5B-Instruct,323,323,1.054112195968628,112,2.0505611896514893,0.2841593325138092,"[0.8094136961173481, 0.051549986463182255, 0.6749337430398035, 0.11960973990887933, -0.014649640953552177]","[0.10917186336157769, 0.023640010638327373, 0.07912492487493442, 0.009728815721043813, 0.004947064818424504]",0,LongBeachCC_03202018_18-0269,model_D
tofueval_Qwen2.5-0.5B-Instruct,324,324,1.2787564992904663,85,2.051025152206421,0.25512564182281494,"[0.6271791109294795, 0.21489964835534064, 0.2619740709409063, 0.13735772467146437, 0.03761011419547311]","[0.07241604320951517, 0.04168071239638293, 0.04873742076276244, 0.013442226704958503, 0.008941942679347021]",0,LongBeachCC_03202018_18-0269,model_E
tofueval_Qwen2.5-0.5B-Instruct,325,325,1.9326870441436768,59,1.5219173431396484,0.24933139979839325,"[0.18180781647107186, -0.03926043189229381, 0.5835444827576887, -0.03938607175062979, -0.02815835357256928]","[0.04543734203118713, 0.03616920425198814, 0.06582666054551521, 0.003893419794718222, 0.007741944988330203]",0,LongBeachCC_03202018_18-0269,Model-Extra
tofueval_Qwen2.5-0.5B-Instruct,326,326,1.2909685373306274,93,1.7087498903274536,0.24254941940307617,"[0.6077519259590816, 0.06359258608896315, 0.37327943699941685, 0.03625181589160748, -0.03689191153049857]","[0.07689690612142419, 0.016085103017687327, 0.07688440554868986, 0.009523249041791054, 0.006493174697293251]",1,LongBeachCC_03202018_18-0269,model_A
tofueval_Qwen2.5-0.5B-Instruct,327,327,1.9000605344772339,68,1.3837443590164185,0.24334919452667236,"[0.08207209306291428, 0.09606467963150113, 0.2891959718232529, 0.09944307615596164, -0.005339582416662083]","[0.0368996977349759, 0.051480590286632495, 0.03685076506300287, 0.018182733214523655, 0.006448929863221137]",0,LongBeachCC_03202018_18-0269,model_B
tofueval_Qwen2.5-0.5B-Instruct,328,328,1.265647292137146,97,1.6847238540649414,0.2541961669921875,"[0.07459924114251763, 0.20394060888013216, 0.6834813541243364, -0.004301403378065647, -0.04639353814547444]","[0.017482375454596175, 0.04150077833329896, 0.1087484645346864, 0.006889859235281934, 0.01001529001974191]",0,LongBeachCC_03202018_18-0269,model_C
tofueval_Qwen2.5-0.5B-Instruct,329,329,1.4117461442947388,88,1.8283253908157349,0.24243812263011932,"[0.3806934566686819, 0.1917008378140343, 0.2984218487633205, 0.10919373547300314, -0.036812086991114316]","[0.056981573185318914, 0.04765163129793654, 0.0659061262204313, 0.017007905014717748, 0.010772171311111382]",0,LongBeachCC_03202018_18-0269,model_D
tofueval_Qwen2.5-0.5B-Instruct,330,330,1.3125470876693726,67,2.1615211963653564,0.2747812271118164,"[0.6335122782551099, 0.1990959617331426, 0.3411348387807496, 0.1126190947306624, -0.04125150356271457]","[0.08549044253692357, 0.037306148968847125, 0.03531021381281246, 0.01596503607952264, 0.005470557556867816]",0,LongBeachCC_03202018_18-0269,model_E
tofueval_Qwen2.5-0.5B-Instruct,331,331,2.448436975479126,59,1.7385036945343018,0.2334109991788864,"[0.05967345062970831, -0.10681539440085575, 0.633799669944476, -0.009752232918784149, -0.09048041673495545]","[0.025864555676743277, 0.044667022183310076, 0.06222934038871275, 0.0056069126319432715, 0.009340609949804738]",0,LongBeachCC_03202018_18-0269,Model-Extra
tofueval_Qwen2.5-0.5B-Instruct,332,332,1.7385540008544922,33,1.6648094654083252,0.20597794651985168,"[-0.052911521451526576, 0.007222990379280721, 0.41937800344682974, 0.08654070410006115, -0.00796152656866153]","[0.007177381566703623, 0.020410269195853096, 0.05703971843699533, 0.0074812484981521266, 0.007316460261349814]",0,LongBeachCC_03202018_18-0269,model_A
tofueval_Qwen2.5-0.5B-Instruct,333,333,1.9408721923828125,44,1.584412693977356,0.24782352149486542,"[0.2415909611498302, 0.05118893729327696, 0.06817975758498175, 0.0028742966681999283, 0.00843275756845039]","[0.04920760114032677, 0.04483315396754506, 0.011779078289609142, 0.003580994495505055, 0.007629641928792291]",0,LongBeachCC_03202018_18-0269,model_B
tofueval_Qwen2.5-0.5B-Instruct,334,334,1.7281595468521118,56,1.5333988666534424,0.21688377857208252,"[-0.025743874663021415, 0.08554328829943968, 0.4422577854566043, 0.09600360534802478, 0.03175663971550031]","[0.01122935745814045, 0.03010700718138131, 0.07665206334771872, 0.016739046576049077, 0.013147176824125901]",0,LongBeachCC_03202018_18-0269,model_C
tofueval_Qwen2.5-0.5B-Instruct,335,335,1.2393430471420288,93,2.0978705883026123,0.30098965764045715,"[0.4694283554438121, 0.0540251685300171, 0.6754977385052204, 0.17777561889310436, -0.08011289099850992]","[0.07195998844612385, 0.02826921651510792, 0.09523456842514137, 0.018367460522227624, 0.011609975191247705]",0,LongBeachCC_03202018_18-0269,model_D
tofueval_Qwen2.5-0.5B-Instruct,336,336,1.5739598274230957,72,1.413720965385437,0.22981177270412445,"[0.14378001948676278, 0.05396827111932604, 0.2628992105827719, 0.1479969651918509, -0.0016003564798868159]","[0.05221184506914748, 0.03540403947214246, 0.05588100593263334, 0.022051802034563178, 0.020683773804920393]",0,LongBeachCC_03202018_18-0269,model_E
tofueval_Qwen2.5-0.5B-Instruct,337,337,3.081934928894043,59,1.242154836654663,0.1861196756362915,"[0.07301846704193217, -0.031088181463527983, 0.03432526251535973, 0.3377774140977111, 0.6423947042963167]","[0.016190343102869643, 0.003945423856871997, 0.004497170799198611, 0.055715558362107453, 0.06926147801327022]",0,LongBeachCC_04172018_18-0326,Model-Extra
tofueval_Qwen2.5-0.5B-Instruct,338,338,1.9261882305145264,57,1.288332223892212,0.19283542037010193,"[0.27531792708262065, 0.007845674301247448, -0.03939833853930172, 0.5736894629224384, 0.07137242345006119]","[0.05865738732783436, 0.005398804910635335, 0.009392774538670429, 0.06036800604702644, 0.026795814997963692]",0,LongBeachCC_04172018_18-0326,model_A
tofueval_Qwen2.5-0.5B-Instruct,339,339,1.66800856590271,64,1.3147225379943848,0.1881137490272522,"[0.19501721359512203, 0.010638907265388298, -0.029045907772172086, 0.24274722726715936, 0.32870573420228766]","[0.03673356169029063, 0.0026154018102708676, 0.0046741573136053205, 0.046822755477215594, 0.06018285267746393]",0,LongBeachCC_04172018_18-0326,model_B
tofueval_Qwen2.5-0.5B-Instruct,340,340,1.7226109504699707,63,1.296509861946106,0.16898752748966217,"[0.23705327495727466, 0.028917121617788717, 0.033776350875130104, 0.3587955549973274, 0.23368785691115865]","[0.04034894385846663, 0.0038487590756598627, 0.006284320085118423, 0.05308381411151415, 0.015834790209477694]",0,LongBeachCC_04172018_18-0326,model_C
tofueval_Qwen2.5-0.5B-Instruct,341,341,1.919041633605957,55,1.2927501201629639,0.1762022078037262,"[0.22830507678127931, 0.000140502226581289, 0.049397607099540025, 0.25684845747627233, 0.37532950159246947]","[0.035374124908933234, 0.003724739655134809, 0.005974386333690001, 0.0688859131644263, 0.046371597350546585]",0,LongBeachCC_04172018_18-0326,model_D
tofueval_Qwen2.5-0.5B-Instruct,342,342,2.3561465740203857,30,0.5226067900657654,0.11450041085481644,"[0.09196292458412549, -0.013752271064731758, 0.01750326818146277, 0.27858122643471384, -0.041036927261059945]","[0.032147992915004885, 0.006937954351610642, 0.009985384466237217, 0.05261770207083221, 0.011184937713755972]",0,LongBeachCC_04172018_18-0326,Model-Extra
tofueval_Qwen2.5-0.5B-Instruct,343,343,1.660297155380249,43,1.3066076040267944,0.1752483993768692,"[1.1337081260727393, -0.003532884269885091, 0.04251056842926922, -0.11958140490115024, -0.05425269999216462]","[0.15050394904223097, 0.011517287071561695, 0.006811783113268871, 0.015366054502020804, 0.010149021970738262]",0,LongBeachCC_04172018_18-0326,model_A
tofueval_Qwen2.5-0.5B-Instruct,344,344,1.7363027334213257,68,1.774583101272583,0.2166471779346466,"[1.2040824536771277, 0.037195702859475314, -0.00015932265106290716, 0.555300241593774, 0.007231504098907702]","[0.12438962707068747, 0.009012333552162237, 0.01094146025119906, 0.06518082264127108, 0.013871375491091572]",0,LongBeachCC_04172018_18-0326,model_B
tofueval_Qwen2.5-0.5B-Instruct,345,345,1.9788738489151,90,1.1710609197616577,0.1493787169456482,"[0.12820698848938467, -0.03354569898284454, -0.03488161688567036, 0.8349575110011048, 0.2071563421793851]","[0.040884888621278356, 0.006494999081552225, 0.008261041753960146, 0.07432389108405207, 0.03764317070670889]",0,LongBeachCC_04172018_18-0326,model_C
tofueval_Qwen2.5-0.5B-Instruct,346,346,1.605689525604248,51,1.4305449724197388,0.19839073717594147,"[0.04082967731793521, 0.31172527090472846, 0.1641346362887941, -0.016151829768775727, 0.34085886133435256]","[0.022190632705748132, 0.04087531699850147, 0.02649879771120943, 0.004764654975561451, 0.06424312501851948]",1,LongBeachCC_04172018_18-0326,model_D
tofueval_Qwen2.5-0.5B-Instruct,347,347,1.8720773458480835,83,1.3664021492004395,0.17834347486495972,"[0.0931435574918385, 0.004152908232567989, 0.003570458219009339, 0.3174697366789971, 0.6349699758342117]","[0.03366379630371016, 0.002998712023113567, 0.00837248304145875, 0.06957933674163723, 0.07365013643723625]",0,LongBeachCC_04172018_18-0326,model_E
tofueval_Qwen2.5-0.5B-Instruct,348,348,2.4090211391448975,50,0.8441509008407593,0.13844043016433716,"[0.015359286218881607, 0.014714779020287096, 0.04505487299989909, 0.23117818059865386, 0.30728224106598645]","[0.006271397201558102, 0.002857700489621493, 0.005239003733236131, 0.06553361171128927, 0.04565693862285116]",1,LongBeachCC_04172018_18-0326,Model-Extra
tofueval_Qwen2.5-0.5B-Instruct,349,349,1.6819041967391968,55,1.4687162637710571,0.1855161339044571,"[0.3111491820838472, 0.008970718901731413, -0.05876315950193781, 0.6772819805300307, 0.026390238623769786]","[0.04275068177819114, 0.006185972590744561, 0.010435070342782637, 0.07893187300805121, 0.015919225554935936]",0,LongBeachCC_04172018_18-0326,model_A
tofueval_Qwen2.5-0.5B-Instruct,350,350,2.2807624340057373,46,0.975669264793396,0.18320931494235992,"[-0.02260790531948695, -0.017650431723070695, -0.0821974113983426, 0.3108683817250573, 0.48787005970497493]","[0.004497143680109532, 0.004008622041263389, 0.009172751623025208, 0.09447551946366571, 0.08494502028817964]",0,LongBeachCC_04172018_18-0326,model_B
tofueval_Qwen2.5-0.5B-Instruct,351,351,2.0466606616973877,54,0.9830954670906067,0.1745019555091858,"[0.059440814669802354, 0.022500425676601783, -0.04736583912287002, 0.34230450705999155, 0.5333896417680619]","[0.009700542368132456, 0.0026612597024958866, 0.004988470731943919, 0.07426061176580266, 0.09474981588989438]",0,LongBeachCC_04172018_18-0326,model_C
tofueval_Qwen2.5-0.5B-Instruct,352,352,1.7880921363830566,55,0.9381757378578186,0.13681963086128235,"[-0.03860308852970113, 0.06358116251265694, 0.011864276395301038, -0.1469623152436477, 0.8222414696635414]","[0.003933396228764898, 0.0023494829820182614, 0.003920067472348489, 0.03782142847230303, 0.09648467047040454]",0,LongBeachCC_04172018_18-0326,model_D
tofueval_Qwen2.5-0.5B-Instruct,353,353,1.6939294338226318,42,1.6948890686035156,0.22896011173725128,"[0.33354796339560944, 0.007156279826414816, 0.024590372061841965, 0.5005014200325517, 0.024886993425233022]","[0.07009437454702752, 0.012543587324920563, 0.008351045972598772, 0.06355635283780646, 0.010718497015578319]",0,LongBeachCC_04172018_18-0326,model_E
tofueval_Qwen2.5-0.5B-Instruct,354,354,1.4497284889221191,41,3.3424577713012695,0.40903374552726746,"[1.9117204308078237, -0.038408431636592626, -0.023060071622461605, -0.017255276617261853, 0.8767008785653161]","[0.20883172201901312, 0.005033856114634057, 0.0009192547069643497, 0.004292735148460562, 0.15054707004279275]",1,LongBeachCC_04212015_15-0344,model_A
tofueval_Qwen2.5-0.5B-Instruct,355,355,2.124891519546509,45,0.9629615545272827,0.18820959329605103,"[0.0007232132063816405, 0.02137841216689493, -0.011859869013359356, 0.05290576350202577, 0.8928016391065385]","[0.004643015550942033, 0.0024381364841550143, 0.0006713909393612186, 0.0026905793265440377, 0.1852209412596292]",1,LongBeachCC_04212015_15-0344,Model-Extra
tofueval_Qwen2.5-0.5B-Instruct,356,356,1.7514450550079346,22,1.1362770795822144,0.2272994965314865,"[-0.06398187138124327, -0.03668729800648924, -0.015739124607617585, -0.014929348177578173, 0.7646044781008228]","[0.012878343725260906, 0.004915618769142715, 0.0009058470289718654, 0.005441626517308991, 0.21238490113385275]",1,LongBeachCC_04212015_15-0344,model_A
tofueval_Qwen2.5-0.5B-Instruct,357,357,1.241534948348999,62,0.22700417041778564,0.11913388967514038,"[-0.007659180403342978, 0.02505649015695106, 0.00705085010443532, 0.029904448276049093, 0.23960262381797293]","[0.006113733172084369, 0.0018764582913600833, 0.00037556559470152523, 0.0017836977005422046, 0.08816267838429417]",1,LongBeachCC_04212015_15-0344,model_B
tofueval_Qwen2.5-0.5B-Instruct,358,358,1.1920390129089355,44,1.755090355873108,0.2801484167575836,"[0.021527463020571635, -0.0019213600095430263, -0.007636306462782985, 0.0019027096714125946, 1.6660560999404301]","[0.008998078209430105, 0.00242919293879657, 0.0006157444361747366, 0.0028375223934721753, 0.2626196718774736]",0,LongBeachCC_04212015_15-0344,model_C
tofueval_Qwen2.5-0.5B-Instruct,359,359,1.2253912687301636,47,1.432159423828125,0.23120197653770447,"[0.007551859146142886, 0.018175445881539378, 0.005667544221494686, 0.020791327961558907, 1.5258605570279735]","[0.004327221436575863, 0.0018989311117388389, 0.00041943643239566417, 0.0023804185273141403, 0.22229168241647904]",0,LongBeachCC_04212015_15-0344,model_D
tofueval_Qwen2.5-0.5B-Instruct,360,360,1.8974000215530396,45,1.6880887746810913,0.2151831090450287,"[0.20670275318649753, -0.0006394043532458859, 0.015073124245585252, 0.0657279680981042, 1.1918729070108385]","[0.021218953013441125, 0.0037716559832713555, 0.0013909143757347112, 0.005065843547062185, 0.18749045461364505]",0,LongBeachCC_04212015_15-0344,model_E
tofueval_Qwen2.5-0.5B-Instruct,361,361,2.7829713821411133,47,0.6625780463218689,0.1619141399860382,"[0.039588282869985086, 0.04539690705039786, -0.010144100794469582, 0.04004012491954045, 0.5275143597849664]","[0.005958108485290413, 0.0023418214704943627, 0.0004043294634187832, 0.00259361617302486, 0.1476502077006289]",1,LongBeachCC_04212015_15-0344,Model-Extra
tofueval_Qwen2.5-0.5B-Instruct,362,362,1.1945993900299072,40,2.1980624198913574,0.32504767179489136,"[0.08560420366720792, 0.012463893773019662, 0.0041887086722454114, 0.03079531947560099, 1.744015397503972]","[0.008346870175277844, 0.0019907363466415973, 0.00029755093302910043, 0.0023061989136209603, 0.27750831032171847]",0,LongBeachCC_04212015_15-0344,model_A
tofueval_Qwen2.5-0.5B-Instruct,363,363,1.6470890045166016,41,1.0059294700622559,0.19461479783058167,"[-0.07136716335023777, 0.005825482227586823, 0.0036333862773040536, 0.006038109397816631, 0.941963747575334]","[0.007142613592194965, 0.00285025146454578, 0.0007592937380395153, 0.004072807732543923, 0.1632137250229035]",1,LongBeachCC_04212015_15-0344,model_B
tofueval_Qwen2.5-0.5B-Instruct,364,364,1.4468883275985718,39,1.916562557220459,0.31071117520332336,"[0.04300662041499984, 0.0044439260833687745, 0.01023957276013859, 0.00993676202331419, 1.5650033297447057]","[0.00927849392105483, 0.0030838154552839114, 0.0005837423993036795, 0.004254978004097118, 0.27944402375186866]",1,LongBeachCC_04212015_15-0344,model_C
tofueval_Qwen2.5-0.5B-Instruct,365,365,1.2266534566879272,39,2.1631717681884766,0.3251923620700836,"[0.0176046327445268, 0.010698137645354459, 0.004778047450086795, 0.0851992587277215, 1.5833116489916275]","[0.005379058066771391, 0.0020886435017491048, 0.0004054484851715246, 0.003881109052886773, 0.28791058321411794]",0,LongBeachCC_04212015_15-0344,model_D
tofueval_Qwen2.5-0.5B-Instruct,366,366,1.4316339492797852,71,1.0231724977493286,0.19719243049621582,"[0.05611507461804316, 0.018553656954371573, 0.020517082042331335, 0.005879384144348696, 0.8719431111461181]","[0.009780134927239769, 0.003419965051481905, 0.0005897982970610352, 0.005577314454172556, 0.16292745534340444]",1,LongBeachCC_04212015_15-0344,model_E
tofueval_Qwen2.5-0.5B-Instruct,367,367,2.678760290145874,61,0.7815566658973694,0.24376243352890015,"[0.07729776157107973, 0.4313179977024909, 0.2734464815432267, -0.02696026078291518, -0.13834963917316437]","[0.04477676496353002, 0.13859518402673307, 0.04652437339655825, 0.005867416126055433, 0.027308571697601303]",0,LongBeachCC_04222014_14-0307,Model-Extra
tofueval_Qwen2.5-0.5B-Instruct,368,368,1.323491096496582,68,2.262218475341797,0.30327072739601135,"[0.41929195904370264, 1.1867578352644426, 0.8839150794947808, -0.0297199022010425, 0.02611514513115681]","[0.04092070198190607, 0.18375486086051082, 0.08771472836053149, 0.003867747318425325, 0.014201129601521997]",0,LongBeachCC_04222014_14-0307,model_A
tofueval_Qwen2.5-0.5B-Instruct,369,369,1.579286813735962,64,1.5601472854614258,0.271165132522583,"[-0.01577792795399091, 0.9071831156311418, 0.7465478251472177, -0.0025575592995892293, -0.021846471855610616]","[0.011192218552604771, 0.18893627979525718, 0.09863446594217606, 0.003365246446003667, 0.0047550106210216825]",0,LongBeachCC_04222014_14-0307,model_B
tofueval_Qwen2.5-0.5B-Instruct,370,370,1.80413818359375,44,1.7168341875076294,0.2896350622177124,"[0.055557940981088905, 1.0755976369327982, 0.7450022021241073, -0.010684656945820527, -0.0515316232505773]","[0.015657221797955468, 0.20614857458167535, 0.08864907862708936, 0.003808646397071801, 0.006074747030828059]",0,LongBeachCC_04222014_14-0307,model_C
tofueval_Qwen2.5-0.5B-Instruct,371,371,1.6564425230026245,60,2.3488481044769287,0.3492949903011322,"[0.07688837890279197, 1.1531987953887437, 1.3001485855415618, -0.04235750644523553, -0.07134583453686598]","[0.009028711965978193, 0.18690772711506726, 0.17229277052819422, 0.002987986750400751, 0.005151860763188173]",0,LongBeachCC_04222014_14-0307,model_D
tofueval_Qwen2.5-0.5B-Instruct,372,372,2.118833303451538,29,1.7839421033859253,0.2728878855705261,"[0.08038808726745754, 1.3627874134469713, 0.3622268679800668, 0.023605301129182094, -0.03260925229626772]","[0.012867873169476485, 0.22717696448420738, 0.059952957515006663, 0.005182800594223502, 0.00748982978909445]",0,LongBeachCC_04222014_14-0307,model_E
tofueval_Qwen2.5-0.5B-Instruct,373,373,2.788072109222412,41,0.7815122604370117,0.20043426752090454,"[0.1900602712675009, 0.5729133732121426, 0.14402616662881906, -0.10931610739960267, 0.018484111436608632]","[0.0258981734619272, 0.1505574330027984, 0.014708693790719447, 0.010198137569903605, 0.011750345861334452]",1,LongBeachCC_04222014_14-0307,Model-Extra
tofueval_Qwen2.5-0.5B-Instruct,374,374,1.834455132484436,53,1.5010756254196167,0.246562197804451,"[0.07724876560856707, 1.0730388647989801, 0.5831651413653437, -0.01797382260523385, -0.030415208314222564]","[0.009679619917381576, 0.15914636850068764, 0.08742051497770348, 0.0028392579995279704, 0.003719725509332626]",0,LongBeachCC_04222014_14-0307,model_A
tofueval_Qwen2.5-0.5B-Instruct,375,375,1.5500963926315308,55,1.6269949674606323,0.2550741732120514,"[-0.0214840745745195, 1.0803084938591134, 0.6494379844971594, -0.028830040970933623, -0.05195316737861669]","[0.012492614340929074, 0.16510682584127856, 0.09242579251682731, 0.00262161938769106, 0.004825518261244807]",0,LongBeachCC_04222014_14-0307,model_B
tofueval_Qwen2.5-0.5B-Instruct,376,376,2.001422166824341,41,1.5990972518920898,0.25514140725135803,"[0.09834915687963253, 1.3433069860244669, 0.337251147965151, 0.013931079420527988, -0.035406165827270145]","[0.01362570303783242, 0.2053675632703788, 0.042999008460311613, 0.002990910094944766, 0.004722626567799147]",0,LongBeachCC_04222014_14-0307,model_C
tofueval_Qwen2.5-0.5B-Instruct,377,377,2.0787644386291504,38,1.4732229709625244,0.2940143644809723,"[0.09578113784357954, 1.1186366444560822, 0.5046170397958791, -0.022731770764374614, -0.021312247296966808]","[0.018802444934940946, 0.20455824908865333, 0.06705595934167113, 0.00366056548243346, 0.005328572040310208]",0,LongBeachCC_04222014_14-0307,model_D
tofueval_Qwen2.5-0.5B-Instruct,378,378,1.8868374824523926,67,1.5062235593795776,0.25692370533943176,"[0.09629281036622662, 1.1330848506427242, 0.6237527173995944, -0.0612054542272826, 0.001286390373255682]","[0.011547509074295989, 0.19233104678294613, 0.0890498404377834, 0.006719101780020795, 0.007845880635450973]",0,LongBeachCC_04222014_14-0307,model_E
tofueval_Qwen2.5-0.5B-Instruct,379,379,2.8174874782562256,25,1.2639201879501343,0.2497621476650238,"[0.013954451718382188, 0.9418892926094122, 0.2880782715650275, -0.010935219262901228, -0.011253115719009657]","[0.011385572408453299, 0.20488136177824345, 0.013273013517682557, 0.0028386102676813607, 0.005234148971246668]",0,LongBeachCC_04222014_14-0307,Model-Extra
tofueval_Qwen2.5-0.5B-Instruct,380,380,1.6364260911941528,53,1.706475853919983,0.2951876223087311,"[0.0024089505265846864, 1.0434779311691735, 0.8292842975115834, 0.007800282891109401, -0.03247585070960856]","[0.01221925379541234, 0.19636977116224785, 0.11768594611265933, 0.003538708539002433, 0.006415276410679034]",0,LongBeachCC_04222014_14-0307,model_A
tofueval_Qwen2.5-0.5B-Instruct,381,381,2.3459150791168213,31,1.2398451566696167,0.2946951985359192,"[0.11291503491285708, 1.3063104902994969, -0.0709019819717674, -0.024751697712007067, -0.015231994164717053]","[0.00843481836067616, 0.25860451226077613, 0.017903071236662894, 0.0035402665938994277, 0.0034585257012475913]",1,LongBeachCC_04222014_14-0307,model_B
tofueval_Qwen2.5-0.5B-Instruct,382,382,1.0326247215270996,36,2.0895280838012695,0.276650071144104,"[0.03159264582750944, 1.8747434402208052, -0.008854573919153255, 0.03638186707960105, 0.0703516377769928]","[0.009751187323521057, 0.2504325790537728, 0.006401532531072007, 0.0020659625973722642, 0.0045019908483128444]",0,LongBeachCC_04222014_14-0307,model_C
tofueval_Qwen2.5-0.5B-Instruct,383,383,1.0985702276229858,39,2.1033406257629395,0.2947530150413513,"[0.12214983304072984, 1.7856510694687948, -0.034326553088015854, 0.008400623006776024, -0.0005083968042013928]","[0.007066275615962252, 0.25382787698897746, 0.008402325482678955, 0.0013430140399158029, 0.002863228987501852]",0,LongBeachCC_04222014_14-0307,model_D
tofueval_Qwen2.5-0.5B-Instruct,384,384,1.540596604347229,36,1.8426074981689453,0.2891105115413666,"[0.04105721681182533, 1.4483888634034277, 0.2811553849864544, 0.0332264602811847, -0.03514087829272386]","[0.011221513256464909, 0.2567571974019908, 0.014539410462728282, 0.002236267783498786, 0.005236568096500428]",0,LongBeachCC_04222014_14-0307,model_E
tofueval_Qwen2.5-0.5B-Instruct,385,385,2.397404909133911,78,0.709135890007019,0.12854714691638947,"[0.08329944889350699, 0.11098377850393239, -0.002522236075049314, 0.19786242302208662, -0.08510115698878415]","[0.019248179135805305, 0.007968870002631051, 0.004438497128154641, 0.03739996527813743, 0.05429135218116407]",0,LongBeachCC_05062014_14-0330,Model-Extra
tofueval_Qwen2.5-0.5B-Instruct,386,386,1.8689020872116089,87,0.48817580938339233,0.07971710711717606,"[-0.04522287185657127, 0.03473306220859803, 0.007327363756752905, -0.0471749948872917, 0.4745075573352562]","[0.003117155442464275, 0.0033678837421523464, 0.0006554904078455721, 0.002304498984374042, 0.052834835885649266]",1,LongBeachCC_05062014_14-0330,model_A
tofueval_Qwen2.5-0.5B-Instruct,387,387,1.8980318307876587,84,1.1877763271331787,0.13421489298343658,"[0.11187081928143189, 0.004475807999759647, 0.02354616116333221, 2.48249035350801e-05, 0.701519646376948]","[0.006739030563970854, 0.001300064049008229, 0.0008032919668256086, 0.002053866527711805, 0.09694204140216589]",1,LongBeachCC_05062014_14-0330,model_B
tofueval_Qwen2.5-0.5B-Instruct,388,388,1.8124675750732422,56,1.2908756732940674,0.16496123373508453,"[-0.0023031509439793547, -0.00991927580409018, 0.018360500078415498, 0.01792158103697667, 1.1324714273713263]","[0.007415948947068175, 0.0019069159557147941, 0.0009233291149095228, 0.002217832235966658, 0.1380734335564609]",1,LongBeachCC_05062014_14-0330,model_C
tofueval_Qwen2.5-0.5B-Instruct,389,389,1.5833773612976074,58,1.5203146934509277,0.19579185545444489,"[0.08580976344267677, -0.006888761403890134, 0.009260365356097063, -0.011053555420246618, 0.9810616510964384]","[0.007747814696907379, 0.0018299278786124541, 0.001020815900150849, 0.003227019924953969, 0.13330641195983028]",1,LongBeachCC_05062014_14-0330,model_D
tofueval_Qwen2.5-0.5B-Instruct,390,390,1.7658095359802246,76,2.1924867630004883,0.22104346752166748,"[0.788214567049516, 0.2329732916334347, 0.2902554089766789, -0.05754111762421656, 0.6091636017232591]","[0.07492754648013775, 0.01867784200796426, 0.016870723679104277, 0.007370236011656504, 0.08057670582876965]",1,LongBeachCC_05062014_14-0330,model_E
tofueval_Qwen2.5-0.5B-Instruct,391,391,2.5339534282684326,58,1.0735390186309814,0.17316319048404694,"[0.08353910874575377, -0.014762938183186382, -0.0030622839092694478, 0.2302830988733933, 0.4272254579218811]","[0.01580490665093811, 0.006757425883859406, 0.007162475638763461, 0.04978066521791083, 0.07730906527611861]",1,LongBeachCC_05062014_14-0330,Model-Extra
tofueval_Qwen2.5-0.5B-Instruct,392,392,1.7571419477462769,96,1.9617209434509277,0.23205764591693878,"[0.25133422503017755, 0.1789240987974002, 0.4576945557790471, 0.17045527005908903, 0.19600023720014784]","[0.02935895401143303, 0.03960033869355565, 0.04453274209694413, 0.034337604604715466, 0.054699570678286825]",1,LongBeachCC_05062014_14-0330,model_A
tofueval_Qwen2.5-0.5B-Instruct,393,393,1.5297576189041138,29,2.6738126277923584,0.2639597952365875,"[0.04466552531410908, 0.008487209985293608, 0.058564953463842516, 0.020112429209081618, 1.7048956940978253]","[0.011515656837281282, 0.002134098223113424, 0.0029380544253932574, 0.004200369513737628, 0.20985234601639918]",0,LongBeachCC_05062014_14-0330,model_B
tofueval_Qwen2.5-0.5B-Instruct,394,394,1.6989644765853882,42,1.4507081508636475,0.17815077304840088,"[0.1657308476001379, 0.006216703093655053, 0.030064245929852837, 0.023061861683215414, 1.1183533039653586]","[0.018673452224382863, 0.0022582550948191922, 0.002553971335027243, 0.0067491774308499385, 0.11338694021105766]",1,LongBeachCC_05062014_14-0330,model_C
tofueval_Qwen2.5-0.5B-Instruct,395,395,2.077899217605591,44,1.2695869207382202,0.20282325148582458,"[-0.010851506720593368, -0.02561770167879083, 0.035248178904029454, 0.007510452367238362, 0.7460948611366224]","[0.023303719009907745, 0.0033754051093059056, 0.00283222115236144, 0.004210104934496816, 0.09378642998424104]",1,LongBeachCC_05062014_14-0330,model_D
tofueval_Qwen2.5-0.5B-Instruct,396,396,2.2405288219451904,49,0.7473686933517456,0.15141001343727112,"[-0.04321937531004755, 0.039727783533839545, 0.0001010045941386904, -0.04063818501118494, 0.7283106642224046]","[0.008447118890681126, 0.00718046928883194, 0.002594628149400167, 0.005688327867741167, 0.09608356784007568]",1,LongBeachCC_05062014_14-0330,model_E
tofueval_Qwen2.5-0.5B-Instruct,397,397,2.224926471710205,64,1.149611234664917,0.20352034270763397,"[0.04909889022746938, -0.013543254019168671, -0.015798435331817018, 0.25765625624990207, 0.6846274867712054]","[0.014919529319470826, 0.002479198752368461, 0.003066682696612588, 0.04513686812444462, 0.11746323610145737]",1,LongBeachCC_05062014_14-0330,Model-Extra
tofueval_Qwen2.5-0.5B-Instruct,398,398,2.2551441192626953,47,1.9223192930221558,0.2572682499885559,"[-0.017129911545743334, -0.014437035687188519, 0.0323406148929783, 0.04641251849070033, 0.864580112841337]","[0.010785818138987104, 0.002385588898950447, 0.0021592151433070922, 0.02993212559352074, 0.15063712831234877]",1,LongBeachCC_05062014_14-0330,model_A
tofueval_Qwen2.5-0.5B-Instruct,399,399,2.4244492053985596,34,1.9792444705963135,0.2426522821187973,"[0.38903876920641567, 0.012331042027867892, -0.004179613733225886, -0.10300943871740909, 1.0193719813490616]","[0.04174893571026212, 0.003709803913192017, 0.002447172209940618, 0.010148901648415845, 0.11209494456381756]",1,LongBeachCC_05062014_14-0330,model_B
tofueval_Qwen2.5-0.5B-Instruct,400,400,1.46836519241333,36,2.638577461242676,0.33955276012420654,"[0.009949725564284664, -0.0109987477917457, 0.03190802512916788, 0.00018579143539278043, 1.4229314429038722]","[0.019125217654770193, 0.0017009558219645744, 0.0017364925466709894, 0.002828385818778164, 0.18128289771913034]",0,LongBeachCC_05062014_14-0330,model_C
tofueval_Qwen2.5-0.5B-Instruct,401,401,1.4886845350265503,96,2.0749449729919434,0.24030828475952148,"[1.3827703716031767, 0.20368412629447144, -0.01035268914150341, -0.02280995798112902, -0.06885468377686266]","[0.13319727558850758, 0.054165046409811644, 0.004498529073676612, 0.004473507244199482, 0.016680115435661946]",0,LongBeachCC_05062014_14-0330,model_D
tofueval_Qwen2.5-0.5B-Instruct,402,402,2.9428961277008057,70,1.5207232236862183,0.22730609774589539,"[0.29035785043212986, 0.7878797819305744, 0.12287455180526845, 0.023457789168293986, -0.08183912644828005]","[0.060973195463533816, 0.11163687418447807, 0.04020361309890826, 0.01713900667359017, 0.008984639305188986]",0,LongBeachCC_05102022_22-0507,Model-Extra
tofueval_Qwen2.5-0.5B-Instruct,403,403,1.6825616359710693,43,1.7612828016281128,0.2875954508781433,"[0.6528084397121051, 0.34572023225320114, 0.039447388508855256, -0.05025630793263486, -0.07221317160766312]","[0.10606971567328803, 0.14005129486403622, 0.008821900225251908, 0.0044452346174630505, 0.007862745825298398]",0,LongBeachCC_05102022_22-0507,model_A
tofueval_Qwen2.5-0.5B-Instruct,404,404,1.8742105960845947,79,2.4084813594818115,0.30863094329833984,"[-0.10153750737018653, 0.9025974010605118, 0.5527827285130322, -0.028262185623399216, 0.15529018752733717]","[0.014226228040389673, 0.1330879371256673, 0.06446127150269593, 0.009814213634796677, 0.02743079276184819]",1,LongBeachCC_05102022_22-0507,model_B
tofueval_Qwen2.5-0.5B-Instruct,405,405,1.6674046516418457,59,2.2241387367248535,0.3081997334957123,"[0.23684013836279164, 1.862083901809055, -0.008834658237223483, -0.019597505828981305, -0.06241161154999429]","[0.04920268524279366, 0.2525243598620518, 0.005929124738470865, 0.0026237395974191206, 0.006454248860039778]",0,LongBeachCC_05102022_22-0507,model_C
tofueval_Qwen2.5-0.5B-Instruct,406,406,1.7705689668655396,71,1.8334399461746216,0.2635829448699951,"[0.27418909235194394, 0.7582630247046145, 0.7642972795714945, 0.048957546310984854, -0.024159441115840872]","[0.03999537000649371, 0.1296247948721942, 0.09920254853035734, 0.011123072740119056, 0.008712753862356218]",0,LongBeachCC_05102022_22-0507,model_D
tofueval_Qwen2.5-0.5B-Instruct,407,407,1.8405508995056152,39,2.543203353881836,0.3510146141052246,"[0.0741251188536318, 2.052023039891934, 0.08127612640069296, -0.032543005799361244, -0.12835195838348368]","[0.035034213691501344, 0.29256148615147537, 0.006148269042814018, 0.003101825137176862, 0.008158596662980973]",0,LongBeachCC_05102022_22-0507,model_E
tofueval_Qwen2.5-0.5B-Instruct,408,408,3.6049234867095947,61,1.12691330909729,0.20146284997463226,"[-0.07941326448602266, 0.12025972828269005, 0.5693492974139384, 0.08185319246754783, 0.034426698415372214]","[0.01884090494708975, 0.07359093597175966, 0.05960145234986739, 0.02811742802847131, 0.01332512372660023]",0,LongBeachCC_05102022_22-0507,Model-Extra
tofueval_Qwen2.5-0.5B-Instruct,409,409,1.3636424541473389,35,2.5831997394561768,0.36193040013313293,"[-0.06780784012205134, 2.683446261344943, -0.022970422322604073, -0.038662748549956764, -0.0764463929239095]","[0.009132453137135598, 0.36437227370125974, 0.00438610766583614, 0.0029240059375719545, 0.008336983034519107]",0,LongBeachCC_05102022_22-0507,model_A
tofueval_Qwen2.5-0.5B-Instruct,410,410,1.495071530342102,61,1.9928247928619385,0.3331643342971802,"[-0.07368415608432204, 1.4758669291851951, -0.017736808755365867, -0.021049279665916045, -0.0656611236349296]","[0.015890645783127214, 0.26564734719157385, 0.003235163006563392, 0.0026685335618203384, 0.006477744523132716]",0,LongBeachCC_05102022_22-0507,model_B
tofueval_Qwen2.5-0.5B-Instruct,411,411,1.6324342489242554,41,2.38749098777771,0.3472602069377899,"[0.25142383219733855, 1.528489687812242, 0.0024535111226169845, -0.08204512316013102, -0.12042640643293696]","[0.03611917154664364, 0.2746131535294386, 0.0051813450724594295, 0.003258047953012487, 0.007133483222953989]",0,LongBeachCC_05102022_22-0507,model_C
tofueval_Qwen2.5-0.5B-Instruct,412,412,1.7504850625991821,47,2.186697244644165,0.3197304606437683,"[0.01842689825447296, 1.225769941774296, -0.011739600939302151, -0.023799843418949404, 0.14007908714244122]","[0.03900236908846134, 0.22181856922589818, 0.0065674676310702625, 0.0028701817709008265, 0.01698829466296105]",0,LongBeachCC_05102022_22-0507,model_D
tofueval_Qwen2.5-0.5B-Instruct,413,413,1.6614267826080322,62,2.471662998199463,0.34412357211112976,"[-0.0907166291673357, 1.4048919825215689, 0.7066976790108803, -0.02767710309149885, -0.05791544962061556]","[0.010565644548613994, 0.21569134906419477, 0.09248385533909927, 0.00477355886913932, 0.007394273799454529]",0,LongBeachCC_05102022_22-0507,model_E
tofueval_Qwen2.5-0.5B-Instruct,414,414,1.634061336517334,37,1.7059475183486938,0.28696876764297485,"[0.4779773705687714, 1.3732538476800293, 0.03646346453024307, 0.061690073079434284, 0.005165469597724607]","[0.08954485113674703, 0.24748631008441332, 0.011318332644270561, 0.0028031838641303744, 0.008436329611204446]",0,LongBeachCC_05102022_22-0507,Model-Extra
tofueval_Qwen2.5-0.5B-Instruct,415,415,1.3687108755111694,78,2.3646562099456787,0.30614447593688965,"[0.08785412045518826, 0.9008646836371508, 0.555314765371571, 0.06574393803496675, -0.0010521422233208655]","[0.041407042702058576, 0.1631687026413438, 0.053732303164102074, 0.006697153551951301, 0.006573185294270773]",1,LongBeachCC_05102022_22-0507,model_A
tofueval_Qwen2.5-0.5B-Instruct,416,416,1.0939927101135254,83,2.1431663036346436,0.31920531392097473,"[0.8585994421888048, 1.4206584908148785, -0.0028585312108797474, -0.016213184765908946, -0.024599506739197027]","[0.12574791144560363, 0.21081486779639844, 0.008659719846125099, 0.0027058143659506773, 0.003469818105475453]",0,LongBeachCC_05102022_22-0507,model_B
tofueval_Qwen2.5-0.5B-Instruct,417,417,1.0211443901062012,45,3.1559560298919678,0.4038349688053131,"[0.011308312979559155, 2.193469706189353, -0.014514375221592168, 0.02092652199126961, 0.06525921585675355]","[0.027206847430837417, 0.27548446642936647, 0.0026410407402105798, 0.0011768971416459965, 0.005224511114670349]",0,LongBeachCC_05102022_22-0507,model_C
tofueval_Qwen2.5-0.5B-Instruct,418,418,1.9680101871490479,58,1.873286485671997,0.2714986503124237,"[0.18807461629330646, 0.7030529803631562, 0.3368652383636298, -0.03178027131547549, 0.09556501071284433]","[0.049907414606736734, 0.16284042181861627, 0.05552922989979128, 0.0028561659631060167, 0.015980646983605545]",0,LongBeachCC_05102022_22-0507,model_D
tofueval_Qwen2.5-0.5B-Instruct,419,419,1.9034174680709839,58,1.6718785762786865,0.2727830410003662,"[-0.04745391263237127, 1.4060715832024941, -0.012687277665400901, 0.0014332929894063171, -0.08798641609760595]","[0.025187684463585828, 0.23442880176850756, 0.0047779672192385485, 0.004120649784465905, 0.004684976874488774]",0,LongBeachCC_05102022_22-0507,model_E
tofueval_Qwen2.5-0.5B-Instruct,420,420,2.472609758377075,28,1.9447206258773804,0.2880621552467346,"[0.16610705054751765, 0.10199751285524274, 0.026825085303114195, -0.020196652918197548, 1.8161598948229636]","[0.01718655124363977, 0.0061691731245982085, 0.002855273625353253, 0.0067001123115245165, 0.2675346845561372]",0,LongBeachCC_06212022_22-0692,Model-Extra
tofueval_Qwen2.5-0.5B-Instruct,421,421,1.878134846687317,26,2.7534375190734863,0.3090108036994934,"[0.10697262872050627, 0.04170859526661493, 0.04168883378084642, 0.032768277303847966, 2.430935194637501]","[0.015001006748338323, 0.0054375883195103385, 0.003171547090967299, 0.005524825181862088, 0.29001380040762553]",0,LongBeachCC_06212022_22-0692,model_A
tofueval_Qwen2.5-0.5B-Instruct,422,422,2.3193259239196777,43,2.358995199203491,0.31051167845726013,"[0.009898806836010705, 0.041224133960366637, -0.002056465882856702, 0.041157585432872935, 2.1633008472590305]","[0.012562616366199902, 0.004793233604279817, 0.0020669539695375556, 0.00670721323457349, 0.3026396712754599]",0,LongBeachCC_06212022_22-0692,model_B
tofueval_Qwen2.5-0.5B-Instruct,423,423,1.3857009410858154,43,2.0489602088928223,0.32290881872177124,"[0.13230346895582887, 0.0525885085309689, 0.02032926711824477, 0.04560215461647521, 1.7184175371475312]","[0.007363247213334034, 0.004888845852182052, 0.001265743148705105, 0.0036922827348290456, 0.28829212661231546]",0,LongBeachCC_06212022_22-0692,model_C
tofueval_Qwen2.5-0.5B-Instruct,424,424,2.015624761581421,57,1.6306798458099365,0.309359610080719,"[0.0742051071590156, -0.01580311997865162, 0.005084169702058716, 0.034724189506545246, 1.459052600075793]","[0.0290292950729317, 0.006192907378370069, 0.0033654594919810955, 0.007622750445811857, 0.26819033423000066]",0,LongBeachCC_06212022_22-0692,model_D
tofueval_Qwen2.5-0.5B-Instruct,425,425,1.2271031141281128,48,2.471280097961426,0.3431623876094818,"[0.043402986676682076, 0.001354364212403425, 0.04318967607194205, 0.02772041027820175, 2.30848469294718]","[0.01461570764730169, 0.006804626396458957, 0.0037527405253889867, 0.005378671012561398, 0.3161546085602822]",0,LongBeachCC_06212022_22-0692,model_E
tofueval_Qwen2.5-0.5B-Instruct,426,426,2.381024122238159,62,0.4563099145889282,0.13326586782932281,"[0.05167456212430191, 0.09965312160254818, -0.013845244110847664, -0.021644354315339436, 0.2813400573361451]","[0.005965918346709765, 0.015159294756149539, 0.0012984889248759974, 0.001743833521905733, 0.11851583214379682]",1,LongBeachCC_06212022_22-0692,Model-Extra
tofueval_Qwen2.5-0.5B-Instruct,427,427,1.9194047451019287,50,0.6887187957763672,0.20468290150165558,"[0.03139950913551729, 0.06705967222340405, -0.031176436848763842, -0.04857770379428985, 0.5777812383923446]","[0.008606435633281536, 0.00867698144287715, 0.0012897961333430885, 0.002791717062009411, 0.199524778128648]",1,LongBeachCC_06212022_22-0692,model_A
tofueval_Qwen2.5-0.5B-Instruct,428,428,2.3450047969818115,43,1.7712993621826172,0.2786351442337036,"[0.12222297821693268, 0.05598668104768115, 0.013984480102894744, 0.018970770558828304, 1.4889469088019998]","[0.011655130189871913, 0.006054706164767393, 0.0019576082141640632, 0.0028221765251979104, 0.2670946792291351]",1,LongBeachCC_06212022_22-0692,model_B
tofueval_Qwen2.5-0.5B-Instruct,429,429,1.6498706340789795,40,2.2169246673583984,0.366916298866272,"[0.1192759932268018, 0.14751907736253997, 0.026622442727148154, 0.00705557608498566, 1.9527839176462294]","[0.007220938063149163, 0.0039100378525205315, 0.0012199946746989099, 0.0021655139248707655, 0.3380344456732473]",0,LongBeachCC_06212022_22-0692,model_C
tofueval_Qwen2.5-0.5B-Instruct,430,430,1.37606942653656,51,2.379255771636963,0.28312796354293823,"[0.08786164758346643, 0.039289453419172005, 0.07135772608861611, 0.02841139959959679, 2.004800842390407]","[0.008463212116457636, 0.0034031158199131733, 0.005117116217863271, 0.0026788196171259964, 0.2729554391384512]",0,LongBeachCC_06212022_22-0692,model_D
tofueval_Qwen2.5-0.5B-Instruct,431,431,1.2323766946792603,42,2.482586145401001,0.31850868463516235,"[0.1245190084311638, 0.06135271134977908, 0.035956642237914865, 0.00645632634698467, 2.0028631558840666]","[0.006567971363579551, 0.0040134842583363535, 0.001359444084049041, 0.001663297072823866, 0.31306778484291237]",0,LongBeachCC_06212022_22-0692,model_E
tofueval_Qwen2.5-0.5B-Instruct,432,432,2.304678201675415,44,1.1831353902816772,0.25015076994895935,"[0.01748397689814076, 0.009735119571070589, -0.007900684521287489, -0.021597742784665155, 1.2548916125246747]","[0.01943633825782275, 0.006388121551382978, 0.0020022189766783845, 0.003060777950779616, 0.2400854801314629]",0,LongBeachCC_06212022_22-0692,Model-Extra
tofueval_Qwen2.5-0.5B-Instruct,433,433,1.8577020168304443,49,2.0792458057403564,0.28583359718322754,"[0.17871879121547846, 0.002620676440603013, 0.008037047906179155, 0.046904949742588076, 1.631211429026586]","[0.01641258463225582, 0.004151736647799578, 0.0020605928613330973, 0.0027086111304398326, 0.2491827214508536]",0,LongBeachCC_06212022_22-0692,model_A
tofueval_Qwen2.5-0.5B-Instruct,434,434,1.582190990447998,61,1.8583319187164307,0.2881098985671997,"[-0.014054695374457492, 0.16081291979853482, 0.02924064238372101, 0.014603084034832613, 1.7141876620411436]","[0.006334145318872243, 0.01644206316040791, 0.004279917838758951, 0.00227026270531254, 0.2593835343748886]",0,LongBeachCC_06212022_22-0692,model_B
tofueval_Qwen2.5-0.5B-Instruct,435,435,1.8514800071716309,47,1.9795914888381958,0.3247767388820648,"[-0.025730736879171323, 0.032856376896756474, 0.03527112825432074, 0.013394213478274283, 1.9698144394051076]","[0.016436363070034588, 0.005254883439253253, 0.0035281600440682384, 0.0030139424390613193, 0.3099032968791707]",1,LongBeachCC_06212022_22-0692,model_C
tofueval_Qwen2.5-0.5B-Instruct,436,436,1.8290420770645142,38,2.4637980461120605,0.33853769302368164,"[0.08794892178294551, -0.05629284499376521, -0.015360237689324813, -0.03609813562429496, 2.314592428609582]","[0.005884675936341098, 0.004618181845842173, 0.0017064898523940248, 0.0031397689185177725, 0.3240460385254425]",0,LongBeachCC_06212022_22-0692,model_D
tofueval_Qwen2.5-0.5B-Instruct,437,437,1.444633960723877,49,2.3591301441192627,0.36390137672424316,"[0.04036036074845767, 0.01959181462435871, 0.006195029683354102, -0.008586270877272834, 2.197883185514187]","[0.005052002353597011, 0.00489540090596244, 0.0010203757792496338, 0.002051833393890626, 0.34854252694773946]",0,LongBeachCC_06212022_22-0692,model_E
tofueval_Qwen2.5-0.5B-Instruct,438,438,2.658005714416504,43,1.1920287609100342,0.21514266729354858,"[0.8219679882533328, -0.06901358943540863, 0.032810640173455224, -0.01951250815385043, 0.05135206209744738]","[0.16927525138774843, 0.013841591588569045, 0.008845594923175583, 0.002696509759072458, 0.004518104901318682]",0,LongBeachCC_08112020_20-0678,Model-Extra
tofueval_Qwen2.5-0.5B-Instruct,439,439,1.3657211065292358,38,1.925258994102478,0.23059380054473877,"[1.425535024321442, -0.011740796203651515, 0.09530143032622475, 0.02543438278677824, 0.03661395882648465]","[0.1903784232027216, 0.006962338824259381, 0.004039796679296016, 0.0024785321336247236, 0.004541425474204324]",0,LongBeachCC_08112020_20-0678,model_A
tofueval_Qwen2.5-0.5B-Instruct,440,440,1.3175239562988281,86,1.3303347826004028,0.22283704578876495,"[0.8979064817611415, 0.13702305117958744, 0.008714925662283095, 0.013742700252573, 0.008684772588906547]","[0.16384601586646885, 0.037897509537429104, 0.009769908813472136, 0.004579371557678431, 0.0029637689511676315]",1,LongBeachCC_08112020_20-0678,model_B
tofueval_Qwen2.5-0.5B-Instruct,441,441,1.7593157291412354,85,1.6897543668746948,0.23187685012817383,"[1.0138423851504579, 0.4427038748361263, 0.06570924810251146, 0.02290831230377936, 0.041038818237875065]","[0.15159318380347567, 0.05157834972790303, 0.011180527175330928, 0.0039020442124490943, 0.004864255888983013]",1,LongBeachCC_08112020_20-0678,model_C
tofueval_Qwen2.5-0.5B-Instruct,442,442,2.0009520053863525,42,1.2913976907730103,0.21974997222423553,"[0.477798072155565, -0.11757570559469362, -0.06582315930254048, -0.0983752122126697, -0.052262731533985404]","[0.18667570746107404, 0.015946759726613805, 0.00911345665523792, 0.003306127661268138, 0.005657454458417176]",0,LongBeachCC_08112020_20-0678,model_D
tofueval_Qwen2.5-0.5B-Instruct,443,443,1.1431180238723755,55,2.364030361175537,0.321949303150177,"[1.7425327370440673, 0.462617605491753, 0.04925110540564426, -0.012234804397237233, -0.0027134261697276747]","[0.2382941664437319, 0.05225367981072188, 0.0038111420943320955, 0.0013709032748341666, 0.003137939787269385]",0,LongBeachCC_08112020_20-0678,model_E
tofueval_Qwen2.5-0.5B-Instruct,444,444,3.2266242504119873,49,0.945739209651947,0.22415246069431305,"[0.8188800138934534, -0.06585550817603968, 0.059210275470906376, -0.02104998971050491, 0.022942725359937365]","[0.16056994250880516, 0.020861208759312404, 0.014568432157904347, 0.0030072620200984118, 0.002752558913034962]",1,LongBeachCC_08112020_20-0678,Model-Extra
tofueval_Qwen2.5-0.5B-Instruct,445,445,1.1687532663345337,52,2.430691957473755,0.3137533366680145,"[2.3691422154213515, 0.015391734813769849, 0.03651490826954474, -0.009792829809996944, 0.02211735415347413]","[0.2799905617237248, 0.008248710902928625, 0.002305116056653298, 0.0014705879887060291, 0.0013682223425785895]",0,LongBeachCC_08112020_20-0678,model_A
tofueval_Qwen2.5-0.5B-Instruct,446,446,2.330789089202881,43,0.06488963961601257,0.15216264128684998,"[-0.05918216099691859, 0.04733998050945703, -0.0382074577852997, 0.013272227835841477, -0.022068817458158835]","[0.06569869485331786, 0.01729421442402337, 0.004805590596439541, 0.0015440802408827653, 0.0013157235260244538]",1,LongBeachCC_08112020_20-0678,model_B
tofueval_Qwen2.5-0.5B-Instruct,447,447,1.6488922834396362,47,1.676504373550415,0.2945525050163269,"[1.2053955033597379, 0.07092353436932404, 0.01910402227262471, -0.019066240675029086, 0.008923899907460238]","[0.24265181675953965, 0.008228193616076246, 0.003082646857945563, 0.0012764643285682975, 0.0011494772442797222]",0,LongBeachCC_08112020_20-0678,model_C
tofueval_Qwen2.5-0.5B-Instruct,448,448,1.2886250019073486,49,1.2922580242156982,0.22661258280277252,"[1.0447645460971755, 0.06617255418276895, -0.021186464525698636, -0.021431422514700788, -0.004716128906192334]","[0.17359610211957371, 0.020770855260930057, 0.004025078834269969, 0.0018381949835295055, 0.001412169079541706]",0,LongBeachCC_08112020_20-0678,model_D
tofueval_Qwen2.5-0.5B-Instruct,449,449,1.9362057447433472,59,1.6778100728988647,0.24104787409305573,"[1.1529735208639946, 0.3538345465307337, -0.0035339519233537555, -0.015425592797050663, -0.011832255094659403]","[0.1623370210752108, 0.04736698139924433, 0.004219497960293974, 0.0015373947718348125, 0.0020267023307334996]",0,LongBeachCC_08112020_20-0678,model_E
tofueval_Qwen2.5-0.5B-Instruct,450,450,3.5016915798187256,49,1.0045537948608398,0.20722785592079163,"[0.48305365243660553, 0.1682342927741381, -0.013827137511261568, -0.06399065593485626, -0.022522924640168418]","[0.08738871218015354, 0.07231979851527211, 0.01498447771777304, 0.0036901408483925257, 0.0031641265073058]",0,LongBeachCC_08112020_20-0678,Model-Extra
tofueval_Qwen2.5-0.5B-Instruct,451,451,1.8432239294052124,48,2.600367784500122,0.34115973114967346,"[1.9057455762522295, -0.17982192823546939, 0.038692856247507734, 0.014984359459049301, -0.01757173260921263]","[0.2809310913144145, 0.019874185325003662, 0.019153662442609704, 0.01174728615433196, 0.002601926146889847]",0,LongBeachCC_08112020_20-0678,model_A
tofueval_Qwen2.5-0.5B-Instruct,452,452,2.2085652351379395,47,0.19939181208610535,0.12164802849292755,"[0.0667671213877645, 0.006454137485831025, -0.08632371659350997, -0.02361624199956497, -0.007282865511134584]","[0.020111355230923476, 0.06229563024526021, 0.02229629365404996, 0.004147261263011736, 0.004213170923379793]",1,LongBeachCC_08112020_20-0678,model_B
tofueval_Qwen2.5-0.5B-Instruct,453,453,1.5322535037994385,72,1.3403277397155762,0.23006314039230347,"[0.8093840228455633, 0.259353753538979, -0.0004452328567670823, -0.013532395738492495, -0.01633661675337963]","[0.14020558472627365, 0.06192615886364096, 0.01042663072459741, 0.001833416553055282, 0.002284435849934615]",0,LongBeachCC_08112020_20-0678,model_C
tofueval_Qwen2.5-0.5B-Instruct,454,454,2.0972118377685547,46,1.202238917350769,0.17271247506141663,"[0.4724081776853975, 0.3870771646540126, -0.035754538343652435, -0.03736626972322878, -0.024489600980735344]","[0.05245004643486185, 0.09788004652142737, 0.016443858654541975, 0.0028500084326879005, 0.0036851631992486427]",1,LongBeachCC_08112020_20-0678,model_D
tofueval_Qwen2.5-0.5B-Instruct,455,455,1.6967214345932007,83,0.9043678641319275,0.17436236143112183,"[0.44289847082196854, 0.29294069972732917, -0.026494286431805077, -0.022090283927387776, -0.021934015021323864]","[0.07942137526771992, 0.04722420422279696, 0.011891658760423087, 0.002317077442915225, 0.002656420155279149]",0,LongBeachCC_08112020_20-0678,model_E
tofueval_Qwen2.5-0.5B-Instruct,456,456,2.183614492416382,59,1.8165948390960693,0.2370755821466446,"[0.11636012478068597, 0.10979864575852782, -0.016598489160168033, 0.9955274181014274, 0.02471503230419515]","[0.019802172432981147, 0.018476285990322663, 0.02063104895183118, 0.12599829441100832, 0.003200436052392726]",0,LongBeachCC_08132019_19-0733,Model-Extra
tofueval_Qwen2.5-0.5B-Instruct,457,457,2.1276938915252686,68,1.569551944732666,0.18807470798492432,"[0.2892140393498052, -0.03215257591920603, -0.014948070105032563, 0.3292518080011445, 0.2747325071488697]","[0.0474029420681879, 0.029255161943424087, 0.014883117540949464, 0.0544455109149403, 0.023341075640677687]",0,LongBeachCC_08132019_19-0733,model_A
tofueval_Qwen2.5-0.5B-Instruct,458,458,1.8557333946228027,50,1.2799146175384521,0.19516058266162872,"[-0.14480093621299603, 0.21367153426079313, 0.122851111246855, -0.20749245950923068, -0.014966226373362588]","[0.0302433839790956, 0.04512009500977001, 0.01873676301041087, 0.04636128473221106, 0.0043175117674172725]",0,LongBeachCC_08132019_19-0733,model_B
tofueval_Qwen2.5-0.5B-Instruct,459,459,1.809524416923523,55,2.154291868209839,0.29546767473220825,"[0.5751547247531231, 0.05475062710360031, 0.011134280091342093, 0.520414056442678, -0.01775414309072816]","[0.10134346194734628, 0.045433496352945274, 0.017852656614443484, 0.05814972190477089, 0.005412272843833224]",1,LongBeachCC_08132019_19-0733,model_C
tofueval_Qwen2.5-0.5B-Instruct,460,460,2.129788637161255,52,1.5015830993652344,0.23555253446102142,"[0.37635432879100195, 0.10317056768018609, -0.132483918217566, 0.36961212612984057, -0.019638943476960637]","[0.09656593705557708, 0.04995857417872265, 0.010276737805025523, 0.037897248215883264, 0.006747253269430495]",0,LongBeachCC_08132019_19-0733,model_D
tofueval_Qwen2.5-0.5B-Instruct,461,461,1.8267346620559692,69,1.4312903881072998,0.22541116178035736,"[-0.03473218378570417, 0.054143560044737395, -0.007571535583153583, 0.48007600099199277, 0.018746381875235533]","[0.033628131798769056, 0.030399664139385215, 0.015380553864446667, 0.08480182109960352, 0.003928716152322654]",0,LongBeachCC_08132019_19-0733,model_E
tofueval_Qwen2.5-0.5B-Instruct,462,462,2.334390878677368,52,1.6062270402908325,0.20561674237251282,"[0.07471926318696485, 0.01279924212408682, -0.006628050683782651, 0.8105330126172003, -0.012775536369120415]","[0.014534939815208557, 0.013723046440051033, 0.009286197618953688, 0.12460676168512481, 0.005140410829076595]",1,LongBeachCC_08132019_19-0733,Model-Extra
tofueval_Qwen2.5-0.5B-Instruct,463,463,1.8352127075195312,51,1.2788751125335693,0.16754527390003204,"[0.14817433242512612, 0.13917938295943552, 0.058723142233622426, 0.5127109944450614, 0.002393851641054247]","[0.023550493131373442, 0.021348514343206296, 0.025466223990138936, 0.05973691078821396, 0.007851207740375185]",0,LongBeachCC_08132019_19-0733,model_A
tofueval_Qwen2.5-0.5B-Instruct,464,464,0.7768300175666809,48,3.910506010055542,0.4279125928878784,"[3.2103070517769083, -0.016103084133646917, 0.003683405431729625, 9.508228564906555e-05, 0.027687142807735654]","[0.3699898682960073, 0.0019991170152119744, 0.0013341905928475246, 0.004399206136251148, 0.0011968537270708641]",0,LongBeachCC_08132019_19-0733,model_B
tofueval_Qwen2.5-0.5B-Instruct,465,465,1.6489976644515991,61,1.3560867309570312,0.2230026125907898,"[0.537609785510853, 0.15809187782354858, 0.060293280885728516, 0.38789989610515596, -0.004313030663770852]","[0.07268318801819629, 0.03688221265680322, 0.03672920951991922, 0.05710515405344715, 0.004936467758860269]",0,LongBeachCC_08132019_19-0733,model_C
tofueval_Qwen2.5-0.5B-Instruct,466,466,1.9972692728042603,73,1.510467529296875,0.20590783655643463,"[0.3999993041195996, 0.15453560207033537, 0.0484878863618639, 0.403876283566355, -0.03975730059775667]","[0.04547276573878799, 0.044846642023850566, 0.02013186971110945, 0.060368402569079764, 0.00421177692275506]",0,LongBeachCC_08132019_19-0733,model_D
tofueval_Qwen2.5-0.5B-Instruct,467,467,1.8293317556381226,48,1.3980779647827148,0.19259853661060333,"[0.04312303861540082, 0.2905393220377543, 0.0057382977047382155, 0.3060067533594217, -0.006227897220014711]","[0.019334158152863285, 0.030668364237953938, 0.023977072684824446, 0.05729403648331299, 0.0058667029048393715]",0,LongBeachCC_08132019_19-0733,model_E
tofueval_Qwen2.5-0.5B-Instruct,468,468,3.345979690551758,50,1.1256273984909058,0.207272469997406,"[-0.21327773709781467, 0.28454297468531875, 0.08247780391015112, 0.16853773340815678, -0.013120534382760524]","[0.049424759808425735, 0.052424092220826425, 0.014000201348671908, 0.0427663264032708, 0.0023551278124796225]",0,LongBeachCC_08132019_19-0733,Model-Extra
tofueval_Qwen2.5-0.5B-Instruct,469,469,1.9844034910202026,64,1.6847038269042969,0.23411677777767181,"[0.570897355640227, 0.23150980120260556, -0.0655786994235541, 0.5256105118502319, 0.012194994860578845]","[0.0890662156916271, 0.04773279527467267, 0.014388173689567907, 0.09480066560123923, 0.004149943739250261]",0,LongBeachCC_08132019_19-0733,model_A
tofueval_Qwen2.5-0.5B-Instruct,470,470,0.8668757677078247,45,3.1735565662384033,0.3699544370174408,"[2.447475536653979, -0.044474904964348146, -0.020980920901315078, -0.012366349166485532, 0.3541031706036948]","[0.3193125916116211, 0.0030119096955382296, 0.0014859513337228236, 0.0012190137295697745, 0.018147187843664547]",0,LongBeachCC_08132019_19-0733,model_B
tofueval_Qwen2.5-0.5B-Instruct,471,471,2.53998064994812,25,1.390532374382019,0.2715492248535156,"[0.7475149907229934, 0.014569274152163416, 0.10477701408555731, 0.014733758236980065, 0.11410688694857526]","[0.17393020537943812, 0.025396056370482256, 0.006282818906215653, 0.007180664056359092, 0.009829688934748901]",0,LongBeachCC_08132019_19-0733,model_C
tofueval_Qwen2.5-0.5B-Instruct,472,472,2.042597770690918,57,1.018852949142456,0.23019638657569885,"[0.40986923636024075, -0.03850601288579862, -0.06002824036675105, 0.13307838353788962, -0.0005061024763690831]","[0.09266811799126005, 0.03149810202154313, 0.013176021875479867, 0.034753377358029275, 0.004440151514524602]",0,LongBeachCC_08132019_19-0733,model_D
tofueval_Qwen2.5-0.5B-Instruct,473,473,2.0854673385620117,46,1.100054144859314,0.21649853885173798,"[-0.03629619561125646, -0.11103064824356293, 0.1924116930322666, 0.30880816484252294, -0.0314299716052989]","[0.07389070400898598, 0.018291743031864906, 0.02597480068695167, 0.02292408842878479, 0.004663320238646323]",0,LongBeachCC_08132019_19-0733,model_E
tofueval_Qwen2.5-0.5B-Instruct,474,474,2.9331133365631104,52,0.9676134586334229,0.22332270443439484,"[0.16967949934965312, 0.14484270935589358, 0.08779266581174082, -0.06515105892874719, 0.04002295144638223]","[0.05286103843144911, 0.03579536461885569, 0.06846806054602439, 0.02035218777644314, 0.01231725344388661]",0,LongBeachCC_08152017_17-0671,Model-Extra
tofueval_Qwen2.5-0.5B-Instruct,475,475,1.3041502237319946,108,2.377694606781006,0.3081580698490143,"[0.1511270119081692, 1.2243841436393605, 0.22951306952307748, 0.020227133626694586, 0.004289470674848417]","[0.05357461692563835, 0.1639785493445187, 0.02219240748625587, 0.0028114957763978898, 0.008068791628444514]",1,LongBeachCC_08152017_17-0671,model_A
tofueval_Qwen2.5-0.5B-Instruct,476,476,1.893836498260498,66,2.2748687267303467,0.2792988717556,"[0.2799808917742198, 1.1839601336722616, -0.061002024807528483, -0.06217176010033765, 0.07338966577951093]","[0.06726368958708338, 0.12770772990789378, 0.013498549201027676, 0.004164685030785318, 0.01908958007850391]",0,LongBeachCC_08152017_17-0671,model_B
tofueval_Qwen2.5-0.5B-Instruct,477,477,1.4771320819854736,52,1.6530323028564453,0.24554729461669922,"[0.03493969035270521, 0.8535331513353762, 0.016216661819236415, 0.01982046033264431, 0.0628065682181981]","[0.038757000525702794, 0.080111862141271, 0.003842643450074508, 0.002537141303065482, 0.009498760922074741]",0,LongBeachCC_08152017_17-0671,model_C
tofueval_Qwen2.5-0.5B-Instruct,478,478,1.8940978050231934,57,0.7900270223617554,0.15251973271369934,"[0.04009094556087739, 0.15050759316655835, 0.10839530030111826, -0.007302593409564763, 0.08116131461315888]","[0.05224940443168622, 0.03976087393092505, 0.027658479967230004, 0.003374286797805469, 0.014372195927096567]",0,LongBeachCC_08152017_17-0671,model_D
tofueval_Qwen2.5-0.5B-Instruct,479,479,2.098170518875122,62,1.0454519987106323,0.2185591757297516,"[0.12718467062134756, 0.10540426911217265, 0.13094947168684162, 0.23600499479128653, -0.02514854456022007]","[0.05928822880891418, 0.045900928187723275, 0.019041854489266312, 0.05498774972128404, 0.013774685360982263]",0,LongBeachCC_08152017_17-0671,model_E
tofueval_Qwen2.5-0.5B-Instruct,480,480,3.3786160945892334,53,1.2303476333618164,0.23539693653583527,"[-0.05679908556214527, 0.40476847781040837, 0.2535303004517873, -0.05130732307727913, -0.03729996285868387]","[0.05886455682796189, 0.06978650723745448, 0.05977840240154605, 0.00808807726279379, 0.008614120611445338]",1,LongBeachCC_08152017_17-0671,Model-Extra
tofueval_Qwen2.5-0.5B-Instruct,481,481,1.3412504196166992,77,1.0304017066955566,0.18807891011238098,"[0.03681491611208109, 0.2304158418408335, 0.020667044658894865, -0.010282181732951099, -0.023490770274340274]","[0.0384497005377132, 0.04258754846070762, 0.006491091278935056, 0.004225869541992827, 0.004040458647231]",1,LongBeachCC_08152017_17-0671,model_A
tofueval_Qwen2.5-0.5B-Instruct,482,482,2.363987684249878,67,0.761211633682251,0.1491907387971878,"[0.06615008449910813, -0.08293946824258781, 0.2751411503604822, -0.01104622141046188, -0.02260561774585482]","[0.05486985913128918, 0.03313209785557686, 0.017721044164060385, 0.008020932551042774, 0.0057373355303785]",1,LongBeachCC_08152017_17-0671,model_B
tofueval_Qwen2.5-0.5B-Instruct,483,483,1.855278491973877,94,0.7832155227661133,0.18456575274467468,"[0.048250733713641546, -0.0012854934796044464, 0.068998738325824, 0.26890183036571313, 0.025763938391772635]","[0.037160753416771435, 0.0365249847494479, 0.021827957931676228, 0.057299050664579576, 0.011406962763982285]",0,LongBeachCC_08152017_17-0671,model_C
tofueval_Qwen2.5-0.5B-Instruct,484,484,1.7070332765579224,73,2.2362678050994873,0.28469160199165344,"[0.19146766557725192, 1.0099541800619305, 0.05756022578584198, -0.024189447301816398, 0.07324897556494986]","[0.04207374921781581, 0.1108174202473081, 0.015930700269145965, 0.004412711352907623, 0.009843803022239509]",0,LongBeachCC_08152017_17-0671,model_D
tofueval_Qwen2.5-0.5B-Instruct,485,485,1.7914931774139404,74,0.8984136581420898,0.2162657529115677,"[0.05987784096706073, 0.08796977516086937, 0.13396498008727872, 0.10043156138533811, 0.0020624298680854123]","[0.03175783591257494, 0.043591657044581136, 0.04703032197136281, 0.03673864655128934, 0.01308725701557023]",0,LongBeachCC_08152017_17-0671,model_E
tofueval_Qwen2.5-0.5B-Instruct,486,486,2.456925392150879,51,1.8134121894836426,0.28315964341163635,"[0.0036486018415969597, 0.4943452244420483, 0.09292602482802227, 0.2960877461323167, 0.019827169416488436]","[0.05140976659284063, 0.09924009920701328, 0.04526561912842796, 0.04010761562348949, 0.007355024493906468]",1,LongBeachCC_08152017_17-0671,Model-Extra
tofueval_Qwen2.5-0.5B-Instruct,487,487,0.9136250615119934,45,4.312442302703857,0.4961397349834442,"[1.8080125888932446, 0.06324514377467697, 0.04344593698390074, 0.01065628280994133, 0.003041888204946493]","[0.2435517707002873, 0.03205704624788268, 0.005322527229757018, 0.0011944842770996425, 0.009848837340804393]",0,LongBeachCC_08152017_17-0671,model_A
tofueval_Qwen2.5-0.5B-Instruct,488,488,2.300671339035034,43,1.1806232929229736,0.23953451216220856,"[0.6029085122186929, -0.01625276970417174, 0.010120543863808434, 0.03380454306796648, 0.08339397978683295]","[0.10084355436096261, 0.051211881637628236, 0.006152491487923303, 0.0033924803770539022, 0.013287149004094487]",1,LongBeachCC_08152017_17-0671,model_B
tofueval_Qwen2.5-0.5B-Instruct,489,489,0.9022674560546875,49,3.952171802520752,0.4778948426246643,"[2.1510122627274093, 0.07975173325587316, 0.04409995791376081, -0.006523889939170639, 0.07337124449170042]","[0.27322461493190064, 0.04313094115371184, 0.004656019422740502, 0.0023390411077561834, 0.0065561761300011075]",0,LongBeachCC_08152017_17-0671,model_C
tofueval_Qwen2.5-0.5B-Instruct,490,490,1.4934223890304565,34,2.966644525527954,0.39586061239242554,"[0.44300235328666854, 1.310839006807916, 0.010060042611311312, 0.007136828181233688, -0.04000735459917718]","[0.11585569458036522, 0.1935376017760759, 0.011527659744220889, 0.0025300495837474474, 0.00703096783659957]",0,LongBeachCC_08152017_17-0671,model_D
tofueval_Qwen2.5-0.5B-Instruct,491,491,1.8067651987075806,46,2.4752089977264404,0.2856208086013794,"[0.17591685459861447, 0.8908171121145089, 0.07952697450092154, 0.0167285360270319, 0.05284798456070506]","[0.04722897691416343, 0.14945341709684448, 0.013218719758673782, 0.004371595345928555, 0.011624631491098053]",0,LongBeachCC_08152017_17-0671,model_E
tofueval_Qwen2.5-0.5B-Instruct,492,492,2.6055774688720703,36,2.112844705581665,0.2598477602005005,"[0.967470342062168, 0.010883084632445793, 0.5532519786389558, 0.11276600538066203, -0.05040246886917683]","[0.1470474852956411, 0.003943324243274778, 0.05106064823841194, 0.004345631822784036, 0.00906170407972774]",0,LongBeachCC_08252020_20-0608,Model-Extra
tofueval_Qwen2.5-0.5B-Instruct,493,493,1.7483062744140625,39,2.3413822650909424,0.2689889967441559,"[2.2523427248338406, 0.011830396917596376, 0.007643879774173585, 0.02118978609985042, -0.036446040754246775]","[0.2163842733268841, 0.005792796804003367, 0.0076386438254288785, 0.0028354457273623303, 0.0031106731001867816]",0,LongBeachCC_08252020_20-0608,model_A
tofueval_Qwen2.5-0.5B-Instruct,494,494,0.9126719236373901,108,2.1026487350463867,0.27717697620391846,"[0.7765429837777278, 0.5144022848358468, 0.9532228736262807, 0.009955729597710093, -0.018673852927678227]","[0.09101341798018607, 0.07748672527627688, 0.10160083619164839, 0.005383682461290055, 0.0021208906146570586]",0,LongBeachCC_08252020_20-0608,model_B
tofueval_Qwen2.5-0.5B-Instruct,495,495,1.588033676147461,60,2.312105417251587,0.2810191512107849,"[1.8577603256659738, -0.004106493443153643, 0.32918838572547127, 0.045432941222012836, -0.02317500196883581]","[0.2104209556816689, 0.009962890151632564, 0.021604917585046717, 0.0027245577213250273, 0.004844466845005968]",1,LongBeachCC_08252020_20-0608,model_C
tofueval_Qwen2.5-0.5B-Instruct,496,496,1.5175013542175293,108,1.231864333152771,0.2236301302909851,"[0.6664014507071072, 0.30851738828803094, 0.02323907361498338, 0.31030717727330065, 0.012426680200898469]","[0.07907218363721069, 0.04388296416577192, 0.05743680622828756, 0.043007323314887824, 0.002812371028434926]",0,LongBeachCC_08252020_20-0608,model_D
tofueval_Qwen2.5-0.5B-Instruct,497,497,1.480016827583313,42,1.8286206722259521,0.20649945735931396,"[1.8582250148021038, -0.00032460847192591506, -0.018837840507179255, 0.01040803798410447, -0.006521776348758327]","[0.1562487761382813, 0.006712045633066276, 0.01090003962003937, 0.006021002009745081, 0.0020171670143264734]",1,LongBeachCC_08252020_20-0608,model_E
tofueval_Qwen2.5-0.5B-Instruct,498,498,3.362640142440796,46,0.948516845703125,0.16358475387096405,"[0.3608727589826626, 0.05148894712328911, -0.005484761909389383, -0.005059561730139767, -0.025348595465007034]","[0.10642207166908876, 0.011591047925974082, 0.0105536288602786, 0.005501533145137649, 0.0045956897038986035]",1,LongBeachCC_08252020_20-0608,Model-Extra
tofueval_Qwen2.5-0.5B-Instruct,499,499,1.7290061712265015,66,0.30400577187538147,0.06071457639336586,"[0.034083822910113006, 0.06561322713175534, 0.039582849937935614, 0.01993564381281789, -0.012677206966062922]","[0.014634359660938186, 0.007460685511232717, 0.004609905636994661, 0.002408598888195863, 0.001512000835222435]",1,LongBeachCC_08252020_20-0608,model_A
tofueval_Qwen2.5-0.5B-Instruct,500,500,1.1303184032440186,93,2.3893134593963623,0.29146629571914673,"[1.170146062454429, 0.6652201365710738, 0.6761043871255845, 0.006756543405454948, -0.020365767385810224]","[0.1401181680614896, 0.08031862613441453, 0.06546841363745652, 0.0034757499658445994, 0.0020472889700274225]",0,LongBeachCC_08252020_20-0608,model_B
tofueval_Qwen2.5-0.5B-Instruct,501,501,1.7248164415359497,57,2.542771100997925,0.2938709855079651,"[2.166326405529521, 0.04441213589049304, 0.09066313817898494, 0.03543153978279678, -0.00043440613412633214]","[0.2380676536592083, 0.014004409373479862, 0.020250530656819154, 0.004072070220812301, 0.007295809498241636]",0,LongBeachCC_08252020_20-0608,model_C
tofueval_Qwen2.5-0.5B-Instruct,502,502,1.426586627960205,46,0.46020635962486267,0.05743838846683502,"[0.05967460851167308, 0.028351919344656737, 0.06582006586477687, 0.04782981602804047, 0.006106475323220999]","[0.01714301420774874, 0.0023632874145614155, 0.004629449486085081, 0.0018877949710802409, 0.00174283559015689]",1,LongBeachCC_08252020_20-0608,model_D
tofueval_Qwen2.5-0.5B-Instruct,503,503,2.024765729904175,38,1.5298928022384644,0.2187550961971283,"[0.7051033482176104, 0.1308648636161371, -0.08271522874776183, -0.02185617593998981, -0.038648158149283664]","[0.11110073396718546, 0.037402445280399, 0.011644612817776746, 0.00697463325974206, 0.005072120559626189]",0,LongBeachCC_08252020_20-0608,model_E
tofueval_Qwen2.5-0.5B-Instruct,504,504,2.194028377532959,37,2.3010683059692383,0.3186616003513336,"[1.7072436436507348, -0.021393904824878053, 0.030843847486008796, -0.014384645482022205, 0.0052513223881514685]","[0.24593826674075947, 0.003844050905497794, 0.00823975650012539, 0.0032649123367128915, 0.004172049664009054]",0,LongBeachCC_08252020_20-0608,Model-Extra
tofueval_Qwen2.5-0.5B-Instruct,505,505,2.0315792560577393,96,1.3357046842575073,0.21661651134490967,"[0.4770597856628835, -0.0032710970704480737, 0.44461331613877064, 0.22165051165249375, 0.015101011376070042]","[0.08350406534598183, 0.014852565039586096, 0.060951517772127296, 0.03466856458433062, 0.0048340119801366654]",1,LongBeachCC_08252020_20-0608,model_A
tofueval_Qwen2.5-0.5B-Instruct,506,506,1.507468819618225,74,1.7306852340698242,0.25500500202178955,"[1.508591854951118, 0.05475158375510718, -0.022171239637287187, -0.01746603182633604, 0.0386058834475399]","[0.18297145037590903, 0.009008035508794147, 0.016982636956949425, 0.0043447097566091065, 0.007289163626437953]",0,LongBeachCC_08252020_20-0608,model_B
tofueval_Qwen2.5-0.5B-Instruct,507,507,1.467299222946167,20,3.8826115131378174,0.3866831362247467,"[3.151796183921397, 0.04514788833657803, 0.013176802852103719, 0.04324858246254735, 0.006144635649616248]","[0.3043674245243892, 0.0015432510889581863, 0.004874969515731209, 0.0022608540628596074, 0.002004799028463822]",0,LongBeachCC_08252020_20-0608,model_C
tofueval_Qwen2.5-0.5B-Instruct,508,508,1.2233343124389648,43,2.9951980113983154,0.3289840519428253,"[2.552293972220532, -0.02275780783914998, 0.014254155684517003, 0.008127423067361273, 0.08393184217666838]","[0.28448171486271284, 0.004378926175443371, 0.004114665384480333, 0.0031886237273057055, 0.0036338154565834597]",0,LongBeachCC_08252020_20-0608,model_D
tofueval_Qwen2.5-0.5B-Instruct,509,509,1.417932152748108,43,2.6912600994110107,0.33920732140541077,"[2.5173620211696903, -0.031429042833118474, -0.09807463761607386, -0.03710942768309398, 0.057026257496164724]","[0.2941711003740513, 0.0028260187822823136, 0.004686507825622317, 0.0028323310669939043, 0.0023786080243763633]",0,LongBeachCC_08252020_20-0608,model_E
tofueval_Qwen2.5-0.5B-Instruct,510,510,2.4436864852905273,57,0.6951761841773987,0.1782102733850479,"[0.19560870586275614, -0.006672826203979193, -0.051002933476283624, -0.01581721518111105, 0.02446568149893561]","[0.047990238039969164, 0.016836274664352426, 0.035590512139520525, 0.008958817889431987, 0.010925286329979187]",0,LongBeachCC_09042018_18-0783,Model-Extra
tofueval_Qwen2.5-0.5B-Instruct,511,511,1.514906406402588,127,1.6833431720733643,0.23173879086971283,"[0.23131002037805198, 0.044661606771286624, 0.40390286882550963, 0.0028093026617063413, 0.45510157241186266]","[0.03226529350197915, 0.011355771182368656, 0.06033152472201529, 0.016260869330228776, 0.0630183495714527]",0,LongBeachCC_09042018_18-0783,model_A
tofueval_Qwen2.5-0.5B-Instruct,512,512,1.644178867340088,59,1.3133025169372559,0.21273836493492126,"[0.9926530432451312, 0.055230077917212066, -0.03984303628595179, 0.046729314088440596, -0.061824451618723304]","[0.09526244404030691, 0.009889652136072243, 0.013870968370323974, 0.014087307016799229, 0.009407652438728861]",0,LongBeachCC_09042018_18-0783,model_B
tofueval_Qwen2.5-0.5B-Instruct,513,513,2.595731019973755,48,0.8350582122802734,0.20057563483715057,"[0.5662588353152387, -0.04868014864526534, -0.034222928991463654, 0.08004376872365053, -0.020033906718405586]","[0.08802309461498226, 0.010990556899933779, 0.005551444390069567, 0.009736854083908971, 0.009066065099962847]",0,LongBeachCC_09042018_18-0783,model_C
tofueval_Qwen2.5-0.5B-Instruct,514,514,1.5859739780426025,112,0.9754529595375061,0.20385552942752838,"[0.38894906887383385, 0.01997773500027376, 0.1079780350841507, 0.43017714872972385, -0.03226852776008725]","[0.066110573774852, 0.011880820390518108, 0.040181293356677576, 0.05079110085664697, 0.010384050639438718]",0,LongBeachCC_09042018_18-0783,model_D
tofueval_Qwen2.5-0.5B-Instruct,515,515,1.1598175764083862,99,1.5790377855300903,0.24611195921897888,"[0.1655116115311323, 0.04483472931021213, 0.715917774166258, 0.3107291178936856, -0.04472459754139312]","[0.027271628679233863, 0.018532925042478898, 0.10053783222964638, 0.05217974079957272, 0.012035823598282466]",0,LongBeachCC_09042018_18-0783,model_E
tofueval_Qwen2.5-0.5B-Instruct,516,516,2.628582000732422,74,0.8965264558792114,0.14277957379817963,"[0.32837233572255986, 0.018192089821929363, 0.1524466383774337, 0.13882254699451183, 0.07588211385410505]","[0.029885063650675187, 0.005868795907151953, 0.03954312194467683, 0.022895328216121297, 0.012225385082815224]",0,LongBeachCC_09042018_18-0783,Model-Extra
tofueval_Qwen2.5-0.5B-Instruct,517,517,1.3590776920318604,152,0.9170516133308411,0.15273882448673248,"[0.3241585951287968, -0.005544726134279412, 0.290995713230682, 0.10644651046021336, 0.20038352180130173]","[0.05063387832486617, 0.006759105116313472, 0.044034077161714584, 0.02300297971346597, 0.02354319554550512]",0,LongBeachCC_09042018_18-0783,model_A
tofueval_Qwen2.5-0.5B-Instruct,518,518,1.6666148900985718,36,0.3664467930793762,0.10936819016933441,"[0.11697538809736822, -0.043612094555404234, 0.2736123938601749, 0.08567944680544315, 0.15293269578857385]","[0.007095169429387877, 0.007906068817267927, 0.06771722266903958, 0.0074570045264358165, 0.006030885888726011]",0,LongBeachCC_09042018_18-0783,model_B
tofueval_Qwen2.5-0.5B-Instruct,519,519,1.4949593544006348,101,0.9644789099693298,0.17276538908481598,"[0.05660338424080476, 0.056172363846193965, 0.28415182066014, 0.46695588911148156, -0.045790127253201376]","[0.011906945213409603, 0.006992656441809123, 0.04528609253809756, 0.06290910013548104, 0.012761248893616765]",0,LongBeachCC_09042018_18-0783,model_C
tofueval_Qwen2.5-0.5B-Instruct,520,520,1.4676774740219116,107,0.9823256134986877,0.16967882215976715,"[0.16561033363561756, -0.00894384681210183, 0.2029531506487499, 0.06634394943667359, 0.3526787393243339]","[0.02212652201340155, 0.005156569375257464, 0.03977830852437645, 0.024911751835469804, 0.050937328764898794]",0,LongBeachCC_09042018_18-0783,model_D
tofueval_Qwen2.5-0.5B-Instruct,521,521,1.1822723150253296,77,1.6676390171051025,0.21738240122795105,"[1.060646554468579, -0.04727192625366363, 0.1429666080115236, 0.4529290297516552, 0.23905276120266145]","[0.1089066635742014, 0.010628357750096693, 0.018477094108380082, 0.0699705612700371, 0.030939854011573707]",0,LongBeachCC_09042018_18-0783,model_E
tofueval_Qwen2.5-0.5B-Instruct,522,522,2.4237823486328125,72,1.0336203575134277,0.22637993097305298,"[0.2164866659618888, 0.04393895219093085, 0.1546607847914048, 0.2817608485315254, 0.022972232388080254]","[0.04149883285713843, 0.013568612828707829, 0.050392760135243485, 0.05842346151459626, 0.011285613497866128]",1,LongBeachCC_09042018_18-0783,Model-Extra
tofueval_Qwen2.5-0.5B-Instruct,523,523,1.652976632118225,39,2.946596622467041,0.36969465017318726,"[2.7926705791017947, -0.06051316918651887, 9.20022850130828e-05, -0.018058748448824283, -0.016915112017812088]","[0.3243386195047209, 0.016380467879489748, 0.0009102695333193622, 0.0013963957132476096, 0.008061117454172536]",0,LongBeachCC_09042018_18-0783,model_A
tofueval_Qwen2.5-0.5B-Instruct,524,524,1.7260627746582031,71,1.134191870689392,0.19219519197940826,"[0.6052376743456067, 0.015428074534316744, 0.03141954783403518, 0.10122912401631869, 0.2808769126461645]","[0.12201930970001394, 0.008999532190500759, 0.002478781133408453, 0.022843625537112708, 0.025466584491836405]",1,LongBeachCC_09042018_18-0783,model_B
tofueval_Qwen2.5-0.5B-Instruct,525,525,1.3891717195510864,140,1.5625836849212646,0.22967730462551117,"[0.5872814844054769, 0.012081891386437097, 0.3846513945800585, 0.25477721828584826, -0.01081454234985618]","[0.06479351170208766, 0.009651104537428928, 0.059882496938040014, 0.05272271679442286, 0.01229613385176955]",1,LongBeachCC_09042018_18-0783,model_C
tofueval_Qwen2.5-0.5B-Instruct,526,526,1.775921106338501,112,1.2697563171386719,0.23588848114013672,"[0.8112722765945364, -0.00029017089972122837, 0.27879555854113797, -0.02152448830747744, -0.052468017318980334]","[0.11585670335872626, 0.010135706612077553, 0.05432460225252304, 0.011573995299658333, 0.006716189541521089]",0,LongBeachCC_09042018_18-0783,model_D
tofueval_Qwen2.5-0.5B-Instruct,527,527,1.7300676107406616,89,1.1750682592391968,0.2207864224910736,"[0.7690531212530424, 0.09313467807094619, 0.04256259076254118, 0.012075163765412787, -0.0031011683563571006]","[0.12515360327192918, 0.03116266395536922, 0.011365459600404321, 0.005181679063977928, 0.009220172191007396]",1,LongBeachCC_09042018_18-0783,model_E
tofueval_Qwen2.5-0.5B-Instruct,528,528,3.2044014930725098,62,1.039484977722168,0.22011099755764008,"[0.2505762677098955, 0.10617574471079054, 0.18163844925020972, 0.34368128983694457, 0.0001934223598049533]","[0.10478816297695777, 0.02552651539653814, 0.018464921153721545, 0.03279944533923915, 0.005766773882045996]",0,LongBeachCC_10112016_16-0929,Model-Extra
tofueval_Qwen2.5-0.5B-Instruct,529,529,1.2276166677474976,51,2.265591859817505,0.2848454713821411,"[1.1981966704450886, 0.7324562036830649, -0.012446513077627648, -0.008582362380562415, 0.001790035267785082]","[0.17544714030412376, 0.08191995288383373, 0.005078505062636609, 0.005679849270024409, 0.005521918279448394]",0,LongBeachCC_10112016_16-0929,model_A
tofueval_Qwen2.5-0.5B-Instruct,530,530,1.9190822839736938,96,0.6323404908180237,0.13348624110221863,"[0.37448307068977255, 0.02987962371541168, -0.012875343266083897, 0.02295426656989245, 0.010532654827936009]","[0.07898830547578466, 0.005257612218845982, 0.006678066213330188, 0.012438715727062307, 0.006575226207417018]",1,LongBeachCC_10112016_16-0929,model_B
tofueval_Qwen2.5-0.5B-Instruct,531,531,2.065822124481201,35,0.7578350305557251,0.1940149962902069,"[0.0030449818882126627, 0.18304026649046656, -0.05060637200076599, 0.06311231850870952, 0.01796864358537797]","[0.11822603928979203, 0.009185818470476599, 0.007289336250778433, 0.013582707154156586, 0.008514374294827575]",0,LongBeachCC_10112016_16-0929,model_C
tofueval_Qwen2.5-0.5B-Instruct,532,532,1.1878165006637573,53,2.2995235919952393,0.3121725916862488,"[1.0042042841778998, 1.0272910181715216, -0.020657881040604925, 0.05527944027507713, 8.423532521844191e-05]","[0.18045164949649437, 0.09726905077175944, 0.006293362362249195, 0.006903230143900858, 0.006197731754179225]",0,LongBeachCC_10112016_16-0929,model_D
tofueval_Qwen2.5-0.5B-Instruct,533,533,1.7001769542694092,94,1.6016576290130615,0.23163190484046936,"[0.32772070884629045, 0.15273277732039595, 0.2837974107859872, 0.7818723180463805, -0.033715804945615595]","[0.08348013417618491, 0.03819236514537961, 0.01660814198818446, 0.08979079053453239, 0.01153654822509781]",0,LongBeachCC_10112016_16-0929,model_E
tofueval_Qwen2.5-0.5B-Instruct,534,534,3.123246908187866,48,1.0603235960006714,0.2394355684518814,"[0.31666119668322307, -0.09888684706917654, 0.17259840370388702, 0.17517926633202782, 0.07371446610583614]","[0.11617500906898688, 0.04494028443578676, 0.039635834878936294, 0.020540531865208322, 0.004908264011495096]",0,LongBeachCC_10112016_16-0929,Model-Extra
tofueval_Qwen2.5-0.5B-Instruct,535,535,1.4920989274978638,42,2.270435333251953,0.2756902277469635,"[1.6470663297999029, 0.3127594708902983, -0.0573214440089595, 0.02512980986891004, -0.015132318269544547]","[0.20463022186093094, 0.04797940678021665, 0.006360793564659789, 0.0075206190412288945, 0.006360359336110291]",0,LongBeachCC_10112016_16-0929,model_A
tofueval_Qwen2.5-0.5B-Instruct,536,536,1.4187504053115845,83,2.091428756713867,0.26012301445007324,"[0.962038576197586, 0.3208154445907335, 0.28181635634789554, 0.0976118209066307, 0.14610155506732073]","[0.13747973529799387, 0.05407366982888243, 0.04111762840826015, 0.011283377310763237, 0.01741513390288126]",0,LongBeachCC_10112016_16-0929,model_B
tofueval_Qwen2.5-0.5B-Instruct,537,537,1.435581088066101,75,1.9203037023544312,0.25716057419776917,"[0.8505989225488156, 0.764641421243238, -0.04258390357562651, 0.012922215979391088, -0.016245986406380933]","[0.1451908774251448, 0.07383351382375015, 0.006899435904294175, 0.007426498758650269, 0.0055335786298110175]",0,LongBeachCC_10112016_16-0929,model_C
tofueval_Qwen2.5-0.5B-Instruct,538,538,1.2969965934753418,109,1.437137246131897,0.23579947650432587,"[0.6719108298816078, 0.6717348056119106, 0.012598902717475147, 0.08496552008260767, 0.014903487790634412]","[0.10333176858710748, 0.10274222106452667, 0.005461516512969373, 0.014726107780244517, 0.004162958635700915]",1,LongBeachCC_10112016_16-0929,model_D
tofueval_Qwen2.5-0.5B-Instruct,539,539,1.3909989595413208,146,1.8547735214233398,0.2679361402988434,"[0.6462903799132719, 0.4734073016728348, 0.08467339525603863, 0.7966575952757996, 0.22259217953834282]","[0.08254998865973055, 0.08002489423909519, 0.015229985112010699, 0.0832915897312918, 0.028060321388506528]",0,LongBeachCC_10112016_16-0929,model_E
tofueval_Qwen2.5-0.5B-Instruct,540,540,2.1959609985351562,36,1.3738876581192017,0.22537446022033691,"[0.4846693926827154, 0.13149237330071628, 0.12563510755232224, 0.11877723814298709, 0.0025833605193636483]","[0.13333024937310256, 0.021577637041698634, 0.02255937952961378, 0.01561017751141157, 0.010967778462953801]",0,LongBeachCC_10112016_16-0929,Model-Extra
tofueval_Qwen2.5-0.5B-Instruct,541,541,1.8359153270721436,52,1.609743356704712,0.24773159623146057,"[0.4943080785182806, 0.08243235100795013, 0.3882975210256588, 0.18359042887683386, -0.02348588812702264]","[0.1195787663768547, 0.014324450244119956, 0.056564107703287354, 0.03410451192015584, 0.013088530817605295]",0,LongBeachCC_10112016_16-0929,model_A
tofueval_Qwen2.5-0.5B-Instruct,542,542,1.4477415084838867,45,2.3247737884521484,0.2566474676132202,"[1.253658326332354, 0.3781671676836494, 0.5395618751024206, -0.035309564301537144, -0.0563890564824558]","[0.1478328085012941, 0.06651956982391312, 0.0383798330416337, 0.012444526203711979, 0.010717734337756864]",0,LongBeachCC_10112016_16-0929,model_B
tofueval_Qwen2.5-0.5B-Instruct,543,543,1.6480392217636108,70,1.8402775526046753,0.22299325466156006,"[0.7256942157334249, 0.26817739535617874, 0.3174541457556188, 0.18893746181960783, 0.026462553845028325]","[0.1259066531879528, 0.039832311800314206, 0.04007966840428188, 0.014287687983362827, 0.007892701021897404]",0,LongBeachCC_10112016_16-0929,model_C
tofueval_Qwen2.5-0.5B-Instruct,544,544,1.4127898216247559,49,2.5386197566986084,0.271034836769104,"[1.0246257368755547, 0.7378512076339779, 0.18046110721628125, 0.002900181236030648, 0.006816442096035699]","[0.12666694621835559, 0.08080182025856184, 0.023815561390972795, 0.00890687692176749, 0.007646231064019067]",0,LongBeachCC_10112016_16-0929,model_D
tofueval_Qwen2.5-0.5B-Instruct,545,545,1.3082754611968994,73,2.081444025039673,0.2608143389225006,"[0.5302661632503421, 0.6938386144017249, 0.3631247066795405, 0.311438257520347, -0.0017845068569055898]","[0.10203658911171397, 0.09813399491011526, 0.030671233733568917, 0.0359709776363435, 0.008056533675026253]",0,LongBeachCC_10112016_16-0929,model_E
tofueval_Qwen2.5-0.5B-Instruct,546,546,2.6605114936828613,68,0.3594917953014374,0.13183219730854034,"[0.04486345224123558, 0.14188403559177565, 0.438384892686051, 0.01719724531764822, -0.004180445945273866]","[0.006159605935836761, 0.06192502178686589, 0.05844187867788766, 0.002603446691222523, 0.006118750690374701]",0,LongBeachCC_10172017_17-0944,Model-Extra
tofueval_Qwen2.5-0.5B-Instruct,547,547,2.0024144649505615,71,1.5952485799789429,0.2366144359111786,"[-0.01042297977870527, 0.1453556370922253, 0.5819479166382504, -0.053209771968270196, 0.8321734195006159]","[0.014239389627682997, 0.06557520025343762, 0.06801604405635016, 0.004368785635391068, 0.09458222491759802]",0,LongBeachCC_10172017_17-0944,model_A
tofueval_Qwen2.5-0.5B-Instruct,548,548,2.163729190826416,40,0.773027241230011,0.15275254845619202,"[0.015495925187133252, 0.4574639390630182, 0.48309614687459546, -0.03826612468110398, 0.049348784692119806]","[0.007053673184418585, 0.1123924555213307, 0.04868963718399755, 0.0024506738428499374, 0.006359219248406589]",0,LongBeachCC_10172017_17-0944,model_B
tofueval_Qwen2.5-0.5B-Instruct,549,549,1.4681804180145264,65,1.7672747373580933,0.2518098056316376,"[0.07516304638064376, 0.2788139586735409, 1.5163009553684297, -0.012315936531656637, 0.008715433766169903]","[0.015570126447948076, 0.06012107289743653, 0.16742934935002549, 0.0028650119433223154, 0.028016603318421682]",1,LongBeachCC_10172017_17-0944,model_C
tofueval_Qwen2.5-0.5B-Instruct,550,550,2.368210792541504,47,0.24429751932621002,0.127944678068161,"[0.00972356626446894, 0.23496304475454652, 0.11401830012711914, 0.03134566117969758, 0.006918251786896206]","[0.014498851557483308, 0.08941775141314831, 0.01706036657870232, 0.00304265853953845, 0.011954574484390948]",0,LongBeachCC_10172017_17-0944,model_D
tofueval_Qwen2.5-0.5B-Instruct,551,551,1.8919825553894043,52,1.4382743835449219,0.19148018956184387,"[-0.015967377068591304, 0.781622585043526, 0.767443860476935, 0.014049013673614424, -0.026604776314903014]","[0.008416448936696515, 0.1143943744374645, 0.06354927178665548, 0.0033021109845251953, 0.005793268539019454]",1,LongBeachCC_10172017_17-0944,model_E
tofueval_Qwen2.5-0.5B-Instruct,552,552,3.813636064529419,40,0.8244540095329285,0.16232702136039734,"[0.06522438740357757, 0.5263772113481536, 0.2599494783906266, 0.0026412665494717656, 0.055978968821000306]","[0.01251163338679362, 0.09283736527067958, 0.05052953058925595, 0.003092594457666564, 0.009883580583436923]",0,LongBeachCC_10172017_17-0944,Model-Extra
tofueval_Qwen2.5-0.5B-Instruct,553,553,1.837453842163086,102,1.058341383934021,0.20636259019374847,"[0.062214964159590866, 0.24857953367823296, 0.33266856719045806, -0.004220026239921686, 0.4776780116052239]","[0.025989726315151975, 0.05976705088751794, 0.07190205166932405, 0.005089417761369345, 0.05881443891217607]",1,LongBeachCC_10172017_17-0944,model_A
tofueval_Qwen2.5-0.5B-Instruct,554,554,1.6905573606491089,75,1.15706467628479,0.21478182077407837,"[0.0017048753146082162, 0.661786557075878, 0.5617329990522315, 0.03092508961757024, 0.04679852098847429]","[0.010652581394727653, 0.13538665278969952, 0.07489598309614545, 0.0023576104167902182, 0.006769053664496217]",1,LongBeachCC_10172017_17-0944,model_B
tofueval_Qwen2.5-0.5B-Instruct,555,555,1.9076309204101562,74,1.2225351333618164,0.20803365111351013,"[0.23635250947208497, 0.2891873959935667, 0.36321564632266556, -0.0001816571905667818, 0.012597412226888401]","[0.05659310614281502, 0.04599284975453171, 0.06211335159244029, 0.0058518840113093405, 0.022340413534158648]",1,LongBeachCC_10172017_17-0944,model_C
tofueval_Qwen2.5-0.5B-Instruct,556,556,1.9584778547286987,43,1.4089806079864502,0.15476161241531372,"[-0.05079919120654204, 0.6528642689673837, 0.6959746318184338, -0.012493558695030854, 0.0191290294101765]","[0.02342983916239677, 0.07425712372283078, 0.05151219997166007, 0.0022455992344518117, 0.010746937324943986]",0,LongBeachCC_10172017_17-0944,model_D
tofueval_Qwen2.5-0.5B-Instruct,557,557,1.5118910074234009,37,1.1103562116622925,0.18316301703453064,"[0.007512563465137941, 0.3763412329418635, 0.39752008091985575, 0.07371592194131399, 0.10322899244901901]","[0.02326405613790927, 0.059722552253751435, 0.055217366881717335, 0.0030006275053499456, 0.01349272895616171]",0,LongBeachCC_10172017_17-0944,model_E
tofueval_Qwen2.5-0.5B-Instruct,558,558,2.6279940605163574,68,0.9690218567848206,0.20990344882011414,"[0.6323005339688867, 0.13693228411156108, 0.2707518297572867, 0.052584051856469805, -0.010337831322377658]","[0.12076831150261569, 0.07842416003198677, 0.023877325491425568, 0.0023688336982024124, 0.007061838914764581]",1,LongBeachCC_10172017_17-0944,Model-Extra
tofueval_Qwen2.5-0.5B-Instruct,559,559,1.4708428382873535,37,1.5679492950439453,0.3336642384529114,"[1.4522991386066015, -0.02644582632677378, -0.017197466826670477, 0.013342988658444705, 0.008526231980303655]","[0.2998406364082208, 0.0029593189682035133, 0.0027471561615793443, 0.0023561925852698404, 0.005473978623617645]",1,LongBeachCC_10172017_17-0944,model_A
tofueval_Qwen2.5-0.5B-Instruct,560,560,1.3124533891677856,49,1.7698924541473389,0.2971624433994293,"[1.64088878265525, 0.009468668210557757, -0.017557450867143973, 0.020878479233942926, -0.006771874279068897]","[0.27403155368116056, 0.0027806694912140637, 0.001890133387210621, 0.0010155089992863674, 0.003712253799899279]",1,LongBeachCC_10172017_17-0944,model_B
tofueval_Qwen2.5-0.5B-Instruct,561,561,1.2030918598175049,51,0.994098424911499,0.2558085024356842,"[0.9430241378699886, 0.016189676798496616, -0.02788643448330535, -0.021819891986738452, 0.041545561498816254]","[0.242140252305213, 0.0049290172646935535, 0.0028637710851149214, 0.001931138494910556, 0.007461203495807364]",1,LongBeachCC_10172017_17-0944,model_C
tofueval_Qwen2.5-0.5B-Instruct,562,562,1.8187527656555176,72,0.7690552473068237,0.18778246641159058,"[0.4287602190355149, 0.049318909985433694, -0.006891600774300362, 0.0044651671737988684, 0.03373533937944254]","[0.13522496507943693, 0.00729079195173199, 0.008446901733691448, 0.008076836591158099, 0.008105408658151545]",1,LongBeachCC_10172017_17-0944,model_D
tofueval_Qwen2.5-0.5B-Instruct,563,563,1.1270911693572998,46,2.0709378719329834,0.29289883375167847,"[1.8415303207205043, -0.03478136510049175, -0.028820750030243526, 0.000798506231386336, -0.025222624358518617]","[0.2650059638848609, 0.0036233119215704273, 0.001855516328438843, 0.0015821483025715481, 0.0033064917148274853]",1,LongBeachCC_10172017_17-0944,model_E
tofueval_Qwen2.5-0.5B-Instruct,564,564,1.6111681461334229,37,2.399569034576416,0.3194846212863922,"[0.08808085179063366, 1.3218900734004941, -0.009404598673132274, -0.019921760673389292, 0.03871781525840807]","[0.007810340207900456, 0.15082538341222382, 0.010786711775252214, 0.0032188298355445236, 0.004814351126672566]",0,LongBeachCC_11202018_18-1021,Model-Extra
tofueval_Qwen2.5-0.5B-Instruct,565,565,2.195314645767212,36,2.047210454940796,0.3434537649154663,"[0.09503667772676433, -0.05749857641704795, 0.22837306703715715, -0.03126054317140693, -0.030242718098128937]","[0.022928772937386082, 0.10326733261657257, 0.016297795777013055, 0.004537590013582202, 0.005426962664235664]",0,LongBeachCC_11202018_18-1021,model_A
tofueval_Qwen2.5-0.5B-Instruct,566,566,1.2597402334213257,120,2.128443479537964,0.3003961741924286,"[-0.028941311762885866, 1.159879243399094, 0.5651912825928928, -0.006128482892381726, -0.012038219241579403]","[0.006433391849238035, 0.17769038733507234, 0.07447971653114464, 0.0048851055248922155, 0.0032000575414902715]",0,LongBeachCC_11202018_18-1021,model_B
tofueval_Qwen2.5-0.5B-Instruct,567,567,0.9690412282943726,82,2.9311628341674805,0.42061930894851685,"[-0.03752610019422186, 1.442068309175339, 0.7330650722798919, -0.0066972767363040475, 0.0020663322715469205]","[0.010878939648261799, 0.2285344387520326, 0.11471881647259591, 0.003412440074420951, 0.004636479783048399]",0,LongBeachCC_11202018_18-1021,model_C
tofueval_Qwen2.5-0.5B-Instruct,568,568,0.924121081829071,54,3.00130558013916,0.3914031982421875,"[0.07323773939508639, 2.2642529457753646, -0.026238289020781208, -0.0374385363640815, -0.01142858559062545]","[0.013785879171232788, 0.29705971470954223, 0.004724286643070004, 0.00222777696050916, 0.0031396545499588952]",0,LongBeachCC_11202018_18-1021,model_D
tofueval_Qwen2.5-0.5B-Instruct,569,569,0.6668569445610046,145,2.7773377895355225,0.3595789968967438,"[0.004103552001181705, 1.8235500187311995, 0.6975048654611752, -0.0006952704750488167, 0.0028851870761016094]","[0.004757579548647009, 0.23232793981642944, 0.08527119696065039, 0.0023110483283289795, 0.0021693430433129316]",0,LongBeachCC_11202018_18-1021,model_E
tofueval_Qwen2.5-0.5B-Instruct,570,570,1.8027658462524414,53,2.052828788757324,0.27382516860961914,"[-0.006417203489413709, 0.8789006134952014, 0.0986017363478445, -0.02900779245650277, -0.020744030924243765]","[0.004417907094511116, 0.147019153016615, 0.03503834138281199, 0.0027918833089731103, 0.0035104347077047453]",0,LongBeachCC_11202018_18-1021,Model-Extra
tofueval_Qwen2.5-0.5B-Instruct,571,571,0.7253866791725159,104,3.1573386192321777,0.41709426045417786,"[-0.006264092944128117, 1.6680337884955896, 0.9035296523781233, -0.02641037945508847, -0.0298951356203011]","[0.006084736703811062, 0.24519170226491183, 0.1227222037629802, 0.0017555846821022231, 0.0035837954537695483]",0,LongBeachCC_11202018_18-1021,model_A
tofueval_Qwen2.5-0.5B-Instruct,572,572,0.8853057026863098,81,2.7774877548217773,0.3481433689594269,"[0.06386073405324337, 1.5481613694313254, 0.49378914849534966, 0.001023085187199162, -0.02593133047232613]","[0.0042259977628080455, 0.21700900621246189, 0.06767349608571468, 0.0020512277282093384, 0.002837157743868004]",0,LongBeachCC_11202018_18-1021,model_B
tofueval_Qwen2.5-0.5B-Instruct,573,573,1.0442627668380737,152,2.397540330886841,0.33392778038978577,"[0.0011641574810710154, 1.035500687473694, 0.880281314126035, -0.011385138331015218, -0.022342196492014698]","[0.004384852250683629, 0.15402919549506733, 0.14567032374826733, 0.0028811640665494273, 0.0024462323240949276]",0,LongBeachCC_11202018_18-1021,model_C
tofueval_Qwen2.5-0.5B-Instruct,574,574,0.5595062971115112,123,3.226222038269043,0.41207069158554077,"[-0.013490377357996524, 1.1297231592310177, 1.7257585478794393, -0.0015865306064532761, -0.010308755156762434]","[0.002915968046561772, 0.1470071716694625, 0.2029292291044477, 0.0009150547835472443, 0.001559289911060484]",0,LongBeachCC_11202018_18-1021,model_D
tofueval_Qwen2.5-0.5B-Instruct,575,575,1.078882098197937,97,2.737771511077881,0.37394651770591736,"[-0.061369196095125214, 0.9431302219025608, 1.0679940090991182, -0.02580378873049601, -0.05443200963557117]","[0.009326182213915193, 0.15684620700833585, 0.1499951973938813, 0.006069145417882282, 0.004545740429859469]",0,LongBeachCC_11202018_18-1021,model_E
tofueval_Qwen2.5-0.5B-Instruct,576,576,2.2112667560577393,34,1.6786346435546875,0.25997403264045715,"[0.03622364548744586, 0.5010599900603719, -0.14304231090414654, -0.00045227647377246553, -0.028901788272966824]","[0.006590743854477456, 0.13731857738864217, 0.044299015964771996, 0.007474698299711904, 0.003191785617746866]",0,LongBeachCC_11202018_18-1021,Model-Extra
tofueval_Qwen2.5-0.5B-Instruct,577,577,1.318881869316101,57,2.2611374855041504,0.29504621028900146,"[-0.012854053166193537, 0.9205803505957878, 0.3224121403691881, -0.01225447586732212, 0.006338740082770656]","[0.005524445120054105, 0.16450136582767427, 0.0480822559255286, 0.001732883219217416, 0.002136412446624921]",0,LongBeachCC_11202018_18-1021,model_A
tofueval_Qwen2.5-0.5B-Instruct,578,578,0.47385716438293457,96,3.752685785293579,0.4374915063381195,"[-0.0020733851600904054, 2.825961572375794, 0.0011125445559301284, -0.004062205165839809, 0.01928669796502902]","[0.003179358641288784, 0.36370627943885364, 0.007337877477608057, 0.0008128744915891772, 0.0013601254951165487]",0,LongBeachCC_11202018_18-1021,model_B
tofueval_Qwen2.5-0.5B-Instruct,579,579,1.1550092697143555,90,2.3703901767730713,0.3108886182308197,"[-0.0010917979100162887, 1.1347932442582938, 0.45479291771415675, -0.0009198187417092009, 0.0015458593360057826]","[0.0037131157237177428, 0.18284729106688044, 0.07490425142551026, 0.0021262006039048883, 0.0018534151847789972]",0,LongBeachCC_11202018_18-1021,model_C
tofueval_Qwen2.5-0.5B-Instruct,580,580,0.9838048815727234,119,2.5336222648620605,0.33613091707229614,"[0.021312387052939582, 0.7549401011367861, 1.4245821637768123, 0.011309486347723394, -0.0029196265066260088]","[0.004021116198806911, 0.12901878641871406, 0.16072295803754807, 0.002890889309939252, 0.0017935303571745573]",0,LongBeachCC_11202018_18-1021,model_D
tofueval_Qwen2.5-0.5B-Instruct,581,581,2.1812422275543213,39,1.9995932579040527,0.2849482297897339,"[-0.07152742339456335, 0.7273277011759675, 0.2882055142873492, 0.06617301202920946, -0.02890997230618571]","[0.0037374534991170385, 0.1550134540347454, 0.036069232055151355, 0.0025751179175702607, 0.004040922615483093]",0,LongBeachCC_11202018_18-1021,model_E
tofueval_Qwen2.5-0.5B-Instruct,582,582,3.03554105758667,61,0.568663477897644,0.13421033322811127,"[0.18915656071750744, 0.12482725415587784, 0.01708602653883138, -0.014065349799701104, -0.04275297418644186]","[0.057094558588858965, 0.022057428354005947, 0.015624349867486493, 0.018671291045229438, 0.008653802601917854]",1,LongBeachCC_12052017_17-1101,Model-Extra
tofueval_Qwen2.5-0.5B-Instruct,583,583,2.2472116947174072,67,0.6928844451904297,0.15195955336093903,"[0.01644172791566234, 0.227328848144354, -0.0024035457061662743, -0.004100549790605124, 0.05747901086318446]","[0.02559851324506224, 0.043095177017886586, 0.0131566402452631, 0.026262993597770422, 0.020708290174318234]",1,LongBeachCC_12052017_17-1101,model_A
tofueval_Qwen2.5-0.5B-Instruct,584,584,2.4709837436676025,67,1.0853614807128906,0.1476678103208542,"[0.12229620759052211, 0.050278530595346295, -0.0743738127465763, 0.10565781944545173, 0.5302543864551142]","[0.015633494188284486, 0.008056670153774464, 0.008043542235248648, 0.031022099159772824, 0.058062643470989245]",0,LongBeachCC_12052017_17-1101,model_B
tofueval_Qwen2.5-0.5B-Instruct,585,585,2.369243621826172,72,1.0031743049621582,0.19288063049316406,"[0.29787375075354955, 0.00025671312050690176, 0.04616398746515592, 0.2971747782043571, 0.03773556814545979]","[0.05332034599761452, 0.011474623848395519, 0.02361299598512308, 0.06263259348667008, 0.02337936093835127]",1,LongBeachCC_12052017_17-1101,model_C
tofueval_Qwen2.5-0.5B-Instruct,586,586,1.7759078741073608,95,0.8701480031013489,0.16631421446800232,"[0.42154424085153885, 0.3018211305162894, -0.06918276417206806, -0.04817595775945703, 0.10540083873768373]","[0.06751875166034917, 0.04786961328125854, 0.009258254013154124, 0.020668175510653135, 0.017745631011920476]",0,LongBeachCC_12052017_17-1101,model_D
tofueval_Qwen2.5-0.5B-Instruct,587,587,1.7288453578948975,74,1.3174371719360352,0.21777300536632538,"[0.6086173453622905, 0.005947284040008231, -0.00305712367057945, 0.4472990604963097, 0.14124104279963412]","[0.09402159251586713, 0.012837192106699886, 0.008715914331199238, 0.0557978190969072, 0.03819254050652311]",1,LongBeachCC_12052017_17-1101,model_E
tofueval_Qwen2.5-0.5B-Instruct,588,588,3.200253963470459,45,1.0389134883880615,0.23785404860973358,"[0.5950318753512369, 0.2856364339590073, -0.011094911334415277, 0.0586769678707545, 0.02752740357795523]","[0.13527463898192058, 0.07500670922971849, 0.0030059675717186312, 0.008216941858902121, 0.009741621550306768]",0,LongBeachCC_12052017_17-1101,Model-Extra
tofueval_Qwen2.5-0.5B-Instruct,589,589,2.699160099029541,47,1.29537832736969,0.20305274426937103,"[0.4500864665321213, 0.08863514853007298, 0.03936265920229415, 0.0700722005010206, 0.037547523051777734]","[0.07934293183922257, 0.02168349786885262, 0.004538917959933392, 0.028856768773503644, 0.026700068191046818]",1,LongBeachCC_12052017_17-1101,model_A
tofueval_Qwen2.5-0.5B-Instruct,590,590,1.3654248714447021,69,1.4613770246505737,0.2263062298297882,"[0.8909874811179707, 0.2546678524480397, -0.0015875442456319065, 0.08407589504486827, 0.005752946746592963]","[0.13206963536375016, 0.0528328757283546, 0.004896193064305276, 0.020575878687751632, 0.009509590522862129]",1,LongBeachCC_12052017_17-1101,model_B
tofueval_Qwen2.5-0.5B-Instruct,591,591,2.305098295211792,64,1.1855515241622925,0.18644948303699493,"[0.4484209464694686, 0.48569734759985295, 0.013414636300467464, 0.0070958026035441435, -0.019009048976300846]","[0.07062317601384649, 0.06622310581582269, 0.007981001257707732, 0.007946478584173633, 0.007994748915985284]",0,LongBeachCC_12052017_17-1101,model_C
tofueval_Qwen2.5-0.5B-Instruct,592,592,2.1310598850250244,68,1.6120672225952148,0.2230023592710495,"[0.8299588301561016, 0.4876545358595596, 0.005990645799315911, 0.17698413051504544, 0.00821789150717557]","[0.11562490673023763, 0.06866946336782241, 0.0065491056328643455, 0.014379435075795755, 0.005091843105614156]",0,LongBeachCC_12052017_17-1101,model_D
tofueval_Qwen2.5-0.5B-Instruct,593,593,2.046278953552246,36,0.6014272570610046,0.12487811595201492,"[-0.03967155213467777, -0.05645886017656368, -0.0016092701536965454, 0.22703427575470414, 0.014068295066762302]","[0.03242101489892472, 0.01738487138646229, 0.0019539089873129947, 0.018818192478950852, 0.00551627002500431]",1,LongBeachCC_12052017_17-1101,model_E
tofueval_Qwen2.5-0.5B-Instruct,594,594,2.5652658939361572,67,1.326735019683838,0.1824323982000351,"[0.2724327729861148, 0.4889791307548659, -0.015138792526606755, 0.23956043794532889, 0.19165103275491988]","[0.04879397340744672, 0.06131563595353151, 0.006732956195403844, 0.02656396753056144, 0.022731304591341324]",0,LongBeachCC_12052017_17-1101,Model-Extra
tofueval_Qwen2.5-0.5B-Instruct,595,595,2.1072840690612793,79,1.0326892137527466,0.1897716224193573,"[0.5804489037903214, 0.18496826814603254, 0.06593959925005867, 0.09666887100062427, -0.012747568464241155]","[0.11794149417583648, 0.02986559891649196, 0.003874079314453158, 0.016572702727427, 0.009844566002219017]",1,LongBeachCC_12052017_17-1101,model_A
tofueval_Qwen2.5-0.5B-Instruct,596,596,1.6371098756790161,108,1.4895652532577515,0.2466702163219452,"[0.26707781599947744, 0.2664608896555836, 0.011585499932658018, 0.24866667812724094, 0.709099515109739]","[0.0669721062464048, 0.06201043883256232, 0.004966988679916645, 0.027201754396780638, 0.07005905157611399]",1,LongBeachCC_12052017_17-1101,model_B
tofueval_Qwen2.5-0.5B-Instruct,597,597,1.5457557439804077,50,0.893045961856842,0.15316474437713623,"[-0.04669050713477191, 0.14037172026350164, 0.06301013552700169, 0.2834164861950558, -0.009288973709917627]","[0.02326390613402509, 0.026370278201593465, 0.005422521797418085, 0.04447895454491117, 0.02784082008322912]",1,LongBeachCC_12052017_17-1101,model_C
tofueval_Qwen2.5-0.5B-Instruct,598,598,1.4782074689865112,98,1.6258957386016846,0.2226022630929947,"[1.1411706940171473, 0.022921921802941253, -0.006522833556174396, 0.27188635259072, 0.028190184222879982]","[0.1553880688047684, 0.012622788922904103, 0.003079226064442639, 0.017398464484381756, 0.01238459585025172]",1,LongBeachCC_12052017_17-1101,model_D
tofueval_Qwen2.5-0.5B-Instruct,599,599,1.891290545463562,44,1.6663501262664795,0.22194752097129822,"[0.48960758797650006, 0.442265143062369, 0.053244151061914054, 0.18956477032394436, 0.008097818201887012]","[0.04045655018374816, 0.07846680160487164, 0.003510993102894004, 0.048673709442286134, 0.02070717740682617]",0,LongBeachCC_12052017_17-1101,model_E
tofueval_Qwen2.5-0.5B-Instruct,600,600,1.8294956684112549,41,1.2844257354736328,0.18669508397579193,"[1.1401356913166394, 0.12392636548114441, 0.06758900543691863, 0.02937995062760509, 0.018095225356263678]","[0.149737205773751, 0.030729573483468567, 0.003534278956821498, 0.0019424265288684758, 0.0020537220343085877]",0,SeattleCityCouncil_02082022_CB 120264,Model-Extra
tofueval_Qwen2.5-0.5B-Instruct,601,601,1.1606158018112183,44,1.832910180091858,0.22777949273586273,"[0.8097045306428547, 0.9777485617345189, 0.03261893608975119, 0.028972873640172606, 0.014883117230717537]","[0.12173595492409235, 0.10031619793638345, 0.0021770649648673993, 0.0019562112672856942, 0.0014148560479363616]",1,SeattleCityCouncil_02082022_CB 120264,model_A
tofueval_Qwen2.5-0.5B-Instruct,602,602,1.1026159524917603,52,1.8505573272705078,0.21784427762031555,"[1.4780982707430108, 0.18749822353884854, 0.025762668909674876, 0.020714749401472197, 0.013676812925041304]","[0.16988207122631138, 0.0517790316084975, 0.0017015104125557802, 0.0013763717939383469, 0.001382428563600841]",1,SeattleCityCouncil_02082022_CB 120264,model_B
tofueval_Qwen2.5-0.5B-Instruct,603,603,1.4458439350128174,67,1.6840566396713257,0.2356119304895401,"[1.1263842283675982, 0.2852929307140476, 0.004152408798412878, 0.08304599540633038, 0.02740999706847065]","[0.1589014836988384, 0.058449026278262255, 0.006588983040582709, 0.008889676680291135, 0.003496812649232265]",0,SeattleCityCouncil_02082022_CB 120264,model_C
tofueval_Qwen2.5-0.5B-Instruct,604,604,1.2374143600463867,39,1.7439966201782227,0.2444363832473755,"[1.672291963892535, 0.12820968646608377, 0.02863329765797318, 0.0019383212064171974, 0.01762015147780916]","[0.2016203424009757, 0.03944897876464182, 0.0029460213776800605, 0.003056584490755435, 0.0031948631585400553]",0,SeattleCityCouncil_02082022_CB 120264,model_D
tofueval_Qwen2.5-0.5B-Instruct,605,605,1.4999816417694092,71,2.0372700691223145,0.2481999397277832,"[0.5839413440828113, 0.2936273661643368, 0.7048399269316037, 0.19777522605256026, 0.156597889592735]","[0.08259131726590312, 0.04125507746679637, 0.05587333855755531, 0.027306338637367523, 0.01939597938828331]",1,SeattleCityCouncil_02082022_CB 120264,model_E
tofueval_Qwen2.5-0.5B-Instruct,606,606,1.8715770244598389,63,1.2741791009902954,0.2161182165145874,"[1.0027740794263544, 0.11574909314633318, 0.03831683498870079, -0.0004882928268570039, 0.04639474170408138]","[0.18394397315430633, 0.01683518486861575, 0.002248673912040503, 0.0053765804838212, 0.0026496600579747113]",0,SeattleCityCouncil_02082022_CB 120264,Model-Extra
tofueval_Qwen2.5-0.5B-Instruct,607,607,1.8182224035263062,34,1.906579852104187,0.25802111625671387,"[1.9862066253143198, 0.002894778169266989, -0.020090001224375823, -0.019802710976150325, 0.04200243721853065]","[0.25787372114684654, 0.003598289838223804, 0.0025180338247189544, 0.002187816906371154, 0.005320804707560669]",0,SeattleCityCouncil_02082022_CB 120264,model_A
tofueval_Qwen2.5-0.5B-Instruct,608,608,1.339653730392456,89,2.2636830806732178,0.29613199830055237,"[1.7387800408805867, 0.4953383052057954, 0.022773845758687395, 0.017751527338741958, 0.008892759867879076]","[0.23056071417162907, 0.06185875006261422, 0.0030722306570409312, 0.0028410805694911072, 0.0029406462132622467]",1,SeattleCityCouncil_02082022_CB 120264,model_B
tofueval_Qwen2.5-0.5B-Instruct,609,609,1.621598243713379,64,2.089144706726074,0.2740216553211212,"[1.7236965987831354, 0.13928560452222882, 0.036754783156538906, 0.020286735436457093, 0.008216948520384904]","[0.22973076030029915, 0.02351126284604277, 0.002308365723010297, 0.002810302681318433, 0.0031770305563476597]",0,SeattleCityCouncil_02082022_CB 120264,model_C
tofueval_Qwen2.5-0.5B-Instruct,610,610,1.5045257806777954,71,1.5150032043457031,0.22341203689575195,"[1.2437669788454462, 0.12448918055431445, 0.03593049888969661, 0.0044170387681986825, 0.00834260017424166]","[0.1746776265710753, 0.030044699235666383, 0.0035255766054363025, 0.002728260413303514, 0.004246394959716807]",0,SeattleCityCouncil_02082022_CB 120264,model_D
tofueval_Qwen2.5-0.5B-Instruct,611,611,1.4103870391845703,35,2.4200973510742188,0.31948190927505493,"[2.501124850700476, -0.04562654317206969, 0.013474966295429372, -0.008876930928922125, 0.018455890913693502]","[0.3262202111305669, 0.0026391611069162277, 0.00223627855137108, 0.001987032015884844, 0.0046281084233799315]",0,SeattleCityCouncil_02082022_CB 120264,model_E
tofueval_Qwen2.5-0.5B-Instruct,612,612,1.8674852848052979,53,1.439705491065979,0.2193041741847992,"[1.349704512289532, 0.03625025160727091, 0.00566006438666076, 0.007338535442030198, 0.0688231665205061]","[0.21070958354525743, 0.021668066188417386, 0.003079684349479135, 0.0030898013113434195, 0.006257691325847087]",0,SeattleCityCouncil_02082022_CB 120264,Model-Extra
tofueval_Qwen2.5-0.5B-Instruct,613,613,1.400679111480713,95,2.3113138675689697,0.3050377666950226,"[1.1349575557779692, 0.3838089936846365, 0.3506468233261809, 0.1197370911668067, 0.13091243945236783]","[0.1686385602491555, 0.047958091677149865, 0.04847553998905297, 0.025684857466776043, 0.01962460422742209]",1,SeattleCityCouncil_02082022_CB 120264,model_A
tofueval_Qwen2.5-0.5B-Instruct,614,614,1.2350959777832031,65,2.0780413150787354,0.2616542875766754,"[1.4179282997643057, 0.609013233236664, 0.01587108545018754, 0.005628322503896645, 0.004718675541181046]","[0.18703584757425304, 0.07470256694685724, 0.0024707753661949447, 0.002391853989939381, 0.0028982590429117968]",1,SeattleCityCouncil_02082022_CB 120264,model_B
tofueval_Qwen2.5-0.5B-Instruct,615,615,1.8567702770233154,64,1.4415316581726074,0.2400297224521637,"[1.3313747400607099, -0.023884994755917432, -0.018466629619069863, -0.02345283566683065, 0.004147545046635059]","[0.2073764096735431, 0.003933584651058197, 0.003849459991915438, 0.0024944365337340457, 0.003577266064645812]",1,SeattleCityCouncil_02082022_CB 120264,model_C
tofueval_Qwen2.5-0.5B-Instruct,616,616,1.6095516681671143,74,1.8695156574249268,0.26912742853164673,"[1.3647222625299331, 0.10653955374712225, -0.0056094720820436955, -0.03772487245323892, -0.03856717509090133]","[0.21130712779562896, 0.034744229313790474, 0.0019374493090315416, 0.002100662474233743, 0.0034001830775094743]",0,SeattleCityCouncil_02082022_CB 120264,model_D
tofueval_Qwen2.5-0.5B-Instruct,617,617,1.8999736309051514,43,2.2289535999298096,0.2649766206741333,"[1.5885740785215179, 0.04561537474916783, 0.4557995804307211, 0.05308610195685148, 0.07758487119071804]","[0.20942803103084875, 0.03200811626802507, 0.03770490779894042, 0.0026347566069428595, 0.007515716422788469]",1,SeattleCityCouncil_02082022_CB 120264,model_E
tofueval_Qwen2.5-0.5B-Instruct,618,618,1.6341944932937622,54,1.9355101585388184,0.2705311179161072,"[0.830486748809495, 0.2983139581002534, 0.3161033093073692, 0.0860803475654932, 0.01269912535173245]","[0.10775935948024401, 0.04387447432288725, 0.048142085734963515, 0.015968685274687974, 0.00499101096447787]",0,SeattleCityCouncil_02162021_CB 119996,Model-Extra
tofueval_Qwen2.5-0.5B-Instruct,619,619,1.1591897010803223,43,2.465752124786377,0.308499276638031,"[0.08560990636794676, 0.32094505939134843, 1.2183042145576153, 0.08044268599321164, 0.0283771601262256]","[0.02600110530523992, 0.04267518336069336, 0.1493604122313549, 0.005400691015851603, 0.002132082048770498]",0,SeattleCityCouncil_02162021_CB 119996,model_A
tofueval_Qwen2.5-0.5B-Instruct,620,620,1.3824537992477417,53,2.6895878314971924,0.3259298503398895,"[0.8219342398004746, 0.29064684392904144, 1.1386830181636813, -0.0014012395299944746, 0.18975702097050776]","[0.07681112626104086, 0.04063577843395972, 0.11188213509062477, 0.01907593086704919, 0.017635754160823608]",0,SeattleCityCouncil_02162021_CB 119996,model_B
tofueval_Qwen2.5-0.5B-Instruct,621,621,1.7448142766952515,33,2.2424705028533936,0.2649424374103546,"[1.2680536714015584, 0.4053107839294667, 0.42866860919060523, 0.031380532509612036, 0.016714956083116263]","[0.10634884546820875, 0.05701145951890353, 0.07352363606130231, 0.00440107398141911, 0.00256203378852881]",0,SeattleCityCouncil_02162021_CB 119996,model_C
tofueval_Qwen2.5-0.5B-Instruct,622,622,0.9608872532844543,91,2.7559826374053955,0.35618507862091064,"[1.5767158882226795, 0.8955158515437378, 0.2214123006338563, 0.041273540963000135, 0.019779521913573423]","[0.19100506200229975, 0.10972802381208746, 0.03175764397554348, 0.01074226442381507, 0.005499853662053743]",0,SeattleCityCouncil_02162021_CB 119996,model_D
tofueval_Qwen2.5-0.5B-Instruct,623,623,1.1969823837280273,68,1.3739153146743774,0.21448060870170593,"[0.5912538387013174, 0.18230973065746023, 0.44229864201444047, 0.060106044696380305, 0.09723175624803308]","[0.0893554187284334, 0.02477937952733936, 0.04969414688100257, 0.012534802592713511, 0.007480657117300178]",0,SeattleCityCouncil_02162021_CB 119996,model_E
tofueval_Qwen2.5-0.5B-Instruct,624,624,1.5957876443862915,63,1.6808080673217773,0.284029096364975,"[1.1088616373165259, 0.6341215736762341, -0.01638015895404683, -0.022399407756893197, -0.009082241022302437]","[0.18881380174397713, 0.09880770170339596, 0.0033069140630369287, 0.0030294642408498764, 0.002886539534965922]",0,SeattleCityCouncil_02162021_CB 119996,Model-Extra
tofueval_Qwen2.5-0.5B-Instruct,625,625,1.4114328622817993,89,1.8002161979675293,0.2859111428260803,"[0.8142006887000197, 0.5842302795611768, 0.17986594521092872, -0.0156905169731524, -0.014386989482333641]","[0.13411906253897254, 0.08092316829968725, 0.03201817638846401, 0.002160032313735188, 0.0017072428359924334]",0,SeattleCityCouncil_02162021_CB 119996,model_A
tofueval_Qwen2.5-0.5B-Instruct,626,626,1.119689702987671,84,2.2792110443115234,0.31749778985977173,"[0.9433186220745223, 0.8141195104995166, 0.22379525628396854, -0.015149099432229767, 0.033328513147309766]","[0.12350902436918702, 0.10507658401205672, 0.030880637249748048, 0.002789645697838577, 0.005970319628857402]",0,SeattleCityCouncil_02162021_CB 119996,model_B
tofueval_Qwen2.5-0.5B-Instruct,627,627,1.459326982498169,52,1.7760822772979736,0.2909475564956665,"[1.1044458163211788, 0.9286751802454511, -0.03391358479851848, -0.006811987662331376, -0.05686004426724349]","[0.17542883366859138, 0.1102701945377563, 0.004615444376484517, 0.0036791524907165206, 0.0048141446647185565]",0,SeattleCityCouncil_02162021_CB 119996,model_C
tofueval_Qwen2.5-0.5B-Instruct,628,628,1.2561691999435425,111,1.9243649244308472,0.2837105691432953,"[0.7487694445418284, 0.797566280774128, 0.1885342247502432, 0.06304523329869495, 0.08783677639061156]","[0.12108183506430364, 0.10640265132118101, 0.03032047703051087, 0.008303543796737865, 0.00888662256895811]",1,SeattleCityCouncil_02162021_CB 119996,model_D
tofueval_Qwen2.5-0.5B-Instruct,629,629,1.128806233406067,125,1.4946943521499634,0.22774404287338257,"[0.8242580877580477, 0.6133111747367875, 0.1747798258023213, 0.006933781278286915, 0.00983932342406115]","[0.1307978237175339, 0.07077323461514425, 0.022956189402938434, 0.001771235808160327, 0.001479375861817971]",0,SeattleCityCouncil_02162021_CB 119996,model_E
tofueval_Qwen2.5-0.5B-Instruct,630,630,1.864395022392273,63,2.2084920406341553,0.30691298842430115,"[1.118648713631999, 0.630042706986315, 0.37853939382030005, 0.07880645403738959, 0.014302807753824347]","[0.166527492411819, 0.0938664495236134, 0.03132171765633353, 0.005272914442027993, 0.0037328616021409648]",0,SeattleCityCouncil_02162021_CB 119996,Model-Extra
tofueval_Qwen2.5-0.5B-Instruct,631,631,1.0885441303253174,92,2.506643772125244,0.32364264130592346,"[1.265625802683644, 0.8411558507007256, 0.1999785586657827, 0.04501954922471154, -0.03909179163775147]","[0.16615503352342942, 0.10162065152427333, 0.029385583127252778, 0.00634062951402578, 0.0038371959101764137]",0,SeattleCityCouncil_02162021_CB 119996,model_A
tofueval_Qwen2.5-0.5B-Instruct,632,632,1.2915898561477661,69,2.376894474029541,0.29753386974334717,"[1.1685445905625955, 0.7965238224546276, 0.3024090250432694, 0.0425466758589618, 0.031880244322920866]","[0.1261075645886814, 0.10693847575986064, 0.04342024349653397, 0.016489441590567658, 0.012682022263844914]",0,SeattleCityCouncil_02162021_CB 119996,model_B
tofueval_Qwen2.5-0.5B-Instruct,633,633,1.2383968830108643,111,2.501204013824463,0.3620961308479309,"[1.4184782865041918, 0.7320151204469578, 0.17593910103138885, -0.006108684341171767, -0.0016903805569798039]","[0.203112482312471, 0.10885075805491942, 0.02330229160545903, 0.0011877857111474786, 0.0018177138946517876]",1,SeattleCityCouncil_02162021_CB 119996,model_C
tofueval_Qwen2.5-0.5B-Instruct,634,634,1.2070050239562988,78,1.8425527811050415,0.2672789394855499,"[0.8412360072558304, 0.7809386016018198, 0.26377893771931527, 0.011200449235082907, 0.016867882013299935]","[0.1377896228356034, 0.09768099360861872, 0.03386349144456966, 0.0014656801527169778, 0.0017373921631812477]",0,SeattleCityCouncil_02162021_CB 119996,model_D
tofueval_Qwen2.5-0.5B-Instruct,635,635,0.9332420825958252,73,2.7298479080200195,0.3397216498851776,"[1.8554905443962613, 0.8792536168456698, -0.012261215099037867, -0.006321827284060817, 0.007552959124975493]","[0.23938498444446962, 0.1115151738123281, 0.002353718892937986, 0.0016673682707826392, 0.001391609668750278]",0,SeattleCityCouncil_02162021_CB 119996,model_E
tofueval_Qwen2.5-0.5B-Instruct,636,636,2.2679524421691895,53,1.7799723148345947,0.28516751527786255,"[0.7512117082885695, -0.012204776913419648, 0.572855584991147, -0.020584859841345053, -0.09110634248563142]","[0.13711052058146, 0.005015101285710632, 0.06706417633870172, 0.004073692033757051, 0.009868929416250397]",0,SeattleCityCouncil_02212017_CB 118912,Model-Extra
tofueval_Qwen2.5-0.5B-Instruct,637,637,1.2525662183761597,66,2.34997296333313,0.3094619810581207,"[1.0885062546991375, -0.03872766060169053, 0.6868510561511026, -0.020076008392303873, -0.014105593775060366]","[0.16009299839568097, 0.0036680722054659946, 0.08161154042049516, 0.003773547054000422, 0.0070476068376041385]",0,SeattleCityCouncil_02212017_CB 118912,model_A
tofueval_Qwen2.5-0.5B-Instruct,638,638,1.5822829008102417,75,1.5855847597122192,0.22444938123226166,"[0.601237610791189, 0.10817121768486686, 0.7781720262765884, -0.007973408526352917, 0.01966245915236262]","[0.10386520557299567, 0.015159784420781459, 0.086405828941303, 0.0037291173856677535, 0.007519771797027109]",0,SeattleCityCouncil_02212017_CB 118912,model_B
tofueval_Qwen2.5-0.5B-Instruct,639,639,1.1896169185638428,69,2.1738829612731934,0.27371400594711304,"[1.149581006920873, 0.015282214396089936, 0.622144059908654, -0.026958381671094052, -0.008633536743033894]","[0.16720323771954534, 0.005058825199729772, 0.06521048929244648, 0.0032822016835061863, 0.0062920694730353825]",0,SeattleCityCouncil_02212017_CB 118912,model_C
tofueval_Qwen2.5-0.5B-Instruct,640,640,0.7659734487533569,98,2.612071990966797,0.3847423195838928,"[0.8771790868296212, 0.024534815792600168, 0.008111537509296109, 0.009773535967854383, 1.4235038924712822]","[0.11319918050733864, 0.002222275735643312, 0.0020736153902984073, 0.003506324750486208, 0.2338748436143259]",0,SeattleCityCouncil_02212017_CB 118912,model_D
tofueval_Qwen2.5-0.5B-Instruct,641,641,1.2285223007202148,99,2.216022491455078,0.27703168988227844,"[0.5916207720755012, -0.026176777287742658, 1.166067186903533, -0.009224159664881881, 0.08406066079021342]","[0.08490806650745916, 0.005314032309181102, 0.13811581931181674, 0.004921886311513854, 0.015055135761860234]",0,SeattleCityCouncil_02212017_CB 118912,model_E
tofueval_Qwen2.5-0.5B-Instruct,642,642,2.1493725776672363,58,1.6771811246871948,0.254928857088089,"[0.8437982345369227, -0.012349739215127995, 0.40453007587047035, -0.024250952029151136, -0.010299176903008002]","[0.13647678710022493, 0.005856661943810117, 0.06243235944312518, 0.0037459027084094424, 0.006713049550132288]",0,SeattleCityCouncil_02212017_CB 118912,Model-Extra
tofueval_Qwen2.5-0.5B-Instruct,643,643,1.4145094156265259,94,1.5838576555252075,0.2432035356760025,"[0.9601683789329167, 0.22199518398345855, 0.21041918484038336, 0.0035069138486621943, 0.03389333476599781]","[0.13940252730173328, 0.046653268945816465, 0.037452112949797486, 0.002562604539246016, 0.005700788604265634]",1,SeattleCityCouncil_02212017_CB 118912,model_A
tofueval_Qwen2.5-0.5B-Instruct,644,644,1.1827815771102905,89,1.9449814558029175,0.28394412994384766,"[0.8637934647960944, 0.042439056660462, 0.5950075017580674, 0.0205384412531223, -0.015045998855415481]","[0.15131319105560403, 0.018728529893670905, 0.05956616973070227, 0.003763674192596176, 0.008575509833876872]",1,SeattleCityCouncil_02212017_CB 118912,model_B
tofueval_Qwen2.5-0.5B-Instruct,645,645,1.5071029663085938,45,2.4962618350982666,0.35387563705444336,"[0.2850268572646504, 0.07870485910162743, 0.016113028913322423, 0.07772488402357945, 1.2678180797232521]","[0.06810227006523444, 0.006104754117475548, 0.0022124214017720887, 0.0054356625726642155, 0.19582652656568422]",1,SeattleCityCouncil_02212017_CB 118912,model_C
tofueval_Qwen2.5-0.5B-Instruct,646,646,1.4067567586898804,82,1.8487091064453125,0.25647804141044617,"[0.8097965905198645, 0.016810533003746703, 0.7053133871487239, 0.013994252172468384, 0.042162660031796646]","[0.14965666178152498, 0.011294523948169915, 0.06455595120402582, 0.0025343242638394634, 0.007560006178578522]",0,SeattleCityCouncil_02212017_CB 118912,model_D
tofueval_Qwen2.5-0.5B-Instruct,647,647,1.1398327350616455,128,2.1413421630859375,0.2711881697177887,"[0.5706122559185474, 0.0036959733845947085, 1.3217986862233033, 0.008158110438898802, 0.03398796980155794]","[0.098401403854524, 0.006905845166299329, 0.1504301121142655, 0.0028270862772732386, 0.004804764880500301]",0,SeattleCityCouncil_02212017_CB 118912,model_E
tofueval_Qwen2.5-0.5B-Instruct,648,648,2.7988827228546143,57,1.3078922033309937,0.25525450706481934,"[0.7952787025847978, -0.036415098078769484, 0.2082018870972669, 0.013825208351032384, -0.18756526719529606]","[0.14761722549436646, 0.0061808402703415295, 0.02844607096781067, 0.005867258883754083, 0.03285515449386909]",1,SeattleCityCouncil_02212017_CB 118912,Model-Extra
tofueval_Qwen2.5-0.5B-Instruct,649,649,1.2813847064971924,67,2.3739795684814453,0.3142392337322235,"[1.7679998358822804, -0.03371703129438961, 0.16881067253633597, -0.010973165049339269, -0.03145487231954779]","[0.24693294141941996, 0.003039816536821531, 0.021603780078596254, 0.003061395827766753, 0.004500427655839032]",0,SeattleCityCouncil_02212017_CB 118912,model_A
tofueval_Qwen2.5-0.5B-Instruct,650,650,1.7363475561141968,84,1.7112290859222412,0.23395511507987976,"[0.5749434911135939, 0.0006520069762787205, 0.5965365885262838, -0.005930901828313446, 0.0859026110400529]","[0.10287864142169599, 0.007214750539057084, 0.08816019182818093, 0.00436397518287127, 0.01756037828160862]",1,SeattleCityCouncil_02212017_CB 118912,model_B
tofueval_Qwen2.5-0.5B-Instruct,651,651,0.9950013756752014,62,2.68631911277771,0.38612523674964905,"[0.13648018119021155, 0.005839119993446906, -0.02946216629108324, -0.008335841469928593, 2.117559262378622]","[0.04255536723608642, 0.0024220629258694215, 0.0029642437226841374, 0.002793266384624956, 0.3156602247916218]",0,SeattleCityCouncil_02212017_CB 118912,model_C
tofueval_Qwen2.5-0.5B-Instruct,652,652,1.7273415327072144,78,2.399177074432373,0.29943767189979553,"[1.260755917427536, -0.04759390255994498, 0.6989575566237759, -0.004279661094747448, 0.013580165785522414]","[0.19709103697319874, 0.008492878176050512, 0.08863103516243707, 0.0036374273655756274, 0.006609831437298197]",1,SeattleCityCouncil_02212017_CB 118912,model_D
tofueval_Qwen2.5-0.5B-Instruct,653,653,1.5296714305877686,42,2.6791391372680664,0.251122385263443,"[1.9534742174936193, 0.03612487864059707, -0.04467003135401423, -0.02470498763120434, 0.05983590087202001]","[0.226992895804523, 0.005973486919347557, 0.003767305973610746, 0.003746808291507044, 0.008876478817358344]",0,SeattleCityCouncil_02212017_CB 118912,model_E
tofueval_Qwen2.5-0.5B-Instruct,654,654,2.116833209991455,62,1.4246985912322998,0.23951314389705658,"[-0.023058431865196797, 0.0512479315220844, 0.3934347249375987, 0.01091179689918194, -0.008269511052452388]","[0.004250342143413652, 0.01943214044542636, 0.15128548745081888, 0.0024047871072452247, 0.0031482454853117344]",0,SeattleCityCouncil_03092020_CB 119752,Model-Extra
tofueval_Qwen2.5-0.5B-Instruct,655,655,1.1967583894729614,67,2.195312261581421,0.28856128454208374,"[0.007860607389836754, 0.18174075026372657, 1.0747408530793896, 0.013787123852465024, -0.036186274614987836]","[0.02790041029790578, 0.026855854392043008, 0.16697874468288196, 0.0019376898078208023, 0.002307734432023024]",0,SeattleCityCouncil_03092020_CB 119752,model_A
tofueval_Qwen2.5-0.5B-Instruct,656,656,1.070063591003418,95,2.1889703273773193,0.2614636719226837,"[0.059518819578883456, -0.0680115322461413, 1.3936385275887964, 0.02556134201463704, -0.01858806484172084]","[0.018282201283067193, 0.02250884144291855, 0.17251900221002103, 0.0028733639505234302, 0.0029917318042479517]",0,SeattleCityCouncil_03092020_CB 119752,model_B
tofueval_Qwen2.5-0.5B-Instruct,657,657,1.0785311460494995,60,2.4534668922424316,0.3083202540874481,"[-0.05166182549922572, 0.13792602873969978, 1.2213677818295159, 0.002147990503484228, -0.018448148519382812]","[0.022957236788681713, 0.023357908085351178, 0.18206784861140476, 0.0015293991979244007, 0.0019958118100930735]",0,SeattleCityCouncil_03092020_CB 119752,model_C
tofueval_Qwen2.5-0.5B-Instruct,658,658,1.6931853294372559,60,1.5778639316558838,0.22603793442249298,"[0.19761248866852837, 0.17456398208548005, 0.25732664368309394, -0.013652121412451378, -0.0396228633064311]","[0.035462774496378795, 0.04467843351406676, 0.0800376370300152, 0.0032184370997432174, 0.0036681433111880324]",0,SeattleCityCouncil_03092020_CB 119752,model_D
tofueval_Qwen2.5-0.5B-Instruct,659,659,1.5396486520767212,73,2.0527920722961426,0.23381461203098297,"[0.4882108679588259, 0.10376907592042899, 0.06460748351105705, -0.05784455499307201, 0.1603896436999131]","[0.05213103941739924, 0.019813839150193007, 0.06899739708407576, 0.012183390187607846, 0.02042810192724324]",1,SeattleCityCouncil_03092020_CB 119752,model_E
tofueval_Qwen2.5-0.5B-Instruct,660,660,2.2751307487487793,30,2.1257665157318115,0.23581428825855255,"[-0.17144337813757982, 0.1244612530960391, 0.3415230015292764, -0.019282330149629465, 0.05173726101250698]","[0.048908699144946395, 0.02357782253138794, 0.06211729998564503, 0.005173359056910461, 0.007309008726497268]",0,SeattleCityCouncil_03092020_CB 119752,Model-Extra
tofueval_Qwen2.5-0.5B-Instruct,661,661,1.502451777458191,59,1.5813236236572266,0.19281554222106934,"[0.3094489331025693, 0.19122284606604253, 0.19906241975929903, -0.02176106773648348, 0.055823950787564205]","[0.05215782435124758, 0.03407737825132938, 0.07061843752591689, 0.005059437791005929, 0.005026033786295665]",0,SeattleCityCouncil_03092020_CB 119752,model_A
tofueval_Qwen2.5-0.5B-Instruct,662,662,0.9442855715751648,106,2.0565152168273926,0.25223758816719055,"[0.008558082336917924, 0.10834431769941354, 1.464392745137442, -0.0037288178510555916, 0.015273627515304021]","[0.02033463028600473, 0.02391662292725714, 0.16629295070055686, 0.0026586071549001456, 0.0026029841545778254]",0,SeattleCityCouncil_03092020_CB 119752,model_B
tofueval_Qwen2.5-0.5B-Instruct,663,663,1.090147614479065,97,2.1989262104034424,0.2812713384628296,"[0.2017753943548893, 0.08303544019857786, 1.3515519723146145, -0.024160596740836537, -0.016803335520851705]","[0.04626301424830615, 0.02685460002955842, 0.14491355907732925, 0.0020592971655768798, 0.0020917332066248268]",0,SeattleCityCouncil_03092020_CB 119752,model_C
tofueval_Qwen2.5-0.5B-Instruct,664,664,1.4191778898239136,58,1.8725881576538086,0.212681382894516,"[0.010612539719220186, 0.2676527586555839, 0.7264743935942032, 0.0315328087719912, 0.04207658992150943]","[0.011560324138341018, 0.04269661954653014, 0.08469415717994205, 0.0026212368244818334, 0.0022189849819761577]",0,SeattleCityCouncil_03092020_CB 119752,model_D
tofueval_Qwen2.5-0.5B-Instruct,665,665,1.5439940690994263,65,1.5787310600280762,0.21732990443706512,"[0.2184956998250877, 0.02198191437413558, 0.3958608345236056, -0.005179400314451553, 0.00876354717139083]","[0.04522953380367024, 0.046172865904456836, 0.07371622336252655, 0.002051918275432959, 0.0021537932895276195]",0,SeattleCityCouncil_03092020_CB 119752,model_E
tofueval_Qwen2.5-0.5B-Instruct,666,666,2.419419288635254,44,1.175445318222046,0.24589504301548004,"[-0.13392166217619722, 0.006186045449629257, 0.27142881050134415, 0.03642670861286619, 0.039719991854243825]","[0.03472720311374773, 0.015230405698854487, 0.10236413581018992, 0.004475065800513469, 0.005601929258525409]",0,SeattleCityCouncil_03092020_CB 119752,Model-Extra
tofueval_Qwen2.5-0.5B-Instruct,667,667,1.2116775512695312,86,1.7646340131759644,0.24707761406898499,"[0.05299902010352356, 0.33184028068522864, 1.054810245980598, -0.022166236294101825, -0.027521888934601054]","[0.016792082085192644, 0.05018217391163362, 0.1164355128773613, 0.0023278593995745573, 0.0031622938537074607]",0,SeattleCityCouncil_03092020_CB 119752,model_A
tofueval_Qwen2.5-0.5B-Instruct,668,668,1.0002799034118652,105,2.0316643714904785,0.26775237917900085,"[0.03738506372333393, 0.11491140215498273, 1.451605785405679, 0.0007168335589951659, -0.028067891672357553]","[0.02377065401434655, 0.020449178512767285, 0.17367436673769027, 0.003523745839040549, 0.003416017648601155]",0,SeattleCityCouncil_03092020_CB 119752,model_B
tofueval_Qwen2.5-0.5B-Instruct,669,669,1.469458818435669,80,1.904374361038208,0.2455490082502365,"[-0.025866048628449788, 0.4768183138097811, 0.5818787324620643, 0.0033233024114451837, 0.12232199039644912]","[0.027528853511029183, 0.056562218619365015, 0.0761360441604495, 0.005056613327188586, 0.010032808319334664]",0,SeattleCityCouncil_03092020_CB 119752,model_C
tofueval_Qwen2.5-0.5B-Instruct,670,670,1.683192253112793,51,1.5662314891815186,0.2302864044904709,"[0.032731944455436486, 0.11692569617812029, 0.6450062328903917, -0.018950276836917242, 0.022396938991732895]","[0.043823691388651886, 0.020343424066283537, 0.1083085264144043, 0.003823830246627789, 0.004253554894117484]",0,SeattleCityCouncil_03092020_CB 119752,model_D
tofueval_Qwen2.5-0.5B-Instruct,671,671,1.4312785863876343,40,2.229152202606201,0.31407880783081055,"[0.32642274536192417, 0.12706740034918768, 0.7155935420072638, 0.0019385348801733925, 0.03885513183486182]","[0.08514024609467015, 0.04511617804364505, 0.1197442689527179, 0.0030765453462208827, 0.004864537422122339]",0,SeattleCityCouncil_03092020_CB 119752,model_E
tofueval_Qwen2.5-0.5B-Instruct,672,672,1.6744072437286377,63,0.5644774436950684,0.16909371316432953,"[0.24228665440450498, 0.2597633138089256, 0.04651255327137603, 0.038356097672115695, -0.017200803428187056]","[0.10713306682263797, 0.06976608968207507, 0.003460419359295689, 0.0020085910770532454, 0.00364650801779927]",0,SeattleCityCouncil_03202017_CB 118921,Model-Extra
tofueval_Qwen2.5-0.5B-Instruct,673,673,1.5426629781723022,64,0.7245081663131714,0.20887456834316254,"[0.0671801696475427, 0.6044531424379329, 0.015991434446220865, 0.01600664831045151, -0.020187367774838094]","[0.06858046219615943, 0.13366483089995285, 0.0013887348551211431, 0.0014418617975504588, 0.0029358384628483947]",1,SeattleCityCouncil_03202017_CB 118921,model_A
tofueval_Qwen2.5-0.5B-Instruct,674,674,1.1771750450134277,96,1.108413577079773,0.2314388006925583,"[0.33070509624231664, 0.8020426226443457, 0.011567845643374616, -0.01699480431500433, -0.030430974947004568]","[0.09344301526105407, 0.1477172908294951, 0.0014926639799739405, 0.002149421204490428, 0.0035500091906719433]",0,SeattleCityCouncil_03202017_CB 118921,model_B
tofueval_Qwen2.5-0.5B-Instruct,675,675,1.250860571861267,76,0.9914793968200684,0.20764967799186707,"[0.3375338905163134, 0.7510653653511518, 0.011611478517471895, 0.02234760293891955, -0.036125870146191265]","[0.09767489747570691, 0.10703877840850365, 0.0019187670794728344, 0.002001514983749973, 0.0029082422537519983]",0,SeattleCityCouncil_03202017_CB 118921,model_C
tofueval_Qwen2.5-0.5B-Instruct,676,676,1.302827000617981,57,1.003990650177002,0.21294879913330078,"[0.605888474549845, 0.4205657839964005, 0.061742144845770223, 0.034590144535238655, -0.05654345997486656]","[0.09807158147199707, 0.11730782638954607, 0.0017563316824403604, 0.0016785133794344706, 0.002990916704858823]",1,SeattleCityCouncil_03202017_CB 118921,model_D
tofueval_Qwen2.5-0.5B-Instruct,677,677,1.239894151687622,111,1.054807424545288,0.200397789478302,"[0.1957007435301601, 0.7813143980780002, -0.001855402758657284, -0.009643934100995056, -0.016340592948082457]","[0.06702959222257214, 0.1227627157144144, 0.004824873395242312, 0.0033591367718399196, 0.003795629008177539]",0,SeattleCityCouncil_03202017_CB 118921,model_E
tofueval_Qwen2.5-0.5B-Instruct,678,678,1.422149896621704,67,1.2391080856323242,0.21212103962898254,"[0.5777550430311613, 0.2895851388135786, 0.0004257270267038648, 0.025422040932575492, -0.04709609942823482]","[0.11128910605117172, 0.06186688361092603, 0.004451212452336018, 0.0016281747946153185, 0.0028553904635033964]",0,SeattleCityCouncil_03202017_CB 118921,Model-Extra
tofueval_Qwen2.5-0.5B-Instruct,679,679,1.160697102546692,72,1.3408665657043457,0.2615511119365692,"[0.5200809422555418, 0.493663414421058, 0.0015182061377143124, 0.007570240703999944, -0.05118720073005534]","[0.1338080223355228, 0.10637753942218195, 0.0023081629704443506, 0.0016129397617861388, 0.002868691934850176]",0,SeattleCityCouncil_03202017_CB 118921,model_A
tofueval_Qwen2.5-0.5B-Instruct,680,680,0.95706707239151,99,1.5434410572052002,0.24459554255008698,"[0.6706976445201864, 0.6505209121585888, 0.03014101823447907, 0.01345433800973967, 0.024821385392281837]","[0.1092326770084918, 0.12305002198135151, 0.0019002224405264287, 0.0016847999570771465, 0.002805706766705475]",0,SeattleCityCouncil_03202017_CB 118921,model_B
tofueval_Qwen2.5-0.5B-Instruct,681,681,1.4544256925582886,122,1.0730634927749634,0.1992693394422531,"[0.31637861424511715, 0.5061612200558154, 0.2751019768166159, 0.0014927434944571568, 0.009376227016561687]","[0.07957019515663247, 0.06721926139652333, 0.03860427081689313, 0.0029746381444566827, 0.0030376923451162613]",0,SeattleCityCouncil_03202017_CB 118921,model_C
tofueval_Qwen2.5-0.5B-Instruct,682,682,0.9335718154907227,97,2.030048370361328,0.3000408411026001,"[1.0300733733416076, 0.7343109288491722, -0.023665585694167, -0.008066214749240167, -0.021429325197084497]","[0.17764267769339734, 0.1004025938409658, 0.002370711531535356, 0.0013522399472282072, 0.005779140857743487]",0,SeattleCityCouncil_03202017_CB 118921,model_D
tofueval_Qwen2.5-0.5B-Instruct,683,683,1.0383516550064087,56,1.9681404829025269,0.26414331793785095,"[0.5503895921899259, 0.9262478389183733, 0.032756157381040145, 0.027555110324880974, -0.010885363546289486]","[0.14377316636786677, 0.0993022808080387, 0.0019027491553385647, 0.0016586411114920857, 0.0033725750201857147]",0,SeattleCityCouncil_03202017_CB 118921,model_E
tofueval_Qwen2.5-0.5B-Instruct,684,684,2.154411792755127,54,0.7553002834320068,0.17403404414653778,"[0.1554115802799869, 0.33092808536754026, 0.025660065291621896, 0.03295453740456314, -0.03251341946371314]","[0.08301699641722532, 0.06679197284358486, 0.0027606893279847064, 0.0015304833027079843, 0.003049189210219925]",0,SeattleCityCouncil_03202017_CB 118921,Model-Extra
tofueval_Qwen2.5-0.5B-Instruct,685,685,1.070255160331726,110,1.4926302433013916,0.2490873485803604,"[0.6555422768119157, 0.7927201705442382, 0.014325493788865887, 0.009832457754534764, 0.015431256258042677]","[0.10876454379852331, 0.12873439821759844, 0.0019240658535698623, 0.0014767508896635594, 0.003973297679447734]",1,SeattleCityCouncil_03202017_CB 118921,model_A
tofueval_Qwen2.5-0.5B-Instruct,686,686,0.8687134981155396,132,1.3124675750732422,0.2297820746898651,"[0.23979491619881324, 1.1078450449049617, 0.012596163436049237, 0.006943073270507959, 0.0006635186782797532]","[0.07162433496885234, 0.16108397135163463, 0.001308717592529478, 0.0013654856090499145, 0.0019215872875324783]",1,SeattleCityCouncil_03202017_CB 118921,model_B
tofueval_Qwen2.5-0.5B-Instruct,687,687,1.2503278255462646,57,1.4476680755615234,0.24500210583209991,"[0.7180401388141674, 0.5687952006979653, -0.0007340632133459542, -0.0047374659806608405, 0.008845021221899068]","[0.1420131859759797, 0.0833059319846805, 0.0015403651702056602, 0.0014490429939661752, 0.0028434676847378447]",0,SeattleCityCouncil_03202017_CB 118921,model_C
tofueval_Qwen2.5-0.5B-Instruct,688,688,1.2081173658370972,65,1.1303178071975708,0.2164899706840515,"[0.9194360615005001, 0.16828128307992862, 0.014940894262690563, 0.027758424139980118, 0.002684401346442218]","[0.15361752022229036, 0.06171111815394065, 0.002066301403605254, 0.002073633888630866, 0.0029422469699826393]",0,SeattleCityCouncil_03202017_CB 118921,model_D
tofueval_Qwen2.5-0.5B-Instruct,689,689,1.1543079614639282,112,1.6043920516967773,0.2555771768093109,"[0.607613103244408, 0.8698525695121394, -0.0029502831760380233, -0.02317423507039556, 0.014880034333925454]","[0.09857549425368006, 0.16302184815069154, 0.002217726749276291, 0.002056211172781478, 0.002956787476616033]",1,SeattleCityCouncil_03202017_CB 118921,model_E
tofueval_Qwen2.5-0.5B-Instruct,690,690,1.1484429836273193,76,1.5405601263046265,0.26122429966926575,"[0.0793308898994981, 0.6211115809051798, -0.0005414097249740735, 0.0020786884116731877, -0.04846633294149988]","[0.029931493188290626, 0.09916599304724034, 0.0006380128879979303, 0.0010746500821776288, 0.006225505301164216]",0,SeattleCityCouncil_03282016_CB 118644,Model-Extra
tofueval_Qwen2.5-0.5B-Instruct,691,691,1.001772165298462,150,2.0830187797546387,0.2756124436855316,"[0.5164610151257754, 0.9264522418505415, 0.018663652443016567, 0.016086935700441243, 0.005467495039241233]","[0.05751760417491217, 0.11311703520205015, 0.001475636560319155, 0.0018110657420249746, 0.0036207283959062884]",1,SeattleCityCouncil_03282016_CB 118644,model_A
tofueval_Qwen2.5-0.5B-Instruct,692,692,0.7609968185424805,74,1.9964908361434937,0.2736203074455261,"[0.5975836267792368, 0.3237402926383397, -0.0016093691862093889, -0.0037667236531371993, 0.011085602143154844]","[0.06985911340219704, 0.046084584200054846, 0.0007711801984547996, 0.0010401361307486154, 0.0032372978066551985]",0,SeattleCityCouncil_03282016_CB 118644,model_B
tofueval_Qwen2.5-0.5B-Instruct,693,693,1.483596682548523,103,1.4547785520553589,0.23307670652866364,"[0.16040038011823465, 1.0920604290525446, 0.08810946297774191, 0.02459225624681618, 0.002804817835002396]","[0.0673477745361559, 0.12250036717209122, 0.010383307151037071, 0.0037514816047679207, 0.007082116472737502]",1,SeattleCityCouncil_03282016_CB 118644,model_C
tofueval_Qwen2.5-0.5B-Instruct,694,694,1.1413288116455078,123,2.1699533462524414,0.29742056131362915,"[0.2830403269823675, 0.3664953735904537, -0.01305266096773917, -0.012875862748738818, 0.7537618556168267]","[0.047364565046322006, 0.04128142785734744, 0.0014065768783627216, 0.001621312592500012, 0.09961232673079627]",1,SeattleCityCouncil_03282016_CB 118644,model_D
tofueval_Qwen2.5-0.5B-Instruct,695,695,0.5367875099182129,140,2.042492151260376,0.28441518545150757,"[0.3362487557639335, 1.0217212692112558, 0.008585565039681699, 0.008220212296808832, -0.0020818332946743925]","[0.043308041451421024, 0.1431594860834764, 0.000963855155968726, 0.0009804719152800854, 0.0055221673753093475]",0,SeattleCityCouncil_03282016_CB 118644,model_E
tofueval_Qwen2.5-0.5B-Instruct,696,696,3.2958271503448486,48,0.38616645336151123,0.14828051626682281,"[0.23440320981656745, -0.018751915477575192, 0.020914914188324474, 0.04280514113997924, 0.13643961255729664]","[0.026832473495024562, 0.006130758167159911, 0.000901694043269193, 0.0016717576288556302, 0.10593850092550383]",0,SeattleCityCouncil_03282016_CB 118644,Model-Extra
tofueval_Qwen2.5-0.5B-Instruct,697,697,2.1908504962921143,37,1.415235996246338,0.24088233709335327,"[0.17940287565894275, 0.023872896779574, 0.02314557395309109, 0.04904181811316694, 0.8590880676009063]","[0.01825942970464058, 0.00449745879810458, 0.0004528998463905048, 0.0012930323428193063, 0.19613958725578315]",0,SeattleCityCouncil_03282016_CB 118644,model_A
tofueval_Qwen2.5-0.5B-Instruct,698,698,1.0337049961090088,128,1.6981043815612793,0.2287108600139618,"[0.23855270437547915, 0.4621646396463177, 0.016528208358209895, -0.0198364648470033, 0.5683312425143328]","[0.04164282866167923, 0.07572232109214028, 0.003430853549920343, 0.001491065234294986, 0.07698883871479278]",1,SeattleCityCouncil_03282016_CB 118644,model_B
tofueval_Qwen2.5-0.5B-Instruct,699,699,1.7327213287353516,40,1.8764064311981201,0.22679606080055237,"[0.13725411819759756, 0.025978713571385016, 0.02780063055906794, 0.051688396190002095, 1.3144703932281119]","[0.024615630004473133, 0.0025957616893379056, 0.00047187676534576894, 0.0012395288287166295, 0.20210438356552912]",0,SeattleCityCouncil_03282016_CB 118644,model_C
tofueval_Qwen2.5-0.5B-Instruct,700,700,1.6564745903015137,43,1.7810814380645752,0.24716204404830933,"[0.09345587971823312, 0.07039003772525723, 0.032928487005085834, 0.043380378776630604, 1.1891134234123626]","[0.01710848449943643, 0.002068650842389605, 0.0006530637141210275, 0.0008411704017267173, 0.2152819686899568]",0,SeattleCityCouncil_03282016_CB 118644,model_D
tofueval_Qwen2.5-0.5B-Instruct,701,701,1.897039532661438,42,1.2994588613510132,0.202854186296463,"[0.31057134302405065, 0.040295597462404874, 0.03504485957368854, 0.015437518775884417, 0.5056156336393629]","[0.07666887252049664, 0.005793130946217605, 0.0008769566538397893, 0.0015659083156346501, 0.12784388829233995]",0,SeattleCityCouncil_03282016_CB 118644,model_E
tofueval_Qwen2.5-0.5B-Instruct,702,702,0.8917349576950073,52,1.940976858139038,0.27737298607826233,"[0.5578068885896266, 0.001130503671587436, -0.01585886677289986, -0.010225431377246142, -0.000694012264340507]","[0.05220638987734324, 0.011944090786235288, 0.0005217707050174061, 0.0005420228053677734, 0.003516553963845144]",0,SeattleCityCouncil_03282016_CB 118644,Model-Extra
tofueval_Qwen2.5-0.5B-Instruct,703,703,1.271822214126587,62,1.7455354928970337,0.25281286239624023,"[0.34469345075758023, 0.21463741277224355, -0.0038553513257929516, -0.0025233424924907366, 0.07430103416165014]","[0.0913984262591135, 0.03979270324463223, 0.0007905566308328425, 0.0011675691661432739, 0.012715545482236731]",0,SeattleCityCouncil_03282016_CB 118644,model_A
tofueval_Qwen2.5-0.5B-Instruct,704,704,1.3104006052017212,66,1.4269587993621826,0.25548994541168213,"[0.013936031027807268, 1.2214995816872087, 0.003637631351563014, 0.015512464594807667, -0.08175224880621747]","[0.029155224110494062, 0.16421860111740622, 0.001022531542770194, 0.0013289582541278144, 0.008741180106822509]",1,SeattleCityCouncil_03282016_CB 118644,model_B
tofueval_Qwen2.5-0.5B-Instruct,705,705,1.0115501880645752,116,1.7095891237258911,0.2467329353094101,"[0.5062660039961413, 0.24984269708385973, 0.0295258395546688, 0.0030422703013504486, -0.027483371604579712]","[0.06732285961777898, 0.043305996407502004, 0.0031346230431915758, 0.0019211581392137931, 0.0051945411034255125]",1,SeattleCityCouncil_03282016_CB 118644,model_C
tofueval_Qwen2.5-0.5B-Instruct,706,706,1.4505468606948853,119,1.5546914339065552,0.2086559683084488,"[0.3488390768588102, 0.8793036115271169, 0.0017294906923046509, 0.00024291567290162652, -0.053528944816941225]","[0.0643466759269179, 0.10608239360135104, 0.0022130969838629984, 0.0019344391822689905, 0.006100735910353587]",1,SeattleCityCouncil_03282016_CB 118644,model_D
tofueval_Qwen2.5-0.5B-Instruct,707,707,1.0207397937774658,132,1.7622803449630737,0.2468062937259674,"[0.6001831854051544, 0.2571311586242783, -0.015172606239723267, -0.0218885451235606, 0.2887375810415423]","[0.07111883897565223, 0.04323742621219632, 0.0014102769345761385, 0.001855872905099604, 0.03744439584504493]",1,SeattleCityCouncil_03282016_CB 118644,model_E
tofueval_Qwen2.5-0.5B-Instruct,708,708,2.0347795486450195,54,0.6795989274978638,0.12590156495571136,"[0.18530295033389377, 0.0026232529364649424, 0.03349500358758127, -0.031001904753321905, 0.5959856060275747]","[0.016283000850265766, 0.0018679256807411515, 0.0029236213469769406, 0.0017517322930555362, 0.10902671662182895]",1,SeattleCityCouncil_05262020_CB 119794,Model-Extra
tofueval_Qwen2.5-0.5B-Instruct,709,709,1.9214117527008057,39,1.249618411064148,0.2039555311203003,"[0.03664480041427454, 0.00886642670733496, 0.047383988597012386, -0.008646240328137841, 0.9690245313016558]","[0.014503538234133627, 0.0017946356733715126, 0.00171902228504596, 0.0023141461108567595, 0.1562405145547595]",1,SeattleCityCouncil_05262020_CB 119794,model_A
tofueval_Qwen2.5-0.5B-Instruct,710,710,0.6538920998573303,47,2.983928680419922,0.32046112418174744,"[0.0511897979783324, 0.01893460662339497, 0.016561504009355014, 0.017292018439509272, 2.7486471472421976]","[0.012773219771680546, 0.0007525428032275816, 0.0011865121116394956, 0.0011242814972281345, 0.28700070358420215]",0,SeattleCityCouncil_05262020_CB 119794,model_B
tofueval_Qwen2.5-0.5B-Instruct,711,711,1.3299705982208252,48,1.955884575843811,0.2575669288635254,"[0.04687062927253768, 0.016111717589941083, 0.025013938346451898, -0.0048632364113245785, 1.6621686905309616]","[0.010330844018485644, 0.0018082427050908716, 0.001301954291712093, 0.0020728789680598916, 0.21969389069727185]",1,SeattleCityCouncil_05262020_CB 119794,model_C
tofueval_Qwen2.5-0.5B-Instruct,712,712,1.0602978467941284,58,2.152930736541748,0.28151610493659973,"[0.05976682864212339, 0.014111588361566677, 0.020619359186169056, -0.004151728417566809, 1.7632348316341262]","[0.016102510833873346, 0.0012287926960558753, 0.0019653629356698415, 0.0016402179426144169, 0.23664222739459767]",1,SeattleCityCouncil_05262020_CB 119794,model_D
tofueval_Qwen2.5-0.5B-Instruct,713,713,2.2479190826416016,38,0.8850351572036743,0.14318600296974182,"[0.12090197125948371, 0.05630555355674005, 0.05152160733670921, 0.04994478698407827, 0.7380020803341866]","[0.0249505658900824, 0.002324868459033113, 0.0035262011941648254, 0.002237944301668904, 0.11599183000601886]",1,SeattleCityCouncil_05262020_CB 119794,Model-Extra
tofueval_Qwen2.5-0.5B-Instruct,714,714,1.1186230182647705,91,1.7785900831222534,0.2282770425081253,"[0.028022811677976357, 0.002307166218642933, 0.03340164999463513, 0.010431418036964865, 1.7016307448707317]","[0.009742752191089988, 0.0011972512544970173, 0.0012705731393656517, 0.0017696577889488119, 0.1981738803501335]",1,SeattleCityCouncil_05262020_CB 119794,model_A
tofueval_Qwen2.5-0.5B-Instruct,715,715,1.6771535873413086,34,2.4141199588775635,0.2588922679424286,"[0.015443076287149726, 0.03196660623892539, 0.003130222249584382, 0.042595935870742646, 2.473261743236114]","[0.021363655919110575, 0.003039127809108108, 0.00205699350721368, 0.0034414440377825966, 0.23397245969767133]",1,SeattleCityCouncil_05262020_CB 119794,model_B
tofueval_Qwen2.5-0.5B-Instruct,716,716,0.7661561369895935,50,3.0798418521881104,0.30139490962028503,"[0.0396328948919836, 0.014403431244572858, 0.01789692789694527, 0.009215229378896765, 2.891839018450119]","[0.010647813301202404, 0.0010285825598202792, 0.0012419926092388778, 0.001150571412881618, 0.2861530113934714]",0,SeattleCityCouncil_05262020_CB 119794,model_C
tofueval_Qwen2.5-0.5B-Instruct,717,717,1.3971567153930664,29,2.7163984775543213,0.2979888916015625,"[0.09812306792170195, 0.017558429695280462, 0.009843046740821466, 0.055389970842074476, 2.515301640257882]","[0.017541531797742836, 0.0013934094885653709, 0.0018773811642200473, 0.0021920706137499454, 0.22427230459828118]",0,SeattleCityCouncil_05262020_CB 119794,model_D
tofueval_Qwen2.5-0.5B-Instruct,718,718,1.636330485343933,61,1.4017640352249146,0.1742420494556427,"[0.1098817291183609, 0.045846167408332104, 0.016267554921200154, 0.019667482833982994, 1.2549557887116967]","[0.01005779644737097, 0.0012246062222544185, 0.001983274541082031, 0.0014927444811992693, 0.15403990355345412]",1,SeattleCityCouncil_05262020_CB 119794,model_E
tofueval_Qwen2.5-0.5B-Instruct,719,719,2.4956648349761963,39,0.7892885208129883,0.11794479936361313,"[0.09592594027531166, 0.028591889410446852, 0.032512214922835715, 0.037326030543623254, 0.34690466987488505]","[0.014720379809473227, 0.002025809446072694, 0.0019665633274202356, 0.0014053906941929502, 0.07698558804077038]",0,SeattleCityCouncil_05262020_CB 119794,Model-Extra
tofueval_Qwen2.5-0.5B-Instruct,720,720,2.1830921173095703,44,0.6521172523498535,0.08927357941865921,"[-0.008662176540331695, -0.0057870176248632724, 0.006195150493789986, 0.0251394409973965, 0.5054893118668194]","[0.007940092496923512, 0.0008534082410976266, 0.0012165889765650593, 0.0018034741191460637, 0.07756730446791561]",0,SeattleCityCouncil_05262020_CB 119794,model_A
tofueval_Qwen2.5-0.5B-Instruct,721,721,0.7193387150764465,46,3.1142334938049316,0.29411330819129944,"[0.034236368208835105, 0.017149178122053854, -0.006928093295794932, 0.019974576837621102, 2.8666999221516205]","[0.01090876696251974, 0.0006633430083164295, 0.0010306336370396584, 0.0006693409095433984, 0.27403742858239083]",0,SeattleCityCouncil_05262020_CB 119794,model_B
tofueval_Qwen2.5-0.5B-Instruct,722,722,1.1052978038787842,47,2.576402187347412,0.36080145835876465,"[0.14240379315464102, 0.005281969933384197, 0.018062363263526733, 0.007151082676539366, 1.359470778633314]","[0.03191368297295915, 0.001107206518220645, 0.0014346795884251906, 0.0016742594840697496, 0.23903952361642758]",0,SeattleCityCouncil_05262020_CB 119794,model_C
tofueval_Qwen2.5-0.5B-Instruct,723,723,2.0520899295806885,62,1.0284247398376465,0.17392508685588837,"[0.168661690397834, -0.00020701549534175184, 0.018601471074714115, -0.027860906155359362, 0.7494868301831547]","[0.02718066282631621, 0.0017866377695921279, 0.003167999269554721, 0.0016966794429472724, 0.1337879672881231]",0,SeattleCityCouncil_05262020_CB 119794,model_D
tofueval_Qwen2.5-0.5B-Instruct,724,724,1.5036200284957886,60,1.5790749788284302,0.222647026181221,"[0.1621986393609556, 0.020433841572616983, 0.0012171207314016403, 0.025189239098547964, 0.9702339241364826]","[0.03344809321421328, 0.0023225270766824716, 0.0014000813892276179, 0.0022090964008453303, 0.14300704603668918]",0,SeattleCityCouncil_05262020_CB 119794,model_E
tofueval_Qwen2.5-0.5B-Instruct,725,725,1.7021197080612183,43,1.5468066930770874,0.31834325194358826,"[1.2704504498160107, -0.07330721457164632, 0.19595679922755618, 0.14758517606411303, -0.04329888559360095]","[0.15692966878919187, 0.0075260363718857555, 0.04387853354470005, 0.011957997792602898, 0.006262902539780297]",0,SeattleCityCouncil_06222015_Res 31594,Model-Extra
tofueval_Qwen2.5-0.5B-Instruct,726,726,0.6710734367370605,68,2.817620038986206,0.3500669300556183,"[2.5660171376383754, -0.03364990450341686, 0.17194490088428105, 0.0015450072256391971, -0.019639276749384246]","[0.25801106201748447, 0.00848301927006854, 0.026902430769787183, 0.002333459582058929, 0.0048202316047101755]",1,SeattleCityCouncil_06222015_Res 31594,model_A
tofueval_Qwen2.5-0.5B-Instruct,727,727,1.1094796657562256,40,2.315861940383911,0.3513583540916443,"[1.5271982658887282, -0.08809012449492001, 0.24382283757731785, 0.03753433930432948, -0.05739715592626453]","[0.19596219081686286, 0.009565823476495438, 0.03752949033982702, 0.0039013381481936447, 0.005206254587108106]",0,SeattleCityCouncil_06222015_Res 31594,model_B
tofueval_Qwen2.5-0.5B-Instruct,728,728,1.081995964050293,58,2.01286244392395,0.3012928068637848,"[1.2635916146612325, -0.024026608302815947, 0.11909512907004682, 0.39336101292905495, -0.06037491330490129]","[0.12753420232510163, 0.007857699189493172, 0.029643965279162864, 0.05540437006124162, 0.005482021396954318]",0,SeattleCityCouncil_06222015_Res 31594,model_C
tofueval_Qwen2.5-0.5B-Instruct,729,729,1.0902442932128906,40,2.5676109790802,0.3288840353488922,"[1.9848454287217465, -0.0005346287533029681, 0.2753138927622786, 0.015959231796114182, -0.03258449310142168]","[0.1895946547469066, 0.010275248387870306, 0.039138110771352784, 0.00243616245091971, 0.004020031275297242]",0,SeattleCityCouncil_06222015_Res 31594,model_D
tofueval_Qwen2.5-0.5B-Instruct,730,730,2.236829996109009,60,1.586557149887085,0.21151195466518402,"[0.06881629522743728, 0.024876891041276394, -0.0073185260298487265, 1.141445447260685, 0.050391243259552236]","[0.007567346248943826, 0.002143598696780676, 0.002846560276782384, 0.1643381100308678, 0.014504301816774994]",1,SeattleCityCouncil_06222015_Res 31594,Model-Extra
tofueval_Qwen2.5-0.5B-Instruct,731,731,0.9197003841400146,94,2.400158405303955,0.31145593523979187,"[1.1012205276339104, -0.0071565594291624094, 0.09215890896852448, 0.934667641489486, 0.011317866847093683]","[0.0873468952967598, 0.004148716783263692, 0.012496722285040378, 0.1377950962352221, 0.009059680888390539]",1,SeattleCityCouncil_06222015_Res 31594,model_A
tofueval_Qwen2.5-0.5B-Instruct,732,732,1.013137698173523,109,2.143733501434326,0.29584670066833496,"[0.785818232059115, 0.0043555499432507555, 0.09229189028001451, 0.9364679456765095, -0.03770051796448428]","[0.08026146469581012, 0.002281377862085085, 0.01562646397418567, 0.1535097178419523, 0.0060996416159093455]",1,SeattleCityCouncil_06222015_Res 31594,model_B
tofueval_Qwen2.5-0.5B-Instruct,733,733,1.178999662399292,87,1.7857465744018555,0.28090962767601013,"[0.03768413527572632, -0.0185214803295403, 0.1007905739147593, 1.2568685662558108, -0.028291638311787826]","[0.006305332753181548, 0.003635874273366677, 0.016196018742268028, 0.19074007124014764, 0.01193631999260482]",0,SeattleCityCouncil_06222015_Res 31594,model_C
tofueval_Qwen2.5-0.5B-Instruct,734,734,1.8934552669525146,53,0.657757580280304,0.16878484189510345,"[-0.1030574160106211, -0.015074543991637634, -0.07865792344173829, 0.4047260962959043, -0.061557971108551046]","[0.02422019292274219, 0.0019198067954873277, 0.0031782862365874296, 0.11580130536830618, 0.007958977389595055]",0,SeattleCityCouncil_06222015_Res 31594,model_D
tofueval_Qwen2.5-0.5B-Instruct,735,735,1.338680624961853,81,1.607077717781067,0.23217643797397614,"[0.041081903644899956, 0.03561091940746, 0.11284553818966091, 0.994981727951839, 0.030118865173992364]","[0.01009619156141604, 0.004306583654593896, 0.024365225428712698, 0.14119691158738432, 0.007481182449961956]",1,SeattleCityCouncil_06222015_Res 31594,model_E
tofueval_Qwen2.5-0.5B-Instruct,736,736,2.0829849243164062,62,1.5385774374008179,0.2584821581840515,"[0.5564061868034543, 0.026373189216810127, 0.09636246754727777, 0.7396586176267104, -0.023026348947877844]","[0.08167448498170415, 0.007149573139559512, 0.019936103168645553, 0.08148427506201246, 0.006169424607246436]",1,SeattleCityCouncil_06222015_Res 31594,Model-Extra
tofueval_Qwen2.5-0.5B-Instruct,737,737,1.3517378568649292,58,2.7408711910247803,0.3780069351196289,"[2.6077684368867957, 0.03654484604665977, -0.052544372841707786, 0.018982370099020672, -0.015224957599802393]","[0.3009911230241383, 0.006540796071876371, 0.005628068497399313, 0.011587773735472779, 0.004048060541059573]",0,SeattleCityCouncil_06222015_Res 31594,model_A
tofueval_Qwen2.5-0.5B-Instruct,738,738,1.0440330505371094,101,2.6291770935058594,0.3311440050601959,"[1.538148856996864, 0.11436907608425251, 0.17245923481299325, 0.5281567745329842, -0.022238118052261446]","[0.15809464644068685, 0.013569558564259945, 0.024006335195822702, 0.07871766954129199, 0.0043331732240381145]",1,SeattleCityCouncil_06222015_Res 31594,model_B
tofueval_Qwen2.5-0.5B-Instruct,739,739,0.7935589551925659,58,3.372342824935913,0.3768899738788605,"[2.776961151008687, 0.07686921931423873, 0.08922934133643766, 0.017177832250158172, -0.008631886952006708]","[0.27819319847260665, 0.006870777186561789, 0.014123517660711262, 0.0037683759731972433, 0.0026106826074690868]",0,SeattleCityCouncil_06222015_Res 31594,model_C
tofueval_Qwen2.5-0.5B-Instruct,740,740,1.5008916854858398,48,1.0876243114471436,0.2349195033311844,"[0.011262949433936834, 0.04130983788642576, 0.05191588165052963, 0.7397700452596231, -0.08545383896034764]","[0.03726729605985687, 0.00663590448150823, 0.019128002109226827, 0.10865889111551041, 0.0070317319397853835]",0,SeattleCityCouncil_06222015_Res 31594,model_D
tofueval_Qwen2.5-0.5B-Instruct,741,741,0.9668956398963928,110,2.491960048675537,0.33329811692237854,"[1.2106493210039018, -0.005225511315207272, 0.05494542519696882, 0.9463386683648093, -0.012097923326721436]","[0.14153319377372264, 0.0029761069883947624, 0.013596950527930444, 0.127862317220884, 0.004047373412574664]",1,SeattleCityCouncil_06222015_Res 31594,model_E
tofueval_Qwen2.5-0.5B-Instruct,742,742,1.2936253547668457,44,1.1146292686462402,0.22410045564174652,"[0.44304476588817204, 0.639570828682033, -0.008037258622907344, -0.009871668020268358, 0.008519528236785267]","[0.11955777151421837, 0.07363034492547692, 0.002240344279442429, 0.0008103018406302454, 0.0030928541433846005]",0,SeattleCityCouncil_07062020_CB 119814,Model-Extra
tofueval_Qwen2.5-0.5B-Instruct,743,743,1.4013903141021729,79,1.8926762342453003,0.2752901017665863,"[0.15324612300304855, 0.6235616264037369, 1.0478201653055017, -0.02287314082896276, -0.044856615955262594]","[0.06449087352545332, 0.11445491549684045, 0.10954189901481416, 0.0020129847122279396, 0.004143220115822477]",0,SeattleCityCouncil_07062020_CB 119814,model_A
tofueval_Qwen2.5-0.5B-Instruct,744,744,0.681414008140564,138,2.272326946258545,0.3119901418685913,"[1.6422089560214574, 0.6577340717523503, -0.0056536355466143004, 0.010926223875006712, 0.012121019607655175]","[0.2069852193008845, 0.10289112437757622, 0.002668241046527275, 0.0006686279456157602, 0.001969073917954479]",0,SeattleCityCouncil_07062020_CB 119814,model_B
tofueval_Qwen2.5-0.5B-Instruct,745,745,0.9055407047271729,106,2.0913469791412354,0.2870469093322754,"[1.5276936474571967, 0.39462058530460914, 0.0033104092217742945, 0.005433025041092374, 0.005279730000490057]","[0.19734410546362957, 0.08809049158403769, 0.0026263469464939625, 0.0004855635205494077, 0.0014382849074961069]",0,SeattleCityCouncil_07062020_CB 119814,model_C
tofueval_Qwen2.5-0.5B-Instruct,746,746,0.4616583287715912,133,2.517939567565918,0.3668085038661957,"[1.5706393770565878, 0.785796719433842, 0.023688695665339054, -0.01164563409756533, 0.00012528095888919233]","[0.2078221803872966, 0.14747264548168204, 0.0035701660054921645, 0.00048219823110071217, 0.00118873739593101]",0,SeattleCityCouncil_07062020_CB 119814,model_D
tofueval_Qwen2.5-0.5B-Instruct,747,747,1.0337013006210327,85,1.1945173740386963,0.20444509387016296,"[0.5528715868489305, 0.5583115760749131, 0.011450722218868952, -0.005357608921705084, 0.009250697978367337]","[0.09629274582478715, 0.07352264237400999, 0.003493347579851883, 0.0009612491493636058, 0.0029388948336501845]",0,SeattleCityCouncil_07062020_CB 119814,model_E
tofueval_Qwen2.5-0.5B-Instruct,748,748,1.657172679901123,51,1.3269751071929932,0.2273341864347458,"[0.6397945106241512, 0.6641025014680196, 0.0021074309206240145, 0.0015208737623812769, 0.015619029138250364]","[0.1000790205914348, 0.07511325037853316, 0.0022045987785954332, 0.0006285161863232526, 0.002897550935803311]",0,SeattleCityCouncil_07062020_CB 119814,Model-Extra
tofueval_Qwen2.5-0.5B-Instruct,749,749,0.40707406401634216,155,2.7030632495880127,0.38466566801071167,"[1.427013126067299, 1.1264824230218495, 0.012950781856958318, 0.0030650079194709822, 0.03136715313381912]","[0.172035209596734, 0.1942801651242616, 0.000946596656738239, 0.000272740653798381, 0.0015440244638387324]",0,SeattleCityCouncil_07062020_CB 119814,model_A
tofueval_Qwen2.5-0.5B-Instruct,750,750,0.48560911417007446,124,2.7292511463165283,0.3606647849082947,"[1.9411166177710144, 0.7480005841091864, -0.007624157450458546, 0.004141169601692332, 0.050261863403809386]","[0.237793351178909, 0.09656816821740588, 0.002044358112590133, 0.000647252523786469, 0.005969437333145689]",1,SeattleCityCouncil_07062020_CB 119814,model_B
tofueval_Qwen2.5-0.5B-Instruct,751,751,0.6176169514656067,82,3.402418851852417,0.4007224142551422,"[2.232087253343041, 0.6517852286236054, 0.01342058671372531, -0.010376193442115015, 0.008191186317384474]","[0.2608940735180357, 0.10151010196799932, 0.002148094056279638, 0.0005510782920498791, 0.002172449935471832]",0,SeattleCityCouncil_07062020_CB 119814,model_C
tofueval_Qwen2.5-0.5B-Instruct,752,752,1.0302156209945679,63,1.3976242542266846,0.22410453855991364,"[0.6986893534339331, 0.5077421923830072, -0.0014973827401786727, -0.024463756228823196, -0.010470068008553353]","[0.1160012239796461, 0.062478734426220435, 0.002771680016044301, 0.0007457888890507822, 0.002791128059385528]",0,SeattleCityCouncil_07062020_CB 119814,model_D
tofueval_Qwen2.5-0.5B-Instruct,753,753,0.802693247795105,99,2.9483273029327393,0.36420831084251404,"[1.6920049394101064, 0.3813046560360156, 0.6727557567640847, -0.013483201212812958, -0.019908865875605086]","[0.20352264149720084, 0.0642487839504496, 0.07400908455139016, 0.0008474108327538139, 0.0031206673782267587]",0,SeattleCityCouncil_07062020_CB 119814,model_E
tofueval_Qwen2.5-0.5B-Instruct,754,754,1.8931719064712524,33,1.1606197357177734,0.20627905428409576,"[0.48985530069771677, 0.7027201332155969, 0.02299050808588535, 0.024644913281725057, 0.08207496334489406]","[0.09927753420431669, 0.07052884568485518, 0.00655416868142545, 0.0016045685392489786, 0.005704205413297986]",0,SeattleCityCouncil_07062020_CB 119814,Model-Extra
tofueval_Qwen2.5-0.5B-Instruct,755,755,1.2622637748718262,64,2.3704018592834473,0.33503928780555725,"[1.132899722716047, 0.6019389716493606, 0.0101017196450357, -0.009377764309874692, 0.017243237580714776]","[0.19256066732998534, 0.09226882128645286, 0.0038198582112300983, 0.0006919444224990912, 0.0032257196202252203]",0,SeattleCityCouncil_07062020_CB 119814,model_A
tofueval_Qwen2.5-0.5B-Instruct,756,756,0.3624213635921478,120,3.030386209487915,0.41896697878837585,"[1.787762965430981, 0.9960514991435048, 0.002704404417030067, -0.0038506678058790084, -0.010945350551719458]","[0.22365092856938038, 0.1680508832271054, 0.001199527350676514, 0.0002505410626459555, 0.001223832404501953]",0,SeattleCityCouncil_07062020_CB 119814,model_B
tofueval_Qwen2.5-0.5B-Instruct,757,757,1.1539499759674072,101,1.6819429397583008,0.2873213291168213,"[0.6791407579496243, 0.715085797296236, -0.0025565452540264448, 0.0014339279771568068, 0.02229313877402848]","[0.13246089370902678, 0.10432583671746977, 0.003582226640173786, 0.000796405792634473, 0.003271264437621472]",0,SeattleCityCouncil_07062020_CB 119814,model_C
tofueval_Qwen2.5-0.5B-Instruct,758,758,1.0409170389175415,60,1.7025705575942993,0.26702383160591125,"[0.842521235310475, 0.5873858590011499, -0.014188626620633233, 0.006141705845281346, 0.0003986338567377364]","[0.13170008944164996, 0.08230701810562925, 0.002483128980284732, 0.0006417442359023084, 0.002317461922730028]",0,SeattleCityCouncil_07062020_CB 119814,model_D
tofueval_Qwen2.5-0.5B-Instruct,759,759,0.8831631541252136,95,1.5823800563812256,0.2553553283214569,"[0.535009788382118, 0.6847051702373727, -0.0021234032689981656, -0.01325329158474855, 0.07340970099455119]","[0.10832126411019329, 0.10801016303091668, 0.0030710710076909055, 0.0007528377782549748, 0.005860024732466603]",0,SeattleCityCouncil_07062020_CB 119814,model_E
tofueval_Qwen2.5-0.5B-Instruct,760,760,2.2195606231689453,52,1.4184952974319458,0.1754414439201355,"[0.03302580209296698, 0.8109142802713905, 0.12841352506466835, 0.03452831811759657, 0.009097117346335346]","[0.03160392527179458, 0.09168003698365422, 0.01325222023412537, 0.007072159344296289, 0.004591189397877735]",0,SeattleCityCouncil_08062018_CB 119319,Model-Extra
tofueval_Qwen2.5-0.5B-Instruct,761,761,1.6423518657684326,41,2.2116551399230957,0.31520628929138184,"[1.5546062292144975, 0.46504742856330533, 0.002632555705154451, 0.017281785723753273, -0.0237553150665651]","[0.27515230647702815, 0.04001938406921598, 0.0034309333368361056, 0.003332422002064804, 0.003749082520920549]",0,SeattleCityCouncil_08062018_CB 119319,model_A
tofueval_Qwen2.5-0.5B-Instruct,762,762,1.4233405590057373,69,1.7376843690872192,0.22687944769859314,"[0.6314001578750743, 0.8009865344395826, -0.04098970626151917, -0.02858123346567007, 0.006922091321073004]","[0.1249531483270508, 0.08462885805218248, 0.00856952194346148, 0.005450616512470591, 0.0030299077472139857]",0,SeattleCityCouncil_08062018_CB 119319,model_B
tofueval_Qwen2.5-0.5B-Instruct,763,763,1.468187689781189,58,2.004286050796509,0.21353581547737122,"[0.5224682584622973, 1.1474048160396644, -0.004236338076162641, 0.012813552246370818, 0.0377669431225764]","[0.08574904881766088, 0.10611575154996053, 0.004197300678807268, 0.0035184637100224665, 0.0023137052545664496]",0,SeattleCityCouncil_08062018_CB 119319,model_C
tofueval_Qwen2.5-0.5B-Instruct,764,764,1.302335500717163,107,1.9829071760177612,0.2717575430870056,"[0.7482958716633034, 0.6209425709008412, -0.04222039059039451, -0.018635847027819234, 0.44204145107022813]","[0.12798652347185233, 0.07451143608331345, 0.004622749205699722, 0.0033496781084694934, 0.06510342160853615]",0,SeattleCityCouncil_08062018_CB 119319,model_D
tofueval_Qwen2.5-0.5B-Instruct,765,765,1.368370532989502,51,1.8142452239990234,0.20349761843681335,"[1.044806052864456, 0.5460850732532373, -0.022179134286132322, 0.0030597170140008885, 0.04626296890571622]","[0.11593081033731555, 0.07768588666866373, 0.004701829036639984, 0.0037876567826930006, 0.0024242584305422463]",0,SeattleCityCouncil_08062018_CB 119319,model_E
tofueval_Qwen2.5-0.5B-Instruct,766,766,1.8524740934371948,43,1.2751083374023438,0.1952899843454361,"[0.10073865462922989, 0.8928651012328648, 0.00175550599246784, 0.03439372631472124, -0.05804963343300272]","[0.05518131512487111, 0.12600203272940722, 0.005159564955922474, 0.00419602865263927, 0.003912425562153065]",0,SeattleCityCouncil_08062018_CB 119319,Model-Extra
tofueval_Qwen2.5-0.5B-Instruct,767,767,1.3635966777801514,41,1.8054701089859009,0.22863967716693878,"[0.9932323859195049, 0.664048444701177, -0.022968535819994185, -0.018682458016106778, 0.0577300729511058]","[0.14395762728155115, 0.08118784005892382, 0.005184479004034731, 0.0052304513854208815, 0.00706551148257487]",0,SeattleCityCouncil_08062018_CB 119319,model_A
tofueval_Qwen2.5-0.5B-Instruct,768,768,1.6266214847564697,52,1.3896132707595825,0.21814578771591187,"[0.5070982980103229, 0.8460313906357791, -0.04808186357317586, -0.05430156189644409, 0.042321886077843374]","[0.10066988969756188, 0.12208708893947154, 0.003102746452405278, 0.0031422091927245568, 0.0019398394982138494]",0,SeattleCityCouncil_08062018_CB 119319,model_B
tofueval_Qwen2.5-0.5B-Instruct,769,769,1.430375099182129,108,2.311100959777832,0.30064406991004944,"[0.8751483665497896, 0.49111821538069006, 0.008737599215170054, 0.005461788126753904, 0.9798345483184137]","[0.11954452687041865, 0.0696284293382624, 0.006041352129900946, 0.004450524863761563, 0.09512247815565321]",1,SeattleCityCouncil_08062018_CB 119319,model_C
tofueval_Qwen2.5-0.5B-Instruct,770,770,1.4342118501663208,116,1.4944287538528442,0.24229495227336884,"[1.1626972449413533, 0.25397415572798965, 0.018580527250692126, 0.0018242541972195512, 0.009696514967172647]","[0.182674729725916, 0.04644639179407222, 0.006100004393633283, 0.0038088852768082843, 0.0019542261101523294]",0,SeattleCityCouncil_08062018_CB 119319,model_D
tofueval_Qwen2.5-0.5B-Instruct,771,771,1.1534255743026733,107,2.048353910446167,0.23640622198581696,"[1.1201585985437414, 0.6944809008357615, 0.012704274363871, 0.04436062315123147, 0.016741816220393245]","[0.12075930806382087, 0.08753528923662683, 0.0058105749612431595, 0.009516786003493686, 0.0026922214975971127]",0,SeattleCityCouncil_08062018_CB 119319,model_E
tofueval_Qwen2.5-0.5B-Instruct,772,772,1.5301220417022705,32,2.1846251487731934,0.271070659160614,"[-0.08141565920732319, 1.1567392243941867, -0.023147611154399783, -0.033483671361409506, -0.019458641783330677]","[0.012733710346452654, 0.20522315887137665, 0.002457631611655131, 0.0023149080952862278, 0.0024552477721897503]",0,SeattleCityCouncil_08062018_CB 119319,Model-Extra
tofueval_Qwen2.5-0.5B-Instruct,773,773,1.2912615537643433,22,3.122955083847046,0.3245704472064972,"[-0.090508696838118, 1.9895972399615196, 0.015820215267012827, 0.009680943108502437, -0.019741731336001645]","[0.011593672920339899, 0.23987360366173893, 0.0015180512605597455, 0.0022227213836768815, 0.00298404630463913]",0,SeattleCityCouncil_08062018_CB 119319,model_A
tofueval_Qwen2.5-0.5B-Instruct,774,774,2.655646800994873,33,0.9313340783119202,0.20564524829387665,"[-0.00641683563519495, -0.2550926588574481, 0.00857602376631941, 0.015582396348966568, 0.8398729112196827]","[0.020597085446669636, 0.03182900117165197, 0.001274425720608137, 0.0030485245936716005, 0.13328313800306976]",1,SeattleCityCouncil_08062018_CB 119319,model_B
tofueval_Qwen2.5-0.5B-Instruct,775,775,1.1682168245315552,78,2.232715368270874,0.2562624514102936,"[0.5699982357021863, 1.3681658960823626, 0.009244019089517398, -0.002176207285419178, -0.0069522678602833106]","[0.07877902701229453, 0.14446297121697008, 0.0027515023385568872, 0.0027512686910528992, 0.004049227069618866]",0,SeattleCityCouncil_08062018_CB 119319,model_C
tofueval_Qwen2.5-0.5B-Instruct,776,776,1.8577961921691895,36,1.4069732427597046,0.2026858925819397,"[0.6567690646754474, 0.022464871953060437, -0.012940140955227738, -0.03857189854574648, 0.018522824183390994]","[0.07875868151556158, 0.06435973338062063, 0.0034417227844995876, 0.0054097979770391345, 0.00427687253520364]",0,SeattleCityCouncil_08062018_CB 119319,model_D
tofueval_Qwen2.5-0.5B-Instruct,777,777,1.2185300588607788,91,2.0934906005859375,0.28950539231300354,"[1.1028971033788717, 0.8810992020632941, -0.007593469838736512, 0.004981238327253288, 0.014612887377542403]","[0.15839151400087847, 0.1138711810112834, 0.0017805625430200663, 0.0019419139128850865, 0.002561759509402551]",0,SeattleCityCouncil_08062018_CB 119319,model_E
tofueval_Qwen2.5-0.5B-Instruct,778,778,1.7816565036773682,32,1.0863890647888184,0.21643120050430298,"[0.6409156436998273, 0.03161121507423559, 0.019857997737801725, 0.010257482213091862, 0.05312396354753446]","[0.1729167824367437, 0.00695868374806885, 0.004043276518942207, 0.0033740386397500544, 0.00838138733342575]",0,SeattleCityCouncil_08082016_Res 31690,Model-Extra
tofueval_Qwen2.5-0.5B-Instruct,779,779,1.683434247970581,77,1.4691578149795532,0.2370786815881729,"[0.9233364484248519, 0.04517079974562852, 0.05641840023309232, -0.011678313368715212, 0.10646856025742671]","[0.16977189184609567, 0.014719987674374714, 0.005166143187125272, 0.0025372172085125584, 0.017973057427708498]",0,SeattleCityCouncil_08082016_Res 31690,model_A
tofueval_Qwen2.5-0.5B-Instruct,780,780,1.0055121183395386,99,1.8917202949523926,0.29324087500572205,"[1.1695182411700682, 0.30405237089867987, 0.5424881719716704, 0.023478786214113687, 0.03705421184140229]","[0.17489135139562173, 0.035703507551352, 0.07414406068408246, 0.0029017382492681483, 0.0045864722982252824]",0,SeattleCityCouncil_08082016_Res 31690,model_B
tofueval_Qwen2.5-0.5B-Instruct,781,781,0.5520036816596985,110,2.221656560897827,0.27291131019592285,"[1.9287961779283995, 0.004456558449898942, 0.00991102249698253, 0.0075566570711420025, 0.024296583403388056]","[0.2527667713282095, 0.002712582197588114, 0.0010740864953261693, 0.0013286509565851, 0.004286501041715176]",0,SeattleCityCouncil_08082016_Res 31690,model_C
tofueval_Qwen2.5-0.5B-Instruct,782,782,1.8781821727752686,73,1.1847388744354248,0.20684082806110382,"[0.7444348985194515, 0.03451805369306933, 0.020617300320039136, 0.02392276197183305, 0.05004165771222763]","[0.14441961547555826, 0.012784715162306634, 0.002995860259909322, 0.0028470613881802207, 0.010441534746361917]",1,SeattleCityCouncil_08082016_Res 31690,model_D
tofueval_Qwen2.5-0.5B-Instruct,783,783,1.039005994796753,154,1.7719624042510986,0.2493324726819992,"[1.6033198260232562, 0.04800243050745352, 0.04831900186773409, 0.03215693158293922, 0.057682020869373]","[0.21157980399438167, 0.020347239175997806, 0.004984081058860033, 0.002231218917002069, 0.005308512525526898]",0,SeattleCityCouncil_08082016_Res 31690,model_E
tofueval_Qwen2.5-0.5B-Instruct,784,784,2.0433666706085205,25,1.392909288406372,0.2320781648159027,"[0.03566879819496535, -0.031086538550443948, 0.24163419269258157, 0.08002525954507292, -0.0817496474343352]","[0.08374813565475052, 0.012953487341874279, 0.019079741025816475, 0.0027358278680912917, 0.007915262304559292]",0,SeattleCityCouncil_08082016_Res 31690,Model-Extra
tofueval_Qwen2.5-0.5B-Instruct,785,785,1.7523161172866821,70,1.2646852731704712,0.20577962696552277,"[0.5906282205349791, -0.06417759022260724, -0.006833022476348561, 0.20210984906417642, 0.039061720937128744]","[0.09742569137641632, 0.013820951516467922, 0.008730914548651266, 0.02123914766877988, 0.01151600974423153]",0,SeattleCityCouncil_08082016_Res 31690,model_A
tofueval_Qwen2.5-0.5B-Instruct,786,786,0.81733238697052,73,1.7084826231002808,0.25904160737991333,"[0.2561762924388821, 0.9865256181032211, 0.23772143067861629, -0.022799756956124864, -0.04090164264617009]","[0.05768158309654435, 0.1272778440492938, 0.03815864501870524, 0.0029708132406132217, 0.004275466584054462]",0,SeattleCityCouncil_08082016_Res 31690,model_B
tofueval_Qwen2.5-0.5B-Instruct,787,787,1.5902377367019653,55,1.5452626943588257,0.2327670156955719,"[0.6431183136644408, 0.11079916006982041, 0.13946652696117368, -0.025495916023646713, -0.05847517040317391]","[0.13453239661599914, 0.03333656024137575, 0.015231373913213081, 0.0044004965843069755, 0.005389315033427135]",0,SeattleCityCouncil_08082016_Res 31690,model_C
tofueval_Qwen2.5-0.5B-Instruct,788,788,1.4822059869766235,101,2.451334238052368,0.2937278151512146,"[1.3599833687265994, 0.4871343800956617, 0.018284422661279245, 0.01590527028059627, 0.005183041523358241]","[0.18894448057439472, 0.05126244614973417, 0.007356070005444886, 0.0029967922738731853, 0.00804146329639394]",1,SeattleCityCouncil_08082016_Res 31690,model_D
tofueval_Qwen2.5-0.5B-Instruct,789,789,2.079376459121704,50,0.7537040710449219,0.17679458856582642,"[-0.21926366900908761, 0.014007721724919975, 0.23689125637247344, 0.02158989880728768, 0.03218117551878095]","[0.040678467908819585, 0.012943644125264199, 0.026101912978056134, 0.005157445833224301, 0.00927289241051767]",1,SeattleCityCouncil_08082016_Res 31690,model_E
tofueval_Qwen2.5-0.5B-Instruct,790,790,2.2742931842803955,65,1.5655949115753174,0.2515605390071869,"[-0.08112296238541603, 0.07960042543216751, 0.1854644961800659, -0.11438244542715928, 0.6869787057772135]","[0.050330341089955676, 0.02957696600905575, 0.03751818220640556, 0.013206717636771477, 0.10361343385119164]",0,SeattleCityCouncil_08082016_Res 31690,Model-Extra
tofueval_Qwen2.5-0.5B-Instruct,791,791,0.7862105965614319,156,2.0014255046844482,0.270386278629303,"[1.2641105893438715, 0.18652868433167522, 0.40462656215552273, 0.01580299811557313, 0.1152761839832284]","[0.17120501716188022, 0.03332642843862725, 0.04920631663274687, 0.002522926913633009, 0.00861338407019802]",0,SeattleCityCouncil_08082016_Res 31690,model_A
tofueval_Qwen2.5-0.5B-Instruct,792,792,1.4886865615844727,83,1.4583101272583008,0.20578201115131378,"[0.8597430256986079, 0.07079119983683929, 0.07597035558593421, 0.037176917049176826, -0.045489609056606144]","[0.11946570023264282, 0.01681245241791723, 0.009217827936037152, 0.003999448781442709, 0.011220987330089194]",0,SeattleCityCouncil_08082016_Res 31690,model_B
tofueval_Qwen2.5-0.5B-Instruct,793,793,1.355376958847046,53,0.6206269264221191,0.1624595820903778,"[0.15518398897984298, 0.07038752048524571, -0.02411974299046154, -0.021033152576150453, -0.056538496269429334]","[0.04455349352461643, 0.026945946961499226, 0.015030903605421836, 0.011337901439622688, 0.009257845686422442]",0,SeattleCityCouncil_08082016_Res 31690,model_C
tofueval_Qwen2.5-0.5B-Instruct,794,794,1.129410743713379,121,1.8049594163894653,0.26004496216773987,"[0.3893425485111797, 0.1725054893928651, 0.058040482353488576, 0.3308158275126328, 0.4851708440288679]","[0.05121839309167471, 0.035105075212248434, 0.01843218529784431, 0.07023319632494049, 0.06917726117170875]",0,SeattleCityCouncil_08082016_Res 31690,model_D
tofueval_Qwen2.5-0.5B-Instruct,795,795,1.539163589477539,47,2.1796066761016846,0.21061359345912933,"[0.8631367286954551, 0.2524514839542656, 0.1247773790563905, 0.01967012917327551, 0.05865865537959914]","[0.13030395642070947, 0.023998016585921426, 0.007923484528240071, 0.003223117189071808, 0.0067068179538724276]",0,SeattleCityCouncil_08082016_Res 31690,model_E
tofueval_Qwen2.5-0.5B-Instruct,796,796,3.0541014671325684,52,1.4069271087646484,0.2097214013338089,"[-0.08028079552213267, 0.9772217890243226, 0.04130748858621631, -0.003648282657825173, 0.11513560266869788]","[0.016856792228211886, 0.10078921341874565, 0.005643957919101712, 0.006430910069901494, 0.01254033856240802]",0,SeattleCityCouncil_08142017_Res 31764,Model-Extra
tofueval_Qwen2.5-0.5B-Instruct,797,797,1.8821041584014893,93,2.0217490196228027,0.25868090987205505,"[-0.05787119799373691, 1.5664849405287093, -0.05985867604613304, 0.2729438682824063, 0.026767631302968227]","[0.01337756954005702, 0.189039124948253, 0.012512272157349093, 0.036592516871132096, 0.006228581142759824]",1,SeattleCityCouncil_08142017_Res 31764,model_A
tofueval_Qwen2.5-0.5B-Instruct,798,798,1.3645838499069214,132,2.30810546875,0.31177687644958496,"[-0.06942212393826622, 1.3126804598758817, 0.01082880812464282, 0.8839191240910044, 0.01589207389428559]","[0.006093585688764354, 0.19855454091432903, 0.004229974268909156, 0.08808826486535429, 0.0063866893803888715]",0,SeattleCityCouncil_08142017_Res 31764,model_B
tofueval_Qwen2.5-0.5B-Instruct,799,799,1.8594239950180054,65,1.4343254566192627,0.22855159640312195,"[-0.045981893831720716, 0.8529413990439095, 0.016190663950804336, 0.3456595644905554, 0.014434520091162995]","[0.011749379654527449, 0.13900695926016712, 0.018310140262012563, 0.0650732340588897, 0.008774325889302978]",1,SeattleCityCouncil_08142017_Res 31764,model_C
tofueval_Qwen2.5-0.5B-Instruct,800,800,1.7187097072601318,111,2.007793426513672,0.2736828923225403,"[-0.048592064248811954, 1.3843886739370383, 0.2914159078753909, -0.0021095121476858505, 0.023691842659507134]","[0.010422513051574791, 0.1613526354940896, 0.037405226452667015, 0.010532175599070985, 0.01048650173684232]",1,SeattleCityCouncil_08142017_Res 31764,model_D
tofueval_Qwen2.5-0.5B-Instruct,801,801,1.8407033681869507,56,1.6744240522384644,0.2168164700269699,"[0.28479705353571, 0.902832660702448, -0.011618090613670315, 0.48848462096066214, 0.09518061659036903]","[0.03027958564117788, 0.1149425633798923, 0.005974944885131046, 0.06475795212320788, 0.020909399477578257]",0,SeattleCityCouncil_08142017_Res 31764,model_E
tofueval_Qwen2.5-0.5B-Instruct,802,802,2.784383773803711,51,1.3909543752670288,0.17507247626781464,"[-0.1385795598285839, 1.2937819294017447, 0.29585276385792075, 0.05601486456283715, 0.09861904227371127]","[0.008957251006262702, 0.1214645589042733, 0.03398692597247467, 0.017009916998350652, 0.011122188608606295]",0,SeattleCityCouncil_08142017_Res 31764,Model-Extra
tofueval_Qwen2.5-0.5B-Instruct,803,803,1.34120512008667,87,2.109553575515747,0.3033584654331207,"[-0.03702894254218273, 1.9029424230784884, 0.03654091343739948, 0.5175809088608333, -0.008307270650503]","[0.0059686902421858005, 0.23642430008689627, 0.009140044428901959, 0.06775801117374748, 0.0037222479486183732]",0,SeattleCityCouncil_08142017_Res 31764,model_A
tofueval_Qwen2.5-0.5B-Instruct,804,804,1.4171422719955444,77,2.430549144744873,0.28717559576034546,"[-0.04091605850965595, 2.371825840223245, 0.05217529117929531, 0.0032226682845472856, 0.0031706373964726633]","[0.00941195466274822, 0.2631549608032318, 0.006566950449800438, 0.00783860573148098, 0.0061342142428970105]",0,SeattleCityCouncil_08142017_Res 31764,model_B
tofueval_Qwen2.5-0.5B-Instruct,805,805,1.1280280351638794,117,1.9547743797302246,0.28456559777259827,"[-0.059903589025184494, 1.6847110318765492, 0.3404317551260639, 0.0485825176363653, -0.01923416580757864]","[0.004780167151209221, 0.23792592287270994, 0.03707672115908483, 0.006431619996831606, 0.0035207722277353546]",1,SeattleCityCouncil_08142017_Res 31764,model_C
tofueval_Qwen2.5-0.5B-Instruct,806,806,1.087505578994751,72,1.8648706674575806,0.25236666202545166,"[-0.011778307235342962, 1.4427375276314303, 0.03038620346958649, 0.5716604737290254, 0.03884073486218161]","[0.00625619430576939, 0.18160672378907192, 0.00614231138121113, 0.07552471387692902, 0.003844554158383239]",0,SeattleCityCouncil_08142017_Res 31764,model_D
tofueval_Qwen2.5-0.5B-Instruct,807,807,1.8444982767105103,52,2.8974950313568115,0.3547431528568268,"[-0.012903589599143462, 0.9216593516309961, 0.02106301840663386, 1.7211088081015846, 0.02275529875455854]","[0.006283984176731722, 0.10659171634520484, 0.0073166989295889205, 0.2248615142318438, 0.026867800415909818]",0,SeattleCityCouncil_08142017_Res 31764,model_E
tofueval_Qwen2.5-0.5B-Instruct,808,808,2.6207261085510254,57,1.3412346839904785,0.23000158369541168,"[-0.06725589774156872, 1.0219524451776554, 0.2621124086395037, -0.03450801542126819, 0.0591993226032508]","[0.014094370433699703, 0.1667426493577455, 0.047168909556204563, 0.007515003931889384, 0.0051654023126295155]",0,SeattleCityCouncil_08142017_Res 31764,Model-Extra
tofueval_Qwen2.5-0.5B-Instruct,809,809,1.55064058303833,92,2.045424699783325,0.2602546513080597,"[0.0003401630900280788, 1.859629460590203, -0.00171343797402464, -0.060243902163481675, 0.046960750788556375]","[0.014426427549694934, 0.23003541807615283, 0.005615415025450038, 0.010101707433020494, 0.006509621197728205]",0,SeattleCityCouncil_08142017_Res 31764,model_A
tofueval_Qwen2.5-0.5B-Instruct,810,810,1.6103276014328003,62,1.3410686254501343,0.23881201446056366,"[0.015697332917273255, 1.3305877574471636, 0.07540155259043639, 0.003683554258332738, 0.07436825058351632]","[0.012070836567644502, 0.22738650789828935, 0.002316801411721357, 0.00401894281202614, 0.003962093913668791]",0,SeattleCityCouncil_08142017_Res 31764,model_B
tofueval_Qwen2.5-0.5B-Instruct,811,811,1.460236668586731,95,2.3067007064819336,0.3053843080997467,"[-0.008458957318687585, 1.9353057151421365, 0.32490196251069153, -0.05310468316991702, 0.02537811107001624]","[0.008490962627724672, 0.26009875528214155, 0.05356478870839965, 0.011999249816904011, 0.0034405038389159494]",0,SeattleCityCouncil_08142017_Res 31764,model_C
tofueval_Qwen2.5-0.5B-Instruct,812,812,2.0040764808654785,66,1.872857689857483,0.28932005167007446,"[-0.020363357249703822, 1.2119074828153702, 0.03786237911271834, -0.02804284012756508, 0.09035590483637695]","[0.011545370909736834, 0.20720618990724854, 0.004581867798785397, 0.007753088295733808, 0.016630334224911083]",0,SeattleCityCouncil_08142017_Res 31764,model_D
tofueval_Qwen2.5-0.5B-Instruct,813,813,1.5763428211212158,104,1.8098915815353394,0.27892348170280457,"[-0.017922563258217943, 1.5876244803640964, -0.03766378618960376, 0.2041319227558303, -0.0008611696857070245]","[0.01024617327178353, 0.24623375723205335, 0.005649021740180816, 0.027367501640552606, 0.003170430398330819]",0,SeattleCityCouncil_08142017_Res 31764,model_E
tofueval_Qwen2.5-0.5B-Instruct,814,814,2.3898584842681885,54,1.087774395942688,0.14875809848308563,"[0.2844559427316266, -0.011101731362200721, -0.003978698820531092, 0.1568951801897061, -0.016752138785603974]","[0.03720678823379718, 0.0075746993393126846, 0.013282018335842251, 0.007718744065237438, 0.010196931659265829]",0,SeattleCityCouncil_09122016_Res 31702,Model-Extra
tofueval_Qwen2.5-0.5B-Instruct,815,815,1.524564266204834,51,1.4952492713928223,0.2558780014514923,"[0.04343032810963147, 0.0054179489083003764, -0.039549178475520905, 0.004802429353302988, 0.35207295712305]","[0.016346467622765083, 0.0015602428303219651, 0.0026060454896524145, 0.0017573697974516927, 0.052365181843889136]",1,SeattleCityCouncil_09122016_Res 31702,model_A
tofueval_Qwen2.5-0.5B-Instruct,816,816,0.820559561252594,86,1.9891912937164307,0.268474817276001,"[0.9783496757437565, -0.005413495494246681, -0.01425991221628655, 0.00935838031622827, 0.07885228735691525]","[0.13196664813668302, 0.0018630230785303475, 0.004432860423664846, 0.0014728531869586281, 0.006771127071374725]",0,SeattleCityCouncil_09122016_Res 31702,model_B
tofueval_Qwen2.5-0.5B-Instruct,817,817,1.6087863445281982,39,1.7370717525482178,0.2601231336593628,"[0.25981086034936685, 0.03604174046911514, 0.07836634414688422, 0.02762158292133767, 0.37646491149326977]","[0.02309286458108918, 0.002501948325866229, 0.00943273869565695, 0.0017644424521956982, 0.06269351029431956]",1,SeattleCityCouncil_09122016_Res 31702,model_C
tofueval_Qwen2.5-0.5B-Instruct,818,818,1.2427948713302612,98,1.0854729413986206,0.19497960805892944,"[0.3648594900313379, -0.038656516107280645, 0.30520674414256804, 0.00220981633471211, 0.1729555795285037]","[0.06873560711477118, 0.008787085850455838, 0.04062811537293518, 0.003048831574185628, 0.024690362729468143]",1,SeattleCityCouncil_09122016_Res 31702,model_D
tofueval_Qwen2.5-0.5B-Instruct,819,819,1.8198294639587402,65,1.0052049160003662,0.17052656412124634,"[-0.006095263351184817, 0.05934391104114743, 0.04363177652972249, 0.009399085269811062, 0.28922232732606623]","[0.03855696604048437, 0.00838121267909348, 0.007117157431555545, 0.005672978405108062, 0.033246154284615144]",1,SeattleCityCouncil_09122016_Res 31702,model_E
tofueval_Qwen2.5-0.5B-Instruct,820,820,2.5431132316589355,48,1.5257554054260254,0.1697756052017212,"[0.25981486976039986, 0.02709386540906659, 0.016553592060517985, 0.15620866648775214, 0.0785657162462788]","[0.06059059997627022, 0.007031310811697722, 0.013147229839830743, 0.015521139762578665, 0.011259655015995426]",0,SeattleCityCouncil_09122016_Res 31702,Model-Extra
tofueval_Qwen2.5-0.5B-Instruct,821,821,1.1034698486328125,73,1.6500812768936157,0.22662301361560822,"[0.3712645933827258, 0.07785189741031763, 0.007661960870037759, 0.012656188080592535, 0.2968779177630345]","[0.07208279580096157, 0.021778470271931537, 0.004963435905131998, 0.00218704045830255, 0.034307735103900325]",1,SeattleCityCouncil_09122016_Res 31702,model_A
tofueval_Qwen2.5-0.5B-Instruct,822,822,2.0085256099700928,49,0.7548213005065918,0.1455700844526291,"[-0.038946492520246505, 0.020822809114624575, -0.0019019027098024987, -0.021695033288370743, 0.24699273291257762]","[0.021000661701320346, 0.0014424058303937235, 0.0030342618771212484, 0.003326950554876429, 0.027404083729880787]",1,SeattleCityCouncil_09122016_Res 31702,model_B
tofueval_Qwen2.5-0.5B-Instruct,823,823,0.9424311518669128,64,2.436343193054199,0.3180224597454071,"[1.163253143432712, 0.015263056853655144, -0.01082643264504668, 0.018708900011347396, 0.07385991498188105]","[0.16532545730862225, 0.003227443740618341, 0.002518266101802613, 0.0019429447829213409, 0.011148075238418542]",1,SeattleCityCouncil_09122016_Res 31702,model_C
tofueval_Qwen2.5-0.5B-Instruct,824,824,0.9948931932449341,61,2.581989288330078,0.30965468287467957,"[1.3873921198299017, 0.03347918503587592, 0.429196628111178, 0.02234400425451716, 0.01764245192829489]","[0.181718341920386, 0.003622951034734141, 0.04046099203685012, 0.0016005970581497169, 0.004840699110646994]",0,SeattleCityCouncil_09122016_Res 31702,model_D
tofueval_Qwen2.5-0.5B-Instruct,825,825,1.4673125743865967,103,1.2600871324539185,0.20239178836345673,"[0.44363701410683576, -0.03854499507072, 0.008707981035204461, -0.003439874130228277, 0.1573287848634156]","[0.07536692866000791, 0.0062273178845356865, 0.008687873673849407, 0.004459694794778847, 0.029392998306606678]",1,SeattleCityCouncil_09122016_Res 31702,model_E
tofueval_Qwen2.5-0.5B-Instruct,826,826,1.8367825746536255,58,0.8978843688964844,0.17565904557704926,"[0.4011129253997532, 0.020860535782111552, -0.03553169508412448, 0.06397809597647525, 0.2543953299735159]","[0.04838190313578174, 0.003799540973157742, 0.011635566251658834, 0.002971535547442664, 0.03379849121690846]",1,SeattleCityCouncil_09122016_Res 31702,Model-Extra
tofueval_Qwen2.5-0.5B-Instruct,827,827,1.1560635566711426,87,0.8536394238471985,0.1672883778810501,"[0.06817859002665333, 0.016952904479778184, 0.0018667740082544215, 0.06206896338264268, 0.29608439837509903]","[0.019113633593132683, 0.002487537568300865, 0.001654270546197594, 0.0021391411694092564, 0.03129053839773892]",1,SeattleCityCouncil_09122016_Res 31702,model_A
tofueval_Qwen2.5-0.5B-Instruct,828,828,1.525964379310608,57,1.1357603073120117,0.2107883095741272,"[0.16543834311596584, 0.023229890872020757, 0.03153193700576626, -0.028693528059975187, 0.24047587719427324]","[0.03313645520894058, 0.004042120164552998, 0.016174622529710928, 0.003306045919109174, 0.032787140319940816]",1,SeattleCityCouncil_09122016_Res 31702,model_B
tofueval_Qwen2.5-0.5B-Instruct,829,829,1.1030769348144531,78,1.2924137115478516,0.19646823406219482,"[0.7566877398441111, 0.023064495771059696, 0.0028233310469763986, -0.0025411528879780796, 0.2543665029594334]","[0.08758786830521068, 0.0019766116566231062, 0.003326763000636208, 0.00213943561470605, 0.025906525701531954]",1,SeattleCityCouncil_09122016_Res 31702,model_C
tofueval_Qwen2.5-0.5B-Instruct,830,830,1.3161669969558716,101,0.8489276170730591,0.16588439047336578,"[0.392704796252627, 0.010786799601498054, 0.004029327818132893, 0.009434160217484298, 0.18229126303337426]","[0.06300469928751992, 0.0021061139518228585, 0.004138657653623629, 0.0018923338861862131, 0.024525512436651856]",1,SeattleCityCouncil_09122016_Res 31702,model_D
tofueval_Qwen2.5-0.5B-Instruct,831,831,1.5892186164855957,103,1.140549659729004,0.16197431087493896,"[0.5387303542778928, -0.0078068253940869305, -0.06754925876111442, 0.15819148521690807, 0.07057056938589368]","[0.07063378252904591, 0.010573041085729516, 0.009281930835307772, 0.020007436220071853, 0.023595002430345596]",1,SeattleCityCouncil_09122016_Res 31702,model_E
tofueval_Qwen2.5-0.5B-Instruct,832,832,1.3866631984710693,36,1.7396602630615234,0.2484450340270996,"[1.1392830493520403, 0.09088220798932728, 0.04570890195261907, 0.04063176578711136, -0.0020931596833785684]","[0.14974349683244428, 0.019651161215623207, 0.002453170905141633, 0.0019542335628052066, 0.0039040926632512513]",0,SeattleCityCouncil_10072019_CB 119288,Model-Extra
tofueval_Qwen2.5-0.5B-Instruct,833,833,1.0433900356292725,54,1.821550965309143,0.26038941740989685,"[1.6433863122106738, 0.012225219464367169, -0.0032327655760498062, -0.01897636272527355, -0.0019013884166606996]","[0.21431903963255333, 0.003860023526947821, 0.0014484557563563343, 0.002425593772333859, 0.002279229925144827]",0,SeattleCityCouncil_10072019_CB 119288,model_A
tofueval_Qwen2.5-0.5B-Instruct,834,834,1.346529245376587,40,1.3934272527694702,0.21161949634552002,"[1.1538341575156665, 0.0682015832495381, -0.005163836402789457, -0.03401127763900149, -0.011781628597054805]","[0.14043300708726747, 0.004941273024959969, 0.0022364232503036875, 0.002142249691351594, 0.004066849376474124]",0,SeattleCityCouncil_10072019_CB 119288,model_B
tofueval_Qwen2.5-0.5B-Instruct,835,835,1.4643903970718384,52,1.252241849899292,0.20843783020973206,"[0.62372544754404, 0.22648538901082177, 0.2392900884487272, 0.02054100449235053, 0.022467673018791875]","[0.09227839482208275, 0.02054713649094599, 0.025356037111792445, 0.0030043575123911, 0.003965932500458043]",1,SeattleCityCouncil_10072019_CB 119288,model_C
tofueval_Qwen2.5-0.5B-Instruct,836,836,1.4662435054779053,79,1.483062505722046,0.25874003767967224,"[0.07720490972091675, 0.3681460808721464, -0.015020012794513052, -0.026691824556317304, 0.6488114707572555]","[0.05312807394273238, 0.06563252032083831, 0.005916453823718587, 0.00871343299249325, 0.07747029053443896]",0,SeattleCityCouncil_10072019_CB 119288,model_D
tofueval_Qwen2.5-0.5B-Instruct,837,837,1.208486557006836,77,1.6428948640823364,0.267961323261261,"[1.0872891081422236, 0.3895365359825188, 0.021917460590707556, 0.031833319481410834, 0.033360469363842994]","[0.17277427448094718, 0.04467579443781959, 0.0037433806718885913, 0.00729778873193771, 0.005226160801854561]",1,SeattleCityCouncil_10072019_CB 119288,model_E
tofueval_Qwen2.5-0.5B-Instruct,838,838,2.841853618621826,32,1.538228154182434,0.2278764247894287,"[-0.4476295574527285, 0.2461072214791784, -0.2574448458867664, 0.13454008810049345, 0.21333421224699123]","[0.020113680033986725, 0.020777766759351834, 0.013649168287102498, 0.02712309981029648, 0.12790142727408238]",0,SeattleCityCouncil_10072019_CB 119288,Model-Extra
tofueval_Qwen2.5-0.5B-Instruct,839,839,1.7270095348358154,40,2.0909907817840576,0.2749791741371155,"[0.030299398259103327, 0.08753062442647205, -0.02245760938130843, 0.05835998212796767, 1.1856941773206926]","[0.013718579550800313, 0.0050851341878455966, 0.001647447255197676, 0.00595001209943149, 0.2016458115169371]",0,SeattleCityCouncil_10072019_CB 119288,model_A
tofueval_Qwen2.5-0.5B-Instruct,840,840,2.785207986831665,63,0.5816720724105835,0.1451922059059143,"[0.3413225292213264, 0.22178410303696716, -0.008272466100635707, 0.043032972585673894, 0.07433733263921265]","[0.05024954807982607, 0.01470128654830205, 0.003335483657504064, 0.01104880116891251, 0.0833652402364329]",1,SeattleCityCouncil_10072019_CB 119288,model_B
tofueval_Qwen2.5-0.5B-Instruct,841,841,3.282133102416992,39,0.6953943967819214,0.1513521671295166,"[0.21032828426895997, 0.36254011407249775, 0.04155752448609863, 0.07606943197494659, 0.18647998306625643]","[0.05314102597857037, 0.02013414277602211, 0.003999515232862905, 0.00553429142331506, 0.10682501718344074]",1,SeattleCityCouncil_10072019_CB 119288,model_C
tofueval_Qwen2.5-0.5B-Instruct,842,842,1.6479473114013672,48,1.9290679693222046,0.3088679313659668,"[1.4628667268552817, 0.016349419421506656, -0.034137275719937556, -0.0047202754916118765, -0.07416311955118242]","[0.19308357075594054, 0.013712903176975525, 0.004130436595763361, 0.002275415507701458, 0.019177529788403074]",0,SeattleCityCouncil_10072019_CB 119288,model_D
tofueval_Qwen2.5-0.5B-Instruct,843,843,1.1569044589996338,94,1.9447412490844727,0.3080822825431824,"[1.2846682646613385, 0.3986383199953707, -0.0038642693577864346, 0.035306247711289075, -0.05452324152069428]","[0.17422175679869126, 0.07296195786287467, 0.008534338916107078, 0.010491524139432782, 0.019490005864853135]",0,SeattleCityCouncil_10072019_CB 119288,model_E
tofueval_Qwen2.5-0.5B-Instruct,844,844,2.006079912185669,75,1.268330454826355,0.21425971388816833,"[-0.15468011412910224, 0.3485307062649614, -0.024220505335106283, 0.37016401968304613, 0.2788514477823628]","[0.014893506666434556, 0.07908148400343179, 0.005624930646176835, 0.036721535534034046, 0.05209060942358822]",1,SeattleCityCouncil_10072019_CB 119288,Model-Extra
tofueval_Qwen2.5-0.5B-Instruct,845,845,1.6779907941818237,60,1.3165132999420166,0.26557257771492004,"[-0.03148264978396279, 1.0088037677060735, -0.004319098225520671, 0.02129118899429159, 0.09958592394911345]","[0.010560874188119367, 0.17252453310690422, 0.003929984546329024, 0.04663296214755898, 0.012523537016568298]",0,SeattleCityCouncil_10072019_CB 119288,model_A
tofueval_Qwen2.5-0.5B-Instruct,846,846,1.2492271661758423,72,1.3486963510513306,0.26256680488586426,"[0.006152565051100585, 0.9457897996506088, 0.014866712758551634, -0.011945553378205255, 0.043289604916986316]","[0.011552147219215195, 0.20862328281560216, 0.00862452465634236, 0.011467102936791207, 0.005494102631483126]",0,SeattleCityCouncil_10072019_CB 119288,model_B
tofueval_Qwen2.5-0.5B-Instruct,847,847,0.93691486120224,51,1.7272520065307617,0.28619784116744995,"[0.02437362815396459, 1.1926508543431684, 0.010759114271966646, 0.06405897103706379, 0.11620141492792255]","[0.017955930134452475, 0.2099650803412777, 0.008907026881343864, 0.027343513144413734, 0.005056967827338034]",0,SeattleCityCouncil_10072019_CB 119288,model_C
tofueval_Qwen2.5-0.5B-Instruct,848,848,1.699194312095642,48,1.8378421068191528,0.2212669402360916,"[0.023257419949156127, 0.1526125844551037, 0.4102249341103743, 0.7178633829610893, 0.12943261164173236]","[0.02232827142447036, 0.06183535762761494, 0.053151594332177865, 0.05690946587537837, 0.010015486914956758]",1,SeattleCityCouncil_10072019_CB 119288,model_D
tofueval_Qwen2.5-0.5B-Instruct,849,849,1.516269564628601,47,1.2655246257781982,0.2107488363981247,"[0.06335344201494429, 0.4406129622627904, 0.2816191163733589, 0.03315677048119548, 0.05689942368089179]","[0.025716054281788952, 0.11493964866136555, 0.047403426333030824, 0.009537597650843596, 0.007212637838987807]",1,SeattleCityCouncil_10072019_CB 119288,model_E
tofueval_Qwen2.5-0.5B-Instruct,850,850,1.7934491634368896,68,1.3599522113800049,0.23318098485469818,"[0.22463210982202916, 0.7534495606994502, 0.014439063460807066, -0.004448201085645398, 0.017266565343722024]","[0.050540801455901924, 0.1278327624516832, 0.004383406204779054, 0.002317309306289751, 0.0028247151237391177]",0,SeattleCityCouncil_11092020_CB 119945,Model-Extra
tofueval_Qwen2.5-0.5B-Instruct,851,851,1.1662580966949463,66,2.1443917751312256,0.2886434495449066,"[1.2407782709270219, 0.6762477417848155, -0.003765170137462588, -0.013054682937369114, -0.009512233311700887]","[0.14953944521177176, 0.0902215255469979, 0.002164379906328794, 0.0009643328565239314, 0.0016754202269436119]",0,SeattleCityCouncil_11092020_CB 119945,model_A
tofueval_Qwen2.5-0.5B-Instruct,852,852,1.2015762329101562,86,1.5044257640838623,0.2190018594264984,"[-0.04465177070415996, 1.4715708014294695, 0.002410949836192146, 0.01771159915483622, 0.022023448275059455]","[0.022454044945832027, 0.1911284903368078, 0.007241562373400521, 0.0023068149690915517, 0.003134183701509824]",1,SeattleCityCouncil_11092020_CB 119945,model_B
tofueval_Qwen2.5-0.5B-Instruct,853,853,1.7205653190612793,157,0.3200483024120331,0.10230132192373276,"[0.17191497068985656, 0.052731449542653144, -0.021796935832626214, -0.04277160154562147, -0.036509019266710185]","[0.07493805745600625, 0.010255944681506037, 0.0037522091459556003, 0.0015938002905655755, 0.007013183994595064]",1,SeattleCityCouncil_11092020_CB 119945,model_C
tofueval_Qwen2.5-0.5B-Instruct,854,854,1.3847705125808716,71,2.038259983062744,0.2884450852870941,"[0.7753458995920111, 1.194466957577109, 0.05215285021778316, 0.0081309197930622, 0.013702738898976182]","[0.13213932826155042, 0.11787668610141852, 0.0074200781480158184, 0.0014690486187537574, 0.0023218162597439798]",0,SeattleCityCouncil_11092020_CB 119945,model_D
tofueval_Qwen2.5-0.5B-Instruct,855,855,1.266180396080017,96,1.9097566604614258,0.26321566104888916,"[0.1436210600868056, 0.9217047934967013, 0.47334807851298893, -0.0008475380310907591, 0.2237742750178692]","[0.03199436819307048, 0.12578276687862436, 0.06833002079898165, 0.002459094998185899, 0.015814982861381093]",1,SeattleCityCouncil_11092020_CB 119945,model_E
tofueval_Qwen2.5-0.5B-Instruct,856,856,1.3814857006072998,26,2.234928846359253,0.2751276195049286,"[0.3964538204241902, 0.29931217422577344, -0.004719467312427766, -0.011350864837088291, -0.0071594239328148365]","[0.1263113506234871, 0.008222753344302173, 0.0010504998957816707, 0.0012926362161789046, 0.0018458224187025524]",0,SeattleCityCouncil_11092020_CB 119945,Model-Extra
tofueval_Qwen2.5-0.5B-Instruct,857,857,1.3059656620025635,57,2.300849676132202,0.29813897609710693,"[0.7301508495600725, 1.019215325645698, -0.031584464336263635, -0.02688347019289052, -0.007485375935366871]","[0.1388625171499867, 0.0940935628601525, 0.007526300945664046, 0.001243561716717666, 0.0024036603664179686]",0,SeattleCityCouncil_11092020_CB 119945,model_A
tofueval_Qwen2.5-0.5B-Instruct,858,858,1.3324661254882812,78,1.993926763534546,0.25861287117004395,"[0.3739820090888362, 0.9490178146668955, 0.2996623147607049, 0.03208738737580811, 0.037026914270019265]","[0.05966240154217909, 0.09359566911996353, 0.03733249418290285, 0.0016217677516844986, 0.0022200341721444897]",1,SeattleCityCouncil_11092020_CB 119945,model_B
tofueval_Qwen2.5-0.5B-Instruct,859,859,0.4125921130180359,75,2.9965131282806396,0.3796002268791199,"[2.3365773266895364, -0.0031680807315387937, 0.021293327821070608, -0.0035886694823724003, -0.0004313751444775941]","[0.28710923559580503, 0.007308638033256708, 0.0007327931824018682, 0.00042808539787453505, 0.0005774797449559325]",0,SeattleCityCouncil_11092020_CB 119945,model_C
tofueval_Qwen2.5-0.5B-Instruct,860,860,0.9588251709938049,74,2.2160041332244873,0.3010324239730835,"[0.706279874096278, 0.8070471164040045, 0.0008510401482862402, 0.02487748608136734, 0.019175862806577782]","[0.11923844628657321, 0.0974978763048027, 0.005933538963335951, 0.0016158703963233042, 0.0020807562036380305]",0,SeattleCityCouncil_11092020_CB 119945,model_D
tofueval_Qwen2.5-0.5B-Instruct,861,861,0.8687045574188232,107,2.2569029331207275,0.31753960251808167,"[0.3513097871100144, 1.1120939333047326, 0.33058340228899397, 0.01831175107127675, 0.020878249367074758]","[0.07896994733786462, 0.13817745597414563, 0.05331646477994076, 0.001603209448276876, 0.0020114375889955407]",1,SeattleCityCouncil_11092020_CB 119945,model_E
tofueval_Qwen2.5-0.5B-Instruct,862,862,1.7865334749221802,62,1.21103036403656,0.23513075709342957,"[0.111376700698583, 0.5237091936383701, 0.4910167462233315, -0.031188381588846473, -0.037880511180769495]","[0.052084177856320295, 0.06628919578566463, 0.08043721419820823, 0.001265471900804612, 0.0021864743695452432]",0,SeattleCityCouncil_11092020_CB 119945,Model-Extra
tofueval_Qwen2.5-0.5B-Instruct,863,863,0.7901979684829712,52,2.271632671356201,0.32734063267707825,"[1.1525915375325264, 1.0762973842422001, -0.03467475757333187, -0.04536294330721201, 0.011368983183379337]","[0.19286865735067785, 0.10385334824090145, 0.0037033949404762833, 0.0012560733657664969, 0.0018555842258365374]",0,SeattleCityCouncil_11092020_CB 119945,model_A
tofueval_Qwen2.5-0.5B-Instruct,864,864,1.3077472448349,85,1.5963199138641357,0.2667251229286194,"[0.17655174594070985, 0.9294124933886718, 0.6038198097537936, -0.05269862233700919, 0.19007366984429502]","[0.034505808799614145, 0.1546457404046658, 0.080085206014543, 0.0027843426694904765, 0.016065689893956486]",1,SeattleCityCouncil_11092020_CB 119945,model_B
tofueval_Qwen2.5-0.5B-Instruct,865,865,2.103548526763916,70,0.3563947379589081,0.1762773096561432,"[0.23895397373541657, 0.06799068338961141, -0.02500610503941841, -0.033489788055054044, -0.1251534268193479]","[0.09993837612918079, 0.02932566400855064, 0.003073519946250209, 0.0015101000775660266, 0.0291847614474526]",1,SeattleCityCouncil_11092020_CB 119945,model_C
tofueval_Qwen2.5-0.5B-Instruct,866,866,1.2651686668395996,76,1.9868847131729126,0.27957606315612793,"[0.5428276791833349, 1.2864635370508735, -0.05025731627099324, 0.0016888508219913571, 0.018189039609981854]","[0.11396584833618674, 0.13297487458194424, 0.011574755607290137, 0.001505318993414194, 0.0018301712993758052]",0,SeattleCityCouncil_11092020_CB 119945,model_D
tofueval_Qwen2.5-0.5B-Instruct,867,867,1.155533790588379,78,1.9293005466461182,0.27712729573249817,"[0.6073267474461411, 0.5317078668735914, 0.7287450052700968, -0.015583122871481838, -0.01836231745736045]","[0.10746737039015204, 0.06825474430872902, 0.08795589511516529, 0.0008983754284194662, 0.0013754111283904608]",0,SeattleCityCouncil_11092020_CB 119945,model_E
tofueval_Qwen2.5-0.5B-Instruct,868,868,3.0290069580078125,57,1.1919890642166138,0.21169623732566833,"[0.15681693487261472, 0.14341008140329728, 0.3195573726440208, -0.011883954734034967, -0.05453815513796974]","[0.07679301062843909, 0.04556659790837888, 0.04590328371875984, 0.007873071296560005, 0.006896356897956585]",0,SeattleCityCouncil_12142020_CB 119971,Model-Extra
tofueval_Qwen2.5-0.5B-Instruct,869,869,1.7616463899612427,63,1.505818486213684,0.23954391479492188,"[0.8299796422056499, 0.27158285255797043, 0.07981965148180264, -0.021340282360648014, 0.024262874480059725]","[0.15350458731659777, 0.044401371952502024, 0.017295820191506325, 0.0034029985245936025, 0.0036423746736769344]",0,SeattleCityCouncil_12142020_CB 119971,model_A
tofueval_Qwen2.5-0.5B-Instruct,870,870,1.9634543657302856,74,1.1761943101882935,0.2012443095445633,"[0.44004123016669394, 0.2605585601001646, 0.08642330934359248, 0.0340095811045742, 0.08246905513059008]","[0.09421645965085805, 0.06596852177022731, 0.008379623146848841, 0.002791656275256763, 0.0036754213016519243]",1,SeattleCityCouncil_12142020_CB 119971,model_B
tofueval_Qwen2.5-0.5B-Instruct,871,871,2.138498544692993,57,2.6729300022125244,0.35585376620292664,"[1.051731255493666, 0.2975921254715343, -0.012051278659910486, -0.004392245377969454, -0.00018246635884504046]","[0.18854538977080793, 0.08594837705696957, 0.022154130964784264, 0.009139862022413837, 0.004257926038023965]",0,SeattleCityCouncil_12142020_CB 119971,model_C
tofueval_Qwen2.5-0.5B-Instruct,872,872,1.608120322227478,115,2.0036280155181885,0.2748716175556183,"[0.9255453936755658, 0.27680365227747444, 0.14280903872555506, -0.00928135618564936, 0.10027378121309954]","[0.1376957336414742, 0.041679336874041004, 0.027915672412924007, 0.005816368982750251, 0.01033673251196156]",0,SeattleCityCouncil_12142020_CB 119971,model_D
tofueval_Qwen2.5-0.5B-Instruct,873,873,3.2729787826538086,46,1.2572908401489258,0.2071610540151596,"[0.15983568919498636, 0.0919917868450284, 0.0789494214556686, 0.032436566232480916, -0.06389373656154772]","[0.03883515488996636, 0.03868793055311392, 0.015126766097538442, 0.011187974774004586, 0.01078229907471209]",1,SeattleCityCouncil_12142020_CB 119971,Model-Extra
tofueval_Qwen2.5-0.5B-Instruct,874,874,1.4306515455245972,93,2.4106879234313965,0.315430223941803,"[0.8077024279999571, 0.5664497068331892, 0.39008345745597944, 0.007792631751237755, 0.011290894663816484]","[0.13110112733596496, 0.10223871988992986, 0.04656030876868567, 0.0050086820366251695, 0.003990550821129702]",0,SeattleCityCouncil_12142020_CB 119971,model_A
tofueval_Qwen2.5-0.5B-Instruct,875,875,2.040893316268921,46,1.7917301654815674,0.26018714904785156,"[0.7957307308451678, 0.09832281528455812, -0.020077121099862066, 0.05752458094502799, 0.3820883736505335]","[0.12386399961890318, 0.028261789960078717, 0.00458902122197643, 0.009984800236561174, 0.0634111392674225]",1,SeattleCityCouncil_12142020_CB 119971,model_B
tofueval_Qwen2.5-0.5B-Instruct,876,876,1.8571275472640991,53,1.8174006938934326,0.24445687234401703,"[0.42845063292935387, 0.11831156853234993, 0.1572067709365104, -0.04365693711135361, -0.023228490198545053]","[0.1021276174035178, 0.06583972127211965, 0.017792985714402007, 0.0037180446251937303, 0.0037201296336292523]",0,SeattleCityCouncil_12142020_CB 119971,model_C
tofueval_Qwen2.5-0.5B-Instruct,877,877,1.8140119314193726,64,2.0057427883148193,0.258425772190094,"[0.8012582779483637, 0.1512431811370334, 0.012724034415441565, -0.03676293489479576, -0.016303371847243397]","[0.1301296206365805, 0.056421786014237085, 0.006332785873940594, 0.005494214313959134, 0.004591776993912333]",1,SeattleCityCouncil_12142020_CB 119971,model_D
tofueval_Qwen2.5-0.5B-Instruct,878,878,3.4650766849517822,49,1.2537620067596436,0.17749322950839996,"[0.08924719978751121, 0.07194173408729233, 0.43247507227470683, -0.030984329283047393, 0.05819032192990488]","[0.017973538334537843, 0.03016865369462888, 0.036353005030906965, 0.011573581976595701, 0.0033947056272525663]",0,SeattleCityCouncil_12142020_CB 119971,Model-Extra
tofueval_Qwen2.5-0.5B-Instruct,879,879,1.7320597171783447,47,0.9048827886581421,0.16131699085235596,"[0.1511079654731649, -0.03818778525740701, 0.02615433444387894, 0.21409628813729642, -0.01765995285414318]","[0.01596359540154152, 0.012006855972318358, 0.016344582143380863, 0.07924713413206305, 0.00928904750415971]",0,SeattleCityCouncil_12142020_CB 119971,model_A
tofueval_Qwen2.5-0.5B-Instruct,880,880,2.409639596939087,91,1.4879595041275024,0.21112306416034698,"[0.15746949716077113, 0.15804404651063014, 0.28092952964796714, 0.18515151474531485, -0.01182901631889783]","[0.035310188034250484, 0.036904088312559785, 0.05305594954696282, 0.03367140304246757, 0.006041081598116332]",1,SeattleCityCouncil_12142020_CB 119971,model_B
tofueval_Qwen2.5-0.5B-Instruct,881,881,2.24821138381958,40,0.5899804830551147,0.12515172362327576,"[0.13646993121947162, 0.011168824334163219, 0.06322603211738169, 0.029101162531878798, 0.006565488321939483]","[0.03700425810363868, 0.026389743969866687, 0.016685583753678658, 0.015811139356173953, 0.0028816491318821138]",0,SeattleCityCouncil_12142020_CB 119971,model_C
tofueval_Qwen2.5-0.5B-Instruct,882,882,1.5742371082305908,45,1.1057822704315186,0.14650939404964447,"[0.22007128819823266, 0.13753932092545762, 0.05412550413360198, 0.02696146841885315, 0.040518783115678365]","[0.03789215246013353, 0.024800811206619578, 0.007535196569693249, 0.012394171323062943, 0.0032765019502322603]",0,SeattleCityCouncil_12142020_CB 119971,model_D
tofueval_Qwen2.5-0.5B-Instruct,883,883,1.9151535034179688,65,0.9136438369750977,0.16987714171409607,"[0.11318793887308297, 0.10596187093447393, 0.13682419737496485, 0.05778166710425956, 0.036720871463274726]","[0.023320748684720737, 0.04252979207588466, 0.02837940675887624, 0.013968895436482854, 0.0025262554276720877]",0,SeattleCityCouncil_12142020_CB 119971,model_E
