model,resp_id,orig_idx,mean_surprisal,n_tok,gap,jsd_noctx,chunk_drops,chunk_jsds,sent_type,label,sent_text
Qwen2.5-1.5B-Instruct_K3,0,6320,0.9391440153121948,18,2.900897979736328,0.27753353118896484,"[1.8010390951838215, 0.05324105797101058, -0.006524112085268523]","[0.20658370854855296, 0.0029097882260897576, 0.0016213652431057806]",none,0,"IV Deli Mart is a deli and restaurant located in Goleta, CA."
Qwen2.5-1.5B-Instruct_K3,0,6320,0.6391348838806152,18,1.3671190738677979,0.1689492017030716,"[1.137780491497122, -0.01458242019958157, -0.012782061780853837]","[0.15797153840149905, 0.0012306060262845778, 0.0013775495005714017]",none,0,"It offers a variety of food options such as burgers, sandwiches, and middle eastern cuisine."
Qwen2.5-1.5B-Instruct_K3,0,6320,1.534295916557312,15,0.578340470790863,0.13853372633457184,"[0.6918223798274994, 0.008484692499041557, -0.000494678815205892]","[0.11884584097812573, 0.0023268564150688083, 0.0015477929276433617]",none,0,The restaurant has regular hours from Monday to Sunday and provides takeout services.
Qwen2.5-1.5B-Instruct_K3,0,6320,2.0485689640045166,11,0.9248968362808228,0.14934252202510834,"[0.737297947941856, -0.04951867278114977, -0.038653058296238836]","[0.13208392122760415, 0.002792766473083413, 0.00177277300496247]",conflict,1,The restaurant also features outdoor seating and is WiFi enabled.
Qwen2.5-1.5B-Instruct_K3,0,6320,1.2852822542190552,17,0.8287476301193237,0.1254541128873825,"[1.0602516890434988, -0.020465274192461306, 0.04256012602298356]","[0.12576940967911093, 0.004511965355852547, 0.001886827834134826]",none,0,"However, it does not offer valet parking, garage parking, or reserved seating."
Qwen2.5-1.5B-Instruct_K3,0,6320,2.383122444152832,19,0.8223137855529785,0.16330210864543915,"[-0.05596964246299314, 0.15173034469204905, 0.15500855062303967]","[0.11440009387718562, 0.04120370763858342, 0.006484364099761527]",baseless,1,"Customers can choose from three different types of buffalo fries, which are known for their unique flavors."
Qwen2.5-1.5B-Instruct_K3,0,6320,1.5232319831848145,20,0.9221481084823608,0.12283943593502045,"[0.5832203094265423, -0.01045000577578321, 0.06376312630018219]","[0.0666897720326233, 0.020309272371741828, 0.017190775267226854]",none,0,"However, some customers have expressed disappointment with the recent changes in the fries' recipe and management style."
Qwen2.5-1.5B-Instruct_K3,0,6320,1.3303247690200806,13,0.35558590292930603,0.064665786921978,"[-0.09079097068080536, 0.5571899560208504, 0.04237413520996387]","[0.026369789082449503, 0.04910944334159677, 0.002783717158903388]",none,0,Some customers also commented on the long wait times and slow service.
Qwen2.5-1.5B-Instruct_K3,0,6320,1.0233392715454102,23,-0.03425627201795578,0.018589090555906296,"[-0.0176342693901698, -0.029307898789699284, 0.0012224407269652306]","[0.01964877156052333, 0.002516733773756849, 0.0011816490294571079]",baseless,1,"Overall, IV Deli Mart appears to be a casual eatery that offers a range of food options and outdoor seating."
Qwen2.5-1.5B-Instruct_K3,1,1413,1.0944749116897583,26,1.9117342233657837,0.234910249710083,"[0.5746255382546224, -0.024807252373788148, 0.10133619444856706]","[0.11826748637087384, 0.007379096308481026, 0.006268608148485118]",none,0,"Indiana Governor Mike Pence extended a public health emergency in response to a rapid increase in HIV cases, mostly among injection drug users."
Qwen2.5-1.5B-Instruct_K3,1,1413,0.4787379205226898,23,1.2961074113845825,0.23679490387439728,"[1.4749075844074073, 0.0434080780301567, 0.026667981180767325]","[0.2794459331881903, 0.008993978330685739, 0.0029862875935577904]",conflict,1,"As of Tuesday, there were 135 cases, with 79 confirmed and 56 preliminary."
Qwen2.5-1.5B-Instruct_K3,1,1413,1.4834308624267578,16,0.7971408367156982,0.1464497447013855,"[0.4703006467971136, 0.30595019999827855, 0.2591198755817459]","[0.10487047631431778, 0.06963826106010629, 0.021221474856233158]",none,0,"The state has seen an unprecedented outbreak, with most cases linked to opioid use."
Qwen2.5-1.5B-Instruct_K3,1,1413,0.6713090538978577,22,1.0349756479263306,0.2067788690328598,"[0.07267120063558898, 0.2825858794068071, 1.136876616626978]","[0.021975090628323167, 0.03934276955855735, 0.17078676616603677]",none,0,"A temporary needle exchange program has been established, and the governor emphasized the need for continued efforts to combat the epidemic."
Qwen2.5-1.5B-Instruct_K3,2,9555,1.2217304706573486,34,1.105417013168335,0.17975254356861115,"[1.094075186392087, 0.02786885792021862, -0.02230074641053815]","[0.16674249063426566, 0.000757450969197581, 0.002141015230125397]",none,0,"Based on the provided structured data, here is an objective overview of Wake Cup:

Wake Cup is a popular dessert and tea shop located in Isla Vista, California."
Qwen2.5-1.5B-Instruct_K3,2,9555,1.1842985153198242,20,0.3664720952510834,0.13554272055625916,"[0.16797370212152601, 0.04705504640878644, 0.007686807882419089]","[0.0985025130910799, 0.000308946730893922, 0.005314485781153166]",none,0,"The business has received an overall rating of 3.5 stars from customers, indicating mixed reviews."
Qwen2.5-1.5B-Instruct_K3,2,9555,1.0399351119995117,27,0.46452897787094116,0.11284545809030533,"[0.2615682767276734, -0.0348769548986133, 0.29378036494340953]","[0.06584880128644323, 0.0037338914889451865, 0.022636587969760445]",none,0,"The majority of customers have praised the quality of their milk tea and boba, with some noting that the staff is friendly and accommodating."
Qwen2.5-1.5B-Instruct_K3,2,9555,1.4179779291152954,16,0.4051826596260071,0.05936495587229729,"[0.10527551443749417, -0.014498626829322347, 0.6062246602457435]","[0.029326041310945072, 0.0006266943138957259, 0.08469056476709369]",none,0,"However, a few reviewers have expressed frustration with long wait times and incorrect orders."
Qwen2.5-1.5B-Instruct_K3,2,9555,1.3027359247207642,19,0.0860643982887268,0.061435699462890625,"[0.2228722671340955, -0.017278085903901803, 0.003054944700316379]","[0.062444797680272085, 0.0013430890744769528, 0.024002164216270966]",baseless,1,"Some customers have also noted that the business can be busy and crowded, especially during peak hours."
Qwen2.5-1.5B-Instruct_K3,2,9555,0.6353977918624878,23,-0.02358829975128174,0.027154425159096718,"[-0.16279247360343224, 0.022694234765525755, 0.0952631852928196]","[0.022909276432617687, 0.000674272123957132, 0.0035211616799860285]",none,0,"Despite these issues, Wake Cup remains a popular destination for those seeking high-quality milk tea and boba in the area."
Qwen2.5-1.5B-Instruct_K3,3,9910,6.974542140960693,3,-0.5150367617607117,0.2687087059020996,"[-0.9949254790941874, -0.26860666275024414, 0.03293381134668986]","[0.1311898835313817, 0.010835844809965542, 0.0042184644844383]",none,0,Sure!
Qwen2.5-1.5B-Instruct_K3,3,9910,0.798218309879303,42,1.1192907094955444,0.1354222148656845,"[1.1371465779113696, -0.009836579934482784, -0.0060933698815417645]","[0.1319248330831951, 0.000956843967115008, 0.0008534837964319985]",none,0,"Here's an objective overview of Little Caesars Pizza based on the provided structured data in JSON format:

Little Caesars Pizza is a restaurant located in Santa Barbara, California, offering Restaurants and Pizza cuisine."
Qwen2.5-1.5B-Instruct_K3,3,9910,1.3523954153060913,29,-0.09710439294576645,0.10550462454557419,"[-0.18351214032962412, 0.03719671935712164, 0.01360839441145674]","[0.07220509609349643, 0.0020620285172220786, 0.00071150880596398]",conflict,1,"With an average rating of 2.3 out of 5 stars based on three reviews, the business has a mixed reputation among its customers."
Qwen2.5-1.5B-Instruct_K3,3,9910,0.9494725465774536,26,0.33619022369384766,0.07545702904462814,"[0.3276634229203829, -0.004564951594847326, 0.0037889542425266253]","[0.07109659737370048, 0.0046197413215010716, 0.002013817044476477]",none,0,"While some patrons have praised the taste of the pizza and breadsticks, others have expressed disappointment with the service and quality of the food."
Qwen2.5-1.5B-Instruct_K3,3,9910,1.3741977214813232,28,0.7211689949035645,0.1479371339082718,"[0.7364326253674724, -0.047594682612888004, 0.027098600153944323]","[0.1254261149957269, 0.005721076517048118, 0.0016171790334798938]",none,0,"One reviewer reported waiting for over an hour to receive their order, while another customer complained about the immature and ignorant behavior of the staff."
Qwen2.5-1.5B-Instruct_K3,3,9910,1.484508752822876,35,0.6932361125946045,0.16384285688400269,"[0.1831988161832409, 0.2768518869933944, 0.030620284167058084]","[0.061965865952421546, 0.046953692394515655, 0.0249301218938334]",none,0,"Additionally, several reviewers have noted that the business frequently runs out of menu items, such as crazy bread, and that the pizza and breadsticks can be overcooked or served cold."
Qwen2.5-1.5B-Instruct_K3,3,9910,1.476712703704834,17,0.7737959027290344,0.14648142457008362,"[0.7871202589628998, 0.0921246958348681, 0.015496328041669638]","[0.16059230854186943, 0.0029671509769019287, 0.0036790622254878093]",baseless,1,The business has a limited seating area and does not offer outdoor seating or WiFi.
Qwen2.5-1.5B-Instruct_K3,3,9910,0.9928539395332336,12,0.2744642198085785,0.0949692353606224,"[0.23683203903783578, -0.036219983758201124, 0.011940762988767043]","[0.07986543748332527, 0.0007736621515353667, 0.0006280454958300652]",none,0,"Reservations are not accepted, and takeout is available."
Qwen2.5-1.5B-Instruct_K3,3,9910,2.4995622634887695,8,-0.3922264575958252,0.06839156150817871,"[-0.44687952660024166, 0.013802218483760953, 0.0853857109323144]","[0.049157335568452254, 0.003015885252807493, 0.00359634988126345]",baseless,1,Customers have the option to purchase gift cards.
Qwen2.5-1.5B-Instruct_K3,4,5002,6.352139949798584,3,0.10736513137817383,0.26897576451301575,"[-0.7266433437665304, -0.00598915417989095, 0.19058058659235635]","[0.11651662116249402, 0.002883284013175095, 0.018803241817901533]",none,0,Sure!
Qwen2.5-1.5B-Instruct_K3,4,5002,0.5841352939605713,38,0.7163709998130798,0.14784599840641022,"[0.4978045802630923, -0.011157583541295193, -0.01687761416443915]","[0.0981895212174792, 0.0006753503149908331, 0.0030538895618219073]",none,0,"Here's an objective overview of Cafe 154 based on the provided structured data:

Cafe 154 is a popular café located in the heart of Santa Barbara, California."
Qwen2.5-1.5B-Instruct_K3,4,5002,1.4983335733413696,40,-0.3365655541419983,0.07495371997356415,"[-0.17651786983515763, 0.011009540588809763, 0.1402385941674476]","[0.05724610655578814, 0.00526725913428665, 0.011640860173762757]",conflict,1,"With an average rating of 4.5 stars out of 5, this cozy café offers a variety of high-quality products, including coffee, pastries, sandwiches, salads, and smoothies."
Qwen2.5-1.5B-Instruct_K3,4,5002,1.4183790683746338,16,0.07165646553039551,0.07888142019510269,"[0.0821742327937045, 0.5583374073924006, -0.10870940910740501]","[0.036465112866522986, 0.024968969365673388, 0.03753760612409707]",none,0,"Customers rave about the delicious homemade syrups and the friendly, attentive service."
Qwen2.5-1.5B-Instruct_K3,4,5002,1.2039328813552856,26,0.24012698233127594,0.06482897698879242,"[0.022640636647898085, -0.030398714344790696, -0.04459522127595287]","[0.03744433827533227, 0.003189556832668271, 0.015401144499806972]",conflict,1,"The ambiance is casual and inviting, with outdoor seating available for those who wish to enjoy their drinks and snacks in the fresh air."
Qwen2.5-1.5B-Instruct_K3,4,5002,1.6540963649749756,32,0.4142862856388092,0.1198449656367302,"[0.17081938275180164, 0.25947505559770434, 0.33226152744634874]","[0.05854486798053671, 0.03379923651453964, 0.08689501266997013]",none,0,"One reviewer particularly appreciated the value offered by the café, noting that the quality of the croissant and latte was exceptional for the affordable price of $5."
Qwen2.5-1.5B-Instruct_K3,4,5002,1.1489337682724,17,1.8446216583251953,0.12352198362350464,"[0.00035326215541264154, 0.08430508894140504, 2.0131630897521973]","[0.01510884847171463, 0.009635483832158464, 0.11792434368159294]",none,0,Another reviewer praised the excellent preparation of Bulletproof Coffee and the pleasant outdoor seating area.
Qwen2.5-1.5B-Instruct_K3,4,5002,1.103635549545288,28,0.16880157589912415,0.011822792701423168,"[-0.041441711914387724, 0.03305550894078481, 0.10083685926351141]","[0.00838463724221177, 0.0011324436691317885, 0.004158806046607059]",none,0,"Overall, Cafe 154 appears to be a hidden gem in the Santa Barbara food scene, offering a superior customer experience at reasonable prices."
Qwen2.5-1.5B-Instruct_K3,5,8242,6.620687961578369,3,-0.16118328273296356,0.28715547919273376,"[-0.8920484383900961, 0.02435801426569621, 0.2941649556159973]","[0.09688497505461176, 0.0027794621031110487, 0.007504532191281517]",none,0,Sure!
Qwen2.5-1.5B-Instruct_K3,5,8242,0.7127271890640259,41,1.3339378833770752,0.14100037515163422,"[0.726313181161148, 0.07145228925547577, 0.03708571008370732]","[0.09963699046021225, 0.004476846360980411, 0.003679064263291998]",none,0,"Here's an objective overview of Dave's Dogs Grill based on the provided structured data:

Dave's Dogs Grill is a popular restaurant located in Santa Barbara, California, specializing in hot dogs and gourmet street food."
Qwen2.5-1.5B-Instruct_K3,5,8242,1.1528960466384888,43,0.19916889071464539,0.059421781450510025,"[0.059320646567896824, 0.04590465386598775, 0.013427888518351189]","[0.04697590090281374, 0.003132092016297853, 0.003729952841593405]",baseless,1,"With an overall rating of 4.5 stars and a 93% recommendation rate based on three customer reviews, the restaurant has established itself as a go-to destination for hot dog enthusiasts and casual diners alike."
Qwen2.5-1.5B-Instruct_K3,5,8242,1.458027958869934,18,0.26666179299354553,0.07916081696748734,"[0.4587377717382171, 0.01055932152262863, -0.03427205593996203]","[0.08560396710284597, 0.0017730475764968408, 0.0016273517489682693]",none,0,"The restaurant offers both indoor and outdoor seating, with a cozy ambiance and friendly staff."
Qwen2.5-1.5B-Instruct_K3,5,8242,1.5694224834442139,32,0.4537254869937897,0.105768121778965,"[0.53648722254718, 0.06119118272007995, 0.0726170039098335]","[0.09517672582195846, 0.005600008622156594, 0.011220831434341605]",none,0,"According to one reviewer, the service is ""great"" and ""really helpful."" Outdoor seating is available, making it a great spot for relaxed dining during nice weather."
Qwen2.5-1.5B-Instruct_K3,5,8242,0.6904332637786865,48,0.6486398577690125,0.09687193483114243,"[0.1694255602312277, 0.3937493253386606, 0.2821689829408645]","[0.01731886202462955, 0.049591779717102234, 0.03682044630351555]",none,0,"The menu features a variety of hot dog options, including classic favorites like the Chicago Dog and Hawaiian Dog, as well as unique creations like the Taco Dog, which features all the fixings of a taco on top of a hot dog."
Qwen2.5-1.5B-Instruct_K3,5,8242,1.491771936416626,13,1.0020397901535034,0.10628680884838104,"[0.12976675167178306, 0.08867782260327098, 1.118182231645243]","[0.02010246816133496, 0.007226779661065253, 0.10509163918099008]",none,0,The deep-fried Oreos are also a hit among customers.
Qwen2.5-1.5B-Instruct_K3,6,9436,6.310403347015381,3,0.14047281444072723,0.2676275074481964,"[-0.5873245994249979, -0.09393125772476196, 0.3088114658991496]","[0.04455818313484391, 0.0010802497563418, 0.00870970628845195]",none,0,Sure!
Qwen2.5-1.5B-Instruct_K3,6,9436,0.9595008492469788,41,0.8095982074737549,0.1481563299894333,"[0.4220027776678962, -0.009782451952316211, -0.01276245624539359]","[0.1339300042481887, 0.0030228422207966748, 0.0022481774806806243]",none,0,"Here's an objective overview of Pizza My Heart based on the provided structured data:

Pizza My Heart is a popular restaurant located in Isla Vista, CA, that offers delicious pizzas and a variety of toppings."
Qwen2.5-1.5B-Instruct_K3,6,9436,1.3851449489593506,26,1.621848464012146,0.2122144103050232,"[0.15348352371431526, -0.08528149637233512, 2.017111725514601]","[0.03394925545134807, 0.010662033191859056, 0.19735765906616856]",none,0,"The restaurant has a casual atmosphere with a mix of Latin and pop music, multiple TVs showing sports games, and easy seating areas."
Qwen2.5-1.5B-Instruct_K3,6,9436,0.9755709767341614,24,0.5386391282081604,0.10783720761537552,"[0.7229329274268063, -0.010286334600029553, -0.01029867521564635]","[0.08994571828447562, 0.024508885520693486, 0.006048316845620387]",none,0,"According to customer reviews, the pizza is consistently excellent, with one reviewer raving about the vegan and gluten-free options."
Qwen2.5-1.5B-Instruct_K3,6,9436,2.0591492652893066,10,0.17765586078166962,0.18245019018650055,"[0.9055029630661011, -0.39877140522003174, -0.7532099723815918]","[0.10244978591799736, 0.14563580981921403, 0.08233165252022445]",conflict,1,The restaurant also offers free WiFi and takes reservations.
Qwen2.5-1.5B-Instruct_K3,6,9436,1.0646756887435913,20,1.0798951387405396,0.24203208088874817,"[1.1258429737563347, 0.15404277932962032, -0.041492139662977934]","[0.15432822348994932, 0.07150996093619141, 0.019813168176119687]",none,0,"The menu includes a variety of pizza options, including the Big Sur, which is a fan favorite."
Qwen2.5-1.5B-Instruct_K3,6,9436,1.0476435422897339,12,-0.06631362438201904,0.05837768316268921,"[-0.07331100261459748, 0.4382570027373731, -0.08891017207254966]","[0.021743975029797486, 0.05625581964280476, 0.00837585249246331]",none,0,"The prices are reasonable, and the portion sizes are generous."
Qwen2.5-1.5B-Instruct_K3,6,9436,1.3460510969161987,14,0.06309839338064194,0.03599393740296364,"[0.08212153027521449, 0.7664918231828162, -0.04063566455285387]","[0.03993117788135488, 0.0616686263307713, 0.005383122666949751]",none,0,"The staff is friendly and provides excellent customer service, according to reviewers."
Qwen2.5-1.5B-Instruct_K3,6,9436,1.1737122535705566,25,0.2942018508911133,0.03099062666296959,"[0.2269489486388193, -0.01453514426430047, 0.02178507619519223]","[0.02739582075526414, 0.0029317194391092014, 0.0027723029181220228]",baseless,1,"Overall, Pizza My Heart is a great spot for casual dining and is suitable for groups, with both indoor and outdoor seating available."
Qwen2.5-1.5B-Instruct_K3,7,6339,1.1511980295181274,42,0.815005362033844,0.16226647794246674,"[0.39198647734641173, 0.03526138934120397, 0.022506507664816343]","[0.11593187181040862, 0.0012482651360496025, 0.002494464550154806]",baseless,1,"Here is an objective overview of Carl's Jr based on the structured data provided:

Carl's Jr is a fast food restaurant located in Santa Barbara, California, offering burgers, fries, and other quick bites."
Qwen2.5-1.5B-Instruct_K3,7,6339,1.3465429544448853,26,0.37751153111457825,0.11424127221107483,"[0.23267490340647504, 0.2880691619983946, 0.03647232245510587]","[0.06000113428140489, 0.04335421069257651, 0.012358991901587265]",none,0,"While some customers have had positive experiences with friendly staff and good food, others have expressed disappointment with the saltiness of their meals."
Qwen2.5-1.5B-Instruct_K3,7,6339,1.5116461515426636,23,1.06494140625,0.1577613204717636,"[0.6963625667495248, 0.7663984859043368, -0.0013624767737422624]","[0.10721737764138, 0.026629712031891635, 0.02669955103698632]",none,0,"One customer experienced poor customer service when asking for a drink refill, while another appreciated the friendliness of the cashier."
Qwen2.5-1.5B-Instruct_K3,7,6339,1.181249737739563,23,1.0076457262039185,0.18136043846607208,"[0.12382640381870062, 0.03693663919567252, 1.050853411054603]","[0.027816198791539216, 0.02129195675491286, 0.1475589633273953]",none,0,"The restaurant's ambiance is described as old-time retro, with some customers finding it pleasant and others unimpressed."
Qwen2.5-1.5B-Instruct_K3,7,6339,0.7726679444313049,17,0.5066563487052917,0.09641900658607483,"[0.2759523015209946, -0.0741704693350852, -0.09681241932455176]","[0.07218350413019353, 0.003910686377085928, 0.004645514725834567]",none,0,"Overall, Carl's Jr receives a 3.5-star rating based on customer reviews."
Qwen2.5-1.5B-Instruct_K3,8,7006,7.192842960357666,3,-0.7333381772041321,0.31696563959121704,"[-1.29002050558726, 0.039169768492380776, -0.16347690423329672]","[0.1493958882832279, 0.004127645942692955, 0.0009701964833463231]",none,0,Sure!
Qwen2.5-1.5B-Instruct_K3,8,7006,0.6468465328216553,53,1.173137903213501,0.12261278927326202,"[1.406477860849369, 0.014787118581140485, 0.014403498240600164]","[0.1433028702902336, 0.0018962941334281613, 0.0010660839846949792]",none,0,"Here's an objective overview of Nectar Eatery & Lounge based on the provided structured data:

Nectar Eatery & Lounge is a popular dining spot in Santa Barbara, CA, offering a unique blend of American and tapas cuisine in a trendy and intimate atmosphere."
Qwen2.5-1.5B-Instruct_K3,8,7006,0.9282003045082092,27,0.3671751320362091,0.08114347606897354,"[0.044722574961337226, -0.025391155983217888, 0.03641044629384177]","[0.03938052926645873, 0.002095488672407723, 0.0013532669289757163]",baseless,1,"With a rating of 4.0 stars and over 100 reviews, this restaurant has established itself as a local favorite."
Qwen2.5-1.5B-Instruct_K3,8,7006,0.8880366086959839,39,0.9808929562568665,0.1552271693944931,"[0.06505718669025858, 1.0547238737323288, -0.001989110872541343]","[0.040363245508873345, 0.1444656686923491, 0.0010862023686924588]",baseless,1,"The menu features a variety of small plates and entrees, including filet mignon, curried fish tacos, and chili lemongrass shrimp, all made with fresh and locally sourced ingredients."
Qwen2.5-1.5B-Instruct_K3,8,7006,1.6452662944793701,18,0.45478227734565735,0.11422739923000336,"[0.6587864408890406, 0.046505529485228986, 0.0289048097975966]","[0.09861827723216265, 0.00827631250932528, 0.002197234002475549]",conflict,1,"The restaurant has a cozy and romantic ambiance, with free WiFi and outdoor seating available."
Qwen2.5-1.5B-Instruct_K3,8,7006,1.7264165878295898,16,-0.13117802143096924,0.06413822621107101,"[-0.05396406320414826, 0.03008821340426948, -0.026011466055024357]","[0.05665797978785747, 0.009403091666712271, 0.01616942723478587]",none,0,The attentive staff provides excellent service and offers recommendations based on the diner's preferences.
Qwen2.5-1.5B-Instruct_K3,8,7006,0.8368411064147949,24,0.6276238560676575,0.061885327100753784,"[0.6498000991215349, -0.025988832776467536, -0.03233266432044957]","[0.060608916343786255, 0.002374106380411689, 0.002126981290212863]",none,0,"Nectar Eatery & Lounge also offers takeout and reservations, making it a versatile option for both casual and special occasions."
Qwen2.5-1.5B-Instruct_K3,8,7006,1.1390187740325928,20,0.9853705167770386,0.11109552532434464,"[0.8767762230912922, 0.12431142763780371, 0.022024356548354263]","[0.09324182610089338, 0.01555191388467847, 0.003717800007200367]",none,0,"The majority of reviews praise the restaurant's delicious food, particularly the signature cocktails and filet mignon."
Qwen2.5-1.5B-Instruct_K3,9,609,1.1516786813735962,51,1.4655587673187256,0.21042302250862122,"[0.5583487911024028, 0.3244765851409551, 0.03396093890278637]","[0.08493742444896306, 0.0633883116451412, 0.0039690486657901584]",conflict,1,"Liana Barrientos, 39, was arrested and charged with 10 counts of fraud after marrying 10 different men in New York between 1999 and 2002 as part of an immigration scam."
Qwen2.5-1.5B-Instruct_K3,9,609,0.7714378833770752,12,0.5333855748176575,0.18629787862300873,"[0.10152237298219309, 0.1019681405693215, 0.5186202643089928]","[0.011558141217998733, 0.027118416161708108, 0.18101142550100727]",none,0,She faces up to 4 years in prison if convicted.
Qwen2.5-1.5B-Instruct_K3,9,609,0.85173499584198,34,1.3845701217651367,0.22267936170101166,"[0.9084673228071016, 0.37843236903769567, 0.1739479509894462]","[0.1219865818747006, 0.08320699717507844, 0.0184828520161639]",none,0,"Barrientos, who is currently married to 4 men, had previously declared ""I do"" 5 more times, sometimes within 2 weeks of each other."
Qwen2.5-1.5B-Instruct_K3,9,609,0.875433087348938,27,2.0024585723876953,0.259753555059433,"[0.11140415122160145, 2.045543950430497, -0.08251650781130593]","[0.02972656923861063, 0.23628737186771576, 0.01999528471085594]",none,0,"The men involved in the scam filed for permanent residence status shortly after their marriages, and any divorces occurred only after their applications were approved."
Qwen2.5-1.5B-Instruct_K3,10,135,1.5274773836135864,20,1.2106777429580688,0.20879587531089783,"[0.5793708407087251, 0.0533807808853453, 0.030578920466359703]","[0.09277859897702001, 0.002348646162317891, 0.0013870672847588138]",none,0,Amnesty International has released a report highlighting the systematic persecution of women's rights activists in Afghanistan.
Qwen2.5-1.5B-Instruct_K3,10,135,1.0591717958450317,35,0.9091654419898987,0.2190067619085312,"[0.5068611595347258, 0.02075508558523974, -0.025799699493550828]","[0.15608230960621897, 0.012694731564338976, 0.009451142681271969]",none,0,"The report documents the increasing number of attacks on activists, including the recent murder of a young woman named Farkhunda, who was burned alive and dumped in a river."
Qwen2.5-1.5B-Instruct_K3,10,135,1.9429998397827148,27,0.1518920212984085,0.13143093883991241,"[-0.03995957769048228, -0.032141558367853845, -0.051786206563486266]","[0.07144401915768496, 0.015140843078757758, 0.07698897099584832]",none,0,"Despite the danger, women's rights activists have continued to protest and demand justice, with some male onlookers even supporting their cause."
Qwen2.5-1.5B-Instruct_K3,10,135,0.9684428572654724,23,0.564540684223175,0.10774697363376617,"[0.020479645226467492, 0.659269788268563, 0.07293355750717322]","[0.012870561836267747, 0.08715771085347203, 0.02482015317530354]",none,0,The report notes that the Afghan government has done little to protect activists and perpetrators of violence often go unpunished.
Qwen2.5-1.5B-Instruct_K3,10,135,1.6347147226333618,33,0.013727509416639805,0.06131603568792343,"[0.07198220972658777, -0.05890170130728758, 0.07693025381299914]","[0.022832088962752205, 0.016982727833627025, 0.05670600034350724]",none,0,"The activists themselves recognize the risks they face, with one saying that they are willing to risk their lives to stand up for their rights and bring attention to the issue."
Qwen2.5-1.5B-Instruct_K3,10,135,1.5032764673233032,34,-0.1499451994895935,0.027377109974622726,"[-0.12144005447643234, -0.020661834745945216, -0.024546918808910585]","[0.016804437742086308, 0.007475070647381151, 0.008930755594867472]",baseless,1,"The report comes amidst a growing sense of frustration and anger among Afghans over the lack of progress on women's rights, despite the presence of international forces in the country."
Qwen2.5-1.5B-Instruct_K3,11,6158,0.8874058127403259,18,1.9172581434249878,0.23235614597797394,"[1.50990264493238, 0.011382551866214877, 0.027092025470968412]","[0.15168156840768965, 0.0005623131124915896, 0.002358894839687764]",none,0,"Montecito Wine Bistro is a restaurant located in Montecito, CA."
Qwen2.5-1.5B-Instruct_K3,11,6158,0.7713440656661987,21,1.6173969507217407,0.24395740032196045,"[1.7662130526677218, 0.037156654712383726, 0.026321357220045423]","[0.23776722383835086, 0.0010284692203813826, 0.0017966901090446861]",none,0,"The restaurant serves American cuisine and has categories such as Restaurants, Farmers Market, Bars, and Wine Bars."
Qwen2.5-1.5B-Instruct_K3,11,6158,0.6995387673377991,26,0.09119052439928055,0.06719742715358734,"[0.13851007294970957, 0.006283430561709862, 0.009384607155180465]","[0.07065070970412098, 0.0002109437698086717, 0.00045633501576958224]",none,0,The business hours for the restaurant are Monday through Sunday from 11:00 AM to 9:00 PM.
Qwen2.5-1.5B-Instruct_K3,11,6158,1.2209441661834717,10,0.8099889755249023,0.18168820440769196,"[0.943309310649056, -0.038088508415967226, -0.041386309755034746]","[0.18328004955837968, 0.0014484401373920264, 0.001818698707893418]",none,0,The restaurant offers outdoor seating and free Wi-Fi.
Qwen2.5-1.5B-Instruct_K3,11,6158,0.7309442162513733,14,1.1992006301879883,0.16686475276947021,"[1.1160439948434941, 0.027363326221737743, -0.0449021336826263]","[0.15578863043836982, 0.0020114572273541853, 0.0021867635128468726]",none,0,"Additionally, the restaurant provides takeout services and is good for groups."
Qwen2.5-1.5B-Instruct_K3,11,6158,1.2550004720687866,20,0.34422898292541504,0.1480005383491516,"[0.27979426544625313, 0.00980371373007074, 0.2863137085805647]","[0.12751805195730412, 0.01572135482070962, 0.025911314413849595]",conflict,1,"The ambiance of the restaurant is described as romantic and classy, while the service is described as efficient."
Qwen2.5-1.5B-Instruct_K3,11,6158,0.9834492206573486,16,1.205495834350586,0.12204761803150177,"[0.9188294294290245, -0.006731267347277026, -0.0036602582567866193]","[0.0909095588854143, 0.0011696524280893073, 0.0028401446318184753]",none,0,The business stars rating is 4.0 out of 5.0.
Qwen2.5-1.5B-Instruct_K3,11,6158,1.181809663772583,16,0.3915276527404785,0.10938894748687744,"[0.1627282100962475, -0.0024570450759711093, 0.10837684984289808]","[0.034966853469086345, 0.008462910516499278, 0.0172650277786488]",none,0,"However, customers have left negative reviews regarding the quality of the food and service."
Qwen2.5-1.5B-Instruct_K3,11,6158,0.9997860789299011,26,0.4286709427833557,0.155796617269516,"[-0.038936783578614825, 0.025305234540514202, 0.5980159059679584]","[0.027431697915119457, 0.022026720188832245, 0.09789860264964563]",none,0,"Some customers have noted that the food is bland and lacks finesse, while others have criticized the service for being inconsistent and slow."
Qwen2.5-1.5B-Instruct_K3,11,6158,1.2575913667678833,26,-0.08627470582723618,0.06145576015114784,"[-0.023696915191906625, 0.019263255942790308, -0.14542559607140831]","[0.009646700321464042, 0.002818448591710876, 0.041836447237992264]",none,0,"Overall, while Montecito Wine Bistro may have a good ambiance, the food and service may need improvement to attract more customers."
Qwen2.5-1.5B-Instruct_K3,12,4498,7.041041851043701,3,1.6445236206054688,0.2280445098876953,"[0.012085358301798502, 0.1263179381688436, 0.22018973032633463]","[0.0458137229240189, 0.007188813072086002, 0.024537299138804276]",none,0,Sure!
Qwen2.5-1.5B-Instruct_K3,12,4498,1.3351414203643799,36,2.149228811264038,0.21219056844711304,"[0.7448777501696087, 0.1174179519979993, 0.04087799271342697]","[0.11252057062528643, 0.024708158045497284, 0.008093466206879106]",none,0,"Here's the summary within 76 words:

On The Bold and the Beautiful, Deacon advises Sheila to focus on herself and prove herself to the community before pursuing Finn again."
Qwen2.5-1.5B-Instruct_K3,12,4498,1.370269536972046,29,0.7084963321685791,0.15421649813652039,"[0.23684435954281322, 0.7406967828102442, 0.07024549109387565]","[0.06692649081397294, 0.11854894870213747, 0.016297352455322215]",conflict,1,"Sheila struggles with the idea of giving up on her son, but ultimately decides to take Deacon's advice and becomes a bartender to prove herself."
Qwen2.5-1.5B-Instruct_K3,12,4498,1.0795729160308838,19,0.6854039430618286,0.14689838886260986,"[0.03812775729028018, -0.03546288129138319, 0.40982797433082996]","[0.03176208907480989, 0.013171865016614137, 0.08373895369770348]",none,0,Fans wonder if Sheila has truly changed or if her desire for Finn will continue to drive her actions.
Qwen2.5-1.5B-Instruct_K3,13,105,7.635161876678467,3,0.6091700196266174,0.13686873018741608,"[0.19092853864034018, 0.3687275250752767, -0.017679135004679363]","[0.055755602506299816, 0.024309585181375343, 0.04167453603198131]",none,0,Sure!
Qwen2.5-1.5B-Instruct_K3,13,105,0.5489040017127991,45,1.1697388887405396,0.15250667929649353,"[0.7425709489060359, -0.003135302958576681, -0.005624700947535328]","[0.11026978057703016, 0.002059965540595638, 0.005068056256282539]",none,0,"Here's a summary of the article in 92 words:

Don McLean's handwritten manuscript of ""American Pie"" sold for $1.2 million at auction, becoming the third most valuable American literary manuscript ever sold."
Qwen2.5-1.5B-Instruct_K3,13,105,1.3378459215164185,29,0.7546436190605164,0.133194699883461,"[-0.022015128275158752, 0.9424314683981657, -0.0014037885885045398]","[0.03633518421056265, 0.11838430835469525, 0.0070226385807065275]",none,0,"The song's cryptic lyrics have been interpreted in many ways over the years, but McLean says he only intended to capture something ephemeral."
Qwen2.5-1.5B-Instruct_K3,13,105,1.221074104309082,16,1.0079584121704102,0.18798968195915222,"[0.16694250750879291, 0.03443025753222173, 0.913331110998115]","[0.016704063210909226, 0.013649245956003142, 0.16405910663843315]",none,0,"The manuscript includes unused lines and notes, offering insight into the songwriting process."
Qwen2.5-1.5B-Instruct_K3,13,105,0.5564496517181396,22,0.953453004360199,0.15410937368869781,"[0.1409883963890376, 0.023679426787354754, 1.0641247961492892]","[0.027092076406869513, 0.003874686622970555, 0.1670032795305577]",baseless,1,"The sale sets a new record for a popular music manuscript, surpassing Bob Dylan's ""Like a Rolling Stone."""
Qwen2.5-1.5B-Instruct_K3,14,1714,7.439286708831787,3,1.228314995765686,0.16822361946105957,"[0.46698590119679767, 0.3770325978597005, 0.1341028610865275]","[0.04905250792702039, 0.057028609017531075, 0.020620322165389855]",none,0,Sure!
Qwen2.5-1.5B-Instruct_K3,14,1714,0.9483742713928223,33,1.4281368255615234,0.18918262422084808,"[1.0371660867742982, -0.018862036422598812, -0.0034336296322924845]","[0.10380158554195959, 0.014659491693450807, 0.0016550628270021082]",none,0,"Here's the summary within 43 words:

Jay Z defended Tidal, his new music streaming service, against criticism on Twitter using #TidalFacts."
Qwen2.5-1.5B-Instruct_K3,14,1714,2.5654685497283936,14,1.1394373178482056,0.28477227687835693,"[-0.1424719946725028, 0.9398121253720352, -0.051074513367244175]","[0.13089966248454793, 0.13795831172527478, 0.0016989800413804395]",baseless,1,He denied claims of poor performance and responded to a parody account with humor.
Qwen2.5-1.5B-Instruct_K3,15,5266,6.602503299713135,3,-0.14299821853637695,0.24251119792461395,"[-0.6811511913935343, 0.04172446330388387, 0.5932153860727946]","[0.08058110950514674, 0.0018404861136029165, 0.01135118460903565]",none,0,Sure!
Qwen2.5-1.5B-Instruct_K3,15,5266,0.5408144593238831,65,0.7790899872779846,0.10780122131109238,"[0.7836526623338683, 0.011632982241053469, 0.029138001020559245]","[0.1093044129658407, 0.000477648412909409, 0.002104132794852772]",none,0,"Here's an objective overview of Giannfranco's Trattoria based on the provided structured data in JSON format:

Giannfranco's Trattoria is an Italian restaurant located in Carpinteria, CA, with a rating of 4.0 stars out of 5.0 based on 3 reviews."
Qwen2.5-1.5B-Instruct_K3,15,5266,1.2726104259490967,15,0.5918410420417786,0.14111866056919098,"[0.595358356833458, 0.10652035474777222, 0.057819999754428864]","[0.11617897935211659, 0.0030135587042119977, 0.0029395848085793357]",none,0,The restaurant offers a cozy outdoor patio seating area and serves delicious Italian cuisine.
Qwen2.5-1.5B-Instruct_K3,15,5266,1.2555203437805176,24,-0.22467732429504395,0.08038631826639175,"[-0.1474123518499558, 0.08161425564382323, 0.06275902330806578]","[0.058898746084840546, 0.002655312106526253, 0.0028789654363142367]",baseless,1,"The menu includes options such as pasta, seafood, and meat dishes, and the restaurant is open for lunch and dinner."
Qwen2.5-1.5B-Instruct_K3,15,5266,1.1033304929733276,14,0.9341389536857605,0.11705171316862106,"[0.8669930040403935, -0.01057413631185357, -0.018897198223774985]","[0.11751611611128153, 0.0010402995675186893, 0.002135247773367155]",conflict,1,"The business is open Monday through Sunday, with varying hours throughout the week."
Qwen2.5-1.5B-Instruct_K3,15,5266,1.1841872930526733,79,0.33209624886512756,0.11875087767839432,"[0.34432257767482816, -0.0047139365789422025, -0.016015837100710514]","[0.0890732108157804, 0.007284534913838072, 0.013422485616162954]",none,0,"According to the review information, the food at Giannfranco's Trattoria is excellent, with one reviewer stating that it is ""delicious"" and another describing the flavors as ""great."" However, some reviewers have had issues with the service, with one reviewer reporting that their server was ""patronizing"" and ""made us uncomfortable,"" while another noted that the service was ""slow"" due to a backlog in the kitchen."
Qwen2.5-1.5B-Instruct_K3,16,9389,1.3538380861282349,15,1.9660186767578125,0.2232491821050644,"[0.09903586876268188, 0.021176985951994236, 0.04865577637101524]","[0.051503082307074996, 0.0009065995954491275, 0.004280412598503366]",none,0,"Thai Kitchen is a popular Thai restaurant located in Santa Barbara, CA."
Qwen2.5-1.5B-Instruct_K3,16,9389,0.6894562840461731,17,0.372864305973053,0.11835586279630661,"[0.1474249548610875, -0.056181850981802735, 0.36264627425493123]","[0.03611104308765789, 0.006522396154450154, 0.07628805362719504]",none,0,"According to customer reviews, the restaurant serves delicious and flavorful Thai cuisine at affordable prices."
Qwen2.5-1.5B-Instruct_K3,16,9389,0.48476606607437134,19,0.8799159526824951,0.17077533900737762,"[0.7547344743736272, 0.13148442401808624, -0.00040280821481007337]","[0.11697187018210205, 0.022950412644778033, 0.014426132477967113]",none,0,"The menu includes a variety of dishes such as green curry, pad thai, and Thai tea."
Qwen2.5-1.5B-Instruct_K3,16,9389,1.368086338043213,21,0.04121844097971916,0.1114177331328392,"[-0.09691478735822741, 0.06913797605305999, 0.024922138290657175]","[0.02272208403103702, 0.012395957643180043, 0.04658359987106884]",none,0,"The restaurant is known for its generous portions, with many customers expressing satisfaction with the size of their meals."
Qwen2.5-1.5B-Instruct_K3,16,9389,0.9433203339576721,26,0.15802496671676636,0.11820345371961594,"[0.002565466073484948, 0.06340021500363946, 0.2059845000756188]","[0.019667922371267056, 0.012384126002101627, 0.10971832098864699]",none,0,"Customers have also praised the quality of the food, with one reviewer stating that the pad thai is the best they've ever had."
Qwen2.5-1.5B-Instruct_K3,16,9389,1.7123647928237915,14,0.5422719120979309,0.13773062825202942,"[0.2160594923932097, 0.37409173933208095, 0.12342173689441031]","[0.11206542210529083, 0.003318242046053196, 0.011397014072648355]",none,0,"Additionally, the restaurant offers a convenient takeout service through DoorDash."
Qwen2.5-1.5B-Instruct_K3,16,9389,1.6577485799789429,21,-0.09973856061697006,0.08105994760990143,"[0.059163562598682586, 0.049567655847308094, -0.13644955897221475]","[0.046794654863160326, 0.004633210048528521, 0.02294147549354247]",baseless,1,"Thai Kitchen has received positive reviews for its ambiance, with one reviewer commenting on the modern and clean decor."
Qwen2.5-1.5B-Instruct_K3,16,9389,0.9927026033401489,26,-0.07280481606721878,0.048124514520168304,"[-0.014220972494233418, 0.007726150943618939, 0.017483837466688083]","[0.03636551132396558, 0.0011153024991454703, 0.006170851962923944]",baseless,1,"However, some customers have noted that the restaurant's location can be difficult to find, suggesting that it may benefit from better signage."
Qwen2.5-1.5B-Instruct_K3,16,9389,0.7353032827377319,22,0.015279751271009445,0.0056414795108139515,"[0.08106319826401887, -0.015531971806260779, -0.05506601073003284]","[0.008248377342138983, 0.0004814899610116961, 0.0020389537050714457]",none,0,"Overall, Thai Kitchen is a great option for those looking for authentic and delicious Thai food in the Santa Barbara area."
Qwen2.5-1.5B-Instruct_K3,17,9453,0.9654796719551086,43,1.004726529121399,0.15509817004203796,"[0.8822770007875164, 0.013199344572142785, -0.005027605160775724]","[0.13397218799222765, 0.0025335673305620686, 0.0022708886600838036]",none,0,"Based on the provided structured data, here is an objective overview of Miro:

Miro is a restaurant located in Santa Barbara, California, offering a fusion of Mediterranean, Basque, and American cuisines."
Qwen2.5-1.5B-Instruct_K3,17,9453,0.8422777056694031,31,0.5437432527542114,0.1042499840259552,"[0.3561191614829905, 0.15887677314270648, 0.1119942044230899]","[0.08238548639670742, 0.042961340781813864, 0.01099978721804878]",none,0,"The establishment has received mixed reviews from customers, with some praising its extensive wine list and luxurious ambiance, while others were disappointed with the quality of their food."
Qwen2.5-1.5B-Instruct_K3,17,9453,0.9748993515968323,28,0.13650430738925934,0.08663638681173325,"[0.18640256481220213, 0.014754930220598388, 0.036747129539435264]","[0.0864408013814284, 0.0031788101037376138, 0.008365837113862946]",baseless,1,The restaurant has a rating of 3.5 stars and an average review score of 3.7 out of 5.0.
Qwen2.5-1.5B-Instruct_K3,17,9453,1.5594242811203003,36,0.5616557598114014,0.10178811848163605,"[0.47407971150985556, 0.1894247594664446, 0.011642989733180306]","[0.0921400723535852, 0.026963652764408153, 0.011142237824277541]",none,0,"Customers who left reviews praised the wine selection, service, and view, but criticized the food, particularly the gnocchi and lamb dishes, which were found to be subpar."
Qwen2.5-1.5B-Instruct_K3,17,9453,1.1178414821624756,16,1.1540217399597168,0.20248550176620483,"[1.5718662617973678, -0.028722189657983677, -0.021124315506256153]","[0.20860053301930748, 0.006971245299546069, 0.005365951262948698]",none,0,"One customer noted that the waiter lacked communication skills, resulting in incorrect food orders."
Qwen2.5-1.5B-Instruct_K3,17,9453,0.8679389953613281,36,0.5972297787666321,0.10842263698577881,"[0.13424170779328254, 0.6174461336721228, 0.3854691925827056]","[0.023738468232326997, 0.06410012727822018, 0.05582262773014435]",none,0,"Despite these issues, some customers described their experience at Miro as ""incredibly luxurious"" and ""very special,"" indicating that the restaurant may be a good choice for special occasions."
Qwen2.5-1.5B-Instruct_K3,18,1196,1.4423454999923706,37,1.337225079536438,0.1951545923948288,"[0.5251234758997688, -0.0037731706712243926, 0.02349484190218956]","[0.12301549088502921, 0.00141985145980495, 0.0009969271206279478]",none,0,"Shibuya ward in Tokyo passed an ordinance this week, allowing same-sex couples to apply for ""partnership certificates"" that grant some rights similar to those of heterosexual married couples."
Qwen2.5-1.5B-Instruct_K3,18,1196,1.9002809524536133,29,0.26100674271583557,0.13765457272529602,"[0.32360349547374867, -0.023310204521263148, -0.0106429723322247]","[0.10963820290334265, 0.026334722111438044, 0.0018177289871502958]",none,0,"While the certificates will not provide full legal recognition, the step is seen as a possible start to further progress towards same-sex marriage rights in Japan."
Qwen2.5-1.5B-Instruct_K3,18,1196,2.257063865661621,30,-0.25434473156929016,0.08472161740064621,"[-0.14749894787867865, 0.007779813309510549, -0.06813594872752825]","[0.03989320338393251, 0.04151648223632946, 0.019462365889921784]",conflict,1,"A similar bill was recently rejected in the Diet, and while there is no clear timeline for implementation, the move is being celebrated as a step forward."
Qwen2.5-1.5B-Instruct_K3,18,1196,2.0425992012023926,19,0.27471038699150085,0.0761542096734047,"[0.026501131164351183, -0.04865336536252136, 0.17814457513342954]","[0.015335024912737458, 0.017064788841289077, 0.038787724994491374]",baseless,1,This is particularly significant because traditionally Japan has only recognized heterosexual marriages and same-sex relationships are illegal.
Qwen2.5-1.5B-Instruct_K3,18,1196,1.4822368621826172,22,0.5378260016441345,0.07374580949544907,"[0.06317028682678938, -0.2006381398744204, 0.5747021931985562]","[0.009079597982980142, 0.011631938261747233, 0.06452388308984651]",none,0,"Despite strong opposition from conservative groups, the tide may be turning, with polls showing increasing acceptance among young adults."
Qwen2.5-1.5B-Instruct_K3,18,1196,1.5937073230743408,26,0.24787315726280212,0.05241236835718155,"[0.032256925505442686, 0.16391837136157286, -8.081443733177506e-05]","[0.019529223585917722, 0.025240764694269904, 0.010408825733835468]",none,0,"The decision marks the first official recognition of same-sex partnerships in Japan, but more comprehensive laws and protections are needed to achieve full equality."
Qwen2.5-1.5B-Instruct_K3,19,8164,6.3546528816223145,3,0.1048521175980568,0.263931542634964,"[-0.6703155835469564, 0.12133087714513142, 0.3178429802258809]","[0.09057319940378268, 0.0015854813197317223, 0.0051956354873254895]",none,0,Sure!
Qwen2.5-1.5B-Instruct_K3,19,8164,0.5783289074897766,33,1.2413856983184814,0.17414766550064087,"[1.1736408366599458, -0.0026238221026053934, -0.017582264253922567]","[0.1454972016938634, 0.0009057506148217202, 0.0018623386335675743]",baseless,1,"Here's an objective overview of Tacos Pipeye based on the provided structured data:

Tacos Pipeye is a Mexican restaurant located in downtown Santa Barbara, CA."
Qwen2.5-1.5B-Instruct_K3,19,8164,0.9586125016212463,25,0.3231823742389679,0.12089824676513672,"[0.28984597269455664, 0.032106058888994086, 0.011692204631881396]","[0.059729603687080725, 0.025271366440999827, 0.0018969312226727198]",baseless,1,"The restaurant offers a variety of tacos and other Mexican dishes, and has a rating of 4.5 stars on Google."
Qwen2.5-1.5B-Instruct_K3,19,8164,0.5458737015724182,19,0.33754125237464905,0.125651553273201,"[0.2774751644219099, 0.10091653676863643, 0.01248621591816788]","[0.07160386438595137, 0.009715605805252525, 0.0024137332639946564]",baseless,1,"According to customer reviews, the restaurant has a cozy and casual atmosphere, with outdoor seating available."
Qwen2.5-1.5B-Instruct_K3,19,8164,0.7461757659912109,32,0.6542655229568481,0.13958942890167236,"[-0.0575480528968626, 0.8627718391923054, 0.011162006095162269]","[0.025171871880321106, 0.10598104172899347, 0.015233374207351602]",none,0,"The menu features a range of options, including carne asada, chorizo con papas, and al pastor tacos, as well as burritos and other dishes."
Qwen2.5-1.5B-Instruct_K3,19,8164,1.1208851337432861,29,0.959017276763916,0.1870345026254654,"[0.2622049991229593, 0.7515305999248963, -0.021350845965759525]","[0.0464503241714424, 0.16290186190524075, 0.0017430521226609425]",none,0,"One reviewer expressed disappointment with the quality of the food, stating that the burrito they ordered was bland and contained a lot of fatty meat."
Qwen2.5-1.5B-Instruct_K3,19,8164,0.9017820954322815,30,0.6454372406005859,0.14678820967674255,"[-0.034314871642103145, 0.8263338376508425, 0.18107449457844874]","[0.015007988863108798, 0.1176042285784509, 0.043213410535175474]",none,0,"However, another reviewer raved about the restaurant, saying that the tacos were ""really good"" and that the homemade tortillas were a nice touch."
Qwen2.5-1.5B-Instruct_K3,19,8164,1.1183068752288818,23,0.13913312554359436,0.10010698437690735,"[0.05217020360356875, 0.04533900453648328, 0.3377320565531314]","[0.009376399487969731, 0.08339175269129159, 0.05809006573303043]",none,0,"A third reviewer also praised the restaurant, mentioning that the carne asada tacos were delicious and that the service was friendly."
Qwen2.5-1.5B-Instruct_K3,19,8164,0.0891118273139,6,-0.02645912952721119,0.00990083534270525,"[-0.016265635137036345, 0.028256940723622392, -3.249285843291242e-05]","[0.006559698691717131, 0.001510129469503833, 4.4200036403670616e-05]",none,0,"Overall, Tacos Pipeye appears to be a popular spot for tacos and Mexican cuisine in Santa Barbara, with mixed reviews regarding the quality of the food."
Qwen2.5-1.5B-Instruct_K3,20,9383,1.2996799945831299,30,0.8318129181861877,0.17983800172805786,"[0.8650104041097317, 0.20378810604634054, 0.0467879174520931]","[0.13856328603248283, 0.026331339230312285, 0.005500860073205634]",baseless,1,"Ichiban is a Japanese restaurant located in Santa Barbara, CA, offering a variety of dishes including sushi, tempura, and teriyaki."
Qwen2.5-1.5B-Instruct_K3,20,9383,1.1216785907745361,14,0.16999275982379913,0.11581771820783615,"[0.4020573214033253, 0.042885237939377215, 0.024831837320172263]","[0.12409085091037143, 0.004878336302592093, 0.010638168504190812]",conflict,1,The restaurant has a casual atmosphere and offers both indoor and outdoor seating.
Qwen2.5-1.5B-Instruct_K3,20,9383,0.8731212615966797,23,0.37149542570114136,0.12010298669338226,"[-0.12913928387886542, 0.022559980353711897, 0.701588807933228]","[0.01995470672456735, 0.024929434742237234, 0.1169698975303341]",none,0,"According to customer reviews, the service is friendly and welcoming, with staff being attentive and helpful throughout the dining experience."
Qwen2.5-1.5B-Instruct_K3,20,9383,1.349502682685852,14,-0.06671182811260223,0.04450572654604912,"[0.034388293395750225, 0.5162051135141935, 0.08960678107437811]","[0.024928830387320237, 0.07313318975502625, 0.017209805560664142]",baseless,1,"The food is described as delicious, with fresh ingredients and generous portions."
Qwen2.5-1.5B-Instruct_K3,20,9383,1.015486478805542,22,1.6919169425964355,0.1737513393163681,"[1.4644553410735996, 0.18789482155592518, -0.030946281693600627]","[0.18848821241408587, 0.022644318589507086, 0.007086911340345317]",none,0,"One reviewer noted that the pickled ginger served with the sushi had artificial sweetener, which they found unpleasant."
Qwen2.5-1.5B-Instruct_K3,20,9383,1.2285274267196655,24,1.0877821445465088,0.17963331937789917,"[0.09137170517783488, 1.2867270730106004, 0.23337310580564008]","[0.037756760294428204, 0.16939103004672992, 0.03661517806011479]",none,0,"Another reviewer enjoyed their meal, including the hand-roll, tuna, and miso soup, and appreciated the attentive service."
Qwen2.5-1.5B-Instruct_K3,20,9383,1.0450807809829712,16,1.2454442977905273,0.17765876650810242,"[0.14480047916731564, 0.19418282534934406, 1.1509036049537826]","[0.020301113851701302, 0.03458778510508864, 0.17103511915775016]",none,0,A third reviewer praised the efficiency and professionalism of the staff when ordering takeout.
Qwen2.5-1.5B-Instruct_K3,20,9383,1.0616508722305298,23,0.06800013780593872,0.022418130189180374,"[-0.0023554243348569244, 0.026148088929957063, 0.07256776526193552]","[0.0069321093771538035, 0.0014593025139763836, 0.008890354231415704]",none,0,"Overall, Ichiban seems to be a solid choice for those looking for good Japanese food and friendly service in Santa Barbara."
Qwen2.5-1.5B-Instruct_K3,21,3064,6.955132961273193,3,1.7607890367507935,0.29785263538360596,"[0.24570639928181967, 0.21733621756235758, 0.38871920108795166]","[0.021990498217443626, 0.10563881509006023, 0.02571375047167142]",none,0,Sure!
Qwen2.5-1.5B-Instruct_K3,21,3064,1.0102736949920654,34,1.33843994140625,0.1428355872631073,"[0.02455916598040965, 0.20629972734005766, 0.27353775572769606]","[0.00681360922945206, 0.04934351924128029, 0.045881208079927495]",none,0,"Here's the summary in 36 words:

Google Maps features Pac-Man on April Fools' Day, allowing users to play the classic game on real-world maps."
Qwen2.5-1.5B-Instruct_K3,21,3064,2.988419532775879,11,-0.26162129640579224,0.1081281453371048,"[-0.03994805175303058, -0.08509877548468384, -0.005086209625005722]","[0.01229678296526386, 0.014734209311427549, 0.08813428488296764]",baseless,1,"Players can explore familiar locations as Pac-Man, Ms."
Qwen2.5-1.5B-Instruct_K3,21,3064,1.3331679105758667,6,0.02705155871808529,0.023486405611038208,"[-0.010356817821351191, 0.197402367911612, -0.1166905698288853]","[0.0231095013890202, 0.02297110769632127, 0.007789634333221329]",baseless,1,"Pac-Man, and Blinky."
Qwen2.5-1.5B-Instruct_K3,22,2271,1.26753830909729,35,1.263313889503479,0.16284480690956116,"[1.0826204897037575, 0.015386085703877533, 0.022509565401326523]","[0.130233139185501, 0.0008474467085777958, 0.0018702101500025492]",none,0,"Here is a summary of the article in 200 words or less:

A new medical technology, microneedle patches, could help eradicate worldwide polio."
Qwen2.5-1.5B-Instruct_K3,22,2271,0.8876253366470337,28,1.2240867614746094,0.18603025376796722,"[1.2881459741952963, 0.03652029380618923, 0.014952662114024764]","[0.1973529429212379, 0.0017192565817032751, 0.001123698609619948]",conflict,1,"These easy-to-apply patches deliver the vaccine directly to the skin in a matter of minutes, eliminating the need for highly trained medics."
Qwen2.5-1.5B-Instruct_K3,22,2271,1.720582127571106,30,-0.4115147888660431,0.11303532868623734,"[-0.31213212669827045, -0.071392230153045, -0.010980593971908092]","[0.11781109683991721, 0.007981804206125768, 0.0027064523804104586]",none,0,"While significant progress has been made in reducing polio cases, there are still areas where the virus is circulating, including Afghanistan, Pakistan, and Nigeria."
Qwen2.5-1.5B-Instruct_K3,22,2271,1.1120085716247559,21,0.13075347244739532,0.07490411400794983,"[0.1262596292063747, 0.005095367325171061, -0.013450609006857425]","[0.06878452178110213, 0.004255234152499689, 0.0009211893528664578]",none,0,The microneedle patches could help reach those areas and achieve the goal of global polio eradication.
Qwen2.5-1.5B-Instruct_K3,23,7943,1.4315496683120728,30,1.935279369354248,0.20938675105571747,"[0.4391101429219513, 0.05599418178705188, -0.046821128831409924]","[0.09418840758201744, 0.009166963685170988, 0.002981919342467639]",none,0,"Mylestone BBQ is a pop-up restaurant located in Goleta, CA, specializing in barbecue and considered one of the best in the area."
Qwen2.5-1.5B-Instruct_K3,23,7943,1.5619606971740723,12,0.937281608581543,0.1324567198753357,"[1.464180504782841, -0.030803257038693726, -0.05612909968484322]","[0.12484057344784105, 0.02288405290023358, 0.0022893751032502982]",none,0,"According to customer reviews, their potato salad is also delicious."
Qwen2.5-1.5B-Instruct_K3,23,7943,0.9111652970314026,33,1.573899269104004,0.23835250735282898,"[0.05461411905355018, 1.624742865924032, 0.012069012015479419]","[0.024157307135586354, 0.21201490020823918, 0.009600692300685323]",baseless,1,"The business operates on Sundays from 12-4 pm at Draughtsmen Aleworks, and it's a must-try for anyone in the area."
Qwen2.5-1.5B-Instruct_K3,23,7943,1.3856885433197021,52,0.5061487555503845,0.1364053636789322,"[0.4567862985224495, 0.042263965291760124, 0.37082372007909303]","[0.06688913237488237, 0.04567758295405939, 0.06986012594876893]",none,0,"Mylestone BBQ has received high praise for its food, with one customer describing the chicken as ""life-changing"" and ""the best they've ever had."" However, one negative review mentions poor service, claiming that the staff ignored them because of their race."
Qwen2.5-1.5B-Instruct_K3,23,7943,0.8077318668365479,24,0.5056059956550598,0.08582506328821182,"[0.4269808975180543, 0.07855171850254312, 0.02375345766965135]","[0.07275044754948112, 0.007196184001808585, 0.0048482502442463256]",none,0,"Despite this, the overall rating for Mylestone BBQ is 4.0 stars, indicating a positive reputation among customers."
Qwen2.5-1.5B-Instruct_K3,24,6483,1.4351187944412231,37,1.7085723876953125,0.2323632389307022,"[0.3416260675904915, 0.7578106733910956, -0.013029629107689756]","[0.09968290796045089, 0.10353444092856375, 0.0030947609655757676]",none,0,"Mosto, located in Santa Barbara, CA, is a local business that offers a unique dining experience with its blend of art, good wine, and delicious tapas and pasta."
Qwen2.5-1.5B-Instruct_K3,24,6483,2.0198867321014404,23,0.48239442706108093,0.08882530778646469,"[0.019770053255817165, 0.4420065313739621, -0.028241210333679035]","[0.03499645382955508, 0.042011235719141754, 0.0063628880661385865]",none,0,"Despite receiving positive reviews for its food and atmosphere, the establishment has faced criticism for poor communication and last-minute closures."
Qwen2.5-1.5B-Instruct_K3,24,6483,2.0892069339752197,26,0.8372840285301208,0.1504608690738678,"[-0.07511950927643668, 0.8755548862798326, -0.04880991513692397]","[0.05427057895880912, 0.090998308608295, 0.005137312889368891]",none,0,Recent reviews mention inconveniences such as unexpected restaurant closures during peak hours and disappointment caused by lack of planning and care for customers.
Qwen2.5-1.5B-Instruct_K3,24,6483,1.7804524898529053,26,0.24603566527366638,0.12502853572368622,"[0.046629552349119106, 0.1994949607794227, 0.11386439290109032]","[0.015976572399224027, 0.05628047489208344, 0.07872030662610996]",none,0,"However, one reviewer praises the restaurant's charm and excellent service, highlighting its potential as a great spot for a relaxed evening out."
Qwen2.5-1.5B-Instruct_K3,24,6483,1.3275601863861084,31,0.17477798461914062,0.0742320641875267,"[0.16402880607699533, 0.045936203737754464, 0.008805665427497578]","[0.06221072655270907, 0.008205850195406216, 0.0015595123132613716]",baseless,1,"With a rating of 4.0 stars and a loyal customer base, Mosto appears to have room for improvement in its operational procedures to enhance customer satisfaction."
Qwen2.5-1.5B-Instruct_K3,25,4976,0.7086489796638489,25,2.533282518386841,0.3407658040523529,"[1.8924370729923248, 0.007149129167664796, -0.01713617472560145]","[0.29128950141370297, 0.000471808296006202, 0.0011282697715432732]",none,0,"Belmond El Encanto is a hotel located at 800 Alvarado Pl, Santa Barbara, CA."
Qwen2.5-1.5B-Instruct_K3,25,4976,0.9627546072006226,20,1.7870622873306274,0.2595342695713043,"[1.7996016974677331, 0.003190547681879252, 0.002371675662288908]","[0.26389606621523853, 0.0014480296873898625, 0.0018470906829861633]",none,0,"The hotel offers services related to restaurants, event planning and services, hotels, and hotels and travel."
Qwen2.5-1.5B-Instruct_K3,25,4976,0.7082629799842834,47,0.31195542216300964,0.05370647832751274,"[0.35213834230625196, 0.007896402092576844, 0.004695311510658939]","[0.05550217692814143, 0.0011545865979842153, 0.0014164217031177341]",conflict,1,"The business is open seven days a week from 7:00 am to 11:00 pm on Monday to Friday, 7:00 pm to 11:00 pm on Saturday and Sunday."
Qwen2.5-1.5B-Instruct_K3,25,4976,1.2288275957107544,27,1.71690833568573,0.19078896939754486,"[1.6968140169607338, 0.038230983845467026, 0.029617912292316625]","[0.18451216742675602, 0.0014714488011291164, 0.0018929077609712935]",none,0,"Belmond El Encanto has attributes such as outdoor seating, WiFi available for payment, takeout options, and good options for groups."
Qwen2.5-1.5B-Instruct_K3,25,4976,1.3282911777496338,13,0.7044030427932739,0.10329484939575195,"[0.6350398086584531, 0.02607275087099809, -0.0067105854933078475]","[0.10974223438936931, 0.0006609631785137865, 0.0015874437992281925]",conflict,1,The hotel has four stars and is rated highly by its customers.
Qwen2.5-1.5B-Instruct_K3,25,4976,1.0319905281066895,18,1.1104942560195923,0.13601841032505035,"[0.8828981164842844, -0.04015796372873916, 0.03900469720570578]","[0.1025353901285497, 0.014956482130603237, 0.010699724959623482]",none,0,"However, some reviews mention issues with room service, electrical problems, and poor customer service."
Qwen2.5-1.5B-Instruct_K3,25,4976,0.7278634905815125,22,0.21700076758861542,0.01606232114136219,"[0.1406091452537856, -0.023007963014771867, -0.011031958349948663]","[0.012560709964780224, 0.0013414413181490918, 0.002700116956511713]",none,0,It is important for potential guests to be aware of these concerns before booking a stay at Belmond El Encanto.
Qwen2.5-1.5B-Instruct_K3,26,6195,1.1220592260360718,36,1.2155108451843262,0.17108303308486938,"[1.2260787636290742, 0.12317100138782028, -0.0015934333371963778]","[0.15443697194736059, 0.0266791553888205, 0.003619502527889217]",none,0,"Based on the provided structured data, The Natural Cafe in Goleta, CA offers a variety of vegetarian and vegan options, including Tex-Mex dishes, sandwiches, and salads."
Qwen2.5-1.5B-Instruct_K3,26,6195,1.4671695232391357,13,0.02119419164955616,0.13840089738368988,"[0.3362842275080486, 0.06743658915197906, 0.011375126934861047]","[0.13687346228219283, 0.004350461578444363, 0.0032974755754017118]",conflict,1,The cafe has a cozy atmosphere with outdoor seating and free WiFi.
Qwen2.5-1.5B-Instruct_K3,26,6195,1.5330612659454346,17,0.1739853173494339,0.0878959372639656,"[0.2270738643128425, -0.2584233516279389, 0.2971761300543542]","[0.027084478516960244, 0.050528058131235676, 0.01777406537782072]",none,0,"Customers have praised the fresh and healthy menu items, friendly staff, and relaxed atmosphere."
Qwen2.5-1.5B-Instruct_K3,26,6195,0.6984851360321045,13,1.219887375831604,0.18897727131843567,"[0.1798051661330996, 0.06652344323027556, 0.9121354657954026]","[0.013972930884893212, 0.008445792692880944, 0.16310451076188753]",none,0,"However, some reviews mention that the food is not particularly memorable."
Qwen2.5-1.5B-Instruct_K3,26,6195,2.063950538635254,26,0.30829381942749023,0.10340766608715057,"[0.20710236478883487, -0.047074966826655254, 0.04115383357454378]","[0.09114793506271851, 0.003865992438162581, 0.007636183492184483]",none,0,"The cafe does not offer reservations or valet parking, but there is street parking available and a patio area where dogs are allowed."
Qwen2.5-1.5B-Instruct_K3,26,6195,1.0564395189285278,29,0.06475014239549637,0.05250192806124687,"[-0.1015059480138626, 0.04941987729574062, -0.0962515642185563]","[0.008754865711383359, 0.016808859412244484, 0.021729636989644665]",none,0,"Overall, The Natural Cafe appears to be a popular spot for locals and visitors looking for a casual dining experience with a focus on natural and organic ingredients."
Qwen2.5-1.5B-Instruct_K3,27,2146,7.115503311157227,3,1.0623273849487305,0.09993147104978561,"[0.14534417788187662, 0.0673715869585673, 0.280545433362325]","[0.01864051880935828, 0.0033150326344184577, 0.003684890611718098]",none,0,Sure!
Qwen2.5-1.5B-Instruct_K3,27,2146,0.9427721500396729,34,0.32765546441078186,0.10754942893981934,"[0.2696806703649653, -0.0009521309588950209, -0.004181345307134667]","[0.071946192840294, 0.0024539441153057636, 0.0006598496986231005]",none,0,"Here's the summary in 200 words or less:

The death of Freddie Gray while in police custody has raised questions about the use of force by law enforcement."
Qwen2.5-1.5B-Instruct_K3,27,2146,1.1919796466827393,23,0.4592368006706238,0.15339449048042297,"[0.434462486163956, -0.057264778695041416, 0.021618605701761502]","[0.15209838696983238, 0.0020816254763620077, 0.0010086986833085655]",none,0,"Gray was arrested on April 12, and during the transportation to the police station, he suffered critical injuries."
Qwen2.5-1.5B-Instruct_K3,27,2146,1.3709235191345215,16,-0.21623528003692627,0.09168069064617157,"[-0.16556098638102412, -0.04586562910117209, -0.021532499231398106]","[0.08123795330175199, 0.012516299236722261, 0.001242750323740438]",conflict,1,"The police officers involved have been charged with various crimes, including second-degree murder."
Qwen2.5-1.5B-Instruct_K3,27,2146,0.8948670625686646,21,0.4355606734752655,0.12089668959379196,"[0.5744255004184586, 0.03878527450641351, 0.007875054065758983]","[0.0996401351003442, 0.004219346862772086, 0.0011332231200261351]",none,0,"The case has sparked protests and riots in Baltimore, with many calling for justice and reform within the police department."
Qwen2.5-1.5B-Instruct_K3,27,2146,1.1711117029190063,20,0.8746610879898071,0.10996689647436142,"[0.5892238098778761, 0.09884937491733581, 0.029203284546383657]","[0.06789382902334182, 0.015858947461856586, 0.0013385924649924163]",none,0,One legal issue at the center of the case is the use of stop-and-frisk procedures.
Qwen2.5-1.5B-Instruct_K3,27,2146,1.1947576999664307,19,0.5899090766906738,0.18130594491958618,"[0.10896935524713051, 0.30215477335609886, -0.03183767042661968]","[0.08239634920181216, 0.05767082755674461, 0.0024316102012801964]",none,0,"The police officers claimed that Gray ran away from them, providing a valid reason for the stop."
Qwen2.5-1.5B-Instruct_K3,27,2146,2.2218098640441895,15,0.25341084599494934,0.11767546087503433,"[-0.21299258014538888, -0.007338186103364327, 0.3191623892328304]","[0.020749444252692227, 0.04715039002294361, 0.05821836076949012]",none,0,"However, the legality of the knife found on Gray's person remains uncertain."
Qwen2.5-1.5B-Instruct_K3,27,2146,1.5941277742385864,23,0.3031166195869446,0.10720096528530121,"[0.02219764707589765, 0.1027620988518364, 0.11959538652824805]","[0.014326657695599588, 0.013939327943222926, 0.09155576079185425]",none,0,"The police report states that the knife was not seen until after the arrest, raising questions about the basis for the arrest."
Qwen2.5-1.5B-Instruct_K3,27,2146,1.6842201948165894,11,-0.3029386103153229,0.03507547825574875,"[-0.06675255199132318, -0.4543008016507057, -0.26822698539630935]","[0.021283107506778007, 0.020746570859376912, 0.0068583358300781]",none,0,Another issue is the timing of Gray's injuries.
Qwen2.5-1.5B-Instruct_K3,27,2146,1.3546274900436401,15,0.1399931162595749,0.03867330029606819,"[-0.0884640763203303, 0.08064149469137191, 0.06297346701224645]","[0.024420023895800114, 0.008708771225064993, 0.005505157735509177]",none,0,"The police claim that Gray's injuries occurred during the transportation process, while others suggest that they may have occurred earlier."
Qwen2.5-1.5B-Instruct_K3,28,1239,1.1976262331008911,30,2.32389235496521,0.2529415488243103,"[1.6521848020997518, 0.016609802920235475, 0.056302410927795185]","[0.21339698038840046, 0.004371259362536269, 0.004917838676086224]",none,0,"The original cast of Twin Peaks has rallied behind David Lynch in his salary dispute with Showtime, launching a #SaveTwinPeaks campaign."
Qwen2.5-1.5B-Instruct_K3,28,1239,0.8175989985466003,30,1.6295784711837769,0.2342241406440735,"[1.4056806741127124, 0.11633635799407026, -0.003549570482808425]","[0.22336412439278017, 0.024889338381090434, 0.0017388931509790004]",none,0,"Stars like Sherilyn Fenn, Sheryl Lee, and James Marshall appear in a video supporting Lynch, who exited the reboot over a pay dispute."
Qwen2.5-1.5B-Instruct_K3,28,1239,1.045425534248352,28,1.4351346492767334,0.23525258898735046,"[1.2259723708152055, 0.23144828391338837, 0.013501396172744404]","[0.1899097556385771, 0.09383654566855983, 0.001280039758293177]",baseless,1,"Showtime has renewed other shows, including ""Shameless"" and ""Happyish,"" but remains optimistic about finding a solution for Twin Peaks."
Qwen2.5-1.5B-Instruct_K3,29,4018,2.087965250015259,35,1.0353634357452393,0.19529448449611664,"[0.9791954195160153, -0.022550637128941682, 0.014101654131809482]","[0.1841609704252083, 0.004101742610184342, 0.004040228860168327]",none,0,"Here is a summary of the provided text within 90 words:

President Biden approved 20 miles of additional border wall funding despite previously stating its ineffectiveness."
Qwen2.5-1.5B-Instruct_K3,29,4018,1.9759188890457153,11,1.771460771560669,0.25186511874198914,"[1.584478061646223, 0.24819425868612266, 0.02292873070688405]","[0.24350409446792168, 0.02377097944060386, 0.006629485018146914]",none,0,He cites Congress's 2019 appropriation.
Qwen2.5-1.5B-Instruct_K3,29,4018,1.4388171434402466,14,1.0271278619766235,0.1721702367067337,"[0.14640920250946823, 1.5388443293923046, 0.1713308455625468]","[0.04904481366481507, 0.16772628709233167, 0.01068938984031677]",none,0,Thousands of Venezuelans are being deported due to economic and political instability.
Qwen2.5-1.5B-Instruct_K3,29,4018,0.6903814077377319,13,2.7031912803649902,0.31784412264823914,"[0.198255795519799, 2.2259889606099863, 1.3002266601498167]","[0.028498110168864235, 0.21547039641210666, 0.10883918576767498]",none,0,"Trump claims ""absolute immunity"" from legal action during his presidency."
Qwen2.5-1.5B-Instruct_K3,29,4018,1.9321013689041138,23,1.6674176454544067,0.23555231094360352,"[-0.11667592449964065, -0.10545022998121567, 1.613519157404485]","[0.008492837993601468, 0.0089329789823197, 0.24371107635290726]",baseless,1,"Weather forecast: Sunny skies and warm temperatures in West Orange County, NJ, with a slight decrease in temperature starting Sunday."
Qwen2.5-1.5B-Instruct_K3,30,7522,6.216484546661377,3,0.24302053451538086,0.2508820593357086,"[-0.6649903257687887, 0.009378929932912191, 0.4544316331545512]","[0.06978569676478703, 0.0007584789079070712, 0.012558908745025596]",none,0,Sure!
Qwen2.5-1.5B-Instruct_K3,30,7522,0.6064980030059814,38,0.8668527007102966,0.12046762555837631,"[1.012175518551167, 0.02003675224686001, -0.02191313967588078]","[0.1252518357126447, 0.0015788601492756158, 0.0016179212913720832]",none,0,"Here's an objective overview of Harbor Meat & Seafood based on the provided structured data:

Harbor Meat & Seafood is a local seafood market and restaurant located in Santa Barbara, California."
Qwen2.5-1.5B-Instruct_K3,30,7522,1.1296727657318115,21,0.49099716544151306,0.12146588414907455,"[0.7300709585996239, 0.04442724475437726, 0.0003302835941342762]","[0.1544446935194203, 0.003399089414815968, 0.0005848941384488713]",baseless,1,"They offer a wide variety of fresh seafood, specialty foods, and meats, as well as catering services."
Qwen2.5-1.5B-Instruct_K3,30,7522,0.44891801476478577,23,0.5505576729774475,0.07369957119226456,"[0.5682307003961519, 0.006285913443622596, -0.014552539863673344]","[0.07447728897655591, 0.0013035084182764995, 0.0006056518815729878]",none,0,Their hours of operation are Monday through Saturday from 7:00 am to 2:00 pm.
Qwen2.5-1.5B-Instruct_K3,30,7522,1.190504550933838,31,0.5326177477836609,0.11620530486106873,"[0.4999726955148001, 0.11273054090786665, -0.010435559500746745]","[0.10567716701189056, 0.024083078798727706, 0.0018448039824239832]",none,0,"The business has a rating of 5.0 stars based on three customer reviews, with reviewers praising the high quality of their food and excellent customer service."
Qwen2.5-1.5B-Instruct_K3,30,7522,0.9733297228813171,33,1.048814296722412,0.18839000165462494,"[0.7637202284178894, 0.44568507470938296, 0.010258708525174316]","[0.12139418040566273, 0.08318064978936515, 0.0015403157857118651]",none,0,"One reviewer described the food as ""amazing"" and the staff as ""even better,"" while another reviewer commended the business for its great quality and price point."
Qwen2.5-1.5B-Instruct_K3,30,7522,0.38535359501838684,29,1.8617758750915527,0.24372519552707672,"[0.027637693052195666, 2.0634766515215923, 0.04685236769245389]","[0.026535000244691753, 0.2560616947895173, 0.005120505680775389]",none,0,"A third reviewer noted that the business is a ""hidden little gem"" and recommended ordering the fresh catch of the day from the local fisherman."
Qwen2.5-1.5B-Instruct_K3,30,7522,0.9355992078781128,9,2.020421266555786,0.26816093921661377,"[-0.25285885193281704, 0.3268124349415302, 1.9353053371111553]","[0.030465235519740317, 0.032122197560966015, 0.23639214080240992]",none,0,The business accepts cash and check payments only.
Qwen2.5-1.5B-Instruct_K3,30,7522,1.065964937210083,13,0.13279876112937927,0.011712904088199139,"[0.21866948638307804, -0.011511755280970157, 0.020839597380752542]","[0.012886389050694246, 0.0027710563730701885, 0.0006329830663345931]",none,0,"Overall, Harbor Meat & Seafood appears to be a top-rated seafood market and restaurant in the area, with a strong focus on quality and customer satisfaction."
Qwen2.5-1.5B-Instruct_K3,31,4474,1.5000923871994019,44,1.246074914932251,0.19084006547927856,"[0.22150970278215193, 0.5488863395241258, 0.07901507863227214]","[0.059294575441113426, 0.06960637778183809, 0.004649170476398012]",conflict,1,"Here is a summary of the article in 91 words:

Retail giants like Walmart and Target use high-tech security measures to deter and detect shoplifting, including discreet microphones and surveillance cameras with facial recognition capabilities."
Qwen2.5-1.5B-Instruct_K3,31,4474,1.267957091331482,38,1.8346076011657715,0.23416511714458466,"[0.5401601595067883, 0.4489865041685059, -0.016533645425487232]","[0.10976876942162275, 0.03342580477927838, 0.006461102366551741]",none,0,"Former employee Chey shared her insider knowledge of these anti-theft tactics on TikTok, warning would-be thieves that even small thefts can lead to grand theft charges depending on state laws."
Qwen2.5-1.5B-Instruct_K3,31,4474,1.8291910886764526,24,1.4409503936767578,0.19962511956691742,"[0.0931321728792985, -0.05338569213684726, 1.0654682231465056]","[0.03148390814105303, 0.016346588820776258, 0.13991579836617163]",none,0,"Despite Target's previous denial of accumulating shoplifting charges, Chey's revelations suggest retailers are taking a tough stance on theft."
Qwen2.5-1.5B-Instruct_K3,32,4330,1.400115728378296,33,1.1719685792922974,0.1746286153793335,"[0.3876790262786954, 0.05284515176952647, 0.04994882462602673]","[0.0908488896567371, 0.0032190617538424594, 0.0034747657023286374]",none,0,"Here is a summary of the article within 75 words:

Alyssa Thomas, 32, was last seen in Dallas, TX on Sept."
Qwen2.5-1.5B-Instruct_K3,32,4330,0.6425150632858276,15,0.6583697199821472,0.19172237813472748,"[0.5148685007821768, -0.006767607547711426, 0.0006976733265522246]","[0.10883748445194215, 0.009938589756363097, 0.003955495479067395]",none,0,"30, 2022, and was reported missing."
Qwen2.5-1.5B-Instruct_K3,32,4330,2.2749903202056885,12,0.5892311930656433,0.22459155321121216,"[0.6965866874282559, -0.42653070235004026, -0.18636411956200996]","[0.054757498864394925, 0.040002386497993335, 0.007057274187294145]",conflict,1,"Her abandoned car was found, but her whereabouts remain unknown."
Qwen2.5-1.5B-Instruct_K3,32,4330,0.8131193518638611,16,1.1517666578292847,0.1973036527633667,"[0.9958025547093712, 0.044123847503215075, 0.07433429088268895]","[0.16933942800096702, 0.008794530886916618, 0.0023817076589693897]",none,0,"Surveillance footage shows two people exiting the car, but no suspects have been named."
Qwen2.5-1.5B-Instruct_K3,32,4330,0.7788026332855225,33,0.7747930884361267,0.16988007724285126,"[0.17262808623380613, -0.17270986043028339, 0.8335823467394662]","[0.025964572622115156, 0.025048213853850573, 0.1412658648193504]",none,0,"Alyssa's family seeks justice, and anyone with information is urged to contact the Dallas PD at (214) 671-4268."
Qwen2.5-1.5B-Instruct_K3,33,8007,1.0471707582473755,52,0.6682130098342896,0.12474553287029266,"[0.3916725265694717, 0.036858718821358355, -0.01136505026071378]","[0.0842661794255417, 0.0016843167883192878, 0.0015208317229870806]",none,0,"Based on the provided structured data, here is an objective overview of Jack in the Box:

Located in Goleta, California, Jack in the Box is a restaurant chain offering a variety of fast food options including burgers, tacos, breakfast items, and more."
Qwen2.5-1.5B-Instruct_K3,33,8007,1.3136248588562012,26,0.1844829022884369,0.07278437912464142,"[0.18330109778449136, 0.053537205302256134, -0.01661466994944651]","[0.06784579818374298, 0.014336625017924995, 0.0012404588619104445]",baseless,1,"While some customers have praised the quality of their food, others have experienced poor customer service, particularly at the drive-thru window."
Qwen2.5-1.5B-Instruct_K3,33,8007,1.4500150680541992,24,0.6203504204750061,0.12372374534606934,"[0.9622907947120135, 0.008702511645118705, -0.02148191059131932]","[0.10343399767828032, 0.029978503864941757, 0.002614339979209864]",none,0,"Reviews mention long wait times and incorrect orders, with one reviewer stating that they were given ketchup instead of ranch dressing."
Qwen2.5-1.5B-Instruct_K3,33,8007,0.8531298637390137,19,0.5186409950256348,0.11289501190185547,"[0.0499302026016123, 0.7134389486470211, 0.006078816636306185]","[0.020106517611111485, 0.11519303695738352, 0.006387638778721195]",none,0,Some patrons have also expressed frustration with the lack of customization options for burgers and other menu items.
Qwen2.5-1.5B-Instruct_K3,33,8007,1.4182931184768677,26,0.6729497313499451,0.1819579005241394,"[0.5413583184212117, -0.03869609962014063, -0.003754505843971856]","[0.15005155708186854, 0.013335158115882432, 0.0006329288569479383]",conflict,1,"Despite these issues, Jack in the Box has a generally positive reputation, with many reviewers noting that the restaurant is good for groups."
Qwen2.5-1.5B-Instruct_K3,33,8007,1.2971898317337036,16,0.16898810863494873,0.05871070921421051,"[0.17521527322026031, -0.00025249395253013063, 0.055230141614913464]","[0.048415818156385626, 0.0036552623338508283, 0.0005609428611919043]",baseless,1,"However, the business appears to struggle with maintaining efficient service, especially during peak hours."
Qwen2.5-1.5B-Instruct_K3,34,3646,6.350280284881592,3,1.8777055740356445,0.1744290590286255,"[1.106281538804372, 0.4720677932103475, 0.555903156598409]","[0.048811576484392084, 0.017306690977420658, 0.018017832655459642]",none,0,Sure!
Qwen2.5-1.5B-Instruct_K3,34,3646,1.055415391921997,33,1.892514705657959,0.21053704619407654,"[1.4199824442550766, 0.1454689307230927, 0.05212466345829219]","[0.18032294097777207, 0.004222799365407175, 0.0035865095733794133]",none,0,"Here is the summary within 116 words:

Better weather until Friday, when a rainy weekend is expected due to a storm system heading to the eastern US."
Qwen2.5-1.5B-Instruct_K3,34,3646,1.289147973060608,43,0.24022573232650757,0.15773294866085052,"[0.18995675060195513, 0.283291253795702, 0.004129203587158266]","[0.11483816169375978, 0.08750999242132104, 0.008217556978805997]",conflict,1,"Sunny skies and highs in the 50s-60s today and Wednesday, followed by a warm and dry day on Thursday with highs in the mid-60s to upper 70s."
Qwen2.5-1.5B-Instruct_K3,34,3646,1.3529808521270752,20,1.7409881353378296,0.2654349207878113,"[0.1150115791708231, 0.3563671912066638, 2.0799258556216955]","[0.029896721622208133, 0.1391713582968805, 0.13844816670753063]",none,0,"Friday brings increasing clouds and showers, with cooler temperatures and a chance of scattered instability showers on Sunday."
Qwen2.5-1.5B-Instruct_K3,34,3646,0.4283897876739502,12,1.675039291381836,0.2260855883359909,"[0.08089590620264175, 0.09741429475616314, 1.7395484869607571]","[0.01036885474407434, 0.008840848466332337, 0.23073544364211784]",none,0,Next week starts chilly but warms up later in the week.
Qwen2.5-1.5B-Instruct_K3,35,8264,0.8904268741607666,24,2.1680238246917725,0.31800106167793274,"[1.6171521864210565, 0.008358699028481928, -0.03601445110776543]","[0.26609861671264906, 0.0027935939685690414, 0.001604305294736245]",none,0,"Wahoo's Fish Tacos is a restaurant located at 511 State St, Santa Barbara, CA."
Qwen2.5-1.5B-Instruct_K3,35,8264,1.4074337482452393,11,1.0938421487808228,0.20332971215248108,"[1.3888607783751055, -0.03629286671904, -0.05726467191495679]","[0.2169653671708974, 0.0013354348517499272, 0.0021297528166376815]",none,0,"The business offers seafood, restaurants, and Mexican cuisine."
Qwen2.5-1.5B-Instruct_K3,35,8264,1.423991084098816,12,0.6891929507255554,0.10009614378213882,"[0.7704461275910338, 0.040603416855446994, 0.13074305121942112]","[0.09234100362906854, 0.0007644086769384254, 0.001288673359643629]",none,0,The hours of operation are not provided in the JSON format.
Qwen2.5-1.5B-Instruct_K3,35,8264,1.7333582639694214,30,0.5129338502883911,0.11879144608974457,"[0.4584405772232761, -0.019448524020360007, 0.02694490880870338]","[0.10914997167807693, 0.00099320443300428, 0.00105770923100863]",conflict,1,"Customers can park their cars on the street or in a garage near the restaurant, but there is no validated parking lot or valet service available."
Qwen2.5-1.5B-Instruct_K3,35,8264,1.0561273097991943,14,1.004235863685608,0.13823151588439941,"[0.9851422573171605, 0.026482087263762617, -0.005684119112889415]","[0.13463094747378687, 0.00416347928655471, 0.0005892372262873583]",none,0,Wahoo's does not accept reservations and does not offer outdoor seating.
Qwen2.5-1.5B-Instruct_K3,35,8264,0.4534560441970825,9,0.3925323784351349,0.07270284742116928,"[0.4100268442804615, -0.02131656515929434, 0.04560038085199065]","[0.06751121887969526, 0.000357680468571036, 0.0014247017639314032]",baseless,1,Wi-Fi is not available at the restaurant.
Qwen2.5-1.5B-Instruct_K3,35,8264,1.5053759813308716,14,1.4226959943771362,0.2780419886112213,"[1.4583669806431447, 0.058686025523846705, 0.034862319850487565]","[0.2555288958496281, 0.0025399964809724096, 0.0011769766809623303]",none,0,The business takes out food and is suitable for groups of people.
Qwen2.5-1.5B-Instruct_K3,35,8264,1.1011600494384766,9,1.7866870164871216,0.17529140412807465,"[1.6102233396636114, 0.0010070138507419163, 0.05273467302322388]","[0.1696852252094282, 0.0051422089907444185, 0.0014292520807228154]",conflict,1,There is no music or ambiance information available.
Qwen2.5-1.5B-Instruct_K3,35,8264,1.6289423704147339,16,1.2813749313354492,0.1692628711462021,"[1.6423853118758416, 0.0113815568283826, -0.01824465726622293]","[0.15020346739856905, 0.012483015655504914, 0.0020068226097009756]",none,0,"In terms of reviews, one customer found that the location had closed down."
Qwen2.5-1.5B-Instruct_K3,35,8264,1.1350603103637695,29,1.4995239973068237,0.163943350315094,"[1.0025402032301043, 0.6906531053634887, 0.016075104719644077]","[0.12704868496654131, 0.06563757525711857, 0.011442708974943249]",none,0,"Another customer gave Wahoo's five stars for its delicious fish tacos, excellent service from Jeff and Francis, and a laid-back, relaxed atmosphere."
Qwen2.5-1.5B-Instruct_K3,35,8264,1.1360187530517578,23,0.8663143515586853,0.17375855147838593,"[0.46286549079029454, 0.6274414162920869, 0.48740199499804043]","[0.053582932061070336, 0.07352393115971885, 0.13455529055689744]",none,0,"A third customer also rated the restaurant highly, praising its fast-food style and friendly staff, particularly the owner, Jeff."
Qwen2.5-1.5B-Instruct_K3,36,5171,1.5404006242752075,16,2.0273995399475098,0.25244051218032837,"[1.0353083862282801, 0.06326620186700893, -0.0916409861183638]","[0.1513540469459258, 0.0031140348320377598, 0.004258125730061124]",none,0,"El Zarape is a popular Mexican restaurant located in Santa Barbara, CA."
Qwen2.5-1.5B-Instruct_K3,36,5171,1.1978874206542969,32,0.2113499641418457,0.10943511128425598,"[0.28693042414158754, -0.030375037902544477, 0.03197155586948952]","[0.10382809657597392, 0.0032157871487790146, 0.0020322146416624776]",none,0,"According to their structured data, they are open seven days a week, from 6:30 am to 9 pm, with extended hours on weekends."
Qwen2.5-1.5B-Instruct_K3,36,5171,1.2615004777908325,19,1.657231330871582,0.19464972615242004,"[1.7438095433110568, -0.0467864345440543, 0.029290185358963515]","[0.18882354706568694, 0.0070437049316272975, 0.0016233704145155283]",none,0,"They offer takeout and good for groups, but do not have outdoor seating or Wi-Fi."
Qwen2.5-1.5B-Instruct_K3,36,5171,1.592652678489685,14,0.7151235938072205,0.18572525680065155,"[0.7692655223820891, 0.004785741014139993, 0.011248218693903514]","[0.18131401196920446, 0.004895141780642527, 0.0010194304767147905]",conflict,1,"The ambiance is casual and intimate, but not too trendy or upscale."
Qwen2.5-1.5B-Instruct_K3,36,5171,1.1122784614562988,23,1.1128743886947632,0.18661020696163177,"[0.34869396269989567, 1.4403078172193922, 0.022749635245418176]","[0.09143807448866859, 0.12772651998523582, 0.005764573113132745]",none,0,"They have a 4-star rating and are known for their delicious carnitas, good service, and clean food."
Qwen2.5-1.5B-Instruct_K3,36,5171,1.2678205966949463,13,0.8111730813980103,0.15764912962913513,"[0.04413638996014085, 1.4376641506185899, -0.09290963631624785]","[0.01957308590107669, 0.14227031439972612, 0.016252604568762763]",none,0,One reviewer mentions that their breakfast burritos are a personal favorite.
Qwen2.5-1.5B-Instruct_K3,36,5171,0.777844250202179,22,-0.037169355899095535,0.026343857869505882,"[0.02575758748306808, -0.06727242643583767, -0.03319461049580819]","[0.015678336313571475, 0.006802595033408662, 0.0007161354316219166]",none,0,"Overall, El Zarape seems to be a solid choice for those looking for authentic Mexican cuisine in a casual setting."
Qwen2.5-1.5B-Instruct_K3,37,9449,0.765195369720459,29,2.7249584197998047,0.3116675615310669,"[2.441713564868631, 0.014812802715259123, -0.008943029189610789]","[0.3013045273656989, 0.0007892578839722585, 0.0004678828612793887]",none,0,"China Bowl & State Street Cafe is a restaurant located in Santa Barbara, CA that serves American (New), American (Traditional), Chinese cuisine."
Qwen2.5-1.5B-Instruct_K3,37,9449,0.41011112928390503,25,0.3411524295806885,0.08652985841035843,"[0.3540612344327383, 0.011177299533192126, 0.007425889504338557]","[0.09071522736398037, 0.0012610550834665445, 0.00018451958244668275]",none,0,The restaurant is open seven days a week from 11:30am to 10:00pm.
Qwen2.5-1.5B-Instruct_K3,37,9449,1.2218552827835083,13,1.6864562034606934,0.18252339959144592,"[1.8357853098557546, 0.017418184604209203, 0.002700947869855624]","[0.19448255138615003, 0.0025531113474594, 0.0008952117675037768]",none,0,"It has outdoor seating, takes reservations, and offers takeout."
Qwen2.5-1.5B-Instruct_K3,37,9449,1.2640646696090698,13,-0.0033837007358670235,0.12473614513874054,"[0.027806433060994513, -0.024217114139061708, 0.016259908962708253]","[0.12596989553779936, 0.00263520291243297, 0.0009773116770912355]",conflict,1,"Wi-Fi is available for free, and the atmosphere is casual."
Qwen2.5-1.5B-Instruct_K3,37,9449,0.7618497610092163,31,0.533301055431366,0.10709203779697418,"[0.22252295969519764, 0.3094253404997289, 0.04352920693007388]","[0.06873269530291098, 0.05576242307851346, 0.00198144776752249]",none,0,"The restaurant has received mixed reviews, with some customers praising the food and service, while others have had negative experiences with poor customer service and low-quality food."
Qwen2.5-1.5B-Instruct_K3,37,9449,1.7857567071914673,27,0.6787871718406677,0.18555183708667755,"[0.6800394225865602, -0.007479155122483563, -0.037951450568572104]","[0.12395053318309861, 0.05863033303770256, 0.002607567195506514]",none,0,One reviewer mentioned that they were treated rudely by the manager when they tried to request a complimentary item that was missed in their order.
Qwen2.5-1.5B-Instruct_K3,37,9449,2.5874581336975098,43,0.006403863430023193,0.09384902566671371,"[-0.09183590963136318, 0.1947418479465468, -0.05604186301528433]","[0.030429372507104174, 0.08073202652456023, 0.012931318057955523]",none,0,"Another reviewer had food poisoning after eating at the restaurant, and a third reviewer was disappointed with the quality of their order, including overcooked vegetables, black won ton soup, and mushy, dark black fried rice."
Qwen2.5-1.5B-Instruct_K3,37,9449,0.6841086149215698,15,0.39616432785987854,0.15684355795383453,"[0.22038721149050008, 0.023290914575530525, 0.004026772295280049]","[0.13914885558673026, 0.001191244577330508, 0.0003813746451972596]",none,0,The restaurant has a rating of 2.0 stars out of 5.
Qwen2.5-1.5B-Instruct_K3,38,1594,0.8944123983383179,45,1.621993899345398,0.23116669058799744,"[0.5339137251023203, 0.02870384499450059, 0.011136134110145374]","[0.08697613073838713, 0.003472616647662916, 0.004212947326363468]",none,0,"Here is a summary of the article in 200 words or less:

Warren Weinstein, a 73-year-old American aid worker, was accidentally killed in a US drone strike targeting al Qaeda in Pakistan."
Qwen2.5-1.5B-Instruct_K3,38,1594,1.0374352931976318,16,0.49679145216941833,0.16866537928581238,"[0.48349222604792885, -0.006286061424901845, 0.09725332162216205]","[0.1640005618082796, 0.00787148733659393, 0.006433534422534137]",baseless,1,He was kidnapped in 2011 and held hostage for four years.
Qwen2.5-1.5B-Instruct_K3,38,1594,1.2825130224227905,23,0.5511622428894043,0.16957668960094452,"[0.1695992514167143, 0.028250660241136084, 0.3380212277457442]","[0.10754637902035662, 0.005152366411968377, 0.04044500074119044]",none,0,"His family had been pushing for his release, but he was killed in a joint US-Pakistan operation in January."
Qwen2.5-1.5B-Instruct_K3,38,1594,1.5061603784561157,23,0.6358864903450012,0.2305135577917099,"[-0.305991321194755, -0.008334188499366459, 0.6732447338492974]","[0.05492263121667075, 0.004563876764776702, 0.1762431087680971]",conflict,1,"The US government knew there were hostages in the compound, but they did not know that Weinstein was one of them."
Qwen2.5-1.5B-Instruct_K3,38,1594,1.822208046913147,22,0.10638193786144257,0.09699149429798126,"[-0.181050583508543, 0.016095707298849116, 0.2608272967733104]","[0.020762603909299123, 0.006562856788481109, 0.06331628923494877]",baseless,1,"The operation was intended to target al Qaeda leaders, but the group had taken hostages to use as human shields."
Qwen2.5-1.5B-Instruct_K3,38,1594,1.0420732498168945,16,0.4306877553462982,0.1290474832057953,"[0.36711343910428695, 0.13714221998816356, 0.044040189910447225]","[0.0935157341627928, 0.025601452743046593, 0.029497772024114965]",none,0,The US government expressed regret for Weinstein's death and promised to investigate the circumstances.
Qwen2.5-1.5B-Instruct_K3,38,1594,0.9389163255691528,17,0.06660652160644531,0.07233751565217972,"[0.05791172231821453, 0.0399289592717062, -0.01914656225263196]","[0.05137058661100181, 0.011412816719070285, 0.009513269517543343]",none,0,The family of Weinstein has criticized the US government for not doing enough to secure his release.
Qwen2.5-1.5B-Instruct_K3,39,9757,1.0315666198730469,27,2.8645427227020264,0.37950870394706726,"[2.6549752302191876, 0.018140381691207748, -0.04159984653691667]","[0.35783212673332954, 0.000520761405495149, 0.0013795385924300649]",none,0,"Ridley-Tree House Restaurant is a local business located at 500 Ninos Dr in Santa Barbara, CA."
Qwen2.5-1.5B-Instruct_K3,39,9757,0.4147638976573944,11,1.5826112031936646,0.20432116091251373,"[1.658976408991624, -0.004816756160421805, 0.026716648156500676]","[0.19936235702003946, 0.00023601304879279766, 0.000484677244623361]",none,0,It falls under the categories of Fast Food and Restaurants.
Qwen2.5-1.5B-Instruct_K3,39,9757,0.5608510375022888,24,0.5513384342193604,0.08319181948900223,"[0.6082807994656226, 0.025834725150313414, 0.019313688734655443]","[0.0904230274203049, 0.0009183877133362254, 0.0013614996781636062]",none,0,The restaurant operates from 10:00 AM to 5:00 PM every day of the week.
Qwen2.5-1.5B-Instruct_K3,39,9757,1.444888710975647,18,0.29424312710762024,0.08666811138391495,"[0.3136905697691772, -0.02550365672343307, -0.004269749754005008]","[0.08514900706035809, 0.002047190018250452, 0.0011437790122322945]",none,0,"The business has an outdoor seating area, providing customers with the option to dine outside."
Qwen2.5-1.5B-Instruct_K3,39,9757,0.7690746188163757,22,1.1933139562606812,0.17322416603565216,"[1.2719995350079527, -0.026440235844347626, -0.010476096173409711]","[0.17626242166575554, 0.002334098259118698, 0.002653738119037867]",none,0,"However, there is no information available about the availability of parking, reservations, takeout services, or WiFi."
Qwen2.5-1.5B-Instruct_K3,39,9757,1.1315808296203613,18,0.7496490478515625,0.12889809906482697,"[0.738389773410745, 0.015126558022327825, -0.0017763023409618957]","[0.13113256991750355, 0.0018799322233746807, 0.0015766954889436925]",conflict,1,"The ambience of the restaurant is described as casual, with no specific themes or styles mentioned."
Qwen2.5-1.5B-Instruct_K3,39,9757,1.4727243185043335,18,0.3249220848083496,0.11272633075714111,"[0.5782190718390565, 0.04444213536327071, 0.0018753531935039468]","[0.11817253922789758, 0.0025059895750637728, 0.0016041327835220425]",none,0,The overall rating of the Ridley-Tree House Restaurant is 3.0 stars.
Qwen2.5-1.5B-Instruct_K3,39,9757,1.5644721984863281,9,0.3226984441280365,0.06823784112930298,"[0.37677986092037624, 0.11543561373319891, -0.059735796310835414]","[0.06235783836907811, 0.03433104926645885, 0.006862736602973503]",none,0,Customers have left mixed reviews about their experiences.
Qwen2.5-1.5B-Instruct_K3,39,9757,1.1379461288452148,19,0.8928608298301697,0.11411015689373016,"[1.3752938771228258, -0.1917944238276074, -0.0025681437262775083]","[0.12384158472751121, 0.014314123731118775, 0.0034932857222549117]",none,0,"One reviewer praised the quality of the burger and fries, comparing them to popular fast-food chains."
Qwen2.5-1.5B-Instruct_K3,39,9757,1.4186543226242065,12,0.5771349668502808,0.2358177751302719,"[1.0161236319690943, -0.05823858454823494, -0.08196424382428329]","[0.22715543381248912, 0.03188581129264397, 0.011662154887744691]",none,0,They also mentioned that the hot dog was a bit disappointing.
Qwen2.5-1.5B-Instruct_K3,39,9757,1.7108126878738403,22,1.9519599676132202,0.19510863721370697,"[0.06816737277602608, 0.44799618975428696, 2.1365527345544915]","[0.050139500112229805, 0.05649029665272048, 0.1489075204034717]",none,0,"Another positive aspect highlighted was the ease of online ordering and the delicious zoo brew beers, which are reasonably priced."
Qwen2.5-1.5B-Instruct_K3,40,1965,1.173357605934143,32,2.2448816299438477,0.2637155055999756,"[0.8377466974573053, 0.032083171882959505, -0.002765277409935152]","[0.19507085055693096, 0.010881547412168402, 0.012406904872143798]",none,0,"Lifetime has greenlit a follow-up to its ""Unauthorized Saved By the Bell"" TV movie, focusing on the popular '90s sitcom Full House."
Qwen2.5-1.5B-Instruct_K3,40,1965,0.5995664000511169,56,1.1654870510101318,0.23077240586280823,"[0.8758340670350923, -0.008009416918607062, 0.001198106407270773]","[0.19667037406023674, 0.0034297348810688228, 0.00230987527787566]",none,0,"The new film, titled ""The Unauthorized Full House Story,"" will explore the rise of the show's cast, including John Stamos, Bob Saget, and the Mary-Kate and Ashley Olsen twins, and the challenges they faced balancing their on-screen personas with their personal lives."
Qwen2.5-1.5B-Instruct_K3,40,1965,0.9868881106376648,38,1.1520779132843018,0.1911354809999466,"[0.7724823927120795, 0.8188509104197452, 0.01419418153837844]","[0.12031587575084383, 0.11332490476850485, 0.003219996243974253]",baseless,1,"The project is based on a previous tell-all book by Ron McGee, who wrote the ""Unauthorized Saved by the Bell Story."" Casting will begin soon, with an air date to be determined."
Qwen2.5-1.5B-Instruct_K3,41,4772,0.7846605777740479,25,2.740776777267456,0.34234145283699036,"[2.349286957010627, 0.00021194410743191838, -0.05106177395617124]","[0.288140452131629, 0.00015384711306978715, 0.0025758067430433585]",none,0,"Su Casa Fresh Mexican Grill is a restaurant located at 1417 San Andres St in Santa Barbara, California."
Qwen2.5-1.5B-Instruct_K3,41,4772,0.7202016711235046,29,0.3158296048641205,0.07828603684902191,"[0.4051608199209521, 0.008136479824315757, 0.008964349402331522]","[0.084336631406492, 0.000325406930783331, 0.0012807804263000686]",conflict,1,"The business operates from Monday to Sunday, with hours of operation ranging from 6:00 PM to 11:00 PM."
Qwen2.5-1.5B-Instruct_K3,41,4772,1.24658203125,11,0.6018388271331787,0.10578206181526184,"[0.7073290551250632, 0.026256549087437717, -0.015230568295175379]","[0.10855463722890074, 0.000858702553986487, 0.0031317197003359483]",none,0,The restaurant serves Mexican cuisine and is categorized as a restaurant.
Qwen2.5-1.5B-Instruct_K3,41,4772,1.4179737567901611,18,-0.07049664855003357,0.06411159783601761,"[0.19503319677379397, 0.003783704014495015, -0.040935117208088435]","[0.05833385254825569, 0.014921931773844536, 0.004648017798091233]",none,0,Customers who reviewed the business highly praised the quality of the food and the friendly service.
Qwen2.5-1.5B-Instruct_K3,41,4772,1.7562403678894043,11,0.6687816977500916,0.07909546047449112,"[0.9545937065373767, 0.2120724900371649, 0.20424160920083523]","[0.07949818522584709, 0.013707582460483536, 0.008751859302389097]",none,0,They also noted that the outdoor seating area is available.
Qwen2.5-1.5B-Instruct_K3,41,4772,1.0204371213912964,22,1.6635565757751465,0.21857810020446777,"[0.10358369402935998, 2.025063224238693, -0.024459363767908308]","[0.018556374138954237, 0.2249832999319055, 0.005969651836298081]",none,0,Some customers also recommended trying the fresh avocado instead of guacamole sauce on the nachos for an additional fee.
Qwen2.5-1.5B-Instruct_K3,41,4772,0.9984378218650818,25,-0.11370645463466644,0.01796070486307144,"[-0.08417542161070742, -0.030768789927242322, -0.044839576274971475]","[0.015028789313364542, 0.0033291323021330753, 0.0024070083213882753]",none,0,"Overall, Su Casa Fresh Mexican Grill seems to be a popular choice for those looking for authentic Mexican cuisine in a casual setting."
Qwen2.5-1.5B-Instruct_K3,42,6802,6.233455181121826,3,0.22604970633983612,0.2894306480884552,"[-0.3203526933987935, 0.1242487629254659, 0.2678452531496684]","[0.04265289877851804, 0.0007101939506052682, 0.008059822915432354]",none,0,Sure!
Qwen2.5-1.5B-Instruct_K3,42,6802,0.587850034236908,58,1.3238698244094849,0.13151952624320984,"[0.7260946176186888, 0.01968632150740807, 0.03254137534981906]","[0.10188112552159195, 0.0014079039724437632, 0.0011260390876144312]",baseless,1,"Here's an objective overview of Simply Marvelous BBQ Catering based on the provided structured data in JSON format:

Simply Marvelous BBQ Catering is a highly-rated catering company located in Carpinteria, California that offers a variety of services including event planning, cooking classes, and outdoor seating."
Qwen2.5-1.5B-Instruct_K3,42,6802,1.4316420555114746,41,0.23343081772327423,0.06665177643299103,"[0.09735633761951382, 0.04926783891917184, 0.019835798967084508]","[0.02958218714047689, 0.004298762770525993, 0.006694189552875996]",none,0,"With an average rating of 5.0 stars across multiple reviews, this business has established a strong reputation for providing exceptional customer service, delicious barbecue cuisine, and reliable, professional support throughout the entire catering process."
Qwen2.5-1.5B-Instruct_K3,42,6802,2.097730875015259,30,-0.13948844373226166,0.0789155662059784,"[0.15333449997597198, 0.0723740807755045, 0.15732812372013238]","[0.03747658663973728, 0.02795541288833192, 0.013477575437400446]",none,0,One reviewer praised the team for their flexibility in accommodating last-minute changes and providing a wide range of menu options that satisfied both adult and child guests.
Qwen2.5-1.5B-Instruct_K3,42,6802,1.7109520435333252,27,0.033328887075185776,0.06848789751529694,"[0.06935580005180479, 0.024414237963221105, 0.034989737280638006]","[0.013229805109483971, 0.011280231954220586, 0.03261110444610175]",none,0,"Another reviewer highlighted the business's attention to detail and the effortless setup and teardown of the event, which made for a stress-free experience."
Qwen2.5-1.5B-Instruct_K3,42,6802,0.9754983186721802,28,1.5668236017227173,0.14692571759223938,"[1.5538834579212693, 0.02088158611984779, 0.13657044690212064]","[0.14046522146985094, 0.0037736504047326696, 0.013573898164027907]",none,0,"Additionally, reviewers consistently praised the taste and quality of the food, particularly the tri-tip and smoked turkey, garlic mashed potatoes, and asparagus."
Qwen2.5-1.5B-Instruct_K3,42,6802,2.0872480869293213,13,0.19847574830055237,0.07747404277324677,"[0.5295498096025907, -0.016105355838170417, 0.005865117964836268]","[0.08176689079174629, 0.007461917013503038, 0.0038308663508639885]",baseless,1,"The business operates with flexible hours and provides catering services for various events, including weddings, birthdays, and corporate gatherings."
Qwen2.5-1.5B-Instruct_K3,43,5422,6.249266147613525,3,0.20405204594135284,0.26910510659217834,"[-0.1476041873296102, 0.5742603739102682]","[0.11161428938309352, 0.01279869283704708]",none,0,Sure!
Qwen2.5-1.5B-Instruct_K3,43,5422,0.926455557346344,43,1.3849859237670898,0.14089399576187134,"[1.4414005364362183, -0.021493024748599775]","[0.1333463305042832, 0.0020843274466231347]",baseless,1,"Here's an objective overview of Killer Shrimp based on the provided structured data:

Killer Shrimp is a restaurant located in Santa Barbara, California that offers American New cuisine, seafood, steak, and live music."
Qwen2.5-1.5B-Instruct_K3,43,5422,1.4753483533859253,14,1.2327042818069458,0.19378308951854706,"[1.1972192211874895, -0.010536262166819401]","[0.18335012745644366, 0.0009151890429036159]",conflict,1,"They have a casual, trendy atmosphere with outdoor seating and no WiFi."
Qwen2.5-1.5B-Instruct_K3,43,5422,0.9502078294754028,13,1.4249920845031738,0.2248184084892273,"[1.3632558386128109, -0.007150870671186847]","[0.222260798041064, 0.0015675387620866297]",none,0,"They offer reservations, takeout, and are suitable for groups."
Qwen2.5-1.5B-Instruct_K3,43,5422,1.710338830947876,20,0.13780200481414795,0.07446776330471039,"[0.12316144714131952, -0.02921883745584637]","[0.0735672887880355, 0.001836423896747874]",conflict,1,Their hours vary but they are open every day except Monday from 4pm to 2am.
Qwen2.5-1.5B-Instruct_K3,43,5422,1.0017462968826294,22,0.31630828976631165,0.08463060110807419,"[0.3141093162862076, 0.08650211720536886]","[0.07888738429491324, 0.006007639085592845]",none,0,"The restaurant has received mixed reviews, with some patrons praising the food and service while others have had negative experiences."
Qwen2.5-1.5B-Instruct_K3,43,5422,0.776287853717804,24,0.18997417390346527,0.09571339935064316,"[0.3452175787318386, -0.013714845707643994]","[0.10471011090234346, 0.0030363963103973526]",conflict,1,"Based on the review information provided, the overall rating for Killer Shrimp is 3.5 out of 5 stars."
Qwen2.5-1.5B-Instruct_K3,44,6239,1.815853238105774,25,1.1671940088272095,0.2113470584154129,"[1.1153844909486361, -0.0063353287358768285, -0.017656382088316606]","[0.19499438719736645, 0.0005350226200243924, 0.003092385104018831]",baseless,1,"Wingstop is a popular restaurant located in Santa Barbara, CA, specializing in chicken wings and other American-style cuisine."
Qwen2.5-1.5B-Instruct_K3,44,6239,0.7709539532661438,23,0.3537963330745697,0.09500018507242203,"[0.6568920665503475, 0.12995511478252214, 0.0875572588790775]","[0.10313124440563115, 0.010171886657249359, 0.00617047256287151]",none,0,"According to customer reviews, the restaurant is known for its delicious wings, friendly staff, and convenient take-out options."
Qwen2.5-1.5B-Instruct_K3,44,6239,0.814467191696167,27,1.999096393585205,0.22839581966400146,"[0.9652311200388121, -0.047999296093756263, 1.3998525956304986]","[0.12089177967195779, 0.0031414060128588097, 0.11083037918864715]",none,0,"One reviewer praised the variety of flavors available, including mild and lemon pepper, while another appreciated the freshly cut fries with Cajun seasoning."
Qwen2.5-1.5B-Instruct_K3,44,6239,2.1402015686035156,17,-0.01840515062212944,0.10103600472211838,"[0.5650785041507334, 0.044711152892833686, 0.0036367623354582224]","[0.10172772932941478, 0.0039766272350735725, 0.02162060667636551]",baseless,1,The restaurant has a casual atmosphere with outdoor seating and offers Wi-Fi to its patrons.
Qwen2.5-1.5B-Instruct_K3,44,6239,1.1140695810317993,28,-0.26594358682632446,0.055561359971761703,"[-0.15805966313579184, -0.00528412055427095, -0.07025134299752674]","[0.057280584546922295, 0.0024937734829235986, 0.0029221012969800697]",conflict,1,"It is open seven days a week from 11 am to 10 pm, making it a great spot for lunch or dinner."
Qwen2.5-1.5B-Instruct_K3,44,6239,1.15473473072052,32,0.4348560571670532,0.0890830010175705,"[0.3605740334769507, -0.005885020993673606, 0.029105567752822026]","[0.07628863566878863, 0.0004968576215613751, 0.0010899751981412464]",none,0,"With an average rating of 3.0 stars and positive customer reviews, Wingstop is a solid choice for those looking for tasty and satisfying food in the area."
Qwen2.5-1.5B-Instruct_K3,45,3231,1.247944951057434,37,2.955751895904541,0.3303524851799011,"[0.673129031101141, -0.008938704422640463, 0.03050640193317589]","[0.11800835887992729, 0.007650361809528722, 0.009718774359891933]",none,0,"Here is a summary of the article in 82 words:

On Big Brother 25, Felica tells Jag that Matt wants to target him in the upcoming double eviction."
Qwen2.5-1.5B-Instruct_K3,45,3231,1.2191637754440308,17,0.7514992952346802,0.1497901827096939,"[0.836035712287412, 0.09834659868433579, 0.01170626824707998]","[0.11707800464607905, 0.02482350814967597, 0.009982735552512167]",none,0,Felica tries to create a rift between Jag and Matt to advance in the game.
Qwen2.5-1.5B-Instruct_K3,45,3231,1.6844291687011719,15,0.29337093234062195,0.11246418952941895,"[-0.06994183756954347, -0.020426619061133047, 0.12324128831508764]","[0.06632347498608245, 0.09124060834886526, 0.012689757501781666]",baseless,1,"However, this move may backfire as Matt could target Felica instead."
Qwen2.5-1.5B-Instruct_K3,45,3231,1.3544247150421143,14,0.20747233927249908,0.07276608049869537,"[0.10838418299265738, 0.12832944572853325, 0.21900458940321446]","[0.026939109578961506, 0.012718491497902764, 0.009782759955409606]",none,0,"The double eviction looms, and tensions are high among the housemates."
Qwen2.5-1.5B-Instruct_K3,46,8097,1.0235785245895386,50,0.7638188004493713,0.12518887221813202,"[0.25840950065980905, 0.03731654561770483, -0.015147586922694245]","[0.07252042642009769, 0.0034637631647001397, 0.001531061953265862]",none,0,"Based on the provided structured data, here is an objective overview of Altamiranos Restaurant:

Located in Goleta, California, Altamiranos Restaurant is a popular Mexican eatery that has gained a reputation for serving delicious and authentic dishes."
Qwen2.5-1.5B-Instruct_K3,46,8097,1.1459261178970337,34,0.1514250487089157,0.07413406670093536,"[0.19066113223294345, -0.002194796847855768, -0.024001587334436515]","[0.06681482947525343, 0.011287255624687438, 0.00155288006194563]",none,0,"With a rating of 4.0 out of five stars, the restaurant has received positive reviews from customers who have praised its food quality, friendly service, and cozy atmosphere."
Qwen2.5-1.5B-Instruct_K3,46,8097,1.26980459690094,53,0.6928160190582275,0.16547361016273499,"[0.46735460370535226, -0.07703629296558129, 0.17682028320275592]","[0.11397659478589885, 0.02251817490835767, 0.042801706826100024]",baseless,1,"Customers have raved about the restaurant's menu options, particularly the posole and chile verde burrito, which were described as ""delicious"" and ""tender."" The reviewers also appreciated the versatility of the salsa bar and the availability of vegetarian options."
Qwen2.5-1.5B-Instruct_K3,46,8097,0.7648673057556152,40,0.8590690493583679,0.12756779789924622,"[0.8858671448308655, -0.013215692285700697, -0.008504959974698068]","[0.11179303692164524, 0.014212865623897387, 0.003916719911614308]",conflict,1,"Additionally, the staff has been commended for their efficiency and attentiveness, with one reviewer noting that the hostess, server, bartender, and cashier all worked together seamlessly to provide a great dining experience."
Qwen2.5-1.5B-Instruct_K3,46,8097,1.6400336027145386,23,0.5712873339653015,0.10715760290622711,"[0.6001421449030243, -0.059264626489375194, -0.09338421084027251]","[0.09140124304442156, 0.0030834601201723158, 0.006179713684213825]",conflict,1,"While some reviewers have noted that the restaurant does not offer Wi-Fi, most have praised its casual and intimate atmosphere, making it a great spot for both solo diners and groups."
Qwen2.5-1.5B-Instruct_K3,47,7570,6.274730682373047,3,0.17614515125751495,0.2646080553531647,"[-0.5988683899243673, 0.07756239175796509, 0.34515297412872314]","[0.06752669221411149, 0.0017903791910309035, 0.009009448112919927]",none,0,Sure!
Qwen2.5-1.5B-Instruct_K3,47,7570,0.3605954051017761,35,1.5566484928131104,0.15968260169029236,"[1.527688411674509, 0.005109828433484966, -0.02004469144464695]","[0.16128377457220852, 0.0003604463410868318, 0.0012699235918968758]",none,0,"Here's an objective overview of Red Pepper Chinese Food Express based on the provided structured data:

Red Pepper Chinese Food Express is a Chinese restaurant located in Isla Vista, California."
Qwen2.5-1.5B-Instruct_K3,47,7570,1.2762466669082642,19,0.19338130950927734,0.11253838986158371,"[0.14367135066176592, 0.0936966835961716, 0.02476264636857195]","[0.08461320695331372, 0.018371134813883982, 0.00488321189533879]",baseless,1,"They offer a variety of dishes including Ramen, Lo Mein, Fried Rice, and more."
Qwen2.5-1.5B-Instruct_K3,47,7570,0.9781665802001953,38,0.4585821330547333,0.11731065064668655,"[0.4081778130976569, 0.18895377363514854, -0.045035613345374405]","[0.09352125251390182, 0.028939881519264826, 0.004014002919500638]",none,0,"The restaurant has a rating of 3.5 stars based on customer reviews, with some patrons praising the authenticity of the food and others expressing disappointment with the taste and quality of certain dishes."
Qwen2.5-1.5B-Instruct_K3,47,7570,1.055022954940796,51,1.456194519996643,0.17714259028434753,"[1.3299956557794026, 0.22886824918316728, -0.020951060056337584]","[0.15478640927026657, 0.047095287429648774, 0.003620154825631405]",baseless,1,"One reviewer described the food as ""dry and flavorless,"" while another commended the chow mein/lo mein as ""better than your average fast food counterpart."" The restaurant offers takeout and has no parking, but is considered budget-friendly and convenient."
Qwen2.5-1.5B-Instruct_K3,47,7570,1.0645501613616943,32,0.1919466108083725,0.020295295864343643,"[0.031707237694490686, 0.1677899581720368, -0.012978211213791724]","[0.01423131820293655, 0.024669124471377035, 0.0033802456212814747]",none,0,"Overall, Red Pepper Chinese Food Express appears to be a mixed bag when it comes to food quality, but some customers appreciate the authenticity and affordability of the menu items."
Qwen2.5-1.5B-Instruct_K3,48,7774,6.708258152008057,3,-0.24875323474407196,0.2843000590801239,"[-0.17849049965540567, 0.1442466378211975, 0.38992377122243244]","[0.21843693079426885, 0.0016424503749779735, 0.004146382445469499]",none,0,Sure!
Qwen2.5-1.5B-Instruct_K3,48,7774,0.5809644460678101,45,0.8291987180709839,0.13609863817691803,"[0.6958720970159549, 0.00023360403152360555, 0.020939215380622045]","[0.12063086481146759, 0.0006383364454172301, 0.0011954017655044582]",none,0,"Here's an objective overview of La Salsa based on the provided structured data:

La Salsa is a Mexican restaurant located in Santa Barbara, CA, with a rating of 3.5 stars based on 3 reviews."
Qwen2.5-1.5B-Instruct_K3,48,7774,1.1677435636520386,30,0.645375669002533,0.13890092074871063,"[0.6111743449233472, 0.06050344244965042, 0.02246440247205707]","[0.13693704895752792, 0.0011238649892751104, 0.0008097443114062722]",conflict,1,"The restaurant offers salads, Mexican cuisine, and takeout, with hours of operation from 10am to 10pm Monday through Sunday."
Qwen2.5-1.5B-Instruct_K3,48,7774,1.6693384647369385,9,0.5800077319145203,0.20529380440711975,"[0.8381319360600578, -0.077025773223593, -0.07181636198785984]","[0.20038982894685534, 0.0028733901724788463, 0.0023574633216614732]",conflict,1,The restaurant has outdoor seating and accepts reservations.
Qwen2.5-1.5B-Instruct_K3,48,7774,1.5892667770385742,48,0.7257329821586609,0.1632748693227768,"[0.12938300935487254, 0.46417712848949577, 0.09280336492158388]","[0.061512218388945904, 0.07981361263361997, 0.05915567695857268]",none,0,"One reviewer praised the freshness of the food and reasonable prices, while another reviewer was dissatisfied with their experience due to an employee cleaning the floor and windows near the front door during their meal, which they found to be unhygienic."
Qwen2.5-1.5B-Instruct_K3,48,7774,2.571394681930542,24,-0.6320708394050598,0.0818299874663353,"[-0.2931291981949471, -0.052305210362343736, -0.10313790699001402]","[0.05509878404033467, 0.030807208242549677, 0.008058838504439336]",none,0,"A third reviewer enjoyed their meal and highlighted the restaurant's authentic Mexican flavors, variety of menu options, and great prices."
Qwen2.5-1.5B-Instruct_K3,48,7774,0.8598187565803528,36,0.04510696232318878,0.012537537142634392,"[-0.0013404037849543077, -0.024659225542980796, -0.04595213729341038]","[0.009114071345180719, 0.0013768714139463295, 0.0016725363440070534]",none,0,"Overall, the reviews suggest that La Salsa is a decent option for Mexican food in the area, but may not be the best choice for those looking for a more upscale dining experience."
Qwen2.5-1.5B-Instruct_K3,49,5466,0.9024068117141724,39,1.7073712348937988,0.23388783633708954,"[0.993229826160435, 0.03650899360852632, 0.002656993300964435]","[0.17954828217395913, 0.001406421791662419, 0.0009548490211220184]",none,0,"Taqueria Altamirano, located at 217 E Anacapa St, Santa Barbara, CA, is a highly-rated restaurant specializing in Mexican and New American cuisine."
Qwen2.5-1.5B-Instruct_K3,49,5466,1.2102810144424438,28,0.8476272225379944,0.11379971355199814,"[1.099394741355874, 0.08931883523057747, -0.03830845259238101]","[0.1329929921349893, 0.007566351838653824, 0.002280215224069642]",none,0,"It has a 4.5-star business rating and has received rave reviews from customers, especially for its fish tacos and authentic Mexican food."
Qwen2.5-1.5B-Instruct_K3,49,5466,2.1736814975738525,24,0.5055792331695557,0.1438370794057846,"[0.15779747224102417, 0.4441578129772097, -0.05697180322992305]","[0.10579531841600935, 0.06155490946548525, 0.0032302081666178615]",none,0,"Many customers have praised its affordability, the great atmosphere, and the friendly service, with homemade chips also getting special mentions."
Qwen2.5-1.5B-Instruct_K3,49,5466,1.435768961906433,26,1.0981159210205078,0.1666807383298874,"[0.07405781699064672, 0.16110437040277667, 0.3169102064827642]","[0.036089224438141033, 0.04560989696689761, 0.04298366945585686]",none,0,"The restaurant, situated in the ""Funk Zone"" of Santa Barbara, is family-run and is known for its welcoming vibe."
Qwen2.5-1.5B-Instruct_K3,49,5466,2.6816399097442627,21,0.13103362917900085,0.11159837990999222,"[0.40258376436152804, -0.04766079638544137, -0.22051817356190268]","[0.05703965105493851, 0.021674078794993484, 0.02351313288432894]",baseless,1,"Customers can enjoy a variety of Mexican beverages alongside their meals, however, no WiFi or music is available."
Qwen2.5-1.5B-Instruct_K3,49,5466,1.2598198652267456,22,0.43208664655685425,0.10341281443834305,"[0.4864566009900128, -0.0834099048415634, 0.045725682277980635]","[0.10924973722669827, 0.0034482080069489548, 0.002231902472258311]",none,0,Taqueria Altamirano does not offer outdoor seating or reservation services but does provide take-out options.
Qwen2.5-1.5B-Instruct_K3,49,5466,0.9554480314254761,19,0.2682822644710541,0.029706601053476334,"[0.25481265853312307, 0.03712358843614837, -0.005609992804238573]","[0.03044646330435123, 0.006072327129770297, 0.0020358464109545152]",none,0,"Despite the lack of parking facilities, the restaurant continues to be a favorite among locals and tourists alike."
Qwen2.5-1.5B-Instruct_K3,50,2462,0.8002904057502747,46,2.289158821105957,0.2971463203430176,"[1.9128845379992803, 0.017059477265043508, 0.009757603797207475]","[0.23838355855727772, 0.002511837411759643, 0.0010892074696644356]",none,0,"Jonty Hurwitz, a South African entrepreneur-turned-artist, has created the world's smallest sculpture, a microscopic polymer statue called Trust, which measured just 1/100th of a centimeter."
Qwen2.5-1.5B-Instruct_K3,50,2462,0.9784573316574097,23,1.9769368171691895,0.300517201423645,"[1.944921088068045, -0.009159640457665852, 0.011104488758297006]","[0.29651813470042293, 0.0029324878671361703, 0.002081809785595236]",none,0,"The statue was displayed through an electron microscope before it mysteriously vanished, leaving behind only a smudged fingerprint."
Qwen2.5-1.5B-Instruct_K3,50,2462,0.8067683577537537,35,1.132424235343933,0.21824972331523895,"[0.2554761235508652, 1.4037313099202169, 0.013227596267591122]","[0.05542404338149416, 0.24799832712659345, 0.004691614773928369]",none,0,"The sculpture, which was made using a process called two-photon lithography, could fit on an ant's head and could even be placed inside an eye of a needle."
Qwen2.5-1.5B-Instruct_K3,50,2462,0.6765884757041931,33,2.0443263053894043,0.2758848965167999,"[0.1123113003943052, 1.9760539247856121, 0.010302999327216115]","[0.025190556223991956, 0.2621372201070651, 0.0036360269292055655]",none,0,"Hurwitz's ""Nano-sculptures"" are made using a mysterious resin and are created by zapping solid liquid resin with beams of ultraviolet light."
Qwen2.5-1.5B-Instruct_K3,50,2462,0.5907114744186401,20,1.5641114711761475,0.26703664660453796,"[-0.12038709259741154, 1.623310757857689, -0.0009573843982252584]","[0.01719355286895734, 0.25189792475521244, 0.003610296308073657]",none,0,Hurwitz works with a team of nanotechnology engineers at Karlsruhe University to create these sculptures.
Qwen2.5-1.5B-Instruct_K3,50,2462,0.4577597677707672,19,1.9937376976013184,0.28774672746658325,"[-0.06608003624052416, 1.9411033419739014, -0.049304012322050096]","[0.01782946397588603, 0.26406093014482296, 0.004749141834544072]",none,0,"Hurwitz's ""Nano"" project is just one of his science-inspired sculptural experiments."
Qwen2.5-1.5B-Instruct_K3,50,2462,0.6699206233024597,24,1.1215356588363647,0.2871694266796112,"[-0.08282958680263164, 1.1799984786791053, -0.03927651941197041]","[0.012953920468440572, 0.2948680403225505, 0.0034807084836820934]",none,0,"He has also created a statue of the classical myth of Cupid and Psyche, which could fit on the tip of a pencil."
Qwen2.5-1.5B-Instruct_K3,51,9829,0.5249545574188232,26,2.0877952575683594,0.26612770557403564,"[1.533992322298218, -0.008178527094689624, 0.03250974752693135]","[0.2305666733941507, 0.0003815045782682948, 0.002243141270285448]",none,0,"El Pollo Loco is a Mexican restaurant located at 5796 Calle Real in Goleta, CA."
Qwen2.5-1.5B-Instruct_K3,51,9829,0.30700862407684326,30,0.6943635940551758,0.11475026607513428,"[0.654977548427026, 0.006086343807692174, -0.007511911164692719]","[0.1077432121522482, 0.0003961814328003281, 0.001878505367778871]",none,0,The restaurant offers fast food options and is open from 9:00 AM to 11:00 PM every day of the week.
Qwen2.5-1.5B-Instruct_K3,51,9829,1.3717602491378784,28,0.9929376244544983,0.16003116965293884,"[1.0226089505013078, 0.05433845408593437, 0.027402871396459107]","[0.16549886251362164, 0.0017678727175345038, 0.0013916153409679413]",none,0,"The business does not have parking facilities such as a garage, street parking, or a lot, and they do not offer valet parking."
Qwen2.5-1.5B-Instruct_K3,51,9829,0.6091123223304749,13,0.5438820123672485,0.13369053602218628,"[0.48049944548536305, -0.02273125116390964, -0.02978596813269318]","[0.1264705139927593, 0.0008926879334187385, 0.0007280906015519297]",none,0,"Reservations are not available, and there is no outdoor seating."
Qwen2.5-1.5B-Instruct_K3,51,9829,0.9000107645988464,20,1.360991358757019,0.21800830960273743,"[1.4055554488906636, 0.005085867968591629, 0.009939311290509067]","[0.21772520159720443, 0.0010133809845228824, 0.001069775501383674]",none,0,"The restaurant does not provide WiFi, but they do offer takeout services and are suitable for groups."
Qwen2.5-1.5B-Instruct_K3,51,9829,1.2581653594970703,13,0.6743901968002319,0.18057139217853546,"[0.5681323924889932, 0.032626756180364355, 0.06990787494354524]","[0.16619584580453542, 0.00770685029447822, 0.0016184237924440263]",none,0,There is no specific information about the music played at the restaurant.
Qwen2.5-1.5B-Instruct_K3,51,9829,1.4113585948944092,18,1.3960580825805664,0.21911035478115082,"[1.4435252551888373, 0.004187429203537047, 0.006493990421960107]","[0.21054623008240014, 0.0018842918896366553, 0.0020308159899968814]",conflict,1,"The ambience is described as casual, with no specific characteristics such as being romantic or trendy."
Qwen2.5-1.5B-Instruct_K3,51,9829,1.634599208831787,13,0.6225341558456421,0.1295512169599533,"[0.136899074109701, 0.04551053219116651, 0.040456233975979]","[0.06091178058145138, 0.0077672628752994705, 0.0070506543936342215]",none,0,Customers have left negative reviews about their experiences at this location.
Qwen2.5-1.5B-Instruct_K3,51,9829,1.313001036643982,23,1.1937222480773926,0.18219497799873352,"[1.1672125466170458, 0.04078879847150782, -0.014833144321607466]","[0.16354658989755833, 0.004104136498228953, 0.0048693881968258365]",none,0,"They have complained about the lack of filling in the breakfast burritos, with one customer saying there was nothing inside."
Qwen2.5-1.5B-Instruct_K3,51,9829,0.5567519068717957,16,1.438086986541748,0.22531378269195557,"[0.672462216578424, -0.03703185899212258, 0.18702048348859535]","[0.11132983161951415, 0.023063749324819582, 0.02547604935381287]",none,0,"The chicken has been described as overcooked and dry, and the rice as hard and undercooked."
Qwen2.5-1.5B-Instruct_K3,52,6837,1.3692525625228882,27,1.8343969583511353,0.21766379475593567,"[1.4810859827546798, -0.0006118666949785418, -0.01775465802644181]","[0.182184928012231, 0.011079245877447698, 0.0045895711935254775]",none,0,"Adama Vegan Comfort Cuisine is a highly rated restaurant located in Santa Barbara, California, offering a variety of vegetarian and vegan dishes."
Qwen2.5-1.5B-Instruct_K3,52,6837,0.9531601071357727,19,1.316135048866272,0.1220116838812828,"[0.7130917812276159, 0.8120360483141045, 0.0426567657123087]","[0.07860945393375866, 0.05858728700107014, 0.007182605651522815]",none,0,"According to customer reviews, the restaurant has a cozy atmosphere with retro decor and provides free WiFi."
Qwen2.5-1.5B-Instruct_K3,52,6837,1.062795639038086,20,0.8725996017456055,0.15610140562057495,"[0.5725786262992187, 0.7061188609732199, 0.22721299449985963]","[0.1245748353143199, 0.07847816944141073, 0.012643377568747383]",none,0,"Customers have praised the quality and taste of the food, particularly the homemade gelato and quiche."
Qwen2.5-1.5B-Instruct_K3,52,6837,1.8223968744277954,19,-0.26330479979515076,0.086360402405262,"[-0.13565341892995333, -0.0758232221399483, 0.2962258783610244]","[0.01942601547680648, 0.0030585502452020975, 0.10603151627277073]",none,0,"While some have noted that the service can be slow, most reviewers have given positive feedback overall."
Qwen2.5-1.5B-Instruct_K3,52,6837,1.0161361694335938,36,0.0897892490029335,0.07133615761995316,"[0.030619892207192204, -0.05200982852122454, 0.03113099522341953]","[0.052176430228870335, 0.006039366111047507, 0.01316078646818634]",baseless,1,"With a rating of 4.0 stars and over 200 positive reviews, Adama Vegan Comfort Cuisine is a popular destination for those seeking delicious and comforting plant-based cuisine."
Qwen2.5-1.5B-Instruct_K3,53,7749,0.80950528383255,55,1.1038358211517334,0.14361877739429474,"[1.0872395309461766, -0.01407693458698263, -0.021367872647508855]","[0.13412203111362983, 0.006718478539716763, 0.0016920959157943117]",none,0,"Here is an objective overview of the Shoreline Beach Cafe based on the provided structured data:

The Shoreline Beach Cafe is a popular restaurant located in Santa Barbara, California, offering a variety of cuisines including American traditional, burgers, tacos, seafood, and Mexican dishes."
Qwen2.5-1.5B-Instruct_K3,53,7749,0.9253230094909668,27,1.140864372253418,0.1352241188287735,"[0.7668851834066488, 0.13606420765130747, 0.03201076207268569]","[0.09905424111531358, 0.026308076249935967, 0.003813936135075993]",none,0,"The cafe has a rating of 4.0 stars and is known for its excellent view, family-friendly atmosphere, and good service."
Qwen2.5-1.5B-Instruct_K3,53,7749,1.4036582708358765,20,0.14081403613090515,0.13827091455459595,"[-0.02243915870785713, 0.026922304555773734, 0.26125806737691165]","[0.05018349018646404, 0.08641010171704692, 0.053518399283711916]",none,0,"Customers have praised the restaurant's fresh and tasty food, with some highlighting the great value for money."
Qwen2.5-1.5B-Instruct_K3,53,7749,1.5603115558624268,20,0.8431208729743958,0.15190118551254272,"[0.7449307733634214, -0.07045664472407225, -0.13115572873525708]","[0.13172903364503555, 0.00501355244783781, 0.005916347613728589]",conflict,1,"However, the WiFi availability is limited, and the business does not offer reservations or valet parking."
Qwen2.5-1.5B-Instruct_K3,53,7749,1.338451862335205,27,0.040721822530031204,0.08942493051290512,"[0.19573586979122073, 0.03356906886350502, -0.02525120623478735]","[0.0859842474175686, 0.005171606596874241, 0.0022708124294391987]",conflict,1,"The cafe is open from 9 AM to 5 PM every day, except for Monday, when it opens at 9 AM."
Qwen2.5-1.5B-Instruct_K3,53,7749,0.626056432723999,22,0.10541541874408722,0.048626698553562164,"[0.06360303536974822, 0.17360124048588493, 0.005391359276534951]","[0.02763797047560601, 0.03417798855443395, 0.0022053090122863173]",none,0,"Overall, the Shoreline Beach Cafe is a great choice for a casual dining experience with beautiful views of the beach."
Qwen2.5-1.5B-Instruct_K3,54,5720,0.8906662464141846,29,2.1002650260925293,0.280687540769577,"[1.6459430597410416, -0.025558097052422016, 0.002174255776355557]","[0.2583862793981411, 0.0014983607774575862, 0.002219798593528296]",none,0,"Fiesta Market & Deli is a Mexican restaurant located at 4502 Carpinteria Ave in Carpinteria, CA."
Qwen2.5-1.5B-Instruct_K3,54,5720,2.246943235397339,16,0.3588673770427704,0.1344873309135437,"[0.2900757726952179, -0.2778041761514487, 0.015340199454612957]","[0.09328814367785299, 0.014789237395788746, 0.0026395678567041614]",none,0,"They offer a variety of foods such as groceries, restaurants, and delis."
Qwen2.5-1.5B-Instruct_K3,54,5720,0.3820061683654785,24,0.3683842718601227,0.09665188193321228,"[0.5205705640109954, 0.0029279500728686494, 0.012697700995280078]","[0.09933299735113603, 0.0008085242636658071, 0.0004477835877499577]",none,0,Their hours of operation are Monday through Sunday from 7:00 AM to 11:00 PM.
Qwen2.5-1.5B-Instruct_K3,54,5720,1.2420204877853394,21,0.5989487171173096,0.10274811089038849,"[0.5298492520814762, -0.06431990246623866, 0.04435852330338787]","[0.10307912082247467, 0.0022467700650958293, 0.0019449267598745444]",conflict,1,"Customers can park their cars on the street or in the lot, but there is no valet parking available."
Qwen2.5-1.5B-Instruct_K3,54,5720,1.4099286794662476,28,0.9038607478141785,0.13781709969043732,"[0.8768018339531929, 0.023295017180706572, -0.006167572848426062]","[0.12569049133604235, 0.004057616098196247, 0.0026996905967929968]",none,0,Fiesta Market & Deli has excellent customer service and takes pride in trying to order items for customers if they do not carry them.
Qwen2.5-1.5B-Instruct_K3,54,5720,1.7601667642593384,9,1.7404351234436035,0.11919869482517242,"[1.6814715713262558, -0.15937563394092852, 0.014521593797124095]","[0.11454175681703621, 0.015363356645037938, 0.002385388890009684]",none,0,They offer outdoor seating and takeout options.
Qwen2.5-1.5B-Instruct_K3,54,5720,0.7412248849868774,4,0.8776856660842896,0.13949882984161377,"[0.7435919716954231, 0.03653821349143982, 0.02887171506881714]","[0.1300761392340064, 0.0008263696654466912, 0.0013342936872504652]",baseless,1,WiFi is not available.
Qwen2.5-1.5B-Instruct_K3,54,5720,0.957955002784729,20,0.7156050801277161,0.08871955424547195,"[0.6765783976617967, 0.11880225352397247, 0.016721055438028997]","[0.07506349445216073, 0.015117203307409, 0.0016983965691110825]",none,0,"According to reviews, Fiesta Market & Deli has some of the best burritos in town."
Qwen2.5-1.5B-Instruct_K3,54,5720,0.9413873553276062,14,1.5889192819595337,0.22185948491096497,"[-0.1766699230031788, 1.8891433329720582, -0.15069719839071435]","[0.03197787335700143, 0.21556769283155777, 0.0011171115280928592]",none,0,The Machaca burrito and chicken fajitas are highly recommended.
Qwen2.5-1.5B-Instruct_K3,54,5720,0.8189392685890198,11,1.4889129400253296,0.18842649459838867,"[0.20794949281645875, 1.8192119110899512, -0.01631900454032637]","[0.016607253327906205, 0.21144023969827686, 0.00257299692297734]",none,0,They also stock a wide selection of beer and wine.
Qwen2.5-1.5B-Instruct_K3,54,5720,1.2630844116210938,18,1.636668086051941,0.2246425747871399,"[0.50887336283712, 1.8714286602011674, -0.0018253301976882438]","[0.022356621839713223, 0.2328681806409602, 0.0038414464015659178]",none,0,One reviewer noted that finding their favorite Mexican beer in Carpinteria was a cherry on top.
Qwen2.5-1.5B-Instruct_K3,54,5720,1.6458916664123535,6,0.9708623886108398,0.08988817781209946,"[0.4638055671239272, 0.021501851345722873, 1.9804931274460007]","[0.010684149094837872, 0.010217469457226494, 0.14961333031533286]",none,0,Wait times at Fiesta Market & Deli may take around 15-20 minutes due to their popularity.
Qwen2.5-1.5B-Instruct_K3,55,5033,1.5159809589385986,22,1.7800278663635254,0.266128808259964,"[1.2511973716252462, 0.024552441412445412, 0.12706273181141692]","[0.20334819704955656, 0.001711459404222379, 0.009317953976630055]",none,0,"The Santa Barbara Harbor & Seafood Festival is a popular event that takes place in Santa Barbara, California."
Qwen2.5-1.5B-Instruct_K3,55,5033,1.2533482313156128,27,0.02407856285572052,0.14553025364875793,"[0.10069361469519815, 0.2005582132774348, 0.17873062653810243]","[0.12724214764704425, 0.012332632835985444, 0.012141950867529701]",none,0,"According to customer reviews, it features a variety of food vendors offering fresh seafood, including lobster, crab, and sea urchin."
Qwen2.5-1.5B-Instruct_K3,55,5033,1.1649986505508423,35,0.7987247705459595,0.12283448874950409,"[0.06919175709133145, 1.0278064743145867, -0.006499177988449186]","[0.048333118462666594, 0.09924082580042264, 0.0044630992338154235]",none,0,"Visitors can purchase seafood and have it cooked for a fee of $5, and there are also other food options such as paella, tacos, and clam chowder."
Qwen2.5-1.5B-Instruct_K3,55,5033,1.4445644617080688,23,0.8476306200027466,0.19273434579372406,"[0.27585271466966294, 0.5975941166246269, 0.2216266295290552]","[0.04598292340581437, 0.13546050835366655, 0.016911129702787984]",none,0,"The festival takes place on the pier, where visitors can enjoy their food near the beach and under the palm trees."
Qwen2.5-1.5B-Instruct_K3,55,5033,1.062133550643921,29,0.14397315680980682,0.09007882326841354,"[-0.09913259352827575, 0.01244455410389868, 0.5552777978010172]","[0.012590794077007967, 0.009181763445328357, 0.10809755388163467]",none,0,"Some customers have praised the freshness and quality of the seafood, while others have found the festival to be overcrowded and the food overpriced."
Qwen2.5-1.5B-Instruct_K3,55,5033,1.3848108053207397,13,1.4006565809249878,0.20951531827449799,"[0.013440472302206147, 0.0318931049013582, 1.925633778410534]","[0.026112251354089285, 0.027739460576412966, 0.1898345978697762]",none,0,One customer was particularly disappointed with the lack of fresh uni available.
Qwen2.5-1.5B-Instruct_K3,55,5033,0.8412081599235535,12,0.22824859619140625,0.07517912238836288,"[0.29948333216210204, -0.0865635381390651, -0.022582578162352245]","[0.06285560713149607, 0.012715339621839425, 0.010006065448881904]",baseless,1,The festival also features live music and arts and crafts vendors.
Qwen2.5-1.5B-Instruct_K3,55,5033,1.0740283727645874,33,-0.03246990218758583,0.033441491425037384,"[-0.05102223029484087, -0.02761893355162818, 0.020488590866796476]","[0.03452204921386786, 0.003562696827926133, 0.0027658710796631017]",none,0,"Overall, the Santa Barbara Harbor & Seafood Festival seems to offer a fun and festive atmosphere, with the opportunity to enjoy fresh seafood and take in the beautiful ocean views."
Qwen2.5-1.5B-Instruct_K3,56,7274,1.197196125984192,23,2.4088497161865234,0.3411160111427307,"[2.0493649030711665, -0.018661281462814455, -0.038148936813978136]","[0.2990080629014815, 0.00048031856589580497, 0.0032082055666290653]",none,0,"Taco Bell is a restaurant located at 821 N Milpas Street in Santa Barbara, California."
Qwen2.5-1.5B-Instruct_K3,56,7274,0.5828608870506287,26,1.5707402229309082,0.21377147734165192,"[1.5716771072387088, 0.03432143216454838, 0.02826756208126496]","[0.20043013400942739, 0.0010199984205358375, 0.0007188386047293813]",none,0,"It offers a variety of food options including breakfast & brunch, fast food, Tex-Mex, restaurants, Mexican, and tacos."
Qwen2.5-1.5B-Instruct_K3,56,7274,0.7705215215682983,22,0.15486568212509155,0.110023133456707,"[0.3243992372921308, -0.016991006763419136, 0.01505790581127671]","[0.11597589915184224, 0.0008149729482159852, 0.0003138325933633723]",conflict,1,The restaurant is open every day from 8:00 am to 10:00 pm.
Qwen2.5-1.5B-Instruct_K3,56,7274,0.5149290561676025,23,0.7802202701568604,0.12473837286233902,"[0.7424592818184148, -0.006592825172170389, 0.01960788273730862]","[0.13317455381437196, 0.0018182554048626512, 0.00046368429779566054]",none,0,"According to customer reviews, the employees at Taco Bell are friendly and welcoming, and the establishment is clean and tidy."
Qwen2.5-1.5B-Instruct_K3,56,7274,0.8251477479934692,10,1.2437902688980103,0.22127720713615417,"[1.3339671310968697, -0.129349388810806, -0.03381419354118407]","[0.2255595410009846, 0.004909024226071779, 0.0007506481050086223]",none,0,The food is described as hot and freshly made.
Qwen2.5-1.5B-Instruct_K3,56,7274,1.0721559524536133,21,1.386625051498413,0.1550932675600052,"[1.2403717455232428, 0.2765008448041044, -0.05205495665792287]","[0.1272706401623076, 0.01672535042181759, 0.0038051208813547938]",conflict,1,"Customers also mention that the restaurant has outdoor seating, WiFi, takeout options, and is good for groups."
Qwen2.5-1.5B-Instruct_K3,57,6280,6.226375102996826,3,0.2245008945465088,0.2897637188434601,"[-0.21846218903859457, 0.17655585209528604, -0.13595918814341226]","[0.16060530797888836, 0.000883500479782621, 0.001520412906150644]",none,0,Sure!
Qwen2.5-1.5B-Instruct_K3,57,6280,0.7027390599250793,44,1.65839421749115,0.18281839787960052,"[1.3832670004125744, 0.002367839671499248, 0.006814316090040765]","[0.1610230675912538, 0.0005700469135609347, 0.0006240507945356264]",none,0,"Here's an objective overview of The Bourbon Room based on the provided structured data in JSON format:

The Bourbon Room is a restaurant located in Santa Barbara, CA that serves pizza, burgers, and American (new) cuisine."
Qwen2.5-1.5B-Instruct_K3,57,6280,1.4529447555541992,23,0.5335003137588501,0.1770375669002533,"[0.660895374259385, 0.11798520429748231, 0.06788410168930727]","[0.1917862221541683, 0.019309691386297345, 0.002437391171873099]",conflict,1,"It has a cozy atmosphere with a romantic and intimate setting, and is known for its outdoor seating and WiFi availability."
Qwen2.5-1.5B-Instruct_K3,57,6280,1.573837399482727,22,0.6776524186134338,0.16005109250545502,"[0.8519661821622073, -0.015053003094718324, -0.015408801675345207]","[0.18180806793101179, 0.004330409527798648, 0.0018821285492962984]",none,0,"The restaurant offers reservations, takeout, and delivery, and is suitable for groups and has a casual ambiance."
Qwen2.5-1.5B-Instruct_K3,57,6280,1.3615736961364746,25,-0.013793587684631348,0.08806212246417999,"[-0.030346528980080622, -0.05853317108936608, -0.06351366488412168]","[0.08197781981870321, 0.005355460974112702, 0.026310523681372613]",conflict,1,"The menu includes a variety of options such as burgers, sandwiches, salads, and pizzas, and the prices are considered moderate."
Qwen2.5-1.5B-Instruct_K3,57,6280,1.4707250595092773,23,-0.2888469994068146,0.08581441640853882,"[-0.11075091151439626, -0.06965596730942311, -0.02514908721913462]","[0.05028423797288586, 0.01829687554203227, 0.03707441662402783]",none,0,"The restaurant has received positive reviews for its food and service, with many customers praising the delicious burgers and friendly staff."
Qwen2.5-1.5B-Instruct_K3,57,6280,1.3781753778457642,33,-0.01552225649356842,0.07177670300006866,"[0.2073146377567327, -0.04854787320470099, 0.06886910485440184]","[0.042796171121608495, 0.04583466760391275, 0.0027340490261236264]",none,0,"Some reviewers have noted that the restaurant can get crowded and noisy, especially during happy hour, but overall, The Bourbon Room is a popular spot for a relaxed dining experience."
Qwen2.5-1.5B-Instruct_K3,58,7610,1.1951234340667725,24,2.3068392276763916,0.3367832601070404,"[1.6063160349925358, -0.012044943888516476, 0.09060510075778438]","[0.259422316798009, 0.00108751391473542, 0.0078117345888320715]",none,0,"Burger Express is a local business located at 1435 San Andres St in Santa Barbara, California."
Qwen2.5-1.5B-Instruct_K3,58,7610,0.9336516857147217,12,1.5911970138549805,0.22514845430850983,"[1.045374038829929, 0.05290755009749167, -0.0029254388294551368]","[0.14144741977581057, 0.0037951139010677557, 0.009378665981481996]",none,0,"They specialize in serving burgers, restaurants, and Mexican cuisine."
Qwen2.5-1.5B-Instruct_K3,58,7610,0.6693499684333801,23,0.4538274109363556,0.09433071315288544,"[0.7489725357233471, 0.025293480789316716, 0.02126246149337812]","[0.1189835730974269, 0.0008607272431387104, 0.003520988946109667]",conflict,1,"The business operates seven days a week, from 6:30 PM to 10:00 PM."
Qwen2.5-1.5B-Instruct_K3,58,7610,1.5406339168548584,14,-0.11659669876098633,0.06770319491624832,"[0.06790205124707427, 0.1871165063764368, 0.17235556568942098]","[0.04473376475289115, 0.013335691484371637, 0.013819629329840868]",none,0,The customers have left various reviews about their experiences at Burger Express.
Qwen2.5-1.5B-Instruct_K3,58,7610,0.9357485771179199,25,1.3052815198898315,0.21396423876285553,"[1.3837129863984592, -0.03293424981646695, -0.051036743195727464]","[0.21721819278176555, 0.0059946490690100515, 0.004435522620698293]",none,0,"One customer gave a two-star rating and complained about the unusual flavor of the burger, which had a strange aftertaste."
Qwen2.5-1.5B-Instruct_K3,58,7610,0.714949369430542,22,2.1713829040527344,0.27295759320259094,"[2.1149150102653285, 0.07790226797609731, 0.03025861875216213]","[0.27291184731505136, 0.005353736491088057, 0.003293451665673398]",none,0,"The patty was also extremely thin, and the portion of fries was not generous, and they lacked salt."
Qwen2.5-1.5B-Instruct_K3,58,7610,0.6129207015037537,30,1.3419939279556274,0.17970600724220276,"[0.1025126669856642, 1.578022843505217, -0.014035309787141159]","[0.04214532925567861, 0.17838798006288623, 0.012043193513000006]",none,0,"Another customer gave a five-star rating and praised the restaurant's good COVID protocols in place, such as social distancing, masks, and hand sanitizer everywhere."
Qwen2.5-1.5B-Instruct_K3,58,7610,0.6185392141342163,23,1.2167726755142212,0.21014048159122467,"[0.010529425114065776, 1.5155219057519191, -0.03682377576829703]","[0.011676219162285345, 0.23986605008837575, 0.004090287627146539]",none,0,"They also mentioned that their eight-year-old, who is a very picky eater, loved the burger and fries."
Qwen2.5-1.5B-Instruct_K3,58,7610,1.0544257164001465,13,1.8510087728500366,0.2234770506620407,"[0.20702018548483744, 0.7309522120138774, 1.5750284953615987]","[0.03323404070005591, 0.07710322590831381, 0.17806948725886357]",none,0,The vegetarian burrito and carnitas burrito also received positive feedback.
Qwen2.5-1.5B-Instruct_K3,58,7610,1.1176183223724365,14,0.4599235951900482,0.06638992577791214,"[-0.009965431105229072, 0.7933349697185414, 0.8549053280148655]","[0.010823833430159928, 0.07808228410015415, 0.06644513529941573]",none,0,A third customer gave another five-star rating and described Burger Express as a hole in the wall next to El Zarape.
Qwen2.5-1.5B-Instruct_K3,59,3250,2.08180570602417,59,0.3893360197544098,0.11547650396823883,"[0.35978706560447377, -0.04854839923326049, -0.029118771267672792]","[0.07045124711150831, 0.020219428360997358, 0.004982450410107897]",baseless,1,"Here's the summary within 118 words:

The East Coast of the United States can expect warm and dry weather until Friday, with temperatures reaching the lower 80s (27°C) today and Wednesday, and gradually increasing on Wednesday before cooling down again by the weekend."
Qwen2.5-1.5B-Instruct_K3,59,3250,1.6138509511947632,24,1.436170220375061,0.16971635818481445,"[-0.001643700916247326, 0.950950502698106, 0.007202145229409022]","[0.014503206884228348, 0.11387072965499101, 0.004913256687909022]",none,0,"A cold front will move slowly through the region on Friday, brought by Tropical Storm Philippe, which may hit Nova Scotia."
Qwen2.5-1.5B-Instruct_K3,59,3250,1.2627909183502197,19,1.0046688318252563,0.1594722867012024,"[0.03961360245624459, 0.798329201183821, 0.4106297402330184]","[0.016550465754526636, 0.13827208907490499, 0.060834406141925444]",none,0,"Expect scattered showers and thunderstorms overnight into Saturday, with cooler temperatures and cloudy skies on Sunday."
Qwen2.5-1.5B-Instruct_K3,59,3250,0.8560975193977356,20,0.7257871627807617,0.1040516048669815,"[-0.013663718637326383, -0.11450556107556623, 0.9119973408291117]","[0.008715328963694447, 0.01178299229050026, 0.10300298104702961]",baseless,1,Next week could see daytime highs remain in the 50s (10-15°C).
Qwen2.5-1.5B-Instruct_K3,60,6221,1.3311933279037476,43,0.8453354239463806,0.21144363284111023,"[0.836272234387823, 0.08739300994433465, 0.024255795267065897]","[0.19217652165334162, 0.0037114284880819764, 0.0010164833568531977]",baseless,1,"Finney's Crafthouse is a popular bar and restaurant located in the heart of downtown Santa Barbara, offering a diverse menu of traditional American fare, gastropub favorites, and creative twists on classic dishes."
Qwen2.5-1.5B-Instruct_K3,60,6221,0.7752788662910461,29,0.13239175081253052,0.04889758676290512,"[0.10449378652466011, 0.04063711536080769, 0.03568652465514004]","[0.06399862085000395, 0.0048814209899633015, 0.0028220593617451694]",none,0,"The establishment boasts a lively atmosphere, with both indoor and outdoor seating options, making it an ideal spot for groups, couples, and families alike."
Qwen2.5-1.5B-Instruct_K3,60,6221,1.4837652444839478,24,0.27428385615348816,0.10207150131464005,"[0.231385320295279, -0.04403620810122296, 0.11274154000833884]","[0.08296896545014458, 0.0026803665547951994, 0.0034991370994224744]",none,0,"The venue's 4.5-star rating is a testament to its commitment to quality food, drinks, and customer service."
Qwen2.5-1.5B-Instruct_K3,60,6221,2.4435582160949707,43,-0.03191332891583443,0.06609376519918442,"[0.03466693476166467, 0.13160011533114432, 0.018513342319598353]","[0.03214928565146925, 0.04390517194886374, 0.008385753420239637]",none,0,"According to customer reviews, Finney's Crafthouse excels in serving delicious and generously portioned dishes, including their signature Buffalo Cauliflower, Poke Nachos, homemade chips, and Truffle Fries."
Qwen2.5-1.5B-Instruct_K3,60,6221,0.9394201040267944,25,0.08509189635515213,0.01886647753417492,"[0.008568515340193698, 0.019130511243456567, 0.024503900847339537]","[0.006115682403305982, 0.005566409807906894, 0.0009662058934372908]",baseless,1,"The menu offers a variety of options to satisfy different tastes and dietary preferences, such as vegetarian, gluten-free, and vegan choices."
Qwen2.5-1.5B-Instruct_K3,60,6221,1.4424008131027222,36,0.011579332873225212,0.03982283174991608,"[-0.069118132790796, -0.027302767045610053, 0.028040470531007285]","[0.032368792409600014, 0.0028243428175637555, 0.013934859554103538]",none,0,"The service at Finney's Crafthouse is generally prompt and friendly, with a team of attentive and knowledgeable servers who are happy to help with menu recommendations or any special requests."
Qwen2.5-1.5B-Instruct_K3,61,5120,1.079511046409607,15,2.299743890762329,0.20027056336402893,"[1.3486490585530797, 0.012609094379877206, -0.09884032581030625]","[0.1190688183841606, 0.001743771881797329, 0.002813939897517533]",none,0,"El Taco Grande is a restaurant located in Carpinteria, California."
Qwen2.5-1.5B-Instruct_K3,61,5120,0.641541600227356,9,1.3580032587051392,0.08002129942178726,"[1.9967606100771162, -0.06459786559248136, -0.051806887715227075]","[0.09977845878650744, 0.022163025861825898, 0.002677380847873994]",none,0,It offers Mexican cuisine and has outdoor seating.
Qwen2.5-1.5B-Instruct_K3,61,5120,1.5826833248138428,17,1.509002923965454,0.17892003059387207,"[1.599782340666827, -0.0005389428971444859, -0.054972624871879816]","[0.16851681405130556, 0.008938153954231358, 0.004474479437810848]",conflict,1,The restaurant has parking available on the street but not in a garage or validated lot.
Qwen2.5-1.5B-Instruct_K3,61,5120,1.9107526540756226,15,0.04342988505959511,0.1535157859325409,"[0.2657949671149254, -0.14437999833996099, -0.01086353479574124]","[0.15809264369308948, 0.005891892513803517, 0.0025188064678028847]",baseless,1,"They do not take reservations, and they offer takeout and catering services."
Qwen2.5-1.5B-Instruct_K3,61,5120,0.7747676372528076,37,1.3079135417938232,0.1559503972530365,"[0.041590121609457326, 1.5044496612560112, 0.02904826779745604]","[0.02049476674718593, 0.15152674029818902, 0.0011893339385658913]",none,0,"Based on customer reviews, the food at El Taco Grande is excellent, with generous portions, great prices, and a variety of options including carne asada burritos and seven seas soup."
Qwen2.5-1.5B-Instruct_K3,61,5120,0.9179356098175049,21,1.1684293746948242,0.19192613661289215,"[-0.057761198109801626, 0.20115182690469305, 1.5157238755082723]","[0.013688702474472134, 0.05221621465118785, 0.1847435164392144]",baseless,1,"However, some customers have reported that the service can be slow and that nobody wears masks or says hello."
Qwen2.5-1.5B-Instruct_K3,61,5120,0.8522695302963257,20,0.13139310479164124,0.03713920712471008,"[0.15297511164208116, -0.14739110309997158, -0.008204070428337217]","[0.029280426221529866, 0.011972765779472639, 0.002889522840115433]",none,0,"Overall, El Taco Grande appears to be a casual and affordable option for Mexican food in Carpinteria."
Qwen2.5-1.5B-Instruct_K3,62,7285,0.8790133595466614,30,2.367516279220581,0.3086676597595215,"[2.048505751956933, 0.007874670039988511, -0.011169843932051057]","[0.2800198098322047, 0.0003168190183828301, 0.0031756050435348014]",none,0,"Hochaya is a local business located at 7060 Hollister Ave, Ste 101 in Goleta, California."
Qwen2.5-1.5B-Instruct_K3,62,7285,0.3716481626033783,14,2.07279896736145,0.21769818663597107,"[1.8829174004495144, 0.007894275023967825, 0.010608893632057257]","[0.21330606983974576, 0.00030835927967538216, 0.0005517780145640115]",none,0,"It falls under the categories of Restaurants, Food, and Bubble Tea."
Qwen2.5-1.5B-Instruct_K3,62,7285,1.1584601402282715,34,0.21985141932964325,0.09003658592700958,"[0.2691435405429408, -0.021404821147691964, -0.0487753387169505]","[0.08759730869063359, 0.0009516141495249245, 0.003737932864162437]",conflict,1,"The business operates from 12:00 PM to 9:00 PM from Monday to Sunday, providing a wide range of hours for customers to visit."
Qwen2.5-1.5B-Instruct_K3,62,7285,1.4212822914123535,26,1.1205381155014038,0.14556723833084106,"[1.056993803939594, 0.0413670401937382, 0.06600324443150804]","[0.1375546050397903, 0.0021758755158666297, 0.002257118841236241]",none,0,"The structured data does not provide much information about the business attributes, such as parking, reservations, outdoor seating, and WiFi."
Qwen2.5-1.5B-Instruct_K3,62,7285,0.942754864692688,18,0.6611712574958801,0.12898384034633636,"[0.7502695844070533, -0.05663266154907534, -0.08349148785823167]","[0.12334684018436645, 0.004931429853911595, 0.008769773261797632]",baseless,1,"However, it does mention that Hochaya offers takeout services and is suitable for groups."
Qwen2.5-1.5B-Instruct_K3,62,7285,1.269216775894165,20,0.7250614166259766,0.11020727455615997,"[0.6629704724851763, -0.044701516345958224, -0.039555819146335124]","[0.10710720320621477, 0.001226604702651457, 0.003253245321457143]",none,0,The absence of information about the ambiance and music suggests that these aspects may not be significant for the business.
Qwen2.5-1.5B-Instruct_K3,62,7285,1.2239840030670166,18,0.2749360501766205,0.07661526650190353,"[0.1526703530560351, 0.10039063965410201, -0.052964236807181604]","[0.05611187623516242, 0.0046318861938945905, 0.010648410727703271]",none,0,"Customers have left positive reviews, with an average rating of 4.5 stars."
Qwen2.5-1.5B-Instruct_K3,62,7285,1.1623104810714722,27,1.0538899898529053,0.19496957957744598,"[1.1336397101280185, 0.013111059245366723, -0.025342739245388657]","[0.19191350981027763, 0.004664073491843131, 0.006013322073116527]",none,0,"They appreciate the authenticity of the milk tea, with one customer mentioning that it tastes similar to the ones they had back in the bay."
Qwen2.5-1.5B-Instruct_K3,62,7285,1.6435508728027344,13,0.7280803918838501,0.10433359444141388,"[0.725535463882037, 0.06687710338379614, -0.07289649916324728]","[0.12868923383827607, 0.011596383661526488, 0.017086082664727307]",none,0,The boba is praised for its perfect soft and chewy texture.
Qwen2.5-1.5B-Instruct_K3,63,7317,1.8437913656234741,19,1.098236322402954,0.2835780680179596,"[0.8170185824314294, 0.11785019572227229, -0.028568600803115067]","[0.22262367445159126, 0.002679297701780869, 0.00409345669728928]",none,0,"Mel's is a beloved local dive bar located in the heart of Santa Barbara, California."
Qwen2.5-1.5B-Instruct_K3,63,7317,1.049965500831604,35,1.078035593032837,0.14228689670562744,"[1.1187179998068522, -0.04281570776246164, -0.04112385022674841]","[0.1271392100491929, 0.003665646089763998, 0.002379394829535743]",conflict,1,"With a rich history spanning over 60 years, this establishment has been a staple of the community, offering a no-frills, intimate atmosphere perfect for a heavy pour."
Qwen2.5-1.5B-Instruct_K3,63,7317,1.3156613111495972,35,0.5163512229919434,0.14256052672863007,"[0.03445003269786996, 0.7805017239177167, 0.023822489264694012]","[0.07459013948837193, 0.07451516148385703, 0.016294777854127723]",none,0,"Despite its small size, Mel's manages to pack a punch with its diverse selection of beers, friendly service, and unexpected surprises such as impromptu stand-up comedy shows."
Qwen2.5-1.5B-Instruct_K3,63,7317,1.2348912954330444,34,0.17821766436100006,0.06262567639350891,"[0.11229485745699254, -0.06135061962156803, -0.03539790654887089]","[0.048499996584616706, 0.02990498976867136, 0.006412306117862071]",none,0,"While parking can be a challenge, the bar's charm lies in its old-school vibe and relaxed ambiance, making it a must-visit destination for both locals and tourists alike."
Qwen2.5-1.5B-Instruct_K3,64,8042,1.2616891860961914,19,2.9028499126434326,0.33025145530700684,"[1.8210888628566049, -0.010338380228571814, 0.001065919863896469]","[0.2464418863620315, 0.0015568122384090536, 0.0014266278625846578]",none,0,"Sachi Ramen And Robata Bar is a restaurant located in Santa Barbara, CA."
Qwen2.5-1.5B-Instruct_K3,64,8042,0.8769970536231995,22,1.4514803886413574,0.14490382373332977,"[1.6238078584488407, -0.015883129204667057, -0.017434307159502085]","[0.14407538458420854, 0.00365320719652118, 0.0024819826829591625]",none,0,"The restaurant offers ramen, vegetarian options, sushi bars, Japanese cuisine, and is categorized as a restaurant."
Qwen2.5-1.5B-Instruct_K3,64,8042,0.6530922055244446,29,0.4383208751678467,0.1068325787782669,"[0.5163776454955323, -0.007453042711984318, 0.016862334374936522]","[0.11446861433708772, 0.0011575526274308185, 0.0014176073137871848]",none,0,"The restaurant is open from Monday to Sunday, with hours of operation ranging from 11:00 AM to 8:30 PM."
Qwen2.5-1.5B-Instruct_K3,64,8042,1.48032808303833,12,0.686237633228302,0.14830204844474792,"[0.6453596092566537, -0.05821485834894702, 0.0657580679107923]","[0.13912966861971654, 0.0017558547960637345, 0.010877126089023173]",none,0,The restaurant provides free Wi-Fi and takeout options.
Qwen2.5-1.5B-Instruct_K3,64,8042,1.7313480377197266,9,1.3239258527755737,0.07698473334312439,"[1.2451956615679793, -0.14221791136595938, -0.21835320318738619]","[0.08916020476155812, 0.003947582912385567, 0.007293229793301887]",conflict,1,Customers can also reserve tables at the restaurant.
Qwen2.5-1.5B-Instruct_K3,64,8042,0.8300848603248596,11,0.5475278496742249,0.05678202956914902,"[0.6218653524463827, -0.01826287539337169, -0.022996009412136944]","[0.056397756561636925, 0.0007412586846013172, 0.0020252527981276876]",none,0,"Outdoor seating is available, and the ambiance is casual."
Qwen2.5-1.5B-Instruct_K3,64,8042,1.8055387735366821,13,0.26328781247138977,0.08310385793447495,"[0.33498070360376286, 0.0681002797702184, 0.0753936769010929]","[0.07375553834180419, 0.006081854636879423, 0.004764504909801941]",baseless,1,The restaurant has four stars on Google and has received several positive reviews.
Qwen2.5-1.5B-Instruct_K3,64,8042,0.6937469244003296,28,1.6726624965667725,0.22478576004505157,"[0.052245695598815346, 0.03264058334285177, 1.8146339225854067]","[0.019777806459992626, 0.0037867658885042082, 0.1888722528942383]",none,0,"One customer highly recommends the Spicy Crispy Chicken Black Garlic Ramen, stating that the broth is full-bodied and very flavorful."
Qwen2.5-1.5B-Instruct_K3,64,8042,1.1606954336166382,15,0.9755297303199768,0.2365090399980545,"[-0.025703892545425332, 1.423425953835249, -0.06230920657981187]","[0.020349229274809963, 0.17689616669279834, 0.03992262935304704]",none,0,Another customer mentions that the restaurant serves delicious rice bowls and spicy tuna rolls.
Qwen2.5-1.5B-Instruct_K3,64,8042,1.0513859987258911,19,0.3773186206817627,0.17807744443416595,"[-0.016776122258689657, 0.37700020435180415, -0.17160776204027092]","[0.02723273699288448, 0.12711355265223814, 0.041104621359899715]",none,0,A third customer notes that the restaurant is a must-try for the best ramen in town.
Qwen2.5-1.5B-Instruct_K3,64,8042,0.929268479347229,23,0.0049103861674666405,0.01268887147307396,"[0.028117666478900228, -0.015097993256937985, -0.029224373383662485]","[0.005948086046828394, 0.0024887568624812366, 0.006801724455922661]",none,0,"Overall, Sachi Ramen And Robata Bar appears to be a popular restaurant that offers high-quality Japanese cuisine in a casual atmosphere."
Qwen2.5-1.5B-Instruct_K3,65,7496,0.7381037473678589,27,2.6064670085906982,0.3123518228530884,"[1.7673635985669938, 0.01057982937588046, 0.011194922952671294]","[0.23342452129738242, 0.0007972490808696277, 0.002337354840286118]",none,0,"Coast & Olive is a restaurant located in Montecito, California that serves French, American (New), and Italian cuisine."
Qwen2.5-1.5B-Instruct_K3,65,7496,1.392423391342163,18,1.021170973777771,0.1313464492559433,"[1.2102072854177095, -0.01254458981889507, -0.04580756881235478]","[0.13162871075635646, 0.0013794374314986474, 0.004152829037593619]",none,0,"The restaurant has outdoor seating and offers free Wi-Fi, takeout services, and reservations."
Qwen2.5-1.5B-Instruct_K3,65,7496,0.8595552444458008,22,0.8807533383369446,0.11659979075193405,"[0.7384379612452573, -0.032061516657697874, -0.05810935082246777]","[0.11448411263848936, 0.0016331035317242802, 0.004404399330162143]",none,0,"Customers can park their cars either in the garage or on the street, and there is valet parking available."
Qwen2.5-1.5B-Instruct_K3,65,7496,1.089665412902832,27,-0.11773794889450073,0.07161049544811249,"[-0.15618337734216498, 0.009893193726182088, 0.059107325722800814]","[0.054507759746124304, 0.00839512443877134, 0.019692633138338016]",baseless,1,"The restaurant's menu features a variety of appetizers, entrees, and desserts, with options for vegetarian and gluten-free diners."
Qwen2.5-1.5B-Instruct_K3,65,7496,1.2299489974975586,17,0.7100875377655029,0.11329279094934464,"[0.21545314029079984, -0.14142299622878507, 0.6026253759715902]","[0.02236561075594235, 0.005456678527272796, 0.09168204211592264]",none,0,"According to customer reviews, the restaurant offers delicious and fresh food with something for everyone."
Qwen2.5-1.5B-Instruct_K3,65,7496,1.6194431781768799,36,1.0780222415924072,0.13884565234184265,"[-0.019319513204714492, 0.02350352813846257, 1.0791420697262057]","[0.01724355743873376, 0.012494020310691035, 0.11819119626784413]",baseless,1,"The chocolate chip skillet cookie with ice cream is highly recommended by some customers, while others praise the dip duo, which includes hummus, tzatziki, and pita bread."
Qwen2.5-1.5B-Instruct_K3,65,7496,0.6785709261894226,20,2.6360411643981934,0.24338829517364502,"[-0.043818920964258726, 2.7933060705232493, -0.1602308019057091]","[0.012543770348543148, 0.2302791315229115, 0.008429892565271758]",none,0,The truffle pappardelle and garganelli filet Ragu are also popular dishes.
Qwen2.5-1.5B-Instruct_K3,65,7496,0.8656274676322937,23,0.4795176386833191,0.09103523939847946,"[0.6583218136618835, 0.028074092990921243, 0.11341359514525444]","[0.0746854789235247, 0.004283645760294704, 0.03945654349472929]",none,0,"Overall, customers seem to enjoy the restaurant's ambiance, which is romantic and classy, and the friendly and attentive service."
Qwen2.5-1.5B-Instruct_K3,66,5608,6.002574920654297,3,0.4483009874820709,0.2731349468231201,"[-0.37348492940266925, -0.07899461189905803, 0.5612833102544149]","[0.07334140284607808, 0.0014352117335268606, 0.010741391956495741]",none,0,Sure!
Qwen2.5-1.5B-Instruct_K3,66,5608,0.8059723973274231,46,1.1030372381210327,0.1655440479516983,"[0.8938308599310166, 0.024081112683960702, -0.023086789848271703]","[0.16712461218022998, 0.001722827890543252, 0.0014591009859135856]",none,0,"Here's an objective overview of Bucatini based on the provided structured data:

Bucatini is a restaurant located in Santa Barbara, California, offering a variety of Italian dishes, including soup, wine, and pizza."
Qwen2.5-1.5B-Instruct_K3,66,5608,1.3961870670318604,17,0.43872305750846863,0.14066387712955475,"[0.8691358717487139, 0.05650681202464244, 0.024641175302402937]","[0.15259466131272562, 0.004222332071335318, 0.003834806437653777]",conflict,1,"The restaurant has a cozy and intimate atmosphere, with outdoor seating available and free WiFi."
Qwen2.5-1.5B-Instruct_K3,66,5608,1.1425657272338867,23,-0.042559605091810226,0.12106019258499146,"[0.17833376153268307, 0.31748158607693155, 0.03021454122215741]","[0.08740238289758805, 0.06435540297861216, 0.00480490925776206]",none,0,"According to customer reviews, the menu features authentic Italian cuisine with great flavors, and the service is attentive and friendly."
Qwen2.5-1.5B-Instruct_K3,66,5608,1.2004915475845337,21,0.6745064854621887,0.17082077264785767,"[0.8286370217157084, -0.052017263236588666, 0.49176563824793057]","[0.09428625307849697, 0.03032661538565576, 0.06578566486829611]",conflict,1,"Some reviewers have praised the ambiance as romantic and lively, while others have noted that the portions are small."
Qwen2.5-1.5B-Instruct_K3,66,5608,1.5368250608444214,12,-0.10109472274780273,0.17401379346847534,"[0.12516459946831068, 0.06440184451639652, -0.19487770150105158]","[0.17270797987778982, 0.0100848395183372, 0.004220727447924825]",none,0,The restaurant accepts reservations and offers takeout and delivery options.
Qwen2.5-1.5B-Instruct_K3,66,5608,0.8972581624984741,39,0.4000934958457947,0.08511244505643845,"[0.12992012982715842, 0.014735224259859537, -0.00950148819165173]","[0.05300930162656979, 0.010810664833869419, 0.0027835279170074336]",none,0,"Overall, Bucatini has an average rating of 3.5 stars based on customer reviews, with some reviewers giving it a perfect 5-star rating and others expressing disappointment with their experience."
Qwen2.5-1.5B-Instruct_K3,67,8938,6.203988552093506,3,0.25551652908325195,0.26552626490592957,"[-0.3333008885383606, -0.17393875122070312, 0.19635746876398721]","[0.06698761647567153, 0.00394460895646868, 0.009771071917687854]",none,0,Sure!
Qwen2.5-1.5B-Instruct_K3,67,8938,0.7537415623664856,42,0.9586886167526245,0.13831502199172974,"[1.2170734967275914, -0.0063182008842524, -0.036444923476215946]","[0.1448529416466542, 0.0006318025414804836, 0.002499391482569449]",none,0,"Here's an objective overview of Carp Kitchen & Grocery based on the provided structured data:

Carp Kitchen & Grocery is a local business located in Carpinteria, California that offers a variety of products and services."
Qwen2.5-1.5B-Instruct_K3,67,8938,0.9766392707824707,29,0.36452996730804443,0.11843069642782211,"[0.44664237888907243, 0.013760538314617689, -0.011350820859159536]","[0.10464702403235072, 0.0012828888624590977, 0.0017570713466856715]",conflict,1,The business has a rating of 5 stars based on customer reviews and is open Monday through Sunday from 10am to 7pm.
Qwen2.5-1.5B-Instruct_K3,67,8938,1.629632592201233,16,0.9252455234527588,0.2598397135734558,"[1.0145840267650783, 0.0022051602718420327, 0.0013939172495156527]","[0.2559778610302601, 0.003032830974461831, 0.001631264919979003]",none,0,"The business offers groceries, restaurants, specialty food, sandwiches, and food delivery."
Qwen2.5-1.5B-Instruct_K3,67,8938,1.6094493865966797,10,1.8448104858398438,0.1825423389673233,"[1.8841706171631813, -0.07022349257022142, -0.15215542451478542]","[0.16651635356247424, 0.0009089713639696129, 0.0028302225982770324]",none,0,Customers can enjoy outdoor seating and free WiFi while dining.
Qwen2.5-1.5B-Instruct_K3,67,8938,1.1248128414154053,36,0.9862700700759888,0.16361436247825623,"[0.06027436520781117, -0.026136267367860455, 1.1032416565696066]","[0.02324442275067974, 0.02447152352217093, 0.15562272231355617]",none,0,"According to customer reviews, the business is known for its delicious and fresh food, with one reviewer praising the hanger steak and another enjoying the lentil soup and chicken dishes."
Qwen2.5-1.5B-Instruct_K3,67,8938,1.7569468021392822,21,-0.3004417419433594,0.05667063221335411,"[-0.10434281027742795, -0.11570921895049867, -0.2749640664884022]","[0.02709387310980154, 0.014501760525274136, 0.029094752395481226]",none,0,"One customer noted that the portions could be larger, but overall, the quality of the food is excellent."
Qwen2.5-1.5B-Instruct_K3,67,8938,1.3402248620986938,24,1.1556687355041504,0.231408953666687,"[-0.15883388550749564, -0.0409844404668244, 1.3006913204541586]","[0.007739330046357888, 0.0044513194137797045, 0.2335774058252961]",none,0,"Another reviewer appreciated the real care that goes into the preparation of the meals, ensuring that all ingredients are fresh and never stale."
Qwen2.5-1.5B-Instruct_K3,67,8938,2.2714622020721436,14,0.8859863877296448,0.13957981765270233,"[0.9517861330917056, -0.01929466636647703, 0.012112027770074616]","[0.13147389614849608, 0.004310242282250394, 0.010178119162706676]",conflict,1,The business offers validated parking and has a valet service available.
Qwen2.5-1.5B-Instruct_K3,67,8938,0.771850049495697,5,0.4499441981315613,0.08374740183353424,"[0.4441679209470749, 0.0016849637031555176, -0.02017896920442581]","[0.08831557193771004, 0.0016555990150891376, 0.005470605939626694]",baseless,1,Customers can also order takeout and enjoy the restaurant's ambience.
Qwen2.5-1.5B-Instruct_K3,68,4724,1.363473653793335,47,1.8628854751586914,0.31235265731811523,"[1.5618199832697814, 0.015424825917704011, 0.00878328347778037]","[0.24763930739309797, 0.006165991536673051, 0.007585484848925958]",none,0,A 19-year-old Long Island man has been arrested and jailed on $500 bail for stealing $839.98 worth of merchandise from Macy's in violation of a trespass ban and two felony charges.
Qwen2.5-1.5B-Instruct_K3,68,4724,0.6632880568504333,19,1.4607573747634888,0.19520863890647888,"[1.2254964670313424, 0.056011550622842105, 0.0821229823413887]","[0.165363894557997, 0.00965571293971535, 0.0049308453012121105]",none,0,The arrest comes just 10 days after he was arraigned on a shoplifting case.
Qwen2.5-1.5B-Instruct_K3,68,4724,1.3571913242340088,25,1.267648458480835,0.25874605774879456,"[1.0163019146793522, -0.01712737055891921, 0.018979175386666613]","[0.20281584423675666, 0.008390565304048324, 0.005267298141334322]",none,0,The previous case was halted when the District Attorney's office asked to reduce the grand larceny charge to misdemeanor petit theft.
Qwen2.5-1.5B-Instruct_K3,68,4724,1.84572172164917,30,0.480335533618927,0.13606905937194824,"[-0.09783151784019234, 0.20958531900517605, -0.10228301491273063]","[0.06586694550048075, 0.09144471776363995, 0.013283633543187534]",none,0,"The judge agreed to release him on own recognizance while the case was pending, but Rivera was re-arrested after returning to Macy's."
Qwen2.5-1.5B-Instruct_K3,68,4724,0.6964364647865295,33,1.4488133192062378,0.2471376210451126,"[0.06612193876671055, 1.5419553814299984, 0.04271859545869203]","[0.033937427982009744, 0.22248522043481567, 0.012028733361989218]",none,0,"At his second arraignment, the judge deemed Rivera eligible for bail due to New York Criminal Procedure Law 510.10(4)(t)."
Qwen2.5-1.5B-Instruct_K3,68,4724,1.3286807537078857,26,1.0314946174621582,0.20420242846012115,"[0.24406331517429164, 0.34098484265604595, 0.6389762989162521]","[0.038334747845790565, 0.07491355012042242, 0.14827460787987198]",baseless,1,"The district attorney and Rivera's public defender argued against bail, citing Rivera's age and lack of identification of the alleged accomplice."
Qwen2.5-1.5B-Instruct_K3,68,4724,2.6362245082855225,8,-0.5128777027130127,0.11360792070627213,"[-0.29357482586055994, -0.3476111888885498, -0.39451251178979874]","[0.04410322639159858, 0.06821626867167652, 0.08350478834472597]",none,0,The judge ultimately denied the request for release.
Qwen2.5-1.5B-Instruct_K3,69,6521,1.5073193311691284,28,1.4506932497024536,0.22616754472255707,"[0.9230386989656836, -0.007424036108204746, 0.0008737697358550836]","[0.17077752776510483, 0.002086869601786897, 0.0020745030072605785]",none,0,"Sunnyside Market & Deli is a locally owned deli, grocery, and coffee shop located in Santa Barbara, CA."
Qwen2.5-1.5B-Instruct_K3,69,6521,1.422982096672058,35,0.999683141708374,0.1976172924041748,"[0.9184075571740062, -0.07028269439989734, -0.05829025314659313]","[0.15299961925780475, 0.012615074081544922, 0.004288741162138519]",none,0,"According to the reviews, the restaurant has a unique atmosphere, with a variety of products available for purchase while waiting for food, including high-end kitchen appliances and personal care items."
Qwen2.5-1.5B-Instruct_K3,69,6521,1.4152858257293701,37,0.7899801135063171,0.16966989636421204,"[-0.0436833754485289, 1.0187876568855465, -0.04832216907606061]","[0.03447330825725363, 0.09553340307713763, 0.012093616540897602]",none,0,"The food is moderately priced, with a pastrami sandwich being a popular item, but the quality of the food is inconsistent, with some dishes having too much bacon and stale bread."
Qwen2.5-1.5B-Instruct_K3,69,6521,2.1712746620178223,26,0.022522512823343277,0.09135981649160385,"[0.19768805816196477, -0.09887270156580669, 0.33922926680399823]","[0.0606888707798834, 0.028882451131581686, 0.04382013241187311]",baseless,1,"One reviewer found the food to be disappointing and dry, while another enjoyed their meal but noted that the atmosphere was not particularly welcoming."
Qwen2.5-1.5B-Instruct_K3,69,6521,0.8895087838172913,27,0.47638243436813354,0.08471056818962097,"[0.4171287140041521, 0.026039590336613065, 0.01739241947291669]","[0.05611717842697948, 0.0023581754882747597, 0.0025358014962859198]",none,0,"Overall, the business has a 4-star rating, but the reviews suggest that the food and atmosphere may not meet all customers' expectations."
Qwen2.5-1.5B-Instruct_K3,70,8738,0.9550383687019348,14,2.3909823894500732,0.27303653955459595,"[1.9489340842036265, 0.033609150499354916, -0.013855490444776868]","[0.22713459916745446, 0.006332418442915306, 0.004828558396833874]",none,0,"Madam Lu is a restaurant located in Santa Barbara, California."
Qwen2.5-1.5B-Instruct_K3,70,8738,0.6487745046615601,9,1.4644471406936646,0.09995879977941513,"[1.6440195391575496, -0.0443646885558135, -0.004207707734571563]","[0.08651033395694362, 0.00275492645232589, 0.0042020553697107565]",conflict,1,It offers Chinese cuisine and has outdoor seating.
Qwen2.5-1.5B-Instruct_K3,70,8738,1.3975639343261719,16,1.7940688133239746,0.15470139682292938,"[2.03495168290101, -0.04951632810298179, 0.07362155622104183]","[0.17538061356754042, 0.003443014495672969, 0.0028714459855336827]",none,0,"The restaurant allows reservations, accepts takeout orders, and is good for groups."
Qwen2.5-1.5B-Instruct_K3,70,8738,0.9774513244628906,12,0.8199880719184875,0.1363643854856491,"[0.8489847988821566, -0.13225731711524227, 0.017648693329344194]","[0.12935825497455275, 0.003967763332790734, 0.0014829358139346975]",none,0,"Wi-Fi is not available, but the ambiance is casual."
Qwen2.5-1.5B-Instruct_K3,70,8738,1.3802284002304077,19,0.8089671730995178,0.13968133926391602,"[0.8662915967012706, 0.3520200719174586, 0.002954384606135519]","[0.11121442159147639, 0.0496232684542376, 0.005221146125940753]",none,0,"Customers have given high ratings for the friendly service, fast and healthy food, and delicious flavors."
Qwen2.5-1.5B-Instruct_K3,70,8738,0.6483796834945679,11,3.5168211460113525,0.34941160678863525,"[0.0655941381370543, 3.614507484165105, -0.042164520445856564]","[0.02840388630813157, 0.36896765282885596, 0.0007183779878232599]",none,0,Some popular dishes include sizzling rice soup and imperial shrimp.
Qwen2.5-1.5B-Instruct_K3,71,6430,0.9032365083694458,57,1.7323418855667114,0.22839868068695068,"[1.5723660809616709, -0.024574218933068687, -0.03866414484250506]","[0.21472288840860113, 0.0025476979177399854, 0.003267012768009954]",none,0,"Here is an objective overview of AH Juice Organics based on the provided structured data in JSON format:

AH Juice Organics is a local business located in Santa Barbara, California, offering organic stores, breakfast and brunch, live/raw food, juice bars and smoothies, and food."
Qwen2.5-1.5B-Instruct_K3,71,6430,0.425089031457901,40,0.27239903807640076,0.09588117152452469,"[0.25615573584473167, -0.027679390797527504, -0.015195318620123998]","[0.09339481637662175, 0.0022991216166019512, 0.0010776522690008506]",conflict,1,"They are open from 7:30am to 5:30pm, Monday through Friday, and from 9:00am to 5:00pm on Saturday."
Qwen2.5-1.5B-Instruct_K3,71,6430,0.5426830649375916,19,0.2855592668056488,0.13709311187267303,"[0.2775609839464826, 0.09875331936047205, -0.0015987721968773066]","[0.10507072600949198, 0.006881401313732663, 0.0013227852350789697]",none,0,The business has a rating of 3.5 out of 5 stars based on customer reviews.
Qwen2.5-1.5B-Instruct_K3,71,6430,1.2924606800079346,29,1.003388524055481,0.16185739636421204,"[0.6424906072480271, 0.17503685244399542, 0.10703969625068104]","[0.09978037392603914, 0.026388046337794728, 0.021542657746764383]",none,0,"One customer left a review on January 8th, expressing concern about the lack of masks worn by staff during the height of the pandemic."
Qwen2.5-1.5B-Instruct_K3,71,6430,0.49915173649787903,27,1.2131675481796265,0.21333836019039154,"[0.1345952177157246, 1.5614671270013787, -0.03451830529498962]","[0.03740521904977935, 0.24552893886128138, 0.009500559655255833]",none,0,"Another customer left a review on December 25th, praising the variety of items available and stating they will return to try more."
Qwen2.5-1.5B-Instruct_K3,71,6430,1.0246713161468506,28,0.7419418692588806,0.16345325112342834,"[-0.03294383726526056, 0.39506828183298887, 0.8671100326474905]","[0.010952776182193702, 0.07109850778887708, 0.08374761980609387]",none,0,"However, another customer left a negative review on December 17th, citing the business's failure to follow public health orders regarding mask usage as a reason for not returning."
Qwen2.5-1.5B-Instruct_K3,72,8029,0.7226004600524902,28,2.73311185836792,0.34029021859169006,"[1.5907903417412723, -0.007961134548947615, -0.027736961391513302]","[0.22526929494675382, 0.0005595983113266811, 0.0018414791035589978]",none,0,"Jack's Bistro and Famous Bagels is a local business located at 53 S Milpas St in Santa Barbara, CA."
Qwen2.5-1.5B-Instruct_K3,72,8029,0.973923921585083,18,0.32001322507858276,0.08367481827735901,"[0.45763055228033206, -0.0076085383590099, 0.04084199132456787]","[0.07619965611264787, 0.0034990785364578236, 0.001515091084062053]",none,0,"This establishment offers a variety of food and beverages, specializing in bagels and breakfast items."
Qwen2.5-1.5B-Instruct_K3,72,8029,0.9401639103889465,28,0.43464237451553345,0.09630895406007767,"[0.7395120628976396, -0.027736177370700586, -0.014904680690960959]","[0.15741083032584616, 0.003035092702215739, 0.002458345233646599]",none,0,"The business has received positive reviews from customers who have praised the friendly staff, delicious and fresh bagels, and the convenient proximity to the beach."
Qwen2.5-1.5B-Instruct_K3,72,8029,0.4745289385318756,42,0.12503883242607117,0.06391467154026031,"[0.1520966022811167, 0.004121432440364342, 0.024823680801665388]","[0.06404955993590311, 0.0003962088883624693, 0.0009357104095604725]",none,0,"The business operates from Monday to Friday, from 6:00 AM to 2:00 PM, and on weekends from 7:00 AM to 2:00 PM."
Qwen2.5-1.5B-Instruct_K3,72,8029,1.6889474391937256,15,0.13957253098487854,0.15457676351070404,"[0.27784460972373687, -0.016661061730701476, -0.00596702511732777]","[0.14244610476113545, 0.002391393960958036, 0.0016258966471165573]",none,0,Customers can enjoy free WiFi and outdoor seating while dining at the bistro.
Qwen2.5-1.5B-Instruct_K3,72,8029,0.8096746802330017,12,1.1207194328308105,0.17867541313171387,"[1.164780496842771, -0.014258819311938472, -0.017455379176984327]","[0.17837391856604276, 0.0016649018072409187, 0.0015606492800183485]",none,0,The business also offers takeout services and is suitable for groups.
Qwen2.5-1.5B-Instruct_K3,72,8029,1.9650042057037354,17,0.8567060828208923,0.146873340010643,"[0.9614047982236918, -0.005506870720316382, 0.0010564263690920437]","[0.14914869692395716, 0.0020406390022424817, 0.003744450245422366]",none,0,"Parking options include a parking lot, while garage and street parking are not available."
Qwen2.5-1.5B-Instruct_K3,72,8029,1.3613946437835693,7,0.6789483428001404,0.14862366020679474,"[0.7609709464013577, -0.05129248449312789, -0.007945613137313299]","[0.14962082196559226, 0.0009418209041801415, 0.0012006365743997907]",none,0,The business does not offer reservations.
Qwen2.5-1.5B-Instruct_K3,72,8029,1.1047717332839966,27,0.911358118057251,0.12787730991840363,"[0.8976666826083265, 0.003029688865690669, -0.017953239057684794]","[0.12604515160388405, 0.0013762264689868668, 0.0010823498767167537]",conflict,1,"The ambience of Jack's Bistro and Famous Bagels is described as casual, without any specific themes such as hipster or romantic."
Qwen2.5-1.5B-Instruct_K3,72,8029,1.269342064857483,6,0.2951326072216034,0.030474558472633362,"[0.3243286193658908, 0.020929917130464066, -0.008161624243560558]","[0.02850157374147481, 0.0016137046234992642, 0.0017201572912502645]",none,0,"Overall, this local business has received an average rating of 3.5 stars."
Qwen2.5-1.5B-Instruct_K3,73,5105,1.6268819570541382,26,1.2697734832763672,0.20534518361091614,"[0.9198819075782712, -0.14009266798977757, -0.13273022444375854]","[0.10143348020882023, 0.023042027977121158, 0.06245093983501157]",none,0,"European Deli was a family-owned restaurant located in Goleta, CA, known for its delicious German cuisine and friendly service."
Qwen2.5-1.5B-Instruct_K3,73,5105,1.5957622528076172,24,0.3252393901348114,0.06007729470729828,"[0.5138549496623455, -0.13661579822170702, -0.04214555166436185]","[0.05896894652687479, 0.0057437912049541255, 0.00672294485568159]",none,0,"The restaurant has since closed, but it still holds a 4.5-star rating based on reviews from past customers."
Qwen2.5-1.5B-Instruct_K3,73,5105,1.333469271659851,39,0.12244901806116104,0.12836411595344543,"[0.07398262387715267, 0.5636849948519529, -0.02254565129160022]","[0.07946451836582068, 0.0981667812220082, 0.008536606365753348]",baseless,1,"The menu offered a variety of options, including sausages, sandwiches, and combos, all made with fresh ingredients and served with homemade sides such as potato salad and sauerkraut."
Qwen2.5-1.5B-Instruct_K3,73,5105,1.2476164102554321,18,0.5333399772644043,0.08813069760799408,"[0.16107418153680758, 0.47130380282437223, 0.22557832444726955]","[0.09060652046835255, 0.04509089308555758, 0.05391058048126575]",none,0,Many customers raved about the restaurant's authentic European flavors and the owner's warm hospitality.
Qwen2.5-1.5B-Instruct_K3,73,5105,0.8732089400291443,22,0.11046472191810608,0.011049866676330566,"[0.11969617651266162, 0.004152200474601903, 0.050194603632545215]","[0.010161243531043014, 0.003200033248961373, 0.0020670526826801383]",none,0,"Although it is now closed, European Deli remains a memorable dining experience for those who had the pleasure of visiting."
Qwen2.5-1.5B-Instruct_K3,74,7685,1.2841061353683472,24,1.999359130859375,0.2678946256637573,"[0.4632136877168402, 0.018495006089324306, 0.028661217532089722]","[0.11954009953008911, 0.006289529993769823, 0.0010755305314115542]",none,0,"Bay Roadhouse Bar and Grill is a seafood and American cuisine restaurant located in the heart of Santa Barbara, CA."
Qwen2.5-1.5B-Instruct_K3,74,7685,1.1702755689620972,36,0.14869195222854614,0.12851738929748535,"[0.19145092466017863, 0.021939197067644675, 0.09830815131070064]","[0.12602319128803352, 0.01071039207398725, 0.006870343952284783]",none,0,"With a 3.5-star rating, this establishment offers a variety of dishes, including seafood, steak, and pasta, as well as a selection of drinks and live entertainment."
Qwen2.5-1.5B-Instruct_K3,74,7685,1.4740629196166992,25,0.3735578656196594,0.10530787706375122,"[0.08318164506257744, -0.06998259635671275, 0.24865923885605298]","[0.03614109195066703, 0.011896330070910607, 0.054355826211804015]",none,0,"The restaurant is situated near the beach and offers both indoor and outdoor seating, with the option of enjoying the sunset while dining."
Qwen2.5-1.5B-Instruct_K3,74,7685,1.3969320058822632,17,-0.010720175690948963,0.04937073960900307,"[0.042853443267043025, 0.04785938136389151, 0.02888900403152494]","[0.04720089322226533, 0.0033946563468335252, 0.004404858321804032]",none,0,"The atmosphere is casual and welcoming, making it suitable for families, groups, and couples."
Qwen2.5-1.5B-Instruct_K3,74,7685,0.9027436375617981,27,0.17711909115314484,0.09460800141096115,"[0.06348633709630694, 0.26776813357860696, -0.08684325976085987]","[0.027700682140795782, 0.06104285897445215, 0.003326940559245654]",none,0,One of the standout features of Bay Roadhouse Bar and Grill is their commitment to serving fresh and high-quality food at reasonable prices.
Qwen2.5-1.5B-Instruct_K3,74,7685,1.01307213306427,32,0.7868461608886719,0.09030921012163162,"[0.7246949959922944, 0.08166048640507029, 0.0066729188609429]","[0.09356975519856015, 0.008531807252099455, 0.000737163730816448]",baseless,1,"Their menu includes a range of options, such as fish tacos, shrimp omelets, and California breakfast sandwiches, all of which are made with fresh ingredients."
Qwen2.5-1.5B-Instruct_K3,74,7685,1.374017357826233,23,-0.08771071583032608,0.03232932463288307,"[-0.010294207837551252, 0.026528912049659837, 0.002109020078211435]","[0.022054815183272913, 0.0019343344879490835, 0.0017752698397568724]",none,0,"Additionally, they offer a children's menu and are known for their live music performances, which add to the lively atmosphere."
Qwen2.5-1.5B-Instruct_K3,74,7685,0.9902501106262207,16,-0.1909087896347046,0.028887979686260223,"[-0.056045240997434576, -0.004456075927521397, 0.05188972012427939]","[0.02363156801939681, 0.0011387967847777958, 0.0007966389626288262]",none,0,"According to customer reviews, the service at Bay Roadhouse Bar and Grill is friendly and attentive, with servers who are knowledgeable about the menu and happy to provide recommendations."
Qwen2.5-1.5B-Instruct_K3,75,5277,1.1264468431472778,37,1.5951982736587524,0.1731250286102295,"[1.2441856294691034, 0.021275527689156023, -0.005915909555639971]","[0.13145335727352397, 0.001703188698192625, 0.002223527736965799]",none,0,"Based on the provided structured data, here is an objective overview of Modern Times Kitchen:

Modern Times Kitchen is a highly rated vegan and American new restaurant located in Santa Barbara, California."
Qwen2.5-1.5B-Instruct_K3,75,5277,1.065983533859253,30,0.4945620000362396,0.11644694954156876,"[0.4521585270112458, 0.039140605607341665, 0.009743160087176269]","[0.10165480544348308, 0.020348236415626768, 0.006456932483884733]",baseless,1,"With a rating of 4.5 stars, the restaurant offers a variety of delicious plant-based options, including comfort food, burgers, and beer."
Qwen2.5-1.5B-Instruct_K3,75,5277,1.5955127477645874,16,0.6852116584777832,0.13153746724128723,"[0.7884391631378094, -0.1851689569575683, -0.029343151933971967]","[0.11047738697197929, 0.0069523466136161005, 0.0028506672310868453]",none,0,"The establishment has a cooperative ownership model, which sets it apart from other restaurants."
Qwen2.5-1.5B-Instruct_K3,75,5277,1.4638400077819824,18,0.3553526699542999,0.06880819797515869,"[0.2595337727753859, 0.0995871141688743, 0.05432450425319581]","[0.05609714191329355, 0.00887965113927041, 0.0029259733622287363]",none,0,"The menu features both indoor and outdoor seating options, with free WiFi available throughout the premises."
Qwen2.5-1.5B-Instruct_K3,75,5277,2.5813040733337402,19,-0.3929332494735718,0.11890187114477158,"[-0.2743608264840747, -0.034023253712803125, 0.02816980557614251]","[0.11224541490848519, 0.03576187536390008, 0.006327184606466051]",baseless,1,"The atmosphere is trendy and inviting, with a hipster vibe and a casual, relaxed ambiance."
Qwen2.5-1.5B-Instruct_K3,75,5277,1.1398628950119019,27,0.3897031843662262,0.0837315171957016,"[0.03851491702651536, 0.1541920740036639, 0.10836000428362577]","[0.051744836704865856, 0.02652553085472728, 0.011986883271472633]",none,0,"Reviewers have praised the food, beer, and service, with many highlighting the convenience of the location and the quality of the offerings."
Qwen2.5-1.5B-Instruct_K3,75,5277,0.7339839935302734,25,0.016343295574188232,0.03448053449392319,"[-0.02177889634447638, 0.021912469851231436, 0.009698233875315054]","[0.014638262325643154, 0.004102142650883707, 0.02594047046425828]",none,0,"Whether you're a vegan or simply looking for a tasty meal in a unique setting, Modern Times Kitchen is definitely worth a visit."
Qwen2.5-1.5B-Instruct_K3,76,8289,1.0428794622421265,32,1.5889956951141357,0.17598816752433777,"[1.8329800518458228, 0.043350658574354384, -0.008249291176753104]","[0.19697557201702054, 0.0013335963846046184, 0.0016564635997902144]",none,0,"Home Plate Grill is a popular restaurant located in Goleta, California, serving a variety of American cuisine including burgers, sandwiches, pizza, and breakfast items."
Qwen2.5-1.5B-Instruct_K3,76,8289,0.8737524747848511,20,0.3001905381679535,0.08981572091579437,"[-0.060805789050573364, 0.6508700632495674, 0.012687274974450703]","[0.05154156256271562, 0.0742025164807842, 0.002506964418955704]",none,0,"According to customer reviews, the restaurant boasts a clean and welcoming atmosphere, with friendly and attentive service."
Qwen2.5-1.5B-Instruct_K3,76,8289,1.2892075777053833,19,-0.21573734283447266,0.08798626810312271,"[0.020791092201283102, 0.008384274367831256, -0.00931947031303456]","[0.08142392100815318, 0.011070719475882422, 0.002484420809387781]",none,0,"Customers have praised the quality of the food, with many highlighting the generous portions and flavorful dishes."
Qwen2.5-1.5B-Instruct_K3,76,8289,1.693985939025879,20,-0.18015502393245697,0.0905241146683693,"[0.07223695780048729, -0.18391053199229646, 0.010635740980433184]","[0.05227805845570401, 0.030312505296882362, 0.006929068781676051]",none,0,"One reviewer noted that the restaurant is particularly great for groups, with plenty of space for large parties."
Qwen2.5-1.5B-Instruct_K3,76,8289,1.7362337112426758,32,0.0394495353102684,0.03777598962187767,"[0.007735364258678601, -0.027938848544181383, -0.013173421758438053]","[0.029087349822276565, 0.0037505137866844507, 0.0035061927495334544]",baseless,1,"While some customers have expressed minor issues with parking, the majority of reviews indicate that Home Plate Grill is a hidden gem worth visiting for both locals and travelers alike."
Qwen2.5-1.5B-Instruct_K3,76,8289,0.9264603853225708,28,0.09083322435617447,0.04767603054642677,"[0.17814043800795584, 0.0362283996530875, -0.036306287225410676]","[0.06319012458750908, 0.0017786259772439702, 0.0029154388151632865]",none,0,"With an overall rating of 4.5 stars, Home Plate Grill appears to be a well-regarded and enjoyable dining option in the area."
Qwen2.5-1.5B-Instruct_K3,77,6842,1.011781930923462,15,2.2451188564300537,0.2364353984594345,"[0.36804106578056234, -0.01019309506227728, 0.014753408799879252]","[0.08517321639323351, 0.0058183042451977, 0.0012649579338661473]",none,0,"Mercury Lounge is a music venue located in Goleta, California."
Qwen2.5-1.5B-Instruct_K3,77,6842,1.0994945764541626,23,0.7500455975532532,0.1300571709871292,"[0.8942834551821959, 0.0691816909567696, 0.037748695581878725]","[0.0746395396921126, 0.02543116309067767, 0.0010646583676785697]",none,0,"It offers a range of entertainment options, including live music, nightlife, bars, lounges, and outdoor seating."
Qwen2.5-1.5B-Instruct_K3,77,6842,1.8881665468215942,25,0.3729996085166931,0.16025491058826447,"[-0.3243356900726212, 0.7033898441240308, 0.010561847472272347]","[0.03792579883150211, 0.11438757888085092, 0.03436641583159144]",none,0,"The lounge has been operating for several years, booking a variety of bands and hosting events such as trivia nights and movie nights."
Qwen2.5-1.5B-Instruct_K3,77,6842,1.273940086364746,20,1.406068205833435,0.14781847596168518,"[0.3373900196398608, 1.3218066585250199, 0.037873741262592374]","[0.07278932469780557, 0.10352080240481883, 0.001684916525641711]",none,0,"The ambiance of the lounge is described as classy and casual, with eclectic decor and scattered seating arrangements."
Qwen2.5-1.5B-Instruct_K3,77,6842,2.4534144401550293,19,0.004155315924435854,0.06932570040225983,"[-0.040993303526192904, 0.005940068807256849, 0.1240616099859931]","[0.019560103091766666, 0.033655158844531366, 0.027762018144130707]",baseless,1,"The lounge is known for its great food, which includes locally sourced beer and other menu items."
Qwen2.5-1.5B-Instruct_K3,77,6842,2.577468156814575,28,0.07331164926290512,0.04009540006518364,"[0.08971681054130645, -0.004009567542847695, 0.004901484576748771]","[0.035485221403750496, 0.010046308320819921, 0.002650282286119981]",none,0,"During the COVID-19 pandemic, the lounge reopened for bottles to go and offered a limited number of hours for customers to purchase drinks."
Qwen2.5-1.5B-Instruct_K3,77,6842,1.3603601455688477,40,0.29547053575515747,0.13710610568523407,"[0.47239542269398954, -0.014235913488118968, 0.004432932013605751]","[0.129737749275273, 0.013990713936891552, 0.003977405276019396]",none,0,"The lounge has received mixed reviews, with some customers praising the quality of the entertainment and food, while others have criticized the lounge for not complying with the mask mandate and for being too rowdy and disrespectful."
Qwen2.5-1.5B-Instruct_K3,78,5781,0.844173014163971,54,1.9912681579589844,0.27588966488838196,"[2.020895563858748, -0.0035260835504013137, -0.0009535676811756948]","[0.2583191492215317, 0.001024145954841271, 0.0008369997104332933]",none,0,"Based on the provided structured data, here is an objective overview of The Black Sheep:

The Black Sheep is a popular American (New), Beer, Wine & Spirits, Food, Japanese, Bars, Asian Fusion, Ramen, Restaurant located in Santa Barbara, California."
Qwen2.5-1.5B-Instruct_K3,78,5781,1.657376766204834,12,1.7089043855667114,0.15890935063362122,"[1.6710253581404686, 0.058534413653736315, -0.0182870685433348]","[0.20978557815154394, 0.0037830142900929786, 0.0007585912687015176]",none,0,"They offer outdoor seating, WiFi, and restaurants takeout."
Qwen2.5-1.5B-Instruct_K3,78,5781,1.3050765991210938,16,0.6163547039031982,0.12659001350402832,"[0.8062575933581684, 0.04020542083890177, 0.012238685296324547]","[0.1466133676658501, 0.001935616006676355, 0.0007907764126571237]",none,0,"Their hours of operation are Wednesday through Sunday, with varying times for each day."
Qwen2.5-1.5B-Instruct_K3,78,5781,1.989817500114441,15,0.9731335043907166,0.14575102925300598,"[0.9882181922594706, 0.01840000251928965, 0.06928256750106812]","[0.15000303735335668, 0.0030115994430767994, 0.006568320157627264]",conflict,1,"The business has a parking lot, street parking, and validated parking options."
Qwen2.5-1.5B-Instruct_K3,78,5781,0.8455162644386292,24,0.49666011333465576,0.11460703611373901,"[0.435383566814077, 0.1202629064582652, 0.09023673941677164]","[0.07641820603286457, 0.04009085934319501, 0.012965800515132742]",none,0,"While some customers have reported negative experiences, such as food poisoning, others have praised the quality of their food and service."
Qwen2.5-1.5B-Instruct_K3,78,5781,1.8426852226257324,27,0.18937671184539795,0.10910548269748688,"[0.2080597496436288, 0.2850293595251127, -0.062286418818446154]","[0.08104351456023762, 0.057536041219902, 0.0034460272690500495]",conflict,1,"The majority of reviews mention that the atmosphere is trendy and upscale, although some visitors have felt inconvenienced by the seating arrangements."
Qwen2.5-1.5B-Instruct_K3,78,5781,0.846848726272583,17,0.4179668426513672,0.09817519783973694,"[0.3144756052514661, 0.0007253143423226635, 0.003973651568016708]","[0.08800805982162488, 0.0025710760613117814, 0.0007356494579519623]",none,0,"Overall, The Black Sheep holds a 4.5-star rating based on customer feedback."
Qwen2.5-1.5B-Instruct_K3,79,5331,0.9995253086090088,51,1.0610545873641968,0.1603986769914627,"[1.1421318560321965, -0.004385532659772948, 0.018803060772156373]","[0.16285705392567928, 0.0008412220073012401, 0.0009963143293427212]",none,0,"Based on the provided structured data, here is an objective overview of the Cajun Kitchen Cafe:

The Cajun Kitchen Cafe is a Restaurant and Cafe located in Santa Barbara, California, offering Breakfast, Brunch, and Cajun/Creole cuisine."
Qwen2.5-1.5B-Instruct_K3,79,5331,1.2404427528381348,22,0.6913767457008362,0.20254792273044586,"[0.606931916033566, 0.015828769092463932, 0.03941369288870853]","[0.20313940950601053, 0.0042897028328380575, 0.003828588338326323]",none,0,The business has a rating of 4.0 stars and provides options for Outdoor Seating and Takeout.
Qwen2.5-1.5B-Instruct_K3,79,5331,0.9244505763053894,29,0.661348819732666,0.12275998294353485,"[0.7252227352733387, -0.016341364190119403, 0.026088219723784153]","[0.12560022360813836, 0.0019327035078794293, 0.0010554361596922686]",conflict,1,"The cafe is open Monday through Sunday from 6:30 AM to 15:30 PM, with varying hours for each day."
Qwen2.5-1.5B-Instruct_K3,79,5331,1.3507280349731445,24,1.0196048021316528,0.1331523209810257,"[0.3373870875996848, 0.026558056628952425, 0.03361223040459057]","[0.05697345811252793, 0.024182065283336367, 0.00525893189690881]",none,0,"Reviews of the cafe suggest that while the food is generally good, there are issues with the delivery system and communication."
Qwen2.5-1.5B-Instruct_K3,79,5331,1.7237212657928467,23,0.37379130721092224,0.11291350424289703,"[-0.1412273420871276, 0.08093454590593667, 0.5281877079978585]","[0.04660549047200576, 0.025221949797528592, 0.05765697652215907]",none,0,"One reviewer experienced confusion and delays in receiving their order, while another had a previous negative experience with the same issue."
Qwen2.5-1.5B-Instruct_K3,79,5331,1.526511311531067,12,-0.18554770946502686,0.084320068359375,"[-0.28791297859773596, 0.06601786729879677, -0.06691288164014016]","[0.03206206577443046, 0.05774497893300653, 0.011214777293256853]",none,0,"However, one reviewer praised the quality of the food and service."
Qwen2.5-1.5B-Instruct_K3,79,5331,1.2782915830612183,32,0.004780643619596958,0.012082379311323166,"[-0.032668853071299964, 0.09993762729845912, -0.0013013527764087485]","[0.013188128498626384, 0.006186100401119887, 0.0014396169943324821]",none,0,It is important to note that these reviews are based on a small sample size and may not reflect the full range of experiences customers have had at the cafe.
Qwen2.5-1.5B-Instruct_K3,79,5331,1.040213942527771,7,0.019815359264612198,0.002576000289991498,"[-0.06910165735319294, 0.019369775420922712, 0.06883362984535779]","[0.0039809923118485, 0.0004153587079339819, 0.00025358125765251316]",none,0,"Nevertheless, they provide some insight into the cafe's strengths and areas for improvement."
Qwen2.5-1.5B-Instruct_K3,80,1754,1.1300325393676758,28,1.73794424533844,0.25105783343315125,"[1.2874148310345066, -0.03750148138299535, 0.03442939314170092]","[0.14804495807870158, 0.00850708643922157, 0.006695255056456517]",none,0,Prosecutor drops case against Cristina Fernandez de Kirchner for covering up Iran's involvement in 1994 bombing in Buenos Aires.
Qwen2.5-1.5B-Instruct_K3,80,1754,1.6029218435287476,21,0.7377498149871826,0.2205575555562973,"[0.759611003100872, -0.03574106251610266, 0.04819940566085279]","[0.15062946502474092, 0.01112579640270962, 0.008188615977425278]",baseless,1,The case had been ongoing since 2013 and gained global attention after original prosecutor's death.
Qwen2.5-1.5B-Instruct_K3,80,1754,1.1173971891403198,13,0.6274033784866333,0.1946163773536682,"[0.018482799288064528, 0.7790270248078741, 0.2441045366308222]","[0.04546889854827896, 0.1796311056610788, 0.0851979931317496]",none,0,"Judge dismissed the case earlier this year, citing lack of evidence."
Qwen2.5-1.5B-Instruct_K3,80,1754,1.0366408824920654,14,2.3799455165863037,0.25416406989097595,"[0.0005782016419938632, 0.450447503477335, 1.3765010253659316]","[0.04656114692001471, 0.07746828866324254, 0.1666723733900913]",none,0,"Now, de Luca has found no evidence of crime and dismissed the case."
Qwen2.5-1.5B-Instruct_K3,81,4570,1.025351881980896,53,1.9195894002914429,0.24576133489608765,"[0.9567080197460732, 0.0062749710845275575, 0.010006805740457186]","[0.14322282309246973, 0.002544179733878888, 0.0038290395768167656]",none,0,"Here is a summary of the article in 92 words:

Melissa Jordon, 26, went on a date with Onnie Nesbitt in Milan, TN on December 22, 1995, but never returned."
Qwen2.5-1.5B-Instruct_K3,81,4570,0.49105390906333923,14,1.8187655210494995,0.27430233359336853,"[0.23589406268937246, 1.8654606523258346, 0.07648192356074494]","[0.024108392065889866, 0.2611753075782742, 0.006201971675701705]",conflict,1,"Her car was found abandoned with drugs, money, and weapons inside."
Qwen2.5-1.5B-Instruct_K3,81,4570,0.8200901746749878,20,1.3357406854629517,0.2399963140487671,"[0.11548486271512956, 0.7799343839724315, 0.0532274805112138]","[0.018820926269464168, 0.15784054552125326, 0.0039302677891726034]",none,0,Nesbitt resurfaced without her and is currently serving a 24-year prison sentence.
Qwen2.5-1.5B-Instruct_K3,81,4570,1.138922929763794,16,0.6806958913803101,0.14949549734592438,"[0.08242083946879575, -0.06272971803628025, 0.8911930722315446]","[0.00415305090106699, 0.030107876521469734, 0.08926368268294027]",none,0,"Melissa remains missing, and anyone with information is urged to contact the Milan Police Department."
Qwen2.5-1.5B-Instruct_K3,82,4438,7.472959041595459,3,0.7756622433662415,0.1591457724571228,"[-0.14702147245407104, -0.12370808919270833, -0.03386298815409342]","[0.03596435487270355, 0.011278845369815826, 0.013172431693722805]",none,0,Sure!
Qwen2.5-1.5B-Instruct_K3,82,4438,1.36641526222229,37,1.6087230443954468,0.24531181156635284,"[0.38985717167363604, 0.16767830445629395, -0.0040759615831366565]","[0.08464835209279782, 0.03150393784858352, 0.006334412643268847]",conflict,1,"Here's the summary within 113 words:

Big Brother 25 will feature a special live eviction episode on November 5th, leaving only five houseguests remaining."
Qwen2.5-1.5B-Instruct_K3,82,4438,1.1467981338500977,20,0.852638840675354,0.1551792472600937,"[0.8037115594313946, 0.11195368383778259, -0.014363640864758054]","[0.14020098320725083, 0.0207569576028618, 0.0066023018005637365]",none,0,"This is a surprise addition to the schedule, as the finale is set for November 9th."
Qwen2.5-1.5B-Instruct_K3,82,4438,1.0802199840545654,23,1.5612457990646362,0.2353513538837433,"[0.1788366051218675, 1.5941242051776499, -0.06448800922067754]","[0.023734974620231736, 0.21348757254726597, 0.023765438400519284]",none,0,"The episode will air on Sunday at 10/9c, potentially delaying the start time for time zones."
Qwen2.5-1.5B-Instruct_K3,82,4438,0.7231067419052124,25,1.5858160257339478,0.2502182722091675,"[-0.0480994105222635, 1.6262833519466222, -0.06613262824597768]","[0.01809463068088007, 0.23533878567162902, 0.014037418825246277]",none,0,"The Tuesday, November 7th episode will be a clip show featuring the final three houseguests reflecting on the season."
Qwen2.5-1.5B-Instruct_K3,82,4438,0.5504463911056519,41,1.022554636001587,0.18314172327518463,"[0.11533569104197496, 0.3496021334490917, 1.0944383842550274]","[0.012462333267661706, 0.04419146424466365, 0.18193340338179617]",none,0,"The jury members will return for the finale to select the winner, who will receive $750,000, while America's Favorite Houseguest will take home $50,000."
Qwen2.5-1.5B-Instruct_K3,83,10049,1.3045445680618286,31,1.8162750005722046,0.1879473775625229,"[1.6512581490556664, -0.009037619374970335, -0.016930152329751442]","[0.15564247288919783, 0.006203861547169987, 0.0025050034760976904]",none,0,"Whiskey Richards is a whiskey bar located in Santa Barbara, CA, known for its extensive selection of whiskeys and relaxed, divey atmosphere."
Qwen2.5-1.5B-Instruct_K3,83,10049,1.1138108968734741,27,0.3291732668876648,0.11506529152393341,"[0.4996815810787262, -0.01882830279434226, -0.017983275526030747]","[0.11315240921998405, 0.004002993032296824, 0.001015638603584429]",conflict,1,"The bar is open seven days a week, with extended hours on weekends, and offers free WiFi, outdoor seating, and live music."
Qwen2.5-1.5B-Instruct_K3,83,10049,0.9194863438606262,21,0.28907275199890137,0.14758579432964325,"[0.3969027648203164, -0.12396144264844874, 0.03752078836606372]","[0.11325153401533801, 0.04120778476235067, 0.0040991297629922145]",none,0,"According to customer reviews, the bar serves delicious drinks and food, and the staff is friendly and welcoming."
Qwen2.5-1.5B-Instruct_K3,83,10049,1.2984511852264404,38,0.3620157241821289,0.16409027576446533,"[-0.0028733167731556214, 0.7319247269815307, -0.0971876054436447]","[0.01962984997499605, 0.12361586563425843, 0.009585080273580883]",none,0,"However, one reviewer had a negative experience with a bartender who did not wash their hands after using the restroom, which may be a concern for some customers during the COVID-19 pandemic."
Qwen2.5-1.5B-Instruct_K3,83,10049,0.8542883396148682,31,0.03931519389152527,0.06804943084716797,"[-0.0005781285300115762, -0.0013475220182426124, -0.018056583593680706]","[0.021627436795972517, 0.04218693978516476, 0.0022016536852661724]",none,0,"Overall, Whiskey Richards appears to be a popular spot for those looking for a casual, no-frills drinking experience with a good selection of whiskeys."
Qwen2.5-1.5B-Instruct_K3,84,3080,0.7452093958854675,30,0.8968063592910767,0.1919526308774948,"[0.5182627026564054, 0.007438374704603726, -0.003500758109536643]","[0.11352778939708515, 0.0008458110465577799, 0.00039142171528965263]",none,0,"Hundreds of thousands of Brazilians are taking to the streets in protests across the country, calling for President Dilma Rousseff to be impeached."
Qwen2.5-1.5B-Instruct_K3,84,3080,0.9670812487602234,20,1.0390651226043701,0.24228182435035706,"[0.7939937466289848, -0.023000464111100884, -0.06501070173399057]","[0.18477515314880294, 0.005343549836061357, 0.0026992614379651057]",none,0,The demonstrations follow an economic downturn and a massive bribery scandal involving the state-owned oil company Petrobras.
Qwen2.5-1.5B-Instruct_K3,84,3080,1.4090937376022339,39,0.331287145614624,0.07229627668857574,"[0.08431768568847567, 0.09882057029515123, 0.058535851946008056]","[0.035596593088205106, 0.015422022392181716, 0.005567977532535177]",baseless,1,"The corruption investigation at Petrobras, which led to the resignation of CEO Luiz Inácio Lula da Silva, has severely damaged Rousseff's reputation and contributed to her low approval ratings."
Qwen2.5-1.5B-Instruct_K3,84,3080,1.0185844898223877,40,0.7798007130622864,0.12613265216350555,"[0.02900479377881311, 0.5786072006269023, 0.004246273413355084]","[0.02303582281241745, 0.09948825378857577, 0.01433459889818849]",baseless,1,"While Rousseff has defended the right to protest and called for the cleaning of corruption at Petrobras, many Brazilians are frustrated with the slow pace of reforms and believe she is responsible for the current crisis."
Qwen2.5-1.5B-Instruct_K3,85,3002,1.2979860305786133,29,1.045027494430542,0.1608237773180008,"[0.4812870863825083, 0.028218508858619065, 0.016313692940206362]","[0.08908480855411496, 0.0018265757294102514, 0.0005582803304574115]",baseless,1,At least 147 people were killed and over 100 wounded in a terrorist attack at Garissa University College in Kenya.
Qwen2.5-1.5B-Instruct_K3,85,3002,1.518295168876648,29,1.1807920932769775,0.20013615489006042,"[0.2522540844922709, 1.4220896873488653, 0.021887088361083818]","[0.02715025827725687, 0.18508759880414172, 0.001811748668089798]",baseless,1,"Al-Shabaab militants attacked the school around 5 am on April 2nd, storming a Christian prayer service and randomly shooting students."
Qwen2.5-1.5B-Instruct_K3,85,3002,1.874189853668213,11,0.7964106202125549,0.127985879778862,"[0.2763442811238664, -0.13668102719186043, 0.6717786464617926]","[0.009791820231012853, 0.04943184917316434, 0.05624934292096772]",none,0,Some students managed to survive by pretending to be dead.
Qwen2.5-1.5B-Instruct_K3,85,3002,1.281760334968567,18,0.3711082339286804,0.056318819522857666,"[0.4738830508819471, 0.0006421378994774488, 0.024358243371049564]","[0.07986838784482744, 0.005561579422242681, 0.0036785390152039733]",none,0,"Bodies of both the attackers and victims are still being collected, and the investigation is ongoing."
Qwen2.5-1.5B-Instruct_K3,85,3002,1.409851312637329,11,0.8771226406097412,0.15308940410614014,"[0.3786237456581809, 0.8553469939665361, -0.04083187336271459]","[0.04299039300531149, 0.14781794189052147, 0.001700986248165877]",none,0,The incident has highlighted the challenges facing Kenya's security forces.
Qwen2.5-1.5B-Instruct_K3,86,7223,1.4798731803894043,25,1.9022750854492188,0.1804518848657608,"[0.8696417437680065, -5.7814025785773994e-05, 0.010604444381315262]","[0.14763087285915388, 0.00111362461502722, 0.0012291546099550033]",none,0,"Based on the provided reviews, Fox Wine appears to be a wine bar and tasting room located in Santa Barbara, CA."
Qwen2.5-1.5B-Instruct_K3,86,7223,0.8439304232597351,29,0.9328618049621582,0.19118386507034302,"[-0.04708070507281106, 0.7567682358725317, 0.26615707545916567]","[0.04377171829241104, 0.17243474782926255, 0.03481387745750516]",none,0,"The business offers two different tasting options, a $15 tasting of 5 wines and a $20 tasting of 5 premium wines."
Qwen2.5-1.5B-Instruct_K3,86,7223,1.8149586915969849,24,0.5056994557380676,0.08558709174394608,"[0.2410559485288104, -0.03515696943334964, 0.5227094875996651]","[0.0544483536249345, 0.010325498054044147, 0.05256677571325478]",none,0,"However, several customers have reported poor experiences at the establishment, including small pours, confused service, and unfriendly staff."
Qwen2.5-1.5B-Instruct_K3,86,7223,1.8299206495285034,26,-0.11288145184516907,0.03898189589381218,"[-0.015498501463578297, -0.031214825665721528, -0.03067565394135622]","[0.027527405423685335, 0.005371997150807426, 0.0077656971709354995]",none,0,"One customer noted that the temperature of the wine was too warm, and another mentioned that the staff seemed unfamiliar with their own products."
Qwen2.5-1.5B-Instruct_K3,86,7223,2.1771881580352783,19,-0.16303250193595886,0.0417330376803875,"[-0.15819890354214294, -0.07801933117192866, -0.031483451937674545]","[0.032711956710912954, 0.02128824501293916, 0.0032691873151945495]",none,0,"Additionally, there have been reports of customers being turned away early, even on busy weekend nights."
Qwen2.5-1.5B-Instruct_K3,86,7223,1.1146076917648315,23,-0.04888609051704407,0.0865791067481041,"[0.06514426620687237, -0.0227557050602627, -0.011010766189745324]","[0.09938919757812824, 0.0007733789021566064, 0.0003644498758109441]",conflict,1,"Overall, Fox Wine has received an average rating of 2.5 stars out of 5 based on customer reviews."
Qwen2.5-1.5B-Instruct_K3,87,900,1.5688358545303345,47,1.5620534420013428,0.3009168207645416,"[1.314884931135779, -0.05076162209932474, -0.0064691206801960124]","[0.24188622689221217, 0.01053177154341377, 0.015819436102050378]",baseless,1,"The new trailer for the upcoming ""Fantastic Four"" film shows a different origin story for the superhero quartet: Sue and Johnny Storm's father is responsible for the project that gives them their powers, which they acquire in another dimension."
Qwen2.5-1.5B-Instruct_K3,87,900,0.8900768756866455,19,0.9572756886482239,0.17041024565696716,"[1.0934200399604284, -0.018605065622020783, -0.06330773112897173]","[0.16913218669421776, 0.00202125233520172, 0.004300636197625276]",none,0,"The film, releasing August 7, features Miles Teller, Kate Mara, Michael B."
Qwen2.5-1.5B-Instruct_K3,87,900,0.9949844479560852,6,0.07496198266744614,0.18514232337474823,"[-0.07138325149814288, 0.02663181709552494, 0.03311231893409664]","[0.18388442664096752, 0.007792619300441099, 0.01853216342669839]",none,0,"Jordan, and Jamie Bell."
Qwen2.5-1.5B-Instruct_K3,87,900,1.429486870765686,10,1.004553198814392,0.22767281532287598,"[1.0355241912882776, 0.07736451077071252, -0.029957619609194807]","[0.1990550989517942, 0.008901483141721655, 0.006169354118492265]",none,0,The trailer also offers the first look at Dr.
Qwen2.5-1.5B-Instruct_K3,88,4291,0.9974591732025146,24,2.514284372329712,0.2800378203392029,"[-0.042015845460506775, 1.1769216390597041, -0.00897363010638704]","[0.02501073721271041, 0.11259320895874225, 0.00719950489049855]",none,0,"Meghan McCain, former co-host of The View, has revealed that she misses the wardrobe crew from the show."
Qwen2.5-1.5B-Instruct_K3,88,4291,0.8794963359832764,25,1.396201729774475,0.1590038537979126,"[0.07001511915819719, 1.3941988174337894, 0.04641073248872999]","[0.012088389130958603, 0.15236098356253933, 0.006916606743307057]",none,0,"In an interview, she clarified that she doesn't watch The View at all but appreciates the kindness of the wardrobe crew."
Qwen2.5-1.5B-Instruct_K3,88,4291,1.054680347442627,11,2.696033477783203,0.27924636006355286,"[0.2674978674304756, 1.3724227190991356, 0.1834811445071616]","[0.04040582899258218, 0.12706783349329437, 0.014645467316520146]",none,0,This contradicts her previous statements about television being superficial.
Qwen2.5-1.5B-Instruct_K3,88,4291,0.6280754804611206,28,2.0267727375030518,0.29337790608406067,"[1.9950856628711335, 0.10607662281940325, 0.12836486551870102]","[0.25529356132028624, 0.017254727505319676, 0.015344853460068262]",none,0,"Meghan has been promoting her new podcast, Meghan McCain Has Entered the Chat, which is set to premiere in October 2023."
Qwen2.5-1.5B-Instruct_K3,88,4291,0.7930877804756165,27,1.4127135276794434,0.15788036584854126,"[0.053849485218085684, 0.3930086725093942, 0.46047114855247384]","[0.008048606462440207, 0.04653289491694455, 0.08896862457836179]",none,0,"There seems to be animosity between Meghan and her former co-hosts, with Meghan making negative remarks about her time on the show."
Qwen2.5-1.5B-Instruct_K3,88,4291,1.0469144582748413,28,0.8130964636802673,0.24745048582553864,"[0.0910292910330749, -0.002351790845425837, 0.9894955928975833]","[0.006671361740387738, 0.02295064473463526, 0.13495694152684987]",baseless,1,"Sunny Hostin, another co-host, suggested that Meghan would be a good fit for the Bravo show The Real Housewives of Potomac."
Qwen2.5-1.5B-Instruct_K3,89,8846,0.7452723979949951,25,2.1014609336853027,0.26510581374168396,"[1.6975663704425097, 0.0030582755111208827, -0.044507976273398524]","[0.21335877399658784, 0.00044575893894943875, 0.002183457005388618]",none,0,"Trattoria Vittoria is an Italian restaurant located at 30 E Victoria St in Santa Barbara, California."
Qwen2.5-1.5B-Instruct_K3,89,8846,0.9207068681716919,32,0.40317678451538086,0.06846442818641663,"[0.4356218703032937, -0.03008234015578637, -0.027105155793833546]","[0.06793248321628198, 0.0014430774814968572, 0.0018409522617730545]",none,0,"They are open from Tuesday to Sunday, with operating hours varying from 7 pm to 10 pm on weekdays and until 10 pm on weekends."
Qwen2.5-1.5B-Instruct_K3,89,8846,1.099017858505249,10,1.227150559425354,0.11544463783502579,"[1.2546903014183044, -0.025019999872893096, -0.014411715231835842]","[0.1041627843864262, 0.0013495011429768057, 0.0024528075417038055]",baseless,1,The restaurant offers outdoor seating and takeout services.
Qwen2.5-1.5B-Instruct_K3,89,8846,2.015568971633911,7,0.5787432789802551,0.1687774956226349,"[0.9348372135843549, -0.04388569614716938, -0.08882408376250948]","[0.14232729162488664, 0.0017382363938460393, 0.0022070649678685834]",none,0,They also accept reservations for groups.
Qwen2.5-1.5B-Instruct_K3,89,8846,1.035873532295227,22,0.16345490515232086,0.05274943262338638,"[0.12187724964459531, 0.02996919780503049, 0.0038362088001907646]","[0.035783015319192396, 0.0012914924861888721, 0.00241685882712323]",none,0,Trattoria Vittoria has a rating of 4 stars on Google and has received several positive reviews.
Qwen2.5-1.5B-Instruct_K3,89,8846,1.2496293783187866,20,0.036241643130779266,0.1391156017780304,"[0.5107501894235611, 0.017885699309408663, 0.03443124364130199]","[0.17297940229764208, 0.004135844443953829, 0.006963120072759921]",none,0,One customer praised the restaurant for their delicious homemade pasta dishes and the friendly service provided by the staff.
Qwen2.5-1.5B-Instruct_K3,89,8846,1.585011601448059,26,0.4370195269584656,0.12491677701473236,"[-0.004307046084879682, 0.677968121975517, -0.13903839918426597]","[0.021257746448659767, 0.06739389884191602, 0.0701043158847964]",none,0,"Another customer enjoyed their meal and the atmosphere at the restaurant, while another appreciated the early dinner option and the opportunity to make reservations."
Qwen2.5-1.5B-Instruct_K3,89,8846,0.39580732583999634,20,0.09535785019397736,0.014204862527549267,"[0.08455599327107848, 0.014920540977573182, -0.02430761072773748]","[0.010575071515575019, 0.00038551612703514594, 0.0011137286450427553]",none,0,"Overall, Trattoria Vittoria seems to be a popular choice for Italian cuisine in Santa Barbara."
Qwen2.5-1.5B-Instruct_K3,90,5583,0.9827131628990173,28,2.143739700317383,0.20416884124279022,"[1.3845889797874926, 0.04476055845537173, 0.08120079472376217]","[0.1691153428930972, 0.0026040930010172553, 0.013632321990810072]",baseless,1,"Chicken in a Barrel BBQ-Goleta is a popular restaurant located in Goleta, California, known for its delicious Hawaiian-style barbecue."
Qwen2.5-1.5B-Instruct_K3,90,5583,1.3086624145507812,21,0.6461432576179504,0.11064445227384567,"[0.6508875532031414, 0.01570318700812225, -0.04829172202430311]","[0.10255383317624885, 0.021736135783130738, 0.0037185496424908273]",none,0,"With a rating of 4.0 stars, the business offers a cozy atmosphere and excellent customer service."
Qwen2.5-1.5B-Instruct_K3,90,5583,1.3276233673095703,78,0.3627355396747589,0.12967053055763245,"[0.3108355524693765, 0.15587839094530118, -0.025364117119212236]","[0.07951359446090067, 0.04970473275925221, 0.0036348126384673843]",none,0,"According to reviews, the food is exceptional, particularly the meat, which is described as ""delicious,"" ""flavorful,"" and ""perfectly crispy."" Customers have also praised the variety of sides available, including onion rings that are ""amazingly crispy."" While some have noted that the restaurant can be expensive, many consider it worth the cost for the high quality of the food."
Qwen2.5-1.5B-Instruct_K3,90,5583,1.283689022064209,24,1.1896506547927856,0.12933512032032013,"[-0.008800152576441178, 1.3914439403628382, 0.005311257363833495]","[0.036825026011205374, 0.1199340961969521, 0.005170747675009579]",none,0,"Additionally, the business has a loyal customer base, with repeat customers traveling from nearby locations such as Kauai and Tahoe."
Qwen2.5-1.5B-Instruct_K3,91,6634,6.747506618499756,3,-0.2880014479160309,0.29522666335105896,"[-0.9377190272013346, -0.2329715887705485, 0.3504810730616252]","[0.06194650505979856, 0.004534888226771727, 0.005260306526906788]",none,0,Sure!
Qwen2.5-1.5B-Instruct_K3,91,6634,0.7095745205879211,51,1.0400875806808472,0.1451796144247055,"[1.007599250455849, -0.02349975500796928, -0.0014855928592686384]","[0.1335863768614222, 0.00201464406286733, 0.003822773543775475]",none,0,"Here's an objective overview of Rasta Taco Catering based on the provided structured data in JSON format:

Rasta Taco Catering is a local business located in Carpinteria, California that offers catering services, restaurant services, and event planning and services."
Qwen2.5-1.5B-Instruct_K3,91,6634,0.8065287470817566,20,0.502821683883667,0.10620232671499252,"[0.6599512556105764, -0.008500491457380122, 0.0010728450792157674]","[0.11688391438815415, 0.0008770869286607308, 0.0007612881782236514]",none,0,They specialize in Mexican cuisine and have a rating of 4.0 stars based on customer reviews.
Qwen2.5-1.5B-Instruct_K3,91,6634,0.7961999773979187,31,0.18498709797859192,0.07973187416791916,"[0.19975312221269573, -0.02344338065309022, 0.004389185796166965]","[0.07846632839420871, 0.0010098321082780111, 0.0011537212408146871]",none,0,"Their hours of operation are from 8am to 5pm, Monday through Friday, and 9am to 2pm on Saturday and Sunday."
Qwen2.5-1.5B-Instruct_K3,91,6634,1.1842951774597168,19,1.093839168548584,0.2092137187719345,"[1.1017254586086462, -0.04044827244797489, 0.009830483026713696]","[0.2114834143584104, 0.0036645609618397813, 0.0011851232346352365]",baseless,1,"They offer outdoor seating and WiFi, but do not take reservations or offer takeout or delivery services."
Qwen2.5-1.5B-Instruct_K3,91,6634,1.1233630180358887,29,0.8376780152320862,0.1439889371395111,"[0.8509912143480475, 0.16376021388011927, -0.10422134389152453]","[0.09842620386170266, 0.043096251224436194, 0.006805766799847538]",none,0,"Customer reviews praise Rasta Taco Catering for their delicious margaritas and fun atmosphere, particularly their cucumber jalapeno margarita."
Qwen2.5-1.5B-Instruct_K3,91,6634,1.0284743309020996,16,1.2066917419433594,0.1393968164920807,"[0.3790793541702442, 0.5022286288585747, -0.09646806438831845]","[0.06476798948278883, 0.03017630435670071, 0.031643496514732306]",none,0,Reviewers also commend the friendly and helpful service provided by Mario and his crew.
Qwen2.5-1.5B-Instruct_K3,91,6634,1.3299897909164429,18,1.4588274955749512,0.25957557559013367,"[0.4546701318532642, -0.1321547054087407, 0.6011466547505633]","[0.07363736236260997, 0.014726361491916072, 0.08928395920171776]",none,0,One reviewer even mentions that they would use the margarita truck again for future events.
Qwen2.5-1.5B-Instruct_K3,91,6634,1.4939385652542114,13,0.2066068947315216,0.17655788362026215,"[0.32766085461928296, -0.0730808931761063, 0.0614236261552343]","[0.07813269544679385, 0.08294810087849888, 0.04958503945873907]",none,0,"Another reviewer notes that the business is great for groups and events, and that the bartender, Mario, is charismatic and intuitive."
Qwen2.5-1.5B-Instruct_K3,92,8463,1.2953262329101562,26,1.2734253406524658,0.17163532972335815,"[1.207230114378035, 0.00044729485510358174, 0.00465329570670292]","[0.1441265944069108, 0.002159897771878587, 0.002661705053557083]",none,0,"Rosales Mexican Restaurant is a highly rated local establishment in Santa Barbara, California, offering authentic Mexican cuisine in a cozy atmosphere."
Qwen2.5-1.5B-Instruct_K3,92,8463,0.7556674480438232,25,0.21151264011859894,0.061726707965135574,"[0.2222911603708053, 0.006741275572858285, 0.005845929772476666]","[0.05146855397164472, 0.002014615815223806, 0.001309845325358765]",none,0,"With an average rating of 4.5 stars, the restaurant is known for its exceptional service and delectable dishes."
Qwen2.5-1.5B-Instruct_K3,92,8463,1.2839902639389038,24,0.6977728009223938,0.09945710748434067,"[0.7150415294903117, 0.025726242805831134, 0.02405957627343014]","[0.11623690662072288, 0.0047070776374530015, 0.002120042370857315]",none,0,"Customers rave about the amazing authenticity of the food, with one reviewer stating it as a ""must-try"" experience."
Qwen2.5-1.5B-Instruct_K3,92,8463,1.2546038627624512,30,0.4912194013595581,0.11691025644540787,"[0.43034518545005085, 0.059128722953740484, 0.019993317057757545]","[0.08771573750844179, 0.008085707032502871, 0.0015308712696613233]",none,0,"The menu includes a variety of options such as Mexican, seafood, breakfast, and brunch dishes, including tacos, enchiladas, and burritos."
Qwen2.5-1.5B-Instruct_K3,92,8463,1.3286904096603394,22,0.6807088851928711,0.06743871420621872,"[0.8059272923644378, 0.024327066439912993, 0.0135158225602936]","[0.06750194050552884, 0.0036470163764347903, 0.0038783199150884684]",conflict,1,"The restaurant offers outdoor seating, but no Wi-Fi, making it a great spot for a casual dining experience."
Qwen2.5-1.5B-Instruct_K3,92,8463,1.2174361944198608,33,0.12220314890146255,0.04181748628616333,"[0.013222474396660331, 0.26543725284775826, 0.0063202431968706506]","[0.011004626651897248, 0.03381025743675913, 0.003222703441891919]",none,0,"While some customers have suggested that the portion sizes could be improved, overall, Rosales Mexican Restaurant is a gem in the area, offering a unique and enjoyable dining experience."
Qwen2.5-1.5B-Instruct_K3,93,3458,0.9044261574745178,28,2.343109607696533,0.28579995036125183,"[1.9567832098941185, 0.10154974386591675, 0.1213051226332027]","[0.23467986327471277, 0.007447798210051815, 0.007896833955442162]",none,0,"Prince William is reportedly outraged over Prince Harry's association with Netflix, which he accuses of ""ruthlessly exploiting"" the Royal Family."
Qwen2.5-1.5B-Instruct_K3,93,3458,0.5690187811851501,26,1.4381788969039917,0.23470623791217804,"[1.3622217586246104, 0.20395298119015373, 0.06826538616139889]","[0.21821409605147962, 0.011763628493519298, 0.0042119341062341565]",none,0,"Tensions between the brothers have been exacerbated by the upcoming release of the final season of The Crown, which depicts sensitive royal events."
Qwen2.5-1.5B-Instruct_K3,93,3458,0.43266814947128296,56,1.8673866987228394,0.26506370306015015,"[0.1732359618974572, 1.7283460623376803, -0.014699371362764526]","[0.041671077316264515, 0.22972966113801313, 0.016048913526751512]",baseless,1,"William finds the repeated exploitation of his mother's memory by Netflix ""incredibly hurtful."" Prince Harry and his wife Meghan Markle have been forging their own path in the entertainment industry since their departure from the Royal Family, with lucrative deals including a Netflix documentary about their relationship."
Qwen2.5-1.5B-Instruct_K3,93,3458,0.44283682107925415,19,2.652696132659912,0.2941684424877167,"[0.07707453756689263, 2.6481250136275776, -0.02207042629622959]","[0.014753657702501238, 0.2801186299705143, 0.052857758133954075]",none,0,"Their recent project, Heart of Invictus, follows competitors in the Invictus Games."
Qwen2.5-1.5B-Instruct_K3,93,3458,0.33887824416160583,25,1.6940749883651733,0.311784029006958,"[0.07718182723758218, 0.17419476576866144, 2.027926207028795]","[0.018539733285756484, 0.039320811292554936, 0.3225197992872563]",none,0,"The Crown's final season covers events up until 2005, meaning Harry and Meghan's relationship will not be depicted."
Qwen2.5-1.5B-Instruct_K3,94,4787,1.5627979040145874,28,1.0903419256210327,0.21553348004817963,"[1.1165895334041644, 0.014829865877150692, -0.025175870957485]","[0.1733006988726434, 0.001931788344774889, 0.005048117465906087]",none,0,"Located in the heart of Santa Barbara, Corner Tap Room is a popular gathering spot that offers a diverse selection of delicious food and drinks."
Qwen2.5-1.5B-Instruct_K3,94,4787,0.8933853507041931,23,0.10697441548109055,0.0752677395939827,"[0.21693618023678224, 0.0033790628434001956, 0.030445779168550634]","[0.0738808528907928, 0.008283538912441263, 0.0022384215201377037]",baseless,1,"With its cozy atmosphere and friendly staff, this establishment is perfect for a night out with friends or a romantic evening."
Qwen2.5-1.5B-Instruct_K3,94,4787,1.281510591506958,25,1.0586247444152832,0.1585816890001297,"[1.0712966903402867, -0.0679245168025409, 0.009246813031495549]","[0.13744754282118607, 0.00549260073378143, 0.031186682061114725]",none,0,"The menu features a variety of mouth-watering options, including their famous Teriyaki Sliders and tasty flatbreads."
Qwen2.5-1.5B-Instruct_K3,94,4787,1.2563679218292236,29,0.0733177587389946,0.08826398104429245,"[0.15666931591815605, -0.0879639115441462, 0.006796777497270498]","[0.07984269646501695, 0.044383168164570413, 0.0034207387020458177]",none,0,"Beer enthusiasts will appreciate the extensive selection of craft beers available, while those looking for a lighter option can enjoy a refreshing cocktail or glass of wine."
Qwen2.5-1.5B-Instruct_K3,94,4787,1.5407869815826416,17,-0.07057517766952515,0.01566437818109989,"[-0.15849984513924403, 0.007694716976188561, -0.0045612944180474565]","[0.01232928808509742, 0.0006846795151753159, 0.0005023492370074725]",none,0,"Outdoor seating is also available, providing the perfect spot to relax and enjoy the surrounding scenery."
Qwen2.5-1.5B-Instruct_K3,94,4787,1.2214020490646362,25,0.23890967667102814,0.04999905079603195,"[0.054692908674478534, 0.01978844669647515, 0.002984485891647637]","[0.0509365150652593, 0.020629836923326365, 0.0023847788116836454]",none,0,"Corner Tap Room is well-known for its exceptional service, with friendly and attentive staff always ready to assist with any need."
Qwen2.5-1.5B-Instruct_K3,94,4787,1.3348618745803833,18,0.43091726303100586,0.02943873405456543,"[0.3063577187745573, 0.05633553207250467, 0.05918741470183401]","[0.02712104030696436, 0.0026537277842635376, 0.0011079595490931145]",none,0,"The atmosphere is inviting and welcoming, making it an excellent choice for groups or special occasions."
Qwen2.5-1.5B-Instruct_K3,94,4787,0.48387718200683594,25,0.16512443125247955,0.03164072334766388,"[0.10791965735123085, 0.04084213903312048, 0.04520161284577626]","[0.015813434454648813, 0.012677279903887211, 0.0039810201217483155]",none,0,"While the prices may be a bit steep for some, the quality of the food and drinks more than makes up for it."
Qwen2.5-1.5B-Instruct_K3,94,4787,0.3625571131706238,10,0.014483707025647163,0.003420701716095209,"[0.01753462870619842, -0.014867027518812392, 0.008295130136866646]","[0.004052366152427567, 0.0004383341574680344, 0.0004264283427346527]",none,0,"Overall, Corner Tap Room is an excellent choice for anyone looking for a great dining experience in Santa Barbara."
Qwen2.5-1.5B-Instruct_K3,95,275,1.0078307390213013,60,1.2784961462020874,0.1816904991865158,"[0.4276607879192852, 0.3476446216226426, 0.0304640933835041]","[0.0821480959191869, 0.04558003467539038, 0.0035816894369920266]",baseless,1,"Jon Cryer reprised his iconic dance scene from the 1986 film ""Pretty in Pink"" on ""The Late Late Show with James Corden,"" dancing to Otis Redding's ""Try a Little Tenderness"" alongside Corden, fulfilling a childhood dream for the host."
Qwen2.5-1.5B-Instruct_K3,96,8876,1.4661482572555542,16,2.2408676147460938,0.26061367988586426,"[2.094404198229313, 0.027984656916487438, -0.015532188949691772]","[0.23829800775274634, 0.0012828654021461716, 0.0033585687328070435]",none,0,"Frog Bar & Grill is a restaurant located in Santa Barbara, California."
Qwen2.5-1.5B-Instruct_K3,96,8876,1.0035037994384766,17,1.9586893320083618,0.185123473405838,"[2.3889489130062214, -0.0032291377291959874, -0.0085313898675582]","[0.1996966551112778, 0.0021239168535805006, 0.00201477668751442]",none,0,It offers American (Traditional) cuisine and is classified as a nightlife and bar establishment.
Qwen2.5-1.5B-Instruct_K3,96,8876,0.8012393712997437,30,0.6874448657035828,0.12222228944301605,"[0.7902668938986608, -0.016096252349719484, -0.013587240603616617]","[0.127720260766849, 0.0014604078227345477, 0.0012189297439438936]",none,0,The restaurant is open Monday through Friday from 11:30 AM to 2:00 PM and does not offer Wi-Fi services.
Qwen2.5-1.5B-Instruct_K3,96,8876,1.5631604194641113,11,0.5241349339485168,0.14769530296325684,"[0.39280983399261127, 0.005637960508465767, -0.08375945932824504]","[0.14441128430718725, 0.009621026023523882, 0.003927790840283375]",none,0,The restaurant provides outdoor seating and allows takeout orders.
Qwen2.5-1.5B-Instruct_K3,96,8876,1.973873496055603,19,0.44978976249694824,0.13232488930225372,"[0.5094938730134776, 0.029402799071057847, -0.0421030684129188]","[0.13266313845585836, 0.0031159978860064016, 0.0039415738243214465]",baseless,1,The restaurant also takes reservations for parties of any size and offers ambient lighting with a casual atmosphere.
Qwen2.5-1.5B-Instruct_K3,96,8876,0.906745433807373,17,0.4252000153064728,0.11515751481056213,"[0.37268889531054916, -0.018730737214141032, -0.04733118927106261]","[0.10487471011412494, 0.0036183786157968877, 0.0029928602116476265]",none,0,The restaurant has a rating of 4.0 stars and has received several reviews.
Qwen2.5-1.5B-Instruct_K3,96,8876,0.8550518155097961,22,1.8964561223983765,0.25500723719596863,"[2.1272266549481587, -0.013125434380278668, 0.018782459540737116]","[0.24490428303199058, 0.02937187450345391, 0.003522780660370534]",none,0,One customer appreciated the beautiful patio with views of the golf course and the delicious food served during the Thanksgiving buffet.
Qwen2.5-1.5B-Instruct_K3,96,8876,1.5317928791046143,26,0.18096040189266205,0.10862423479557037,"[0.30098403859525347, 0.06204908385160916, -0.055875379949261866]","[0.08116233553048985, 0.03470409484748416, 0.012994411820189865]",none,0,"Another customer noted that while the food was great, the service could have been faster due to the number of people in their party."
Qwen2.5-1.5B-Instruct_K3,96,8876,0.9229727387428284,32,1.5057729482650757,0.18766745924949646,"[0.06966074487064589, 2.019301847883071, 0.11651543359255356]","[0.029914472186373775, 0.18269037893355744, 0.01754661090298626]",none,0,"A third customer expressed disappointment that the kitchen was closed when they arrived and instead ordered wings, which they found to be baked or microwaved rather than fried."
Qwen2.5-1.5B-Instruct_K3,96,8876,0.7929903268814087,10,1.457004189491272,0.1507759839296341,"[0.07140097357332706, -0.021550331637263297, 1.7385734979063272]","[0.0561679108068347, 0.010532069689361379, 0.16944301249459387]",none,0,"Despite this, the customer noted that the scenery was nice, and they would return to try the flat iron steak."
Qwen2.5-1.5B-Instruct_K3,97,5967,1.428228735923767,25,2.052367925643921,0.25954121351242065,"[1.4611918346956372, 0.02426039836718701, 0.05634770240576472]","[0.17554789426736533, 0.0011527094069060694, 0.0019712020910606044]",none,0,"Tyger Tyger is a highly-rated restaurant located in Santa Barbara, California, serving a fusion of Asian cuisines."
Qwen2.5-1.5B-Instruct_K3,97,5967,1.107199788093567,35,0.6623519659042358,0.10923930257558823,"[0.44975168688189504, 0.0419373705097574, 0.05298162975585521]","[0.0706885943790959, 0.002457156022605237, 0.0027967349126161675]",baseless,1,"According to the provided structured data, the restaurant has a total rating of 4.0 stars and is known for its outdoor seating, WiFi availability, and takeout options."
Qwen2.5-1.5B-Instruct_K3,97,5967,1.305785894393921,16,0.15348877012729645,0.06279879808425903,"[0.5492546856985427, 0.08619121584342793, 0.03134322533151135]","[0.08829930672072805, 0.006986834548115439, 0.0030630464207206387]",none,0,"Customers have praised the restaurant's excellent service, delicious food, and trendy atmosphere."
Qwen2.5-1.5B-Instruct_K3,97,5967,0.9290421009063721,22,1.459326148033142,0.18809327483177185,"[1.331318021810148, 0.005879745688761514, 0.03124108632353413]","[0.1431066595435947, 0.007470024855223301, 0.0058281219014562876]",none,0,"Reviewers have particularly enjoyed the Khao Soi and Fried Chicken Sandwich, which offer unique and flavorful options."
Qwen2.5-1.5B-Instruct_K3,97,5967,1.2409474849700928,29,0.19014552235603333,0.06814700365066528,"[-0.02175943061793705, 0.4224607304127105, 0.03303955931036837]","[0.026200565377738995, 0.055379361668582205, 0.0025539055044962932]",conflict,1,"While some have noted that the ambiance can be hit or miss, the majority of customers have given positive feedback on their experiences at Tyger Tyger."
Qwen2.5-1.5B-Instruct_K3,98,7991,1.8946441411972046,24,1.0188130140304565,0.22273790836334229,"[0.7785156809903432, 0.017728656575400237, -0.04155570654408317]","[0.18237679273854232, 0.001063319000413306, 0.003203497440632456]",none,0,Giovanni's of Santa Barbara is a popular pizza and Italian cuisine restaurant located in the heart of Santa Barbara.
Qwen2.5-1.5B-Instruct_K3,98,7991,1.6578105688095093,32,0.21643826365470886,0.08071545511484146,"[0.29920562891186364, -0.050807001353973646, 0.004039562112780004]","[0.06308544496306467, 0.0015220229715922073, 0.0017485486941311024]",none,0,"With a 3.5-star rating and positive customer reviews, it's clear that this establishment knows how to deliver when it comes to delicious food and excellent service."
Qwen2.5-1.5B-Instruct_K3,98,7991,1.0091644525527954,28,0.48156842589378357,0.09734459966421127,"[0.4916404256824275, -0.018264180009022572, -0.002807972246695759]","[0.07832654472316644, 0.0010032641466019804, 0.001284139228955285]",none,0,"The menu offers a variety of options, including pizza, sandwiches, and salads, making it a great spot for both individuals and groups."
Qwen2.5-1.5B-Instruct_K3,98,7991,1.2302066087722778,27,0.7672763466835022,0.15904678404331207,"[0.5438194341528557, 0.07826726647915537, -0.03213098565531793]","[0.134204235599824, 0.010057095420702607, 0.0015717403354705715]",none,0,"Customers rave about the friendly and helpful staff, with one reviewer mentioning that they will ""definitely return next time"" they're in town."
Qwen2.5-1.5B-Instruct_K3,98,7991,1.0779694318771362,44,1.0194144248962402,0.12014269828796387,"[1.047205357717096, -0.05370102813272255, -0.0030332946086094703]","[0.10332350947440071, 0.019208995884149906, 0.0018058044163095392]",none,0,"One of the standout items on the menu is the Chicken Parm Sandwich, which has received high praise from a customer who grew up in New York and has been searching for a decent version of this dish in Santa Barbara."
Qwen2.5-1.5B-Instruct_K3,98,7991,1.2467339038848877,11,1.4524388313293457,0.2576809227466583,"[0.23691886561838063, 0.5847135255409573, 1.968877682631666]","[0.03985537621404298, 0.07912843637380072, 0.2082512808794325]",none,0,Another reviewer enjoyed the generous portions and homemade Italian salad dressing.
Qwen2.5-1.5B-Instruct_K3,98,7991,1.1236356496810913,16,0.13991679251194,0.08049613237380981,"[0.24352076026661962, 0.03958957347822434, 0.010242454714898486]","[0.0745835466796052, 0.008339318028518505, 0.003106017826411289]",conflict,1,"The atmosphere is casual and welcoming, with both indoor and outdoor seating available."
Qwen2.5-1.5B-Instruct_K3,98,7991,2.1990203857421875,16,1.0932238101959229,0.11869418621063232,"[1.3023128255590564, -0.11082636445962635, 0.025392361864305713]","[0.10313498833784251, 0.006342945443105208, 0.002874770272022431]",none,0,"While there's no valet or validated parking, street parking is readily available."
Qwen2.5-1.5B-Instruct_K3,99,6504,3.616638422012329,3,4.640650272369385,0.36524078249931335,"[0.3520083883777261, 0.11033815428769837, -0.3337850008004655]","[0.019991250000506017, 0.004081332989547566, 0.004067628894214674]",none,0,Mr.
Qwen2.5-1.5B-Instruct_K3,99,6504,0.5210436582565308,32,2.4025046825408936,0.33611515164375305,"[2.0361514605920092, -0.01670556084400232, 0.021164805544685805]","[0.302513888806061, 0.0016101237326857643, 0.0012706074384194466]",none,0,"Pickle's Sandwich Shop, located at 6545 Pardall Rd., Isla Vista, CA, is categorized under Restaurants and Sandwiches."
Qwen2.5-1.5B-Instruct_K3,99,6504,0.8331504464149475,12,0.6298781037330627,0.1448855698108673,"[0.4699964085981871, -0.018387166566147545, -0.018703322641764924]","[0.1295839114463888, 0.0022407071988273706, 0.0015170596546122777]",none,0,It has an average star rating of 4.5.
Qwen2.5-1.5B-Instruct_K3,99,6504,1.279088020324707,34,1.5021882057189941,0.19633346796035767,"[1.6584853812887825, -0.029431793515601278, -0.018080303567330702]","[0.19562420643299394, 0.007942446954344592, 0.003705913567069488]",conflict,1,"The shop is known for its take-out service, while other attributes such as business parking, reservations, outdoor seating, WiFi, music, and ambience are not specified."
Qwen2.5-1.5B-Instruct_K3,99,6504,2.5592923164367676,16,0.12998400628566742,0.10222978889942169,"[0.03942103311419487, 0.709488786291331, -0.09988202294334769]","[0.0549038004828617, 0.07565309373603668, 0.008119164420349989]",none,0,The shop has received high customer review ratings for its delicious sandwiches and large portions.
Qwen2.5-1.5B-Instruct_K3,99,6504,1.3954827785491943,10,1.0667445659637451,0.15152607858181,"[0.8884937040274963, -0.09247450223774649, -0.047685445852403065]","[0.1404972072050441, 0.010793893549998757, 0.011239211655811232]",none,0,Special mention is made to the distinct 'Mr.
Qwen2.5-1.5B-Instruct_K3,99,6504,2.0218777656555176,9,2.4312350749969482,0.18863774836063385,"[1.2837073329008288, -0.3417751949487461, 0.12956386845972803]","[0.11929662698983318, 0.01883627349484919, 0.005777625914763323]",none,0,Pickles smell' that makes mouths water.
Qwen2.5-1.5B-Instruct_K3,99,6504,1.349095106124878,27,0.45161452889442444,0.15604858100414276,"[0.04239134278570957, -0.06363569092246946, 0.2973841459326515]","[0.02005511911233447, 0.009479963265928544, 0.07205948405478718]",none,0,"However, recent reviews indicate that the shop is now closed and has been replaced by a different sandwich shop, to the disappointment of many customers."
Qwen2.5-1.5B-Instruct_K3,100,1406,1.4520145654678345,24,1.1940032243728638,0.18610508739948273,"[1.346857136356751, 0.05234123326590634, 0.017261523630925996]","[0.17695215887457985, 0.0016838154305484447, 0.001204296768094082]",none,0,President Barack Obama will travel to Panama for a regional summit next month and may meet with Cuban leader Raul Castro.
Qwen2.5-1.5B-Instruct_K3,100,1406,1.643309235572815,28,0.8773704767227173,0.17147554457187653,"[0.903697024847913, -0.0260111223324202, 0.02148941104782612]","[0.16154864567111613, 0.0032798914546999314, 0.0028002314050874183]",none,0,"The meeting with Castro, however, is subject to Obama's efforts to end the freeze of Cuba, which has proven to be a challenge."
Qwen2.5-1.5B-Instruct_K3,100,1406,2.9653539657592773,13,-0.5224161744117737,0.1869981288909912,"[-0.4748094185040547, -0.08473364435709439, -0.03127163705917505]","[0.17749121596212858, 0.013931193694588728, 0.006757755929496712]",baseless,1,Obama will also soon announce his decision on the Keystone XL pipeline.
Qwen2.5-1.5B-Instruct_K3,100,1406,0.7932300567626953,30,1.6397570371627808,0.22500519454479218,"[0.2670805312227458, 1.3633613917782592, 0.03222920092715261]","[0.047791388533854236, 0.1640386361029717, 0.0018494661097975041]",none,0,"Meanwhile, Hillary Clinton will launch her presidential campaign and reintroduce herself to the public with a focus on her early years and work on children's issues."
Qwen2.5-1.5B-Instruct_K3,100,1406,1.1428111791610718,13,1.0930646657943726,0.2243846356868744,"[0.15581149579240725, 1.1296823397278786, 0.14692470708933586]","[0.030558568720992368, 0.20183455714812645, 0.018761089981126133]",none,0,She has hired a large and experienced staff to support her campaign.
Qwen2.5-1.5B-Instruct_K3,100,1406,1.709559679031372,27,1.207456111907959,0.17306797206401825,"[-0.02060575706774317, -0.030311649299821712, 1.183174124985709]","[0.013983297337282001, 0.01145955924180776, 0.13458384061865486]",none,0,The corruption trial of Senator Robert Menendez of New Jersey highlights concerns about campaign finance laws and the involvement of politicians with super PACs.
Qwen2.5-1.5B-Instruct_K3,100,1406,2.511181592941284,30,-0.0115725789219141,0.01962236315011978,"[0.011126939271343872, 0.012194171763258054, -0.004844765188560511]","[0.012836349746551907, 0.005323412882232029, 0.006421529886029021]",none,0,"Other Republicans, including Ted Cruz, Rand Paul and Marco Rubio, have officially announced their presidential candidacies and are facing pressure to choose sides among potential supporters."
Qwen2.5-1.5B-Instruct_K3,101,6412,6.441028594970703,3,0.009847164154052734,0.27485910058021545,"[-0.2237666646639506, 0.09947150945663452, -0.2340767780939738]","[0.05094884584347407, 0.0043053951909920824, 0.013054249497751394]",none,0,Sure!
Qwen2.5-1.5B-Instruct_K3,101,6412,0.4195108711719513,36,1.2678700685501099,0.13750824332237244,"[1.3412056436698347, -0.010303793421636934, -0.0021000015393105465]","[0.13720705227529745, 0.0009690230948062132, 0.0010144363972509989]",none,0,"Here's an objective overview of Palmieri's Cocktail Lounge based on the provided structured data:

Palmieri's Cocktail Lounge is a popular dive bar located in Santa Barbara, CA."
Qwen2.5-1.5B-Instruct_K3,101,6412,0.9733894467353821,35,0.5748078227043152,0.1106363907456398,"[0.637961694385636, 0.07598545800719876, -0.01062917602435586]","[0.07859090768953528, 0.016161888065939982, 0.0032565143632349905]",none,0,"With a rating of 4.5 stars out of 5, this bar offers a classic dive bar experience with friendly bartenders, welcoming patrons, and a lively atmosphere."
Qwen2.5-1.5B-Instruct_K3,101,6412,1.6460022926330566,19,0.46469277143478394,0.1503036767244339,"[0.29237202913355087, 0.02743658826644653, 0.010576409279445599]","[0.05234599967703066, 0.05220354615802386, 0.018094691205973096]",baseless,1,"The bar features a pool table, jukebox, and a small menu of pub grub."
Qwen2.5-1.5B-Instruct_K3,101,6412,1.7691518068313599,16,0.6249276399612427,0.08204138278961182,"[0.926146709056411, -0.1904761518662781, -0.03428573749806674]","[0.07884760589081452, 0.01712344609148886, 0.001974783097480781]",none,0,"The bathrooms may be a bit rough around the edges, but they are satisfactory."
Qwen2.5-1.5B-Instruct_K3,101,6412,1.3575395345687866,15,0.5992836356163025,0.15113280713558197,"[0.7582964840034644, 0.047879869925479095, 0.05445196268459161]","[0.1307438971241936, 0.026855438327280958, 0.004458152495984299]",conflict,1,"The ambiance is casual and laid-back, with a romantic and intimate vibe."
Qwen2.5-1.5B-Instruct_K3,101,6412,1.4597257375717163,23,0.4640665352344513,0.08169997483491898,"[0.13293210437278385, 0.09270103987427833, 0.057724774200165564]","[0.02230316803340192, 0.037360698742921146, 0.0052062321893194385]",none,0,The reviews suggest that this bar is a great spot for locals and those looking for a no-frills drinking experience.
Qwen2.5-1.5B-Instruct_K3,101,6412,1.1907576322555542,38,0.2569310665130615,0.07255363464355469,"[0.20259264866715393, -0.009237773698056404, 0.015119606831951004]","[0.038636825495341566, 0.016312620639700532, 0.0024490879441071015]",none,0,"One reviewer even described it as ""dive bar heaven."" Overall, Palmieri's Cocktail Lounge seems like a great spot to grab a drink and socialize with friendly folks in a relaxed setting."
Qwen2.5-1.5B-Instruct_K3,102,8984,1.2021794319152832,24,2.3956029415130615,0.3076118230819702,"[1.3403835986197616, 0.016572317025141576, 0.005295921754016793]","[0.22911494475556538, 0.001857584624213852, 0.0035803345967574765]",none,0,"C'est Cheese is a specialty food store located at 827 Santa Barbara St in Santa Barbara, California."
Qwen2.5-1.5B-Instruct_K3,102,8984,1.0130431652069092,32,1.936969518661499,0.2049703598022461,"[2.035479515213865, -0.0023224341479419763, 0.03111277394785361]","[0.19305726302502535, 0.012137628410556545, 0.0018145391774488928]",none,0,"They offer a variety of products including cheese, cured meats, sandwiches, food, event planning & services, caterers, bars, nightlife, and outdoor seating."
Qwen2.5-1.5B-Instruct_K3,102,8984,1.9233759641647339,12,0.5616393685340881,0.0991566851735115,"[0.5910620174060265, -0.0392482813137273, -0.021621596689025562]","[0.11230345287670691, 0.0016744764555672493, 0.0010873516791131503]",none,0,They do not have parking facilities but street parking is available.
Qwen2.5-1.5B-Instruct_K3,102,8984,1.060111165046692,27,0.6265679597854614,0.1640099138021469,"[0.7014856290953941, 0.016696547445058565, 0.002744075520712175]","[0.16202148303448297, 0.0020804591320871557, 0.0007674508386083255]",conflict,1,The business hours are Monday from 9 AM to 7 PM and Saturday from 1 PM to 1:30 PM.
Qwen2.5-1.5B-Instruct_K3,102,8984,1.392509937286377,26,-0.06551387906074524,0.054796185344457626,"[-0.13082641625526145, 0.005126496382917349, 0.037897868278937846]","[0.027231531844546016, 0.008505771061104147, 0.00215693550657866]",none,0,"Based on the reviews, C'est Cheese appears to be highly regarded by customers for their extensive selection of cheese and cured meats."
Qwen2.5-1.5B-Instruct_K3,102,8984,1.6334106922149658,21,-0.1557731181383133,0.08309796452522278,"[0.028865131616060222, 0.053038755747755725, -0.0011651026850034083]","[0.06885175494521502, 0.021511082524046373, 0.0031689317747805035]",none,0,Customers have praised the knowledgeable staff who are happy to assist with finding the perfect pairing of cheese with wine.
Qwen2.5-1.5B-Instruct_K3,102,8984,1.2972713708877563,24,1.2431221008300781,0.18043221533298492,"[1.2997604197832213, -0.058709423071680554, 0.027757698135246756]","[0.13986776541120585, 0.013656054167360784, 0.0033533763933597527]",none,0,"In addition, customers appreciate the convenience of being able to order cheese boards for delivery to nearby locations such as wineries."
Qwen2.5-1.5B-Instruct_K3,102,8984,0.9189740419387817,32,1.3146461248397827,0.17929671704769135,"[-0.0009751043007781846, 1.5517041023679212, -0.013659166430215919]","[0.04397644648423693, 0.16411595974386728, 0.002278679383607596]",none,0,"Furthermore, the store offers a range of cheese-related items such as knives, glasses, and cutting boards, as well as other kitchen items like hand towels."
Qwen2.5-1.5B-Instruct_K3,103,2416,1.186442494392395,41,0.6002098321914673,0.10773135721683502,"[0.38277610700872794, -0.01639774708622476, 0.006919975176726173]","[0.06548558220319825, 0.0005503914847772316, 0.00045732543061071404]",none,0,"Here is a summary of the article in 200 words or less:

At least 3,218 people have died in Nepal after a powerful earthquake struck the country over the weekend."
Qwen2.5-1.5B-Instruct_K3,103,2416,0.6773098111152649,19,0.10985055565834045,0.07022885233163834,"[0.15968017484747657, 0.025656017424664338, 0.0053651607032454765]","[0.07064994286721278, 0.002204370430676088, 0.0007412671308022828]",none,0,The death toll is expected to rise as rescue teams continue to search for survivors in the rubble.
Qwen2.5-1.5B-Instruct_K3,103,2416,0.6833416223526001,32,0.10224615037441254,0.0345582440495491,"[0.08397467058898656, 0.027176986171241424, 0.017224665516380355]","[0.01875284576595959, 0.004143849998580862, 0.0011795027921337464]",none,0,"The earthquake, which had a magnitude of 7.8, destroyed buildings and infrastructure in the capital city of Kathmandu and other parts of the country."
Qwen2.5-1.5B-Instruct_K3,103,2416,1.654797911643982,15,0.7912629246711731,0.08065655827522278,"[0.04677241140058565, 0.2244791426693761, 0.39506613297868776]","[0.022169143020134167, 0.03960907562869049, 0.042221455060876184]",none,0,"Many residents are sleeping in open spaces, fearful of more aftershocks."
Qwen2.5-1.5B-Instruct_K3,103,2416,3.016242027282715,25,0.27384239435195923,0.043026749044656754,"[-0.012174126990139485, 0.05310976095497608, 0.12117516444995999]","[0.017935129145625978, 0.004175872565028839, 0.013686175471520982]",conflict,1,"The government has set up communal kitchens for cooking, but stores are shuttered and there are few sources of food and water."
Qwen2.5-1.5B-Instruct_K3,103,2416,1.093881607055664,16,0.09044764190912247,0.020337771624326706,"[0.105008048878517, -0.0057754801609917195, 0.021842772512172814]","[0.009595073698164924, 0.0011023900627691319, 0.0018144049867032663]",none,0,"The international community is providing aid, including search and rescue teams and relief supplies."
Qwen2.5-1.5B-Instruct_K3,103,2416,1.3310213088989258,18,0.02590629830956459,0.014788663946092129,"[-0.04557708733187206, 0.011428793127076156, 0.003456025863569165]","[0.00375933668032581, 0.0035981774308437606, 0.0009987937801080686]",none,0,"The earthquake has also triggered avalanches on Mount Everest, killing at least 17 people."
Qwen2.5-1.5B-Instruct_K3,104,5393,1.6560438871383667,19,2.336366653442383,0.279189795255661,"[1.933907060739952, -0.0320871052537864, 0.0381629646043094]","[0.2451068974293632, 0.006355392864670169, 0.0010800188724117202]",none,0,The Good Lion is a cocktail bar located in the heart of Santa Barbara's nightlife scene.
Qwen2.5-1.5B-Instruct_K3,104,5393,1.3427777290344238,27,0.11551925539970398,0.05602027475833893,"[0.1678543924667961, 0.004299838941800839, -0.06194972554078925]","[0.06981622037499248, 0.0023823947806670695, 0.0018949169144535619]",none,0,"With a 4.5-star rating and positive reviews, it's clear that this establishment knows how to serve up a great drink."
Qwen2.5-1.5B-Instruct_K3,104,5393,1.125975489616394,21,1.529330849647522,0.19163669645786285,"[-0.2392898400291978, 1.648273607449872, 0.06221913493105343]","[0.027983479706260066, 0.19193319591327704, 0.009428770827331132]",none,0,"The interior is dark and intimate, with upscale ornate wallpaper and decorative touches that create a sophisticated ambiance."
Qwen2.5-1.5B-Instruct_K3,104,5393,0.8001644611358643,36,2.282351016998291,0.2667959928512573,"[0.6667414031544721, 1.7057857700894803, 0.12271779774543272]","[0.08950548464984504, 0.1957977701549175, 0.018184078363224405]",none,0,"The bar offers a variety of creative cocktails that are both unique and delicious, such as the ""Love it when you call me big Papa"" and the ""Family Robinson"" drink."
Qwen2.5-1.5B-Instruct_K3,104,5393,1.2506072521209717,40,0.31779077649116516,0.06601400673389435,"[0.16354500507532066, -0.009744066291023045, 0.2479756535992692]","[0.023548295913587935, 0.009605918578290584, 0.036476568013284805]",none,0,"While the service can be slow during peak hours, the overall experience at The Good Lion is enjoyable, especially if you're looking for a spot to grab a well-crafted cocktail in a trendy setting."
Qwen2.5-1.5B-Instruct_K3,104,5393,1.3790825605392456,24,0.21245770156383514,0.06395736336708069,"[0.2671628976768261, 0.004969832124212796, -0.03609612657358715]","[0.05004999134477354, 0.01028446855408068, 0.014438800185483084]",conflict,1,"Outdoor seating is available, and the bar offers a casual, intimate atmosphere that's perfect for date night or small gatherings."
Qwen2.5-1.5B-Instruct_K3,104,5393,0.9522837400436401,15,-0.0076160551980137825,0.010593410581350327,"[-0.04725050273700617, 0.01799886552883739, 0.015114912929857383]","[0.002840814485542372, 0.001747579359895705, 0.0009057837711679894]",none,0,"If you're in the area, The Good Lion is certainly worth a visit."
Qwen2.5-1.5B-Instruct_K3,105,3206,1.0895423889160156,30,1.3064806461334229,0.23922185599803925,"[1.0935695834787718, -0.023197872796299635, -0.03469403122823375]","[0.18042500015217228, 0.004571780240591276, 0.009058287906903691]",none,0,Arizona Republican Blake Masters has announced that he is launching a 2024 campaign for Congress in the state's 8th Congressional District.
Qwen2.5-1.5B-Instruct_K3,105,3206,0.9014288783073425,26,0.7996148467063904,0.1970876306295395,"[0.7152284202999838, -0.06784711690121324, -0.035892250261475474]","[0.18766693526066985, 0.0024569690510034548, 0.0065166958188040795]",none,0,"The seat is being vacated by fellow Republican Debbie Lesko, who announced earlier this month that she would not seek re-election."
Qwen2.5-1.5B-Instruct_K3,105,3206,1.4160600900650024,39,1.5548899173736572,0.22880680859088898,"[0.39171793528135496, 1.3420013718483135, -0.03619765036278412]","[0.08719120914919096, 0.17850353147010678, 0.007366023740144392]",none,0,"This week, Masters announced on X (formerly Twitter) that he was running for Congress, citing Biden's failure and advocating for conservative positions such as building the wall and securing Arizona's water future."
Qwen2.5-1.5B-Instruct_K3,105,3206,1.3372089862823486,23,0.9429624080657959,0.1434403359889984,"[0.1376648896890085, 1.1785625857250441, -0.053864292772588036]","[0.04100055814205916, 0.12994726944231408, 0.02673220471518542]",conflict,1,"Other Republicans, including Kary Lake, are also running for the Senate seat once held by Kyrsten Sinema."
Qwen2.5-1.5B-Instruct_K3,106,6472,6.118746280670166,3,0.34075847268104553,0.23003502190113068,"[-0.45553741852442425, 0.11397498846054077, 0.6373902559280396]","[0.06369994084040324, 0.0024538601210224442, 0.01419403136242181]",none,0,Sure!
Qwen2.5-1.5B-Instruct_K3,106,6472,0.6195654273033142,71,1.8050119876861572,0.18315474689006805,"[1.7492441519065784, -0.000965883721593701, 0.008069413169739843]","[0.16513222439368586, 0.0006702537288348299, 0.001624345237949053]",none,0,"Here's an objective overview of Cantwells Summerland Market based on the provided structured data in JSON format:

Cantwells Summerland Market is a versatile local business in Summerland, California, offering a range of products and services including gas, delis, automotive, specialty food, restaurants, convenience stores, fruits & veggies, and health markets."
Qwen2.5-1.5B-Instruct_K3,106,6472,0.9413279294967651,33,0.4785943329334259,0.12776100635528564,"[0.3696163318947418, -0.04276465598294718, 0.004746279258280551]","[0.09482941408015738, 0.028691631749087388, 0.0020831914186453214]",none,0,"With an overall rating of 3.5 stars out of 5, customers have praised the business for its convenient location, friendly owner, and delicious food options."
Qwen2.5-1.5B-Instruct_K3,106,6472,1.811910629272461,12,-0.29430463910102844,0.09236430376768112,"[-0.06120531850892045, -0.04141763832539406, 0.09784429213645278]","[0.049225904146193024, 0.0020990832888022246, 0.002368969055538628]",none,0,"However, some reviewers have noted that the prices can be expensive."
Qwen2.5-1.5B-Instruct_K3,106,6472,1.585096001625061,24,0.43512168526649475,0.11298616975545883,"[0.5020755860944822, -0.038856469405952034, -0.07596873475328418]","[0.08777124769585498, 0.004280069793059245, 0.002289573887537699]",baseless,1,"According to customer reviews, the business offers outdoor seating and Wi-Fi, as well as takeout and delivery options."
Qwen2.5-1.5B-Instruct_K3,106,6472,1.4259551763534546,17,0.3750849962234497,0.1765558421611786,"[0.3202271602006958, -0.00975216759423561, -0.030260177274398944]","[0.14951041389448458, 0.006967629362193025, 0.002441929619314632]",conflict,1,"The ambiance is described as casual and welcoming, with no specific theme or atmosphere mentioned."
Qwen2.5-1.5B-Instruct_K3,106,6472,2.1426992416381836,22,0.9352846145629883,0.20594586431980133,"[0.9414228064600717, -0.08425131753425706, 0.006539494391869415]","[0.19077021730217067, 0.011116175076246938, 0.0022452496809406016]",conflict,1,"The business accepts reservations for dining, and reviewers have appreciated the owner's helpfulness in obtaining items from other locations."
Qwen2.5-1.5B-Instruct_K3,106,6472,1.4575549364089966,18,0.6352834105491638,0.10447494685649872,"[0.5892030197003604, -0.03458741985847761, -0.03818697427456325]","[0.06730651969184641, 0.00197358854688111, 0.0004998860424344621]",none,0,"Unfortunately, Cantwells Summerland Market appears to be closed according to one recent review, but previous reviews suggest that it was a popular destination for locals and visitors alike."
Qwen2.5-1.5B-Instruct_K3,107,4888,6.219635486602783,3,0.23986907303333282,0.28621718287467957,"[-0.5408050616582235, 0.16950937112172446, 0.5336879094441732]","[0.12226237876651187, 0.002177614466442416, 0.007114600506611168]",none,0,Sure!
Qwen2.5-1.5B-Instruct_K3,107,4888,0.8178306221961975,52,1.451766848564148,0.16577336192131042,"[0.9545209820134914, 0.010079492402837786, 0.011218230570648302]","[0.12695824344525766, 0.0002642524977563181, 0.0008754199051150653]",none,0,"Here is an objective overview of the local business ""Bree'osh"" based on the provided structured data in JSON format:

Bree'osh is a popular restaurant in Santa Barbara, California that serves French, coffee & tea, and breakfast & brunch cuisine."
Qwen2.5-1.5B-Instruct_K3,107,4888,1.1509813070297241,37,0.12051275372505188,0.05271633341908455,"[-0.008878040794484518, 0.07806122077729653, 0.01585695078530399]","[0.0517497835083034, 0.001399438607468501, 0.0029053905783070076]",baseless,1,"With an average rating of 4.5 stars and over 30 reviews, this bustling spot has established itself as a must-visit destination for foodies and brunch enthusiasts alike."
Qwen2.5-1.5B-Instruct_K3,107,4888,1.1119872331619263,31,0.04778248444199562,0.08271665871143341,"[-0.08497067655427541, 0.016280050597812637, 0.09282439471362816]","[0.057722714516900864, 0.006210067417729562, 0.002884297395353993]",baseless,1,"The menu features a variety of mouthwatering options, including croissants, omelets, and sandwiches, all made with fresh, high-quality ingredients."
Qwen2.5-1.5B-Instruct_K3,107,4888,1.2279729843139648,41,0.10273139923810959,0.13432733714580536,"[-0.0010934141104275857, 0.1762695703288578, 0.013640294322258812]","[0.07013945375445713, 0.040716176627341144, 0.006403773783858924]",none,0,"One of the standout dishes at Bree'osh is their signature Bree'osh Breakfast Sandwich, which features a juicy egg, crispy bacon, and creamy cheese on a delicious brioche bun."
Qwen2.5-1.5B-Instruct_K3,107,4888,1.1466864347457886,34,0.739452064037323,0.14833202958106995,"[0.9430056799855104, -0.01846146632318751, -0.12452007522429487]","[0.15771746945336632, 0.005247322919952152, 0.005818240485099831]",none,0,"Additionally, the Three Egg Omelette with mushrooms, gruyere, and spinach is a fan favorite, and the croissants are always fresh and perfectly flaky."
Qwen2.5-1.5B-Instruct_K3,108,9149,0.9413419365882874,35,1.7904077768325806,0.23361870646476746,"[1.613348380163578, -0.00851041846731927, 0.011012265638938906]","[0.22222414203154456, 0.0056499202429677094, 0.0021321506657175503]",none,0,"Los Arroyos Mexican Restaurant & Take Out is a popular dining spot in Goleta, CA, known for its delicious burritos, generous portions, and friendly service."
Qwen2.5-1.5B-Instruct_K3,108,9149,1.0284392833709717,23,0.21232937276363373,0.047253817319869995,"[0.32399564459141716, -0.05145479552953949, 0.005221721604871361]","[0.044419623051908275, 0.004761211566297472, 0.0011181376245353338]",none,0,"The restaurant offers both indoor and outdoor seating, as well as take-out options for those looking for a quick bite."
Qwen2.5-1.5B-Instruct_K3,108,9149,0.904771089553833,30,-0.27259212732315063,0.04699964076280594,"[-0.28223068039903104, 0.09853123289261324, 0.010117158376063647]","[0.0404436479174971, 0.02110147512935233, 0.0015536789007162119]",baseless,1,"The menu features a variety of traditional Mexican dishes, including tacos, enchiladas, and quesadillas, all made with fresh ingredients and bold flavors."
Qwen2.5-1.5B-Instruct_K3,108,9149,0.904082715511322,36,0.9886830449104309,0.1331583708524704,"[0.9673234792984052, -0.007794160627390233, -0.020011038848729693]","[0.1336250618348313, 0.027479151129025325, 0.0008326966673727219]",none,0,"According to customer reviews, the service at Los Arroyos is top-notch, with bartenders like Adam providing excellent service and making sure guests receive their take-out orders promptly."
Qwen2.5-1.5B-Instruct_K3,108,9149,1.6663296222686768,22,0.42379504442214966,0.08999117463827133,"[-0.27846423738066567, 0.5943943992341784, 0.035042258740180514]","[0.04048576116130417, 0.07496626716932621, 0.003842155538119517]",none,0,"The margaritas are also highly recommended, with one reviewer praising Angel for his expertise in crafting the perfect drink."
Qwen2.5-1.5B-Instruct_K3,108,9149,1.0312895774841309,32,0.5097889304161072,0.05919526517391205,"[0.13044396985890216, 0.5577721957642012, 0.011435299399121135]","[0.018022642022291535, 0.05891883009223253, 0.0011520137348657311]",none,0,"While some customers have expressed disappointment with the flavor of certain dishes, overall, Los Arroyos receives high marks for its food, atmosphere, and value."
Qwen2.5-1.5B-Instruct_K3,108,9149,0.8580605983734131,22,0.5704327821731567,0.1013355553150177,"[0.30029035643251106, 0.011821635929994623, 0.010430160994556818]","[0.05651860376449556, 0.006723168775444968, 0.0009300587923710489]",none,0,"With an average rating of 3.5 stars and glowing reviews from satisfied patrons, this restaurant is definitely worth a visit for anyone in the area craving authentic Mexican cuisine."
Qwen2.5-1.5B-Instruct_K3,109,1784,1.3327380418777466,41,0.7826480269432068,0.08401662111282349,"[0.017698263120908494, 0.558219565716061, 0.01667348665033365]","[0.034063481898933455, 0.03795495687713477, 0.002337308523509619]",none,0,"The FBI's Most Wanted Domestic Terror Fugitives

The FBI's Most Wanted Domestic Terror Fugitives are individuals who are being sought by the FBI due to their suspected involvement in domestic terrorist activities."
Qwen2.5-1.5B-Instruct_K3,109,1784,0.7633794546127319,56,2.413686990737915,0.2838882803916931,"[-0.07985917954338564, 2.3453353133413657, -0.02826665812340577]","[0.021344639528759757, 0.25771569826922913, 0.002593543083586804]",none,0,"These fugitives include:

* Donna Joan Borup: This individual was allegedly a member of the May 19th Communist Organization and threw a caustic substance in the eyes of a Port Authority police officer during an anti-apartheid protest in 1981."
Qwen2.5-1.5B-Instruct_K3,109,1784,1.6706781387329102,24,-0.20867323875427246,0.1862517148256302,"[0.052846986625515534, -0.18483388470607073, -0.10362566731484908]","[0.0032161548466399146, 0.17862769187498392, 0.004207144144584045]",baseless,1,She is believed to be in her late 50s to mid-60s and may have ties to Cuba.
Qwen2.5-1.5B-Instruct_K3,109,1784,0.6753653287887573,36,1.3681191205978394,0.24016016721725464,"[0.04677249517717049, 1.3057207196785992, -0.07700064862782735]","[0.006056124891593523, 0.22757330030658018, 0.01061694205246471]",none,0,* Cheri Laverne Dalton: This individual was allegedly involved in the Brinks Armored Car robbery in 1981 and is believed to be living in Cuba.
Qwen2.5-1.5B-Instruct_K3,109,1784,1.9788920879364014,35,-0.1465146690607071,0.039480920881032944,"[0.01268038432920418, -0.19497172655537726, -0.10381517703478624]","[0.008372835968683441, 0.035411155020223566, 0.021608481027459447]",none,0,* Leo Frederick Burt: This individual was part of a group that bombed a building at the University of Wisconsin in 1970 to protest the Vietnam War.
Qwen2.5-1.5B-Instruct_K3,109,1784,0.45604220032691956,8,-0.07772690057754517,0.016077473759651184,"[-0.042629124192899326, -0.02532331898692064, 0.007386034537375963]","[0.0024047222614171915, 0.009743110666363464, 0.0017033180856174113]",baseless,1,He is believed to be living in Cuba.
Qwen2.5-1.5B-Instruct_K3,110,6191,2.7441904544830322,22,1.959788203239441,0.3316788375377655,"[1.3061914088532582, 0.017530258987707468, 0.0500151420242632]","[0.26145102398004383, 0.002517820886763192, 0.0020134991848718446]",none,0,Cafe Los Arcos is a traditional American restaurant located in the Fess Parker's Santa Barbara resort.
Qwen2.5-1.5B-Instruct_K3,110,6191,1.3762290477752686,16,0.15007126331329346,0.16561174392700195,"[0.13220853719394654, 0.025880869652610272, 0.07206058508018032]","[0.1309727511033998, 0.0006212881281726368, 0.002715249403991038]",baseless,1,The restaurant has a 3.0-star rating based on 3 reviews.
Qwen2.5-1.5B-Instruct_K3,110,6191,1.568708062171936,25,-0.11464722454547882,0.04056506231427193,"[-0.1178514065593481, 0.04835611298214644, 0.009676412264816463]","[0.031623143650358544, 0.002214189860023907, 0.008913074781085016]",conflict,1,"The menu offers a variety of options, including breakfast, lunch, and dinner dishes, and a happy hour menu is available."
Qwen2.5-1.5B-Instruct_K3,110,6191,1.5427141189575195,25,0.2854483723640442,0.13755984604358673,"[-0.04498468366218731, -0.06047006478824187, 0.32472611256409434]","[0.03727204280992737, 0.008972125415784831, 0.10672749356238455]",none,0,"The restaurant has both indoor and outdoor seating areas, including a patio with fire pits and a bar area with a relaxed atmosphere."
Qwen2.5-1.5B-Instruct_K3,110,6191,1.3707102537155151,29,0.3605778217315674,0.15316347777843475,"[0.3825533360906994, 0.006924662073037451, -0.03448271688432277]","[0.12157261766552391, 0.027148730055134105, 0.008785735817653028]",none,0,"Some reviewers noted that the food is overpriced and the quality of the ingredients is not stellar, while others praised the friendly and efficient service."
Qwen2.5-1.5B-Instruct_K3,110,6191,1.11243736743927,19,0.2231479436159134,0.10932447016239166,"[0.18632987544620655, 0.01443922124637634, 0.24281228676983646]","[0.04795201342360662, 0.026031859036409418, 0.03510592669753303]",none,0,"The restaurant's ambiance is described as comfortable and relaxed, with both indoor and outdoor seating options."
Qwen2.5-1.5B-Instruct_K3,110,6191,0.9615442156791687,40,-0.025229480117559433,0.020684227347373962,"[-0.004431617175578139, -0.034680245626134365, -0.0042827146520210135]","[0.011608910957397712, 0.0012851127495508764, 0.002391175291823444]",baseless,1,"Overall, Cafe Los Arcos seems to be a decent option for casual dining in a pleasant setting, but may not be the best choice for those looking for high-quality food or a more upscale dining experience."
Qwen2.5-1.5B-Instruct_K3,111,3014,0.9984901547431946,39,1.1387819051742554,0.1743449717760086,"[0.6949738913591808, 0.010337750078925194, 0.0012334323337432952]","[0.09997051643707285, 0.001090366051287744, 0.0009052501876421723]",none,0,Four former Blackwater security guards have been sentenced to life in prison and 30 years each for their roles in a 2007 Baghdad shooting that killed 17 people.
Qwen2.5-1.5B-Instruct_K3,111,3014,0.980441689491272,26,0.21871842443943024,0.1146470308303833,"[0.20954677347953504, -0.012362741719698533, 0.007965250684020039]","[0.07337620922435935, 0.011625398055746071, 0.0018325585088737521]",none,0,"Nicholas Slatten was given a life sentence for his role in the shooting, while three other men received 30-year sentences."
Qwen2.5-1.5B-Instruct_K3,111,3014,0.8470320701599121,29,2.3952224254608154,0.2705523669719696,"[1.492082889276107, 0.0034889019945443705, -0.0014491883700649287]","[0.1590560511224261, 0.007577598111875604, 0.00264529745251021]",none,0,The shooting occurred in the Nusoor Square traffic circle and was found by an FBI investigation to have resulted in 14 unjustified deaths.
Qwen2.5-1.5B-Instruct_K3,111,3014,0.7847998142242432,20,0.6344465017318726,0.19571471214294434,"[0.17833111205836757, 0.4161409559572348, -0.007962363931073923]","[0.04956874560084543, 0.1609075652926549, 0.006285018373338858]",none,0,"Witnesses testified that the guards opened fire on innocent civilians, including women and children, without provocation."
Qwen2.5-1.5B-Instruct_K3,111,3014,2.0391428470611572,13,-0.08542726933956146,0.11167942732572556,"[-0.17066529365883282, -0.1754967965741973, 0.45982683005646463]","[0.05492463633932997, 0.0676082722442026, 0.026759326779448693]",baseless,1,The Blackwater guards had previously been fired by the U.S.
Qwen2.5-1.5B-Instruct_K3,111,3014,1.3712916374206543,9,0.34619084000587463,0.03117222525179386,"[0.23749598182944787, -0.0052570399938202984, -0.029698545184348606]","[0.017916444598490164, 0.006672606494248612, 0.007009055471674704]",baseless,1,government due to concerns over their behavior in Iraq.
Qwen2.5-1.5B-Instruct_K3,112,6794,0.6282309889793396,17,2.5679101943969727,0.27553316950798035,"[2.0811347047086146, 0.019874840878936297, 0.029665291889721307]","[0.2521559535525739, 0.0005224239774125796, 0.00142977342415286]",none,0,"Loquita is a Spanish tapas restaurant located in Santa Barbara, California."
Qwen2.5-1.5B-Instruct_K3,112,6794,1.2370516061782837,21,2.215888261795044,0.2072056531906128,"[2.140365303813832, 0.049834294153784174, 0.09589859019312523]","[0.1903859100912303, 0.001773022590170859, 0.004297729263612382]",none,0,"The restaurant offers a variety of event planning and services, nightlife, tapas bars, and cocktail bars."
Qwen2.5-1.5B-Instruct_K3,112,6794,1.1327519416809082,9,1.4379239082336426,0.21415859460830688,"[1.4120743076006572, -0.00302570974195583, 0.030203413515765633]","[0.20024141379528576, 0.0005922528071096167, 0.0012741738804227982]",none,0,They also serve modern European cuisine and seafood.
Qwen2.5-1.5B-Instruct_K3,112,6794,1.5067273378372192,21,1.0274674892425537,0.19256596267223358,"[0.8350909423260462, -0.015179539808914774, -0.038035606477587]","[0.1851363314670466, 0.0011316347592496424, 0.0014687244136959115]",none,0,The restaurant has an outdoor seating area with fireplaces and heaters to provide warmth to guests during cold nights.
Qwen2.5-1.5B-Instruct_K3,112,6794,1.2302069664001465,17,0.27429160475730896,0.1075194701552391,"[0.34984325469635863, 0.011736055288244696, -0.006124284008846563]","[0.10357441191616304, 0.0005615953951907132, 0.0006070036694890244]",conflict,1,"Wi-Fi is available, but reservations can be made through their website or by phone."
Qwen2.5-1.5B-Instruct_K3,112,6794,1.7661974430084229,14,-0.09143870323896408,0.05509167164564133,"[-0.12106748757469177, 0.002400521721061263, -0.04412246841333659]","[0.05136617698462942, 0.0006898495281143978, 0.0010641754553708843]",conflict,1,The restaurant is open six days a week and closes early on Sundays.
Qwen2.5-1.5B-Instruct_K3,112,6794,0.7650097608566284,16,0.7070540189743042,0.13834530115127563,"[0.8675127609167248, -0.01393340397044085, -0.07796516631788108]","[0.11339756130473688, 0.007129096351718545, 0.009502648254169799]",conflict,1,"Customers have praised the restaurant's ambiance, which is described as romantic and upscale."
Qwen2.5-1.5B-Instruct_K3,112,6794,0.9513600468635559,27,1.3520386219024658,0.180975541472435,"[0.7878989917678862, 0.751374758097949, 0.06289087956180016]","[0.1302053589186269, 0.06452338758119233, 0.006833289279218964]",none,0,"They have also commented on the quality of the food, particularly the jamon and manchego tastings and the pulpo dish."
Qwen2.5-1.5B-Instruct_K3,112,6794,1.9945058822631836,23,0.09046559780836105,0.20640234649181366,"[0.05287244430956375, -0.644777688562064, -0.5598320458267826]","[0.11666230263832088, 0.12144352861260992, 0.09942962654547402]",none,0,"However, some customers have expressed disappointment with the taste of certain dishes such as the el bulli and the crudo."
Qwen2.5-1.5B-Instruct_K3,113,9116,1.453876256942749,17,2.4569756984710693,0.27174463868141174,"[2.06867777035736, 0.01026092305640786, -0.03517077943102135]","[0.2319528258898679, 0.0011352512774398266, 0.0036089966268962946]",none,0,"The Revere Room is a popular restaurant located in Montecito, California."
Qwen2.5-1.5B-Instruct_K3,113,9116,1.2390037775039673,28,2.155144453048706,0.19842500984668732,"[2.062482477300981, -0.0405176763487946, 0.01649004791027307]","[0.19580182735904014, 0.003584268180578728, 0.004302428709406415]",none,0,"It offers a variety of dishes such as tapas/small plates, cocktails, and American (New), Italian, vegetarian, and nightlife options."
Qwen2.5-1.5B-Instruct_K3,113,9116,0.8923881649971008,10,1.754948377609253,0.14819470047950745,"[1.5280664339661598, 0.019577200175262988, 0.013828016468323767]","[0.13265824355185032, 0.002269020987660042, 0.0008512782282195985]",none,0,The restaurant has outdoor seating and free WiFi available.
Qwen2.5-1.5B-Instruct_K3,113,9116,1.3244662284851074,32,0.18109393119812012,0.07625481486320496,"[0.22046919456602154, -0.07634754682123912, -0.024341271784578566]","[0.07465289452130719, 0.0018463142068014804, 0.0006697758238018992]",conflict,1,"The hours of operation are Monday through Sunday from 5 PM to 9 PM, except for Friday which is open until 10:30 PM."
Qwen2.5-1.5B-Instruct_K3,113,9116,1.482123851776123,11,0.6406351327896118,0.11379096657037735,"[0.5834521052258258, 0.21596202087080615, -0.05517308582255447]","[0.08082544525280934, 0.013641499121935009, 0.0019930174406578194]",none,0,The restaurant also offers reservations and valet parking services.
Qwen2.5-1.5B-Instruct_K3,113,9116,0.7527840733528137,16,0.5321601629257202,0.07739991694688797,"[0.1799190119636478, 0.434495928187971, 0.4664879871561425]","[0.03841521407593973, 0.057511250302923145, 0.02764519246011332]",none,0,"Customers have praised the restaurant's excellent food, friendly staff, and elegant atmosphere."
Qwen2.5-1.5B-Instruct_K3,113,9116,2.5343945026397705,13,0.9517810344696045,0.19600749015808105,"[0.05595645995261013, 1.0761526307234397, -0.0015408018487575576]","[0.050316778269426814, 0.13960397739608127, 0.030205510600506632]",none,0,They particularly enjoy the quinoa bowl and the Christmas brunch buffet.
Qwen2.5-1.5B-Instruct_K3,113,9116,0.7547236680984497,20,0.06034744903445244,0.020885784178972244,"[0.11749608647442074, -0.02228707799404219, -0.0284150603971284]","[0.013866087856195008, 0.004101275033902141, 0.0020907840612920834]",none,0,"Overall, The Revere Room is a top-rated restaurant in the area that provides a unique dining experience."
Qwen2.5-1.5B-Instruct_K3,114,7421,1.2298991680145264,20,1.8258016109466553,0.2421501874923706,"[1.1213982579531148, 0.0015593160489515868, -0.013262325164396316]","[0.16637855182925704, 0.0003176604147654416, 0.0026117359704358025]",none,0,"Taqueria El Buen Gusto is a popular Mexican restaurant located in Santa Barbara, CA."
Qwen2.5-1.5B-Instruct_K3,114,7421,1.2287572622299194,31,0.05196138471364975,0.12027473747730255,"[0.2104215847521705, 0.047766010849661526, 0.04694623789832657]","[0.1161394835246263, 0.002961423275623489, 0.004819414916856922]",none,0,"According to their structured data, they are known for their tasty tacos and burritos, and have a 4.5-star rating based on customer reviews."
Qwen2.5-1.5B-Instruct_K3,114,7421,0.8184785842895508,24,0.26169517636299133,0.09130776673555374,"[0.3454833595112253, -0.00630275095441372, 0.026100616478904232]","[0.10492570299492361, 0.0010320061865183305, 0.0018293382079009508]",conflict,1,The restaurant is open seven days a week from 8am to 9pm and offers both indoor and outdoor seating.
Qwen2.5-1.5B-Instruct_K3,114,7421,0.7399265766143799,18,2.1198835372924805,0.15519100427627563,"[2.0440943990057954, -0.027985853954709858, -0.014485444003690241]","[0.16218897105298108, 0.0007137250888560073, 0.002093446234653129]",none,0,"They do not offer valet or garage parking, but street and lot parking are available."
Qwen2.5-1.5B-Instruct_K3,114,7421,2.073762893676758,15,0.3317497968673706,0.18469257652759552,"[0.2910472889741262, -0.028839790169149636, 0.02390670341749986]","[0.17419201273781557, 0.0016610154113247215, 0.002557877395944767]",conflict,1,"The atmosphere is casual and welcoming, with a divey and intimate ambiance."
Qwen2.5-1.5B-Instruct_K3,114,7421,2.055065155029297,12,0.11201079934835434,0.08669853955507278,"[0.2967147206266721, 0.0040780554215113325, -0.01719805101553599]","[0.08259669427449505, 0.0031347603920342713, 0.0023614704308177656]",baseless,1,"The menu includes vegetarian options, and takeout is available."
Qwen2.5-1.5B-Instruct_K3,114,7421,0.890264630317688,32,2.1832406520843506,0.2371305227279663,"[1.386482144348875, 1.156504993206454, 0.021791931685585908]","[0.13587684636935649, 0.13391842492796968, 0.008546329823214682]",none,0,"Customers rave about the wet super burrito and the chorizo breakfast burrito, and some have suggested adding diced onions and peppers or cilantro to the dishes."
Qwen2.5-1.5B-Instruct_K3,114,7421,1.0260562896728516,24,-0.05765630304813385,0.012966363690793514,"[-0.052276690833915986, -0.009896509146187782, 0.018967141563393852]","[0.014738586733673268, 0.001366091591413839, 0.002948494090301068]",none,0,"Overall, Taqueria El Buen Gusto is a solid choice for delicious and authentic Mexican cuisine in the Santa Barbara area."
Qwen2.5-1.5B-Instruct_K3,115,7623,0.9276103973388672,34,1.2217531204223633,0.16852392256259918,"[1.161340921834755, -0.03649786757416544, 0.014455296005668488]","[0.14296865551258472, 0.0027070199883530007, 0.0007428799792003648]",none,0,"Based on the provided structured data, here is an objective overview of Stella Mare's:

Stella Mare's is a French-American restaurant located in Santa Barbara, California."
Qwen2.5-1.5B-Instruct_K3,115,7623,1.2101985216140747,25,0.39270102977752686,0.11326669901609421,"[0.1986716631965828, 0.33352632486639777, -0.028435782362212194]","[0.07416937564703403, 0.05994783316992652, 0.0015069685386970377]",conflict,1,"The restaurant offers a cozy and upscale atmosphere, with a warm and inviting decor that evokes a sense of history and tradition."
Qwen2.5-1.5B-Instruct_K3,115,7623,2.469388961791992,28,-0.0384957529604435,0.07617509365081787,"[-0.045659958303076564, 0.07612527405269377, 0.07841737575810319]","[0.050301068875374506, 0.007103115123559941, 0.0070776654768971116]",baseless,1,"The menu features classic hearty bistro fare, including American, French, and Italian options, as well as a children's menu for families."
Qwen2.5-1.5B-Instruct_K3,115,7623,1.128879427909851,22,0.0281247328966856,0.056265272200107574,"[0.013004885224456137, 0.053645190042020244, 0.024922939864071934]","[0.048944637146963614, 0.023174106344495984, 0.0033302606909935343]",none,0,"Reviews of the restaurant are generally positive, with praise for the excellent service, delicious food, and comfortable atmosphere."
Qwen2.5-1.5B-Instruct_K3,115,7623,1.2556967735290527,18,1.1000449657440186,0.12243857979774475,"[1.072219521014227, -0.12795818097785944, 0.034713785577979356]","[0.10428104777303007, 0.017469658818703868, 0.0018846131602509154]",none,0,"Customers particularly enjoy the greenhouse seating area, which offers a romantic and intimate setting for dinner."
Qwen2.5-1.5B-Instruct_K3,115,7623,1.267774224281311,31,-0.10591993480920792,0.03954772651195526,"[-0.11475325204317473, -0.04083456452245891, -0.06497085019579954]","[0.025818323490262453, 0.024266586465247906, 0.017786217904971077]",conflict,1,"Some customers have noted that the restaurant can be a bit pricey, but overall, Stella Mare's appears to be a popular choice for special occasions and family dinners."
Qwen2.5-1.5B-Instruct_K3,116,278,1.7129364013671875,28,1.6579159498214722,0.2594805061817169,"[0.893774638675885, -0.028488771414621233, 0.013852035019226605]","[0.11428489735138621, 0.0016455523090469018, 0.0014574078266410392]",none,0,Rolling Stone has faced criticism for its reporting and editing mistakes in its now-discredited story about sexual violence at the University of Virginia.
Qwen2.5-1.5B-Instruct_K3,116,278,1.1868669986724854,36,1.0636143684387207,0.20206214487552643,"[0.5744277125130692, 0.6461927354800233, -0.01013693367551443]","[0.1035895024427494, 0.08773857274760782, 0.004874653767953103]",none,0,The magazine's failure to verify key details and its refusal to allow the accused fraternity a fair chance to respond led to a nationwide debate about the prevalence of sexual violence on college campuses.
Qwen2.5-1.5B-Instruct_K3,116,278,1.2694956064224243,31,0.5064002275466919,0.12087124586105347,"[0.12788638297593757, 0.13132400583978573, -0.04528747334564199]","[0.039360931188360655, 0.041274854834609284, 0.004636823545931821]",baseless,1,"However, the Columbia University Graduate School of Journalism found that Rolling Stone's errors were due to a combination of factors, including a lack of experience and oversight."
Qwen2.5-1.5B-Instruct_K3,116,278,1.22394597530365,17,0.42628344893455505,0.12500637769699097,"[-0.04078339717371444, 0.0008022484972196467, 0.36797890396145005]","[0.031798304491744867, 0.006776833572998572, 0.05832531978766758]",none,0,"Despite calls for accountability, Rolling Stone has not fired or disciplined anyone involved in the story."
Qwen2.5-1.5B-Instruct_K3,117,3704,1.1660435199737549,43,1.9110321998596191,0.27562785148620605,"[0.3297665025529568, 0.03221391527598783, 0.012102312299079088]","[0.09839419078557406, 0.005051862710970031, 0.00482078556710486]",none,0,"Gina Kirschenheiter, a Real Housewives of Orange County (RHOC) star, is calling out Andy Cohen for throwing her under the bus during an episode of Watch What Happens Live."
Qwen2.5-1.5B-Instruct_K3,117,3704,1.3199012279510498,40,1.4102790355682373,0.2626568078994751,"[0.6265240218581312, -0.03894194218228222, 0.012462661357130856]","[0.18576038226728997, 0.014028007760589389, 0.007712668777912768]",none,0,"On the show, Cohen brought up Gina's ""casita"" as a response to a question about which RHOC cast member would sell their home for the least amount if they ever decided to move."
Qwen2.5-1.5B-Instruct_K3,117,3704,1.1111634969711304,36,1.5330209732055664,0.22078005969524384,"[0.4356960099123373, 1.2388889115916553, 0.014406906956537568]","[0.06965750366548996, 0.1562830143921019, 0.004267787743250058]",none,0,"Gina clapped back and accused Cohen of trying to diminish her accomplishments, reminding him that out of the six full-time RHOC Housewives, only four are homeowners, including herself."
Qwen2.5-1.5B-Instruct_K3,117,3704,1.019103765487671,21,1.4314309358596802,0.2890854477882385,"[-0.04420229188898312, 1.270534951794183, 0.0247530443039501]","[0.02140232115579281, 0.2749826848407143, 0.004895352040442785]",none,0,Gina also pointed out that she is the only homeowner among the four who owns her house without a husband.
Qwen2.5-1.5B-Instruct_K3,117,3704,1.3189808130264282,31,1.181156873703003,0.1965617835521698,"[0.24268776638517361, 0.04008244363966139, 0.7957842749293055]","[0.03630937611743438, 0.029740751644308807, 0.10715552043042144]",none,0,"Heather Dubrow, who was also a guest on the show, stepped in and asked how Cohen knew Gina owns a casita, further questioning his intentions."
Qwen2.5-1.5B-Instruct_K3,117,3704,2.1775763034820557,27,0.022462496533989906,0.06641111522912979,"[0.023510349854068073, -0.03390633770161205, 0.09438060308996311]","[0.02208857979955307, 0.01596376688205594, 0.0424857444293728]",baseless,1,"Despite the controversy surrounding this remark, Cohen has defended his statement, stating that it was a legitimate observation based on what he saw on television."
Qwen2.5-1.5B-Instruct_K3,118,1089,1.2065876722335815,33,1.6706539392471313,0.23562118411064148,"[1.2160897068158991, -0.04401797057124151, 0.016787758605487674]","[0.15209714089338155, 0.0020769587818132563, 0.016976706099829684]",none,0,"Warren Weinstein, an American aid worker who was kidnapped by al Qaeda in 2011, was accidentally killed in a US drone strike in January."
Qwen2.5-1.5B-Instruct_K3,118,1089,0.5172504782676697,26,2.499558687210083,0.31913742423057556,"[2.011085094606432, 0.04075406623395303, -0.03450374543451919]","[0.2740392303250981, 0.004284304761138349, 0.004117240925460499]",none,0,"According to a Pakistani source who was in regular contact with the kidnappers, the militants demanded the release of prisoners, including Dr."
Qwen2.5-1.5B-Instruct_K3,118,1089,0.7356095910072327,13,0.21733394265174866,0.11572424322366714,"[0.21519507525058892, -0.04605182461063333, -0.02342007355316757]","[0.0956686231880807, 0.004724506351775604, 0.00136535108343266]",none,0,"Aafia Siddiqui, in exchange for Weinstein's freedom."
Qwen2.5-1.5B-Instruct_K3,118,1089,1.4324020147323608,39,0.9323916435241699,0.18163301050662994,"[0.4708769659613235, 0.18696129842234, -0.00358516394872146]","[0.10761352508360197, 0.04986696056511164, 0.019567274950370226]",conflict,1,"However, the US government did not provide any funds to the kidnappers, and the captors began demanding proof of life from the US after the transfer of funds in 2012."
Qwen2.5-1.5B-Instruct_K3,118,1089,1.228049635887146,33,1.2817022800445557,0.1844451129436493,"[0.17241529126962027, 0.026973237174168004, 1.3246711533177982]","[0.027722363444891842, 0.011269112174473279, 0.16989360401181108]",none,0,"Despite the family's reluctance to draw attention to Weinstein's plight, they eventually went to Congress for help, and the US government provided additional resources to secure his release."
Qwen2.5-1.5B-Instruct_K3,118,1089,1.7717632055282593,35,-0.03126590698957443,0.0485294871032238,"[-0.020281906791829635, 0.0021083496652343978, -0.015796113346836397]","[0.01700005198571099, 0.0028266427372727774, 0.023191523857946907]",none,0,"Unfortunately, Weinstein's death highlights the ongoing challenges in securing the release of American hostages held by terror groups abroad, and the need for a coordinated and consistent approach from the US government."
Qwen2.5-1.5B-Instruct_K3,119,6609,1.6343958377838135,19,2.040163516998291,0.23786479234695435,"[1.0893871486286546, 0.0006124521858414243, -0.027754377468418648]","[0.1833988823494732, 0.0006943396776513941, 0.0032399865440760024]",none,0,"Taco's To Go is a popular Mexican restaurant located in Carpinteria, California."
Qwen2.5-1.5B-Instruct_K3,119,6609,1.4279330968856812,25,0.9004906415939331,0.13262103497982025,"[0.8538673405256122, 0.011600842976476997, 0.0015435926057398319]","[0.13685147075913848, 0.0010299048619071983, 0.0021290807891637085]",conflict,1,"With a rating of 4.0 stars, the business offers a cozy and intimate atmosphere, despite being easy to miss."
Qwen2.5-1.5B-Instruct_K3,119,6609,1.501691460609436,23,0.0734611377120018,0.13695146143436432,"[-0.188875852402144, -0.13107221191231752, 0.31090942261431814]","[0.0975309087030224, 0.01983567120781948, 0.021508600791094068]",baseless,1,"The menu features a variety of options, including tacos, nachos, and steak dishes, all at reasonable prices."
Qwen2.5-1.5B-Instruct_K3,119,6609,1.3525806665420532,22,0.5735183358192444,0.09432029724121094,"[0.1718447881933323, 0.5162037595331309, -0.05847531209556936]","[0.05291047862998643, 0.046691472171212146, 0.010564947620919569]",none,0,"Customers rave about the large portions and delicious flavors, with one reviewer mentioning that the owner is friendly and welcoming."
Qwen2.5-1.5B-Instruct_K3,119,6609,1.1135146617889404,29,0.5271922945976257,0.08386757224798203,"[0.7030000348800215, -0.02681368149431615, 0.10172443090263626]","[0.08694785504184406, 0.004357861638960332, 0.0018174577178264183]",none,0,"Although WiFi is not available, takeout is offered, making it a convenient option for those looking for quick and tasty Mexican food in the area."
Qwen2.5-1.5B-Instruct_K3,119,6609,1.111262559890747,23,0.06823686510324478,0.01956009678542614,"[-0.03126344977768578, -0.03313245959369575, 0.017370054122654]","[0.023735795843633598, 0.004237206075941913, 0.0022730462606150663]",none,0,"Overall, Taco's To Go is a must-try for anyone in the area looking for great food and excellent service."
Qwen2.5-1.5B-Instruct_K3,120,7047,1.2563649415969849,28,1.594732403755188,0.20860302448272705,"[0.9151146207082742, 0.019356341533109247, -0.00011475837709440384]","[0.15386374640638678, 0.0016095707925631228, 0.003088276894361895]",none,0,"Based on the provided structured data, The Study Hall appears to be a local bar and nightlife spot located in Isla Vista, California."
Qwen2.5-1.5B-Instruct_K3,120,7047,1.2534172534942627,18,0.8764429092407227,0.10924050211906433,"[0.31675641073120964, 0.19229888626270825, 0.1651669508881039]","[0.06700877746981052, 0.02841858784086071, 0.005898823507070322]",conflict,1,"The business has received mixed reviews from customers, with some mentioning poor service and unsafe conditions."
Qwen2.5-1.5B-Instruct_K3,120,7047,0.8338106870651245,43,1.3397728204727173,0.20130889117717743,"[1.4366685966168344, 0.008678827658471609, 0.02451997753484838]","[0.20559319150485736, 0.012565546649202482, 0.014660978044008876]",none,0,"One reviewer reported being touched inappropriately by the owner or manager while visiting the establishment, while another noted that the bar was open during the COVID-19 pandemic despite a statewide order for bars to remain closed."
Qwen2.5-1.5B-Instruct_K3,120,7047,1.7547686100006104,27,0.8403810858726501,0.20844899117946625,"[0.15354383336640845, 0.8204515655676274, 0.7364653381998357]","[0.03527004279803131, 0.15646670280645797, 0.10197623292958304]",none,0,"Additionally, multiple reviewers have expressed concerns about the safety of the bar, including instances of druggings and creepy behavior from male patrons."
Qwen2.5-1.5B-Instruct_K3,120,7047,0.8585216999053955,25,0.4763777554035187,0.1046672910451889,"[0.5032466625678353, 0.013966920139209834, -0.026509893271140755]","[0.08823721631917579, 0.0024046851023194903, 0.000941899707158882]",none,0,"Despite these issues, The Study Hall maintains a rating of 3 out of 5 stars and offers free WiFi to its customers."
Qwen2.5-1.5B-Instruct_K3,121,5089,1.0764168500900269,26,2.243124485015869,0.3459523618221283,"[1.6001001218996511, -0.029796879322720297, 0.01126835485662853]","[0.2762066119973427, 0.0016845652232335012, 0.0015393363269402892]",none,0,"Fresco Cafe is a local business located at 3987 State St, Ste B in Santa Barbara, CA."
Qwen2.5-1.5B-Instruct_K3,121,5089,0.47936633229255676,24,2.171339273452759,0.2804821729660034,"[2.2031087267132534, -2.860831136786146e-05, -0.0055564319841323595]","[0.28213806545166636, 0.0008689791308699549, 0.0009618314869216013]",none,0,"It is a restaurant that specializes in American (Traditional), Bakeries, Italian, Breakfast & Brunch, and Food."
Qwen2.5-1.5B-Instruct_K3,121,5089,2.1751153469085693,22,-0.31889259815216064,0.11602623760700226,"[-0.17155653291973233, -0.007895392633971906, 0.032650771749930835]","[0.11596666702693752, 0.013586465252460172, 0.0010742143295022868]",none,0,"The cafe offers a variety of options for customers to choose from, including salads, wraps, and club sandwiches."
Qwen2.5-1.5B-Instruct_K3,121,5089,0.7838208675384521,33,0.36488181352615356,0.1007489487528801,"[0.3955726562939658, -0.05348370359724592, -0.005389286251336285]","[0.08931784781609829, 0.002454354958982466, 0.0010351828957826717]",baseless,1,"The cafe is open from 11:00 AM to 8:00 PM every day of the week, providing ample dining options for customers."
Qwen2.5-1.5B-Instruct_K3,121,5089,0.8520660400390625,13,0.5335148572921753,0.0529840812087059,"[0.5049521865753027, 0.027855938121389884, 0.009596328465984417]","[0.04874568826590593, 0.001235548645266905, 0.0009974018802705149]",none,0,They have outdoor seating available for those who prefer to dine outside.
Qwen2.5-1.5B-Instruct_K3,121,5089,0.9767331480979919,33,1.229331374168396,0.17044776678085327,"[1.4159778211956797, -0.008979721187202042, -0.016136275022070164]","[0.1761466730724461, 0.004750002503181842, 0.0013638895592948481]",none,0,"Customers have praised the Walnut Gorgonzola salad, which is described as fresh and delicious, with a good ratio of walnuts and Gorgonzola."
Qwen2.5-1.5B-Instruct_K3,121,5089,0.8552295565605164,19,1.9354746341705322,0.22749313712120056,"[1.9047221845800155, -0.06845735078662217, -0.024727302564841874]","[0.22466471529026566, 0.002854949527081891, 0.0011660638752788912]",none,0,Some customers have suggested adding a little lemon or dill for added flavor to the chicken salad.
Qwen2.5-1.5B-Instruct_K3,121,5089,0.9457806944847107,13,0.22884708642959595,0.10316849499940872,"[0.11647186565320365, 0.09281365024631108, -0.062154040347825054]","[0.03171488427716003, 0.07023570901667252, 0.0050851771225360115]",none,0,"However, one customer had a negative experience with the cafe."
Qwen2.5-1.5B-Instruct_K3,121,5089,0.5275548696517944,17,2.517179012298584,0.3630673289299011,"[0.057604188688428086, 3.2883686826509586, 0.029381460095892716]","[0.013448020883301711, 0.4103309157140115, 0.002483884330724309]",none,0,They noticed a cook not wearing a mask and using their hands to eat while also preparing food in the kitchen.
Qwen2.5-1.5B-Instruct_K3,122,1329,1.6551679372787476,28,1.0390936136245728,0.16857929527759552,"[0.3396014131888348, 0.01801303864340298, 0.06991295134814988]","[0.07529093662118871, 0.0034046617641771654, 0.005512037008104796]",none,0,"The death of Freddie Gray in Baltimore has sparked controversy and calls for justice, with many questioning the circumstances surrounding his arrest and subsequent injuries."
Qwen2.5-1.5B-Instruct_K3,122,1329,1.270194172859192,27,0.5961933732032776,0.17522688210010529,"[0.4263234346651222, 0.06058856554025422, -0.015292959860946413]","[0.1254268669991116, 0.013611946218976233, 0.0024886164614212314]",none,0,"Gray was arrested on a weapons charge and died a week later, with police claiming he suffered a severe spinal cord injury while in custody."
Qwen2.5-1.5B-Instruct_K3,122,1329,1.228623628616333,25,0.5755424499511719,0.11107999086380005,"[0.1750165897513216, 0.2038212400552584, -0.012633974545824458]","[0.026681877233763772, 0.054318310832159114, 0.006939037245165309]",none,0,"However, details of the incident remain unclear, including how Gray sustained the injury and what happened during the arrest and transportation process."
Qwen2.5-1.5B-Instruct_K3,122,1329,1.6765586137771606,39,0.4051739275455475,0.10061897337436676,"[0.014177298565845703, -0.024441311886617675, 0.43387292736219235]","[0.012222980037186004, 0.01617825837574462, 0.07153303184378974]",baseless,1,"The release of cell phone videos showing Gray being dragged to a van and screaming for help have added fuel to the debate, with some calling for police accountability and others questioning the legitimacy of the arrest."
Qwen2.5-1.5B-Instruct_K3,122,1329,1.1225697994232178,21,-0.06335559487342834,0.042831141501665115,"[0.07470654190512419, -0.007455615529103116, 0.00018050097112011696]","[0.03404835059717741, 0.004931344255028523, 0.0027507753209301015]",none,0,"Six police officers have been suspended pending an investigation, which is expected to be completed by May 1."
Qwen2.5-1.5B-Instruct_K3,122,1329,1.3192752599716187,25,-0.0465506874024868,0.025570232421159744,"[0.08944346873660834, -0.06265205175921437, 0.007522968638440943]","[0.008710524954516359, 0.00437975825996773, 0.002348293993001107]",baseless,1,"The case has raised questions about police brutality, racial tensions, and the need for greater transparency and reform in the criminal justice system."
Qwen2.5-1.5B-Instruct_K3,123,9841,0.6151490807533264,31,2.7933831214904785,0.35553935170173645,"[2.581847146874474, 0.01070128766784159, -0.009552977161459444]","[0.3355721484028524, 0.00027807800545580846, 0.0015195703572427163]",none,0,"New Si Chuan Garden is a Chinese restaurant located at 2840 De La Vina St, Ste C in Santa Barbara, CA."
Qwen2.5-1.5B-Instruct_K3,123,9841,1.288560152053833,16,0.2029804140329361,0.1510162651538849,"[0.3684518252584894, -0.007320564046494837, 0.03216026316749776]","[0.13631433234604629, 0.0008048794937280945, 0.0032741421545665617]",none,0,The restaurant specializes in Szechuan cuisine and is known for its flavorful dishes.
Qwen2.5-1.5B-Instruct_K3,123,9841,0.6408025026321411,21,1.2353911399841309,0.1321704238653183,"[1.0460362944799098, -0.012035250337378654, 0.011939256035042317]","[0.14573353888183538, 0.0005254379708219403, 0.0014368509906771145]",none,0,"According to customer reviews, it was considered one of the best Chinese restaurants in the area before the pandemic."
Qwen2.5-1.5B-Instruct_K3,123,9841,1.051599383354187,18,0.6567744016647339,0.10102948546409607,"[0.7585869153950221, -0.014078977716659816, -0.05734601748473425]","[0.09407411513752272, 0.002231325371920118, 0.007586589660048857]",none,0,"However, it is currently closed, and customers hope that it will reopen once the situation improves."
Qwen2.5-1.5B-Instruct_K3,123,9841,1.5527149438858032,12,1.0523922443389893,0.14960220456123352,"[1.0555678810924292, -0.01739937625825405, 0.020622961223125458]","[0.15306082740426064, 0.0007053604398000365, 0.0017583757580723614]",none,0,The restaurant offers free WiFi for customers and accepts reservations.
Qwen2.5-1.5B-Instruct_K3,123,9841,1.248482346534729,20,0.706847071647644,0.09227777272462845,"[0.7206615338407574, 0.06754520656445492, 0.06320914998359513]","[0.09028893520153361, 0.0013936926130462268, 0.0017765812552106297]",baseless,1,"It also provides outdoor seating, although specific details about the ambience are not mentioned in the data."
Qwen2.5-1.5B-Instruct_K3,123,9841,2.0412492752075195,15,0.604873776435852,0.16008076071739197,"[0.5579608798027038, -0.05037805239359538, 0.003363726536432902]","[0.15095013088236253, 0.001067940381471999, 0.006547081514145248]",none,0,"The business has parking options available, including street parking and a parking lot."
Qwen2.5-1.5B-Instruct_K3,123,9841,1.196573257446289,15,1.652321696281433,0.08369448035955429,"[1.5998995044098896, -0.000651953261452339, 0.016901566429199495]","[0.07890098401095808, 0.003563162414684484, 0.0013867713476505136]",none,0,"However, valet service, garage parking, and validated parking are not provided."
Qwen2.5-1.5B-Instruct_K3,123,9841,0.5103789567947388,47,-0.005576310213655233,0.05603381246328354,"[0.009028584701538537, -0.002599892680433534, 0.01790346215686944]","[0.05765463873636845, 0.0002998540533643249, 0.0009838802710023774]",conflict,1,The operating hours of New Si Chuan Garden are from 11:00 AM to 9:00 PM on weekdays and from 11:00 AM to 9:30 PM on weekends.
Qwen2.5-1.5B-Instruct_K3,123,9841,2.2959647178649902,5,-0.06041371077299118,0.1198781356215477,"[0.23709040880203247, -0.01816139221191406, -0.2314310312271118]","[0.09174074083566666, 0.001796142035163939, 0.01955174938775599]",none,0,"The business has received an average rating of 4.0 stars, indicating that it has generally provided a satisfactory dining experience."
Qwen2.5-1.5B-Instruct_K3,124,6022,6.2236456871032715,3,0.23585915565490723,0.2684866189956665,"[-0.3531537453333537, -0.005945563316345215, 0.6152418255805969]","[0.021457187831401825, 0.0007050573791881712, 0.007998855086043477]",none,0,Sure!
Qwen2.5-1.5B-Instruct_K3,124,6022,0.4587131440639496,40,0.8435077667236328,0.11883672326803207,"[0.45333855344888435, 0.03045067448992995, 0.0072205164878596404]","[0.062112034074948495, 0.0012856890428892599, 0.0025177378804116302]",none,0,"Here's an objective overview of Montecito Coffee Shop based on the provided structured data in JSON format:

Montecito Coffee Shop is a popular breakfast and brunch spot located in Santa Barbara, CA."
Qwen2.5-1.5B-Instruct_K3,124,6022,0.960712730884552,38,0.2532680332660675,0.11640868335962296,"[0.3297906818807788, 0.060553548271161016, 0.04955082832771639]","[0.1145570168908518, 0.0030380134790236545, 0.0029649726922946528]",baseless,1,"With an average rating of 3.5 out of 5 stars based on three reviews, this cozy eatery offers a variety of menu items including sandwiches, coffee, and pastries."
Qwen2.5-1.5B-Instruct_K3,124,6022,1.0771833658218384,17,1.3886476755142212,0.17195448279380798,"[1.502885830533855, 0.006835390813648701, -0.034563319490510315]","[0.16955038872273528, 0.004128091861489606, 0.006466162132496452]",conflict,1,"The restaurant has a casual and intimate atmosphere, with outdoor seating available and free WiFi."
Qwen2.5-1.5B-Instruct_K3,124,6022,1.6787865161895752,16,0.06627731025218964,0.084080770611763,"[0.06710189214209095, -0.05526955175810144, 0.15459036924039538]","[0.0716041499763378, 0.007346125344071197, 0.01857253359276001]",none,0,"The staff is friendly and welcoming, with one reviewer commenting on their excellent customer service."
Qwen2.5-1.5B-Instruct_K3,124,6022,1.1021543741226196,33,0.5922879576683044,0.1557971090078354,"[0.6711450516905836, 0.02817438412801659, -0.03575376916331041]","[0.14475563467983027, 0.009714430605106716, 0.007422120068123618]",none,0,"The menu features a range of options, including tasty sandwiches like the Tuna Melt and Italian Chicken, as well as hearty breakfast plates and freshly brewed coffee."
Qwen2.5-1.5B-Instruct_K3,124,6022,0.8158690333366394,19,0.6200373768806458,0.1277363896369934,"[0.08608659960727412, 0.4931341466004884, 0.08054696199925322]","[0.03517532510652712, 0.06639675675255544, 0.015549382718745619]",none,0,"One reviewer praised the quality of the food, stating that everything was fresh and well-prepared."
Qwen2.5-1.5B-Instruct_K3,124,6022,1.8432809114456177,15,-0.5205270051956177,0.07223652303218842,"[0.3215381852034625, -0.34215280632543, -0.03351254241232103]","[0.019292145665281167, 0.12365183373514128, 0.005444636049916577]",none,0,"However, another reviewer found the portions to be a bit small for the price."
Qwen2.5-1.5B-Instruct_K3,124,6022,1.603381872177124,19,0.10239579528570175,0.11337628960609436,"[-0.05130625817630636, -0.2397948833868692, 0.5338380698016599]","[0.0430727214711504, 0.023914447131956923, 0.06310753278605837]",none,0,"The restaurant has a reputation for being pet-friendly, with one reviewer mentioning that their furry friend received excellent service and fresh water at the outdoor tables."
Qwen2.5-1.5B-Instruct_K3,125,5194,6.211913585662842,3,0.23896193504333496,0.24873726069927216,"[-0.19883835315704346, 0.04779064655303955, 0.34180118640263873]","[0.0403114523117741, 0.0004857497018141051, 0.008362995305409035]",none,0,Sure!
Qwen2.5-1.5B-Instruct_K3,125,5194,0.36214885115623474,30,1.2543107271194458,0.13223034143447876,"[1.111471890519897, 0.020384885900906133, -0.022070160442672203]","[0.12148233868762569, 0.0005898351691920804, 0.0018275183942137118]",none,0,"Here's an objective overview of El Sitio based on the provided structured data:

El Sitio is a Mexican restaurant located in Santa Barbara, California."
Qwen2.5-1.5B-Instruct_K3,125,5194,0.7042948603630066,31,1.2977516651153564,0.1800396889448166,"[1.2324562002880655, -0.006543604524062351, 0.02992270599513851]","[0.1714440711527657, 0.0030052486675647434, 0.003019092422316443]",none,0,"The restaurant offers a variety of dishes such as burritos, tacos, and quesadillas, and is known for its chicken quesadilla with onion."
Qwen2.5-1.5B-Instruct_K3,125,5194,1.1041697263717651,22,1.263767123222351,0.16517168283462524,"[1.2910874316401697, -0.022067959116058813, -0.01159122630842417]","[0.1509526014684649, 0.017891083457145254, 0.0019233106167630158]",none,0,"According to customer reviews, the food is peppery and flavorful, and the chicken and onion tacos are recommended."
Qwen2.5-1.5B-Instruct_K3,125,5194,0.8266444206237793,23,0.5606708526611328,0.12956024706363678,"[-0.15090491099782294, 0.7702644284344902, 0.0335321053641525]","[0.049798040198232266, 0.0834939634316109, 0.0014473580623582225]",none,0,"However, some customers have noted that the prices have increased and the quality of the food has declined in recent months."
Qwen2.5-1.5B-Instruct_K3,125,5194,1.097997784614563,24,0.6878809928894043,0.16161273419857025,"[-0.10193764197128985, 1.1312653618826214, -0.12039614483304224]","[0.03200790428268382, 0.12425307686269586, 0.025612328332490126]",none,0,"One reviewer described the food as ""tasteless starches"" and another stated that the restaurant is overpriced."
Qwen2.5-1.5B-Instruct_K3,125,5194,0.7773200869560242,29,0.37847793102264404,0.10719520598649979,"[0.4573801482447066, -0.005541618917583225, -0.02191526168023521]","[0.08329325162760833, 0.003066479239727226, 0.0022869941308786778]",none,0,"Despite these negative reviews, the overall rating for El Sitio is 4.0 out of 5 stars based on the review information provided."
Qwen2.5-1.5B-Instruct_K3,125,5194,1.5768227577209473,17,0.9725292325019836,0.18917663395404816,"[1.2189922270584195, 0.019034587927950163, 0.010098236085254671]","[0.19031069997478933, 0.004525837642966187, 0.0012712743026801999]",conflict,1,"The restaurant offers outdoor seating and takes reservations, but does not offer WiFi or validate parking."
Qwen2.5-1.5B-Instruct_K3,126,4193,0.9519894123077393,31,2.866621732711792,0.3789832592010498,"[1.1227502735076291, -0.01318909466734171, -0.013627007404612678]","[0.19133588429559173, 0.001798027161000039, 0.006831514927457207]",none,0,"In 1986, Elizabeth Turek Vasser and her 2-year-old daughter, Cherie Barnes, went missing in St."
Qwen2.5-1.5B-Instruct_K3,126,4193,0.3058164119720459,4,1.2514257431030273,0.09571308642625809,"[0.3671503246296197, -0.04988073999993503, 0.0246775031555444]","[0.05467531073372811, 0.010961475236399565, 0.0035803770369966514]",none,0,"Louis, Missouri."
Qwen2.5-1.5B-Instruct_K3,126,4193,1.3962339162826538,31,0.4136959910392761,0.16856858134269714,"[0.25247459639344483, -0.016486819165537223, -0.03572480378610517]","[0.15243438550180965, 0.007055816860788729, 0.004940542521170198]",baseless,1,"Elizabeth's husband, Larry Vasser, was suspected of involvement in their disappearance, as he was known to be abusive and had a history of criminal activity."
Qwen2.5-1.5B-Instruct_K3,126,4193,1.0074338912963867,24,1.5008845329284668,0.21246139705181122,"[0.13224990900880584, 1.2823589552788992, 0.12414181485147917]","[0.0368212461423146, 0.1381837313816258, 0.006328063334597604]",none,0,"Despite numerous sightings and investigations, Cherie's fate remains unknown, and her case is classified as a non-family abduction."
Qwen2.5-1.5B-Instruct_K3,126,4193,0.6805604696273804,10,1.3732490539550781,0.16688530147075653,"[0.030817620176821946, 0.19442962884786538, 1.3808187269605696]","[0.009875082463577201, 0.015259374693005156, 0.1480277424445376]",none,0,She would now be 38 years old.
Qwen2.5-1.5B-Instruct_K3,126,4193,1.7639436721801758,16,1.2317992448806763,0.14845779538154602,"[0.26352558566020434, -0.030697403887188557, 1.3460218383538631]","[0.01262619367216189, 0.014001345346315475, 0.14677460887162397]",none,0,The family is seeking help in renewing interest in the case and finding closure.
Qwen2.5-1.5B-Instruct_K3,126,4193,0.3286080062389374,4,0.6637829542160034,0.1366824507713318,"[-0.13965548905071046, -0.058640497676606174, 0.7998960230033845]","[0.007899369874678541, 0.0023551925139599916, 0.14321256196126342]",none,0,Contact the St.
Qwen2.5-1.5B-Instruct_K3,126,4193,1.6204941272735596,7,0.10591504722833633,0.22915767133235931,"[0.16325295990723784, 0.11026233460974513, 0.040092748190675466]","[0.010331683061963304, 0.006772217443215466, 0.218820169834154]",none,0,Louis Metropolitan Police Department with any information.
Qwen2.5-1.5B-Instruct_K3,127,4820,0.6113293766975403,26,2.4418447017669678,0.26758667826652527,"[2.220729775599186, -0.0498945768222956, -0.008850276040063294]","[0.2382191137607711, 0.0022269790232058995, 0.001469369544823761]",none,0,"Tyler's Donuts is a restaurant located at 1002 Casitas Pass Rd in Carpinteria, CA."
Qwen2.5-1.5B-Instruct_K3,127,4820,1.1635888814926147,18,0.9213896989822388,0.1898323893547058,"[0.9218717084570218, -0.01005739128110387, 0.06141985804747997]","[0.17781150562627268, 0.002819180665129453, 0.0027486655583541303]",none,0,"The business offers a variety of services including food, coffee and tea, and takeout."
Qwen2.5-1.5B-Instruct_K3,127,4820,1.0039989948272705,20,0.46334975957870483,0.09546054154634476,"[0.46606044196523727, -0.04088726079207845, 0.007530325924744829]","[0.09520699850399979, 0.0010014758373017684, 0.00036435829363199443]",none,0,The hours of operation for the business are Monday through Sunday from 5 pm to 8 pm.
Qwen2.5-1.5B-Instruct_K3,127,4820,1.365427017211914,11,1.0447664260864258,0.1603609025478363,"[1.0581446466120807, -0.035844513553787365, -0.02432197882709178]","[0.16124646433375098, 0.0026603019320067356, 0.0022858679030005906]",baseless,1,The business has free WiFi and allows for outdoor seating.
Qwen2.5-1.5B-Instruct_K3,127,4820,2.152122735977173,9,0.9184616804122925,0.199760302901268,"[0.7541100846396552, 0.017757975392871432, -0.05006981392701467]","[0.18587998218006557, 0.0012134717932591836, 0.0015267305813419323]",baseless,1,Customers can also place reservations for the restaurant.
Qwen2.5-1.5B-Instruct_K3,127,4820,1.1601173877716064,17,0.4373821020126343,0.0784727931022644,"[0.508525293895646, 0.006320916996200514, 0.012834649063948104]","[0.07610893472070422, 0.0012421708934733247, 0.0010439092386471149]",none,0,"In terms of parking, the business does have a lot for customers to park in."
Qwen2.5-1.5B-Instruct_K3,127,4820,1.4094184637069702,12,0.05517043545842171,0.07446746528148651,"[0.12155967448537315, 0.011191944202437298, 0.033098433827641806]","[0.07291039765641472, 0.0008316497568709261, 0.0003536383180176017]",conflict,1,"However, it is unclear if there is valet parking available."
Qwen2.5-1.5B-Instruct_K3,127,4820,0.7780737280845642,20,0.2530384063720703,0.058940209448337555,"[0.3639663400244899, -0.0030020652659004552, 0.014907872737967408]","[0.05305594428646145, 0.0014523034038916194, 0.0009418266307079648]",none,0,The business has an average rating of 4 stars out of 5 based on customer reviews.
Qwen2.5-1.5B-Instruct_K3,127,4820,0.981709361076355,23,0.3892284035682678,0.1239066943526268,"[0.4620302074953266, -0.03134390906147335, -0.015077834948897362]","[0.11633852664786189, 0.0029067672044418387, 0.0014148045020587945]",none,0,"One customer had a negative experience at the business, reporting that the service was poor and that the staff was rude."
Qwen2.5-1.5B-Instruct_K3,127,4820,1.1953175067901611,15,1.5149928331375122,0.2291216105222702,"[1.5114049043816824, 0.0343408854600663, -0.007753225633253654]","[0.22512168400765706, 0.003544920315228713, 0.001564759093647202]",none,0,This customer did not receive their daily coffee and left without placing an order.
Qwen2.5-1.5B-Instruct_K3,127,4820,0.7108439803123474,22,0.8172622323036194,0.11055884510278702,"[0.8908135128546167, 0.135579437604809, 0.01699343230575323]","[0.10031628540706482, 0.014917210920016672, 0.019721926596668545]",none,0,"Another customer had a positive experience at the business, praising the fresh and tasty doughnuts and the affordable prices."
Qwen2.5-1.5B-Instruct_K3,127,4820,0.7032762765884399,7,0.7708960175514221,0.15229877829551697,"[0.4421602286664503, 1.4225649465141552, 0.032252583627788614]","[0.08053404411267755, 0.17847347895648064, 0.005646667789343545]",none,0,This customer also appreciated the convenient location of the business.
Qwen2.5-1.5B-Instruct_K3,128,7894,6.4300217628479,3,0.029482999816536903,0.2736739218235016,"[-0.5077237288157145, -0.3303482135136922, -0.010543584823608398]","[0.03555950429290533, 0.01696338880962382, 0.0051128446745375795]",none,0,Sure!
Qwen2.5-1.5B-Instruct_K3,128,7894,0.5128265619277954,38,1.1801655292510986,0.1387697458267212,"[0.7906065130627643, -0.03504482003443412, 0.0017754359778097608]","[0.1238807805269325, 0.0021721761214269905, 0.0032425967600731255]",none,0,"Here's an objective overview of Centennial Beer Hall based on the provided structured data in JSON format:

Centennial Beer Hall is a wine bar and beer hall located in Goleta, CA."
Qwen2.5-1.5B-Instruct_K3,128,7894,0.9628618955612183,26,0.3290855288505554,0.07719462364912033,"[0.4680831882105849, 0.043486805446334, 0.018771805605620803]","[0.08397033255033211, 0.022394011277743157, 0.0014994495188121759]",none,0,"The venue offers a diverse selection of craft beers and wines, and its hours of operation vary depending on the day of the week."
Qwen2.5-1.5B-Instruct_K3,128,7894,1.6747018098831177,25,0.9183286428451538,0.1473374217748642,"[0.8576922485185787, -0.0294220255035907, -0.027042309315875174]","[0.14258056345395745, 0.00269449365165201, 0.0017625734839020878]",none,0,"Customers can enjoy outdoor seating and free WiFi, and there is no need to worry about parking as there is street parking available."
Qwen2.5-1.5B-Instruct_K3,128,7894,1.5846532583236694,20,1.0068466663360596,0.1375235617160797,"[0.8141754068434238, -0.012797553092241287, 0.07689680866897106]","[0.11938385777175427, 0.0034764735493808983, 0.001869415570399724]",baseless,1,"While there is no reservation system for restaurants, takeout is not available, and groups are welcome."
Qwen2.5-1.5B-Instruct_K3,128,7894,1.4954135417938232,16,1.2623103857040405,0.16590873897075653,"[1.189411559375003, 0.06609414119157009, -0.04106582727399655]","[0.15462809125892818, 0.004666822759645584, 0.0027983979923646984]",baseless,1,"The ambiance is casual and intimate, with a divey vibe and a trendy decor."
Qwen2.5-1.5B-Instruct_K3,128,7894,0.7047639489173889,22,0.2238297462463379,0.07104210555553436,"[0.39547823789507675, -0.006640268435066074, -0.004220191453278879]","[0.06752493472342538, 0.009966432258431917, 0.0029576143150713756]",none,0,"According to customer reviews, Centennial Beer Hall has a rating of 4 out of 5 stars."
Qwen2.5-1.5B-Instruct_K3,128,7894,1.130115270614624,30,0.8866515755653381,0.2019708901643753,"[0.886596066019653, -0.07640063595329896, -0.06064429861968771]","[0.201437554570172, 0.003220604332055643, 0.001323135654138241]",none,0,"One reviewer expressed disappointment that the bartenders were not wearing masks during a visit in December 2021, which left a bad first impression."
Qwen2.5-1.5B-Instruct_K3,128,7894,1.8246862888336182,20,0.6250354647636414,0.135560542345047,"[0.47538071827439127, 1.4098000452853738, 0.11482921487331624]","[0.09506468045474321, 0.1480385628892691, 0.003080717665852717]",none,0,"Another reviewer praised the cleanliness and variety of beers offered, including samplers that allowed them to try several options."
Qwen2.5-1.5B-Instruct_K3,129,182,1.8171571493148804,32,1.1818466186523438,0.1735074669122696,"[0.45611960707992694, -0.03822412388672092, -0.032214572926932306]","[0.06869087050563394, 0.00327688737581866, 0.0026438720952626227]",baseless,1,"A 64-year-old employee was killed in what authorities are investigating as a possible hate crime at Wayne Community College in Goldsboro, North Carolina."
Qwen2.5-1.5B-Instruct_K3,129,182,0.768082857131958,32,2.324025869369507,0.2506965398788452,"[1.7165300179840415, 0.46240485440739576, 0.010417338445222413]","[0.16524216297148087, 0.047019634429091184, 0.002929841925147336]",none,0,"The victim, Ron Lane, was white and gay, while the suspect, Kenneth Morgan Stancil III, is also white and has tattoos on his face."
Qwen2.5-1.5B-Instruct_K3,129,182,0.5606029033660889,41,1.8607196807861328,0.24516363441944122,"[1.8039721050345845, 0.07620731656731174, -0.019390733439383728]","[0.23780029385985782, 0.01655897691305532, 0.0016499335292164883]",none,0,"Stancil was let go from a work-study program at the college due to poor attendance and walked into the print shop on the third floor of a campus building and shot Lane once, killing him."
Qwen2.5-1.5B-Instruct_K3,129,182,1.0415143966674805,16,1.3321704864501953,0.27703559398651123,"[0.12682730167489353, 1.3527370871661333, -0.05047535083326693]","[0.048888727910480156, 0.2721827767448417, 0.007529405946929302]",none,0,"Stancil then fled on a motorcycle before being arrested in Daytona, Florida."
Qwen2.5-1.5B-Instruct_K3,129,182,0.9160653352737427,13,0.7160305380821228,0.22843670845031738,"[-0.009463838776215337, -0.2614613810930258, 1.0442380345104119]","[0.0352352922726333, 0.021019601444445122, 0.20669404842360214]",none,0,Authorities expect to bring him back to North Carolina to face charges.
Qwen2.5-1.5B-Instruct_K3,129,182,0.5275856256484985,42,1.715537667274475,0.23362359404563904,"[0.12079154145034668, 0.05727318330695025, 1.8250851294972]","[0.0208926818322747, 0.006459140919786203, 0.23585489443376856]",none,0,"The college has a student population of around 3,837 and no recorded killings, assaults, robberies, or motor vehicle thefts between 2011 and 2013."
Qwen2.5-1.5B-Instruct_K3,129,182,0.041688356548547745,24,1.3562272787094116,0.2563282549381256,"[0.010614539847059254, 0.001971623385012814, 1.333183204792628]","[0.0015425515308322701, 0.0007425674947588353, 0.25849658122153113]",none,0,"However, there were three arrests for illegal weapons possession in 2012 and three in 2013."
Qwen2.5-1.5B-Instruct_K3,130,944,1.07061767578125,48,1.8664473295211792,0.25799375772476196,"[0.7386014875249506, 0.6153604120603783, 0.8178245514526074]","[0.1232568376689566, 0.08861446882768576, 0.11002839328193659]",none,0,"The TV season is wrapping up and several shows have their finales this week including ""The Americans"", ""Fresh Off the Boat"", ""Vikings"", ""Scorpion"", ""Broadchurch"", and the Academy of Country Music Awards."
Qwen2.5-1.5B-Instruct_K3,130,944,1.1971136331558228,26,0.9014230966567993,0.12478441745042801,"[0.7278958456158412, 0.005779080913026309, 0.23839932579599357]","[0.07411839355518168, 0.014036909112341242, 0.026904988722824676]",baseless,1,"Each of these shows has been praised by critics and fans alike, and the finales are expected to deliver big twists and surprises."
Qwen2.5-1.5B-Instruct_K3,130,944,1.0855441093444824,44,0.10365647822618484,0.051999568939208984,"[0.03413547814125195, 0.08777383159824902, 0.056457779222083365]","[0.01645714015268657, 0.040097495474335366, 0.012174228767600487]",conflict,1,"Some of the shows, like ""Fresh Off the Boat"" and ""Scorpion"", have already been renewed for another season, while others, like ""The Americans"" and ""Broadchurch"", may end with this finale."
Qwen2.5-1.5B-Instruct_K3,130,944,1.4064486026763916,14,-0.15764112770557404,0.06237032637000084,"[-0.03345477789324442, -0.17307222797243021, -0.07341135173263476]","[0.01286403960653258, 0.009431110765021344, 0.005174295971776084]",none,0,Viewers are encouraged to tune in for these exciting and emotional finales.
Qwen2.5-1.5B-Instruct_K3,131,8889,1.551444172859192,16,1.6350436210632324,0.18076643347740173,"[1.1600165909985662, -0.008654454160023306, 0.06038128548880195]","[0.13100817014128552, 0.002211691394663262, 0.0054088650556991524]",none,0,"Chipotle Mexican Grill in Santa Barbara, California has mixed reviews from customers."
Qwen2.5-1.5B-Instruct_K3,131,8889,1.1400281190872192,25,0.9778221845626831,0.1401202380657196,"[0.4864339565485716, -0.003069730022107251, 0.16216574765508995]","[0.04800092005199986, 0.027527800771240438, 0.04804733704533646]",none,0,"While some appreciate the restaurant's cleanliness and delicious food, others have complained about the lack of lettuce options and poor customer service."
Qwen2.5-1.5B-Instruct_K3,131,8889,1.493826150894165,27,1.1494863033294678,0.14357317984104156,"[-0.08474460242226727, 0.9451927753425143, 0.3899283011248405]","[0.01755771718518049, 0.10788410320135343, 0.04806982604621308]",none,0,"One reviewer had to remake their order after being given sour cream instead of guacamole, while another experienced saltiness in their food."
Qwen2.5-1.5B-Instruct_K3,131,8889,2.1501095294952393,13,-0.5250081419944763,0.13272488117218018,"[-0.17616809538874525, -0.36308557763606164, -0.4196692256239028]","[0.04141013088981428, 0.07763872076611733, 0.1018990258366662]",conflict,1,"However, a third reviewer praised the restaurant's atmosphere and ambiance."
Qwen2.5-1.5B-Instruct_K3,131,8889,0.919611930847168,34,0.08361194282770157,0.07465049624443054,"[0.23379224191354725, 0.030638020495055516, -0.013693611323533868]","[0.08086400898398652, 0.009859565688008628, 0.005093151958807512]",none,0,"With a 3.5-star rating and positive comments about the food, Chipotle Mexican Grill appears to be a decent option for those looking for Mexican cuisine in the area."
Qwen2.5-1.5B-Instruct_K3,132,7444,6.524351596832275,3,-0.06484699249267578,0.28334522247314453,"[-0.689191460609436, 0.2503586411476135, 0.32066863775253296]","[0.07766198335836332, 0.005062551509278516, 0.0069012354748944444]",none,0,Sure!
Qwen2.5-1.5B-Instruct_K3,132,7444,0.5983468890190125,56,1.0094608068466187,0.14809152483940125,"[0.9783350007197181, -0.023092686382791987, -0.0003917375318646269]","[0.14327895987563316, 0.004540059831342599, 0.0020469546413082185]",none,0,"Here's an objective overview of Tri-County Produce Co based on the provided structured data:

Tri-County Produce Co is a local business located in Santa Barbara, CA that offers a wide selection of fresh produce, specialty foods, coffee, tea, beer, wine, and spirits."
Qwen2.5-1.5B-Instruct_K3,132,7444,1.1272258758544922,34,0.21608875691890717,0.09890121221542358,"[0.1387880820017445, 0.055107335938587576, 0.09742987941353931]","[0.09820997887848482, 0.0091798979776707, 0.006062354599879092]",none,0,"The business has a rating of 4.0 stars based on reviews from customers, with many praising the freshness and quality of the produce and the variety of items available."
Qwen2.5-1.5B-Instruct_K3,132,7444,1.7934225797653198,13,0.5359331965446472,0.12144885957241058,"[0.47021407043463953, -0.22257130176596826, -0.14661960076437724]","[0.08798253584026838, 0.018317913512996362, 0.006378767617066982]",none,0,Some reviewers have also complimented the helpful staff and easy parking.
Qwen2.5-1.5B-Instruct_K3,132,7444,1.7980421781539917,24,0.7113855481147766,0.14189979434013367,"[0.03575280028690031, 0.5195144826012287, 0.17966501169159224]","[0.022720005828119838, 0.12827734852895625, 0.012757201206611057]",none,0,"However, one reviewer had a negative experience with a miscalculation of the cost of green onions and poor customer service."
Qwen2.5-1.5B-Instruct_K3,132,7444,0.9427288770675659,27,0.1588154435157776,0.0998927503824234,"[0.06291800140031599, 0.4190641711740715, 0.008892732758357414]","[0.08816594683068818, 0.03595215169856974, 0.003477941596766559]",none,0,"The business is open seven days a week from 8am to 8pm, and it offers a loyalty program for customers."
Qwen2.5-1.5B-Instruct_K3,132,7444,1.3357205390930176,17,-0.1013660877943039,0.1161118671298027,"[-0.18432189239298596, -0.05129238765905885, -0.057096986428779715]","[0.1044429337112781, 0.023093312198077056, 0.004828194519230986]",baseless,1,The store also has a convenient location with ample parking and easy access to public transportation.
Qwen2.5-1.5B-Instruct_K3,132,7444,0.8642151951789856,26,0.25099703669548035,0.01546583604067564,"[0.026400788269029363, 0.14645938162942246, -0.006434216061419507]","[0.010489484519177075, 0.0047362975715029825, 0.001672308413568238]",none,0,"Overall, Tri-County Produce Co appears to be a popular local market with a strong focus on providing high-quality products and exceptional customer service."
Qwen2.5-1.5B-Instruct_K3,133,2264,1.3272784948349,51,0.2434721440076828,0.052352890372276306,"[0.08296507557765033, 0.006177757043784082, 0.013239255784462918]","[0.019386286686205817, 0.0013941626930853305, 0.002844305675941595]",baseless,1,"On August 6, 2022, the Saudi-led coalition launched airstrikes on Yemen in support of the government of President Abdrabbuh Mansour Hadi, who fled the country two years ago and is currently residing in Saudi Arabia."
Qwen2.5-1.5B-Instruct_K3,133,2264,1.277087688446045,52,1.2373435497283936,0.2329377830028534,"[1.1500947153596757, 0.02748568959759723, 0.04376392102564681]","[0.22154822072004138, 0.001257526430409738, 0.0028304955610390327]",none,0,"The attacks were described as a means to restore the ""legitimate government"" and protect Yemen's ""constitution and elections."" However, critics argue that the Kingdom's actions are part of a long-standing tradition of suppressing regional competition and opposing efforts to create democratic governments."
Qwen2.5-1.5B-Instruct_K3,133,2264,0.7964614629745483,21,1.989758849143982,0.28011682629585266,"[2.1738329174307487, 0.01844887878230241, 0.01423284761646452]","[0.29351309480677756, 0.002512932814302157, 0.002901161620208032]",none,0,The Saudi goal is reportedly to prevent any popularly supported government in the region from seeking self-determination.
Qwen2.5-1.5B-Instruct_K3,133,2264,1.3717358112335205,38,0.9541428089141846,0.21142327785491943,"[-0.23616221685953956, 1.3410929588188945, -0.04003258497495584]","[0.039594879305570284, 0.14558991222924975, 0.005844888586948041]",none,0,"The American decision to stand behind the attack on Yemen has been criticized as misguided, as the Houthis, a rebel group currently controlling the capital Sanaa, have not attacked American interests."
Qwen2.5-1.5B-Instruct_K3,133,2264,1.3375053405761719,4,0.8992635607719421,0.0942125990986824,"[-0.08909058244898915, 0.9583817259408534, -0.21052695461548865]","[0.028278279613004997, 0.05660938160144724, 0.10489933723874856]",none,0,The U.S.
Qwen2.5-1.5B-Instruct_K3,133,2264,1.7278223037719727,18,0.4524438679218292,0.15084539353847504,"[-0.08007549596934244, 0.5406762970144174, -0.03278507013965282]","[0.018300294217523414, 0.13551093922675742, 0.013165017482808454]",baseless,1,embassy left Yemen in January 2022 and no American assets have been targeted.
Qwen2.5-1.5B-Instruct_K3,133,2264,1.1917973756790161,16,1.4848463535308838,0.2213551104068756,"[-0.008907864919819986, -0.004531552947810269, 1.7264585648081265]","[0.01958285516570868, 0.03732712803798677, 0.2111356218374567]",baseless,1,"The Obama administration appears to have abandoned Yemen to the Saudis' machinations, with a spokesperson describing the Houthis as an ""Iranian proxy."" The conflict between the Saudi-led coalition and the Houthis has been ongoing since 2015 and has led to widespread humanitarian crises and human rights violations."
Qwen2.5-1.5B-Instruct_K3,134,8835,1.662906289100647,17,1.8988807201385498,0.30144965648651123,"[2.109794557971113, -0.012800972117795883, 0.005680238191202721]","[0.26688572720569725, 0.0010729383236192755, 0.0010221493320226299]",none,0,"Mama Lu is a local Asian fusion restaurant located in Santa Barbara, California."
Qwen2.5-1.5B-Instruct_K3,134,8835,1.1596462726593018,23,0.5605263113975525,0.14151296019554138,"[0.42828001106238883, 0.005127992432908682, 0.00821410196215805]","[0.10032366996671518, 0.0010958364427808745, 0.0017707402353153157]",baseless,1,The restaurant offers both dine-in and take-out options and has a rating of 3.0 stars on Google.
Qwen2.5-1.5B-Instruct_K3,134,8835,0.9863002896308899,19,0.3144279420375824,0.1225108951330185,"[0.4585325168935876, -0.01924893799035712, -0.034784339536839216]","[0.09572309499995563, 0.005289238469063811, 0.004022002373523337]",conflict,1,"According to customer reviews, the restaurant's ambiance is casual and the staff is friendly and attentive."
Qwen2.5-1.5B-Instruct_K3,134,8835,0.7487356066703796,24,0.318075567483902,0.10111971944570541,"[0.07778355832366894, -0.07943033849975716, 0.2115767231055846]","[0.04787236369156744, 0.028274096386060894, 0.020647599194489885]",none,0,"While some customers have praised the quality of the food, others have been disappointed with the taste and freshness of the dishes."
Qwen2.5-1.5B-Instruct_K3,134,8835,1.801551103591919,22,0.34093940258026123,0.11237805336713791,"[0.18045695104824103, -0.02911203602442666, 0.35769808558027516]","[0.04201094490698862, 0.011691842551272202, 0.08736498348298483]",none,0,"The buffet options are also reportedly subpar, with one reviewer stating that the food was old and flavorless."
Qwen2.5-1.5B-Instruct_K3,134,8835,1.1502772569656372,12,0.5553269386291504,0.08822491765022278,"[0.6027004245952412, -0.08906345059585874, -0.015132689818225723]","[0.05347779448656335, 0.02744578041445796, 0.017168763882807525]",none,0,"However, the restaurant is conveniently located and offers free parking."
Qwen2.5-1.5B-Instruct_K3,134,8835,1.3429985046386719,33,0.012786547653377056,0.021358327940106392,"[-0.09373436341897876, 0.005769145530772827, 0.07022846078542568]","[0.011719189505507275, 0.0033584088219044766, 0.004043211340481114]",none,0,"Overall, Mama Lu may be worth trying for those looking for a casual and affordable Asian fusion experience, but those seeking high-quality or fresh food may want to look elsewhere."
Qwen2.5-1.5B-Instruct_K3,135,4559,7.973791122436523,4,0.20355582237243652,0.17147892713546753,"[0.07905015349388123, -0.5243158340454102, -0.2642323970794678]","[0.062452081590890884, 0.07768057705834508, 0.02616091025993228]",none,0,No problem!
Qwen2.5-1.5B-Instruct_K3,135,4559,1.2896397113800049,35,0.947552502155304,0.1344400942325592,"[1.014230810504939, 0.010576663272721427, -0.02026569651705878]","[0.12009437014847728, 0.00775595865478473, 0.005497778900982147]",none,0,"Here's a summary of the news in 104 words or less:

The Israeli military continues to bomb the Gaza Strip, causing widespread destruction and calling for international aid."
Qwen2.5-1.5B-Instruct_K3,135,4559,0.524351179599762,18,1.5128169059753418,0.21859405934810638,"[0.5193658271198527, 0.2594553016588179, -0.027768271825708426]","[0.05160743482226988, 0.07538265194938908, 0.007346449669774479]",none,0,Steve Scalise has withdrawn his candidacy for Speaker of the House due to lack of support.
Qwen2.5-1.5B-Instruct_K3,135,4559,0.9007254838943481,29,1.1515302658081055,0.2523099482059479,"[0.003295509005667931, 0.5472159541752952, 0.28829162045916873]","[0.017897452177592265, 0.11731094972274464, 0.0700502237311239]",none,0,"North Korea has threatened to use nuclear weapons in response to the arrival of an American aircraft carrier in South Korea, but experts believe this is unlikely."
Qwen2.5-1.5B-Instruct_K3,135,4559,1.141653299331665,24,1.0546241998672485,0.16411806643009186,"[0.05015913234880524, -0.0020644751190654156, 1.2056983893950626]","[0.02270985904868894, 0.01272776168837216, 0.19044315907376586]",conflict,1,"Finally, Southern California is expected to have partly cloudy skies for the next few days, followed by sunny weather and mild temperatures."
Qwen2.5-1.5B-Instruct_K3,136,5037,1.1759955883026123,20,2.2790088653564453,0.27063870429992676,"[2.4757615463924596, -0.010814170509547694, -0.05180489022677648]","[0.23540063114051007, 0.0005434887454839554, 0.003819598576507133]",none,0,"Pickles & Swiss is a popular deli and sandwich shop located in Goleta, California."
Qwen2.5-1.5B-Instruct_K3,136,5037,1.1107242107391357,43,0.27404746413230896,0.1362086832523346,"[0.3700274111477822, -0.0351145187441309, 0.002926822846453687]","[0.14346094608107135, 0.0010267507473911814, 0.0016548790380773236]",baseless,1,"With an overall rating of 4.5 stars, the business offers a wide variety of delicious sandwiches, including classics like BLTs and grilled cheese, as well as more unique options like the chipotle turkey club."
Qwen2.5-1.5B-Instruct_K3,136,5037,1.450569748878479,25,0.34926918148994446,0.08023310452699661,"[0.29331366711237933, 0.1550077860656893, 0.04745809813204687]","[0.06656764931278303, 0.013903149017373835, 0.004045884805600508]",none,0,"Customers praise the quality of the food, friendly service, and cozy atmosphere, although some have noted longer than expected wait times."
Qwen2.5-1.5B-Instruct_K3,136,5037,0.9810199737548828,25,0.2392432540655136,0.0669107586145401,"[0.13073642541246955, -0.024725397331349087, 0.1629240768287127]","[0.025945422328095446, 0.01875060566210493, 0.024538135811948223]",none,0,"While some reviews mention issues with food quality and freshness, the majority of customers are satisfied with their experiences at Pickles & Swiss."
Qwen2.5-1.5B-Instruct_K3,137,6747,1.8854048252105713,29,0.9108221530914307,0.2103601098060608,"[1.0625374030827641, 0.029835570991116552, -0.04285942822370371]","[0.20317534264465614, 0.0009558671431281694, 0.002423532173789399]",baseless,1,"Rusty's Pizza Parlor is a popular eatery located in Santa Barbara, California, serving delicious pizzas and providing a casual dining experience."
Qwen2.5-1.5B-Instruct_K3,137,6747,1.0827280282974243,18,1.7827246189117432,0.17088252305984497,"[1.7994523896752272, -0.09804050458630324, -0.08410417767693919]","[0.16623108748698062, 0.0017385208766553559, 0.002453603677464697]",none,0,"According to reviews, the restaurant offers reasonable prices, late hours, and quick pickup options."
Qwen2.5-1.5B-Instruct_K3,137,6747,1.2012633085250854,64,0.8750181794166565,0.1875605285167694,"[0.30628626718169016, 0.5185228121296319, 0.052542627766264616]","[0.10855560044721813, 0.04297405073857341, 0.004669263774890853]",none,0,"Customers have praised the quality of the pizza, with some noting that it is ""really good"" and ""Decent."" However, some reviewers have expressed disappointment with the customer service, describing the staff as unfriendly and unresponsive, and noting that there were issues with sanitation, including finding a finger nail in a salad."
Qwen2.5-1.5B-Instruct_K3,137,6747,1.165550947189331,30,0.45072677731513977,0.1272040456533432,"[0.440455217664991, -0.028843698795268817, 0.015528317898982399]","[0.11531748656578505, 0.003405027415317363, 0.001796181667153481]",conflict,1,"Despite these complaints, Rusty's Pizza Parlor has an overall rating of 3.0 stars and is known for its convenient location and WiFi availability."
Qwen2.5-1.5B-Instruct_K3,138,8888,0.6371129155158997,17,1.431605339050293,0.2002333104610443,"[1.0715406247592696, 0.02237044869124314, -0.004224605063962585]","[0.1605141967730186, 0.001642151803293125, 0.004084888451924438]",none,0,"Chipotle Mexican Grill is a fast food restaurant located in Santa Barbara, California."
Qwen2.5-1.5B-Instruct_K3,138,8888,0.5537663698196411,24,0.6348934173583984,0.1246439591050148,"[0.7210516572813503, -0.0003385981459966085, 0.009375061374460833]","[0.1327684602977873, 0.0016820907087359653, 0.002242377018698486]",conflict,1,"The business operates from Monday to Sunday, 10:30 AM to 10:30 PM."
Qwen2.5-1.5B-Instruct_K3,138,8888,1.6966884136199951,13,1.8557264804840088,0.21658076345920563,"[1.4969670222355769, 0.13167288899421692, 0.049739800966702975]","[0.1671889887119715, 0.020039342236346923, 0.007173056555285047]",none,0,The restaurant offers takeout options and good seating capacity for groups.
Qwen2.5-1.5B-Instruct_K3,138,8888,0.593064546585083,13,0.5730149149894714,0.09891222417354584,"[0.6909326672410736, 0.11614321652226724, 0.04704986734745594]","[0.09438076443397082, 0.018262035076846726, 0.004211645919265441]",none,0,"The ambiance of the restaurant is casual, with outdoor seating available."
Qwen2.5-1.5B-Instruct_K3,138,8888,2.34643816947937,15,0.7215191721916199,0.13609610497951508,"[0.927944253757596, -0.08577682615723461, 0.010429790321116647]","[0.12493891611229628, 0.00681925568915176, 0.0037242692176126485]",conflict,1,"The business has Wi-Fi facilities, but they are not available for use."
Qwen2.5-1.5B-Instruct_K3,138,8888,1.0136934518814087,39,1.0221648216247559,0.12614667415618896,"[0.523348208244151, 0.9054775010848132, -0.08596142233258994]","[0.06012567200930509, 0.0886565140738243, 0.011204466909550804]",none,0,"In terms of the reviews, one customer had a negative experience due to the absence of lettuce in their bowl and the mistake made by the staff in putting sour cream instead of guacamole."
Qwen2.5-1.5B-Instruct_K3,138,8888,2.0504984855651855,14,0.03284340351819992,0.1131896898150444,"[-0.23732293356546766, 0.06966293939850791, -0.09533843135432107]","[0.03663000761207513, 0.08080637691689065, 0.013388522239446437]",none,0,"However, the staff member was helpful in rectifying the situation quickly."
Qwen2.5-1.5B-Instruct_K3,138,8888,1.1454120874404907,30,0.35627275705337524,0.14723338186740875,"[-0.14598843647787968, -0.033931096891562144, 0.4320394791235837]","[0.02747973067331865, 0.054879640120392044, 0.06929967677909493]",none,0,"Another customer had a positive experience with the restaurant, praising the quality of the food, the cleanliness of the premises, and the excellent air conditioning system."
Qwen2.5-1.5B-Instruct_K3,138,8888,0.518197774887085,31,0.9223633408546448,0.10586988180875778,"[0.05836154783854351, 0.1484458927307353, 1.080301503904329]","[0.009346502525688501, 0.023895007770522992, 0.12404050722984868]",none,0,"On the other hand, a third customer had a bad experience with the restaurant, citing the salty taste of the food and the rudeness of the manager."
Qwen2.5-1.5B-Instruct_K3,138,8888,0.44739535450935364,4,0.15417923033237457,0.006319728679955006,"[-0.14119194047452766, 0.05444621350397938, -0.029944747553599882]","[0.005075801029647664, 0.0004901245452515468, 0.00037565521500937393]",none,0,"Overall, Chipotle Mexican Grill appears to be a popular destination among food lovers looking for a quick and convenient meal."
Qwen2.5-1.5B-Instruct_K3,139,803,3.0172619819641113,9,2.462634325027466,0.32274895906448364,"[0.8926937630749308, 0.14931217861562296, 0.1835568722906626]","[0.2325900962629627, 0.00575664658274238, 0.010129580489673471]",none,0,"A New York cardiologist, Dr."
Qwen2.5-1.5B-Instruct_K3,139,803,0.6829478144645691,27,2.0656261444091797,0.2906832993030548,"[0.7148572705746455, 0.01612663551835188, 0.03084215750600884]","[0.12896588471711665, 0.004157086672893018, 0.00595900793349655]",none,0,"Anthony Moschetto, and two others have been charged in connection with a plot to harm or kill a rival doctor on Long Island."
Qwen2.5-1.5B-Instruct_K3,139,803,1.2619026899337769,21,0.6635816693305969,0.1631593257188797,"[0.4042659933558233, -0.009217817603928865, 0.34739611600365433]","[0.05805558210418634, 0.048066960354468675, 0.07834431022669719]",none,0,Prosecutors allege that Moschetto sought to have the doctor attacked or killed due to a professional dispute.
Qwen2.5-1.5B-Instruct_K3,139,803,0.9752291440963745,14,0.6103518605232239,0.13453160226345062,"[0.7773028197531987, 0.22010101489390113, 0.000632404289457814]","[0.1211014366667119, 0.02985227877525176, 0.011526276078516926]",conflict,1,The three men have pleaded not guilty and have been released on bail.
Qwen2.5-1.5B-Instruct_K3,139,803,0.36233001947402954,25,1.263056755065918,0.22904233634471893,"[0.15036036434015843, 1.3167294690835478, -0.03307677040338604]","[0.033318262784441686, 0.22245077881121006, 0.005830078230319486]",none,0,"Police discovered over 100 weapons, including hand grenades and high-capacity magazines, at Moschetto's home."
Qwen2.5-1.5B-Instruct_K3,139,803,1.2443108558654785,19,1.5051251649856567,0.274865061044693,"[0.1432658963113729, 1.1913083205489736, 0.0377505906362785]","[0.024391630665999593, 0.23671630789574824, 0.005509852118848357]",none,0,The investigation began as a routine inquiry into the sale of prescription drugs but uncovered the alleged plot.
Qwen2.5-1.5B-Instruct_K3,139,803,0.5341024994850159,11,0.7983684539794922,0.19281892478466034,"[0.009224541644057766, 0.09342535939173434, 1.0068921677090905]","[0.022216744858517566, 0.023985937467593678, 0.1689326020423323]",none,0,The three men are scheduled to appear in court on Friday.
Qwen2.5-1.5B-Instruct_K3,140,6683,1.2873342037200928,34,1.619532585144043,0.2479931116104126,"[1.3764778409146374, 0.06510954690967242]","[0.21780544553856837, 0.01332520384058251]",none,0,"Tori's Oatmeal Lounge is a cafe located in Goleta, CA, with a rating of 2.5 stars based on 3 customer reviews."
Qwen2.5-1.5B-Instruct_K3,140,6683,1.4627348184585571,35,0.4547958970069885,0.13097719848155975,"[-0.07390675691255767, 0.5832491489715591]","[0.10885544611410296, 0.05534748650019147]",none,0,"The lounge is open 24/7, but it seems that the hours may be irregular as customers have reported that it is only open at random times during the night."
Qwen2.5-1.5B-Instruct_K3,140,6683,1.204084873199463,20,1.0269224643707275,0.16965244710445404,"[1.29908457925776, -0.04226785341161303]","[0.14747596431407145, 0.01345221625533668]",conflict,1,"The lounge offers free WiFi and outdoor seating, but does not take reservations or offer take-out services."
Qwen2.5-1.5B-Instruct_K3,140,6683,1.5138468742370605,57,0.6775401830673218,0.16808895766735077,"[0.2036492772424122, 0.2833695107316057]","[0.09107506114608904, 0.07071477395145234]",conflict,1,"According to customer reviews, the atmosphere is casual and not particularly remarkable, with one reviewer describing it as ""random."" One reviewer was unable to find the lounge at the listed address, which appears to be a student housing complex, and another reviewer expressed disappointment at the lack of a lounge."
Qwen2.5-1.5B-Instruct_K3,140,6683,0.8557366728782654,38,0.13711559772491455,0.03050013817846775,"[0.13556453189247755, 0.09724982344246919]","[0.026546312362005376, 0.014859215939180248]",none,0,"Overall, Tori's Oatmeal Lounge appears to be a low-key spot for a casual visit, but may not be the best choice for those looking for a specific atmosphere or reliable hours."
Qwen2.5-1.5B-Instruct_K3,141,9196,6.389310359954834,3,0.0701950415968895,0.23588693141937256,"[-0.4490146040916443, 0.05217514435450236, 0.33078046639760333]","[0.05942902838190397, 0.007336124370340258, 0.007802976101326446]",none,0,Sure!
Qwen2.5-1.5B-Instruct_K3,141,9196,0.5586453676223755,41,0.8443225026130676,0.11844255030155182,"[0.6248601267934257, 0.0009120524124871114, -0.03325846269271229]","[0.0997419882251121, 0.0022449005753600896, 0.0019971477624256117]",none,0,"Here's an objective overview of Marty's Pizza based on the provided structured data:

Marty's Pizza is a popular restaurant located in Santa Barbara, California, offering a variety of pizzas and other menu items."
Qwen2.5-1.5B-Instruct_K3,141,9196,0.9429466724395752,26,0.3139251172542572,0.08994884788990021,"[-0.03627728533326892, 0.06714437780381279, 0.0415534487244888]","[0.06733196635007542, 0.017464262842683917, 0.0024912228922919265]",none,0,"The restaurant has received great reviews from customers, with an average rating of 4.0 stars out of 5.0."
Qwen2.5-1.5B-Instruct_K3,141,9196,1.5307121276855469,16,0.2808189392089844,0.12500964105129242,"[0.508880456091731, 0.05797136490519961, 0.03450104300139856]","[0.11813806413604766, 0.002782863798586277, 0.0006083488233628032]",baseless,1,"The menu includes options such as deluxe pizzas with various toppings, salads, and desserts."
Qwen2.5-1.5B-Instruct_K3,141,9196,0.8621841669082642,21,0.18255940079689026,0.07046465575695038,"[0.0515980073464778, 0.4263450575330613, 0.014162718431656512]","[0.021746608001899, 0.048229997557379126, 0.003620974175189436]",none,0,"According to customer reviews, the pizza at Marty's is exceptional and the service is friendly and attentive."
Qwen2.5-1.5B-Instruct_K3,141,9196,1.1219221353530884,33,0.8480691909790039,0.15934647619724274,"[0.38358435141774616, 0.6781962932747333, 0.05191941654243926]","[0.08210300852256709, 0.07243811306494247, 0.02585757931178386]",none,0,"One reviewer raved that the pizza was the ""BEST PIZZA EVER!"" while another praised the ""spectacular"" pizza and ""wonderful"" hospitality."
Qwen2.5-1.5B-Instruct_K3,141,9196,1.5126383304595947,26,1.0149787664413452,0.22482441365718842,"[-0.0027932150756336902, 1.1691479987804576, -0.02171564395913405]","[0.01669129012531392, 0.24234730060868515, 0.0017446875400821682]",none,0,"However, one customer experienced issues with the online ordering system and found the restaurant's phone to be unanswered during a busy Saturday lunchtime."
Qwen2.5-1.5B-Instruct_K3,141,9196,1.738280177116394,22,1.160327434539795,0.0904163047671318,"[1.7336824837733398, -0.22537927999457513, -0.08154317084170709]","[0.10470341971482743, 0.012465560284578136, 0.0032490782691845447]",conflict,1,"The restaurant offers outdoor seating and takeout options, but does not have validated parking or valet services."
Qwen2.5-1.5B-Instruct_K3,141,9196,1.7834320068359375,12,0.2877066433429718,0.18440310657024384,"[0.3316234697898229, -0.155503137037158, -0.02981681376695633]","[0.1812421157180021, 0.01315353496465832, 0.0014265738718677312]",conflict,1,"WiFi is also not available, but customers can enjoy music and a casual, intimate atmosphere."
Qwen2.5-1.5B-Instruct_K3,142,5500,5.629695415496826,3,0.8298097252845764,0.2089710384607315,"[0.12273923556009929, 0.27934664487838745, 0.8666683236757914]","[0.09668834988648693, 0.007160659180954099, 0.03538759130363663]",none,0,Sure!
Qwen2.5-1.5B-Instruct_K3,142,5500,0.3523300290107727,37,1.7506128549575806,0.13531611859798431,"[1.6581306961501519, -0.006087686352780233, 0.017442406037819613]","[0.12797908525150176, 0.0002510850546471104, 0.0008174536998424357]",none,0,"Here's an objective overview of the local business ""Left At Albuquerque"" based on the provided structured data:

Left At Albuquerque is a Tex-Mex restaurant located in Santa Barbara, CA."
Qwen2.5-1.5B-Instruct_K3,142,5500,1.0259068012237549,23,0.16974680125713348,0.10017994046211243,"[-0.05105674596732412, 0.08216576697652825, 0.09225430268460237]","[0.054736639087897616, 0.003958379499944998, 0.005558530079724733]",baseless,1,The restaurant has an average rating of 3.0 stars out of 5 based on 3 customer reviews.
Qwen2.5-1.5B-Instruct_K3,142,5500,1.1262081861495972,42,1.548052430152893,0.2746727168560028,"[0.8243260596535125, 0.04824746983450452, 0.30100002769242046]","[0.1481696321149814, 0.06446609924474463, 0.03376831326874486]",none,0,"One reviewer praised the restaurant's killer margaritas and unique appetizer, ""Ball of Fire,"" while another reviewer was disappointed with the service and the fact that they were seated outside despite asking for the bar."
Qwen2.5-1.5B-Instruct_K3,142,5500,1.2135605812072754,25,0.46690407395362854,0.10319577902555466,"[0.08491029372671619, 0.6111964990484922, 0.32222858618613825]","[0.04261775754974224, 0.06657391332606835, 0.08370138177370791]",none,0,"A third reviewer found the ambience to be great and enjoyed the chips and salsa, but thought the food was just okay."
Qwen2.5-1.5B-Instruct_K3,142,5500,1.4335627555847168,8,0.8360646963119507,0.20524075627326965,"[0.7183489007875323, 0.036897312696964946, 0.18530856265715556]","[0.20124412118457258, 0.01043625373949908, 0.007049626522075414]",conflict,1,The restaurant offers outdoor seating and takes reservations.
Qwen2.5-1.5B-Instruct_K3,142,5500,1.5424984693527222,37,0.2778873145580292,0.069004125893116,"[0.21345281316835835, 0.03483648555324967, 0.04417374851520337]","[0.058939095630980654, 0.0066619478508761635, 0.004896115782218191]",none,0,"Here are some key points about Left At Albuquerque based on the customer reviews:

* Good for groups: Yes, the restaurant is suitable for group dining and has a large outdoor patio area."
Qwen2.5-1.5B-Instruct_K3,142,5500,0.6740071773529053,24,0.2917255461215973,0.08290737122297287,"[0.3468890554807634, 0.017010676078257347, -0.015086048350193929]","[0.0834922543886023, 0.014012018087167158, 0.002134772581631713]",none,0,"* Good for happy hour: Yes, the restaurant offers happy hour specials and has a wide selection of tequilas."
Qwen2.5-1.5B-Instruct_K3,143,2324,1.5171180963516235,15,0.7247424721717834,0.09848728775978088,"[0.5684213572802643, -0.027136934082955123, 0.03958845868085822]","[0.0575728379903012, 0.0011741657775322285, 0.0008062029194358426]",none,0,Hillary Clinton has officially declared her candidacy for President of the United States.
Qwen2.5-1.5B-Instruct_K3,143,2324,1.099210500717163,32,0.4280914068222046,0.11162988841533661,"[0.049059960454542306, 0.2338766519933415, 0.3658596745376599]","[0.03346399658641985, 0.04250202730671049, 0.05641911506768338]",none,0,"Throughout her career, she has been associated with several controversial policies and scandals, including the Iraq War and her use of a private email account while Secretary of State."
Qwen2.5-1.5B-Instruct_K3,143,2324,1.5789978504180908,19,-0.10568179935216904,0.09226445108652115,"[-0.08815733504506122, 0.054836260338656996, -0.023454027489366893]","[0.043458168805380795, 0.021648469121971988, 0.014948374477171456]",baseless,1,"Many politicians, including Jeb Bush and Bernie Sanders, have announced their intention to run against her."
Qwen2.5-1.5B-Instruct_K3,143,2324,1.761330485343933,31,1.5734038352966309,0.2085084319114685,"[1.426435060033034, 0.028649287415617203, -0.00756408921939334]","[0.20102895706546522, 0.005639607657062496, 0.0036066640502869425]",none,0,"The Economist posits the question of what Clinton stands for, given that she is seen as both highly credible and almost unchallenged within her party."
Qwen2.5-1.5B-Instruct_K3,143,2324,2.398423671722412,25,0.7000318765640259,0.12169317901134491,"[0.5265004685334861, 0.1493107898265589, -0.038670181008055804]","[0.09193127681966871, 0.0635395320536918, 0.006701569647848373]",none,0,Some believe that the lack of definition and clear goals make her an appealing target for liberals who are looking for a way forward.
Qwen2.5-1.5B-Instruct_K3,143,2324,1.4413729906082153,28,0.3196851909160614,0.08435481786727905,"[0.3872154613524929, -0.043657271370258446, 0.0069266265627447865]","[0.06313474212001731, 0.050560158199727666, 0.004500977425032764]",none,0,"In addition, Clinton's political career has spanned a quarter of a century, from First Lady to Secretary of State and now Presidential Candidate."
Qwen2.5-1.5B-Instruct_K3,143,2324,1.8366974592208862,27,0.0568728968501091,0.06496404856443405,"[0.0018335197603812925, -0.038894867765958664, -0.056124339914984174]","[0.030834452361213387, 0.027665622008498758, 0.014428216228326265]",none,0,"Despite concerns about her lack of clear objectives, many Americans view Clinton as capable and experienced, making her a formidable opponent in the upcoming election."
Qwen2.5-1.5B-Instruct_K3,144,3867,7.147052764892578,3,1.286890983581543,0.14976614713668823,"[0.24212020635604858, 0.13226558764775595, 0.25276384751001996]","[0.026663688321908314, 0.012183611242411038, 0.008877131001402935]",none,0,Sure!
Qwen2.5-1.5B-Instruct_K3,144,3867,0.8251277804374695,51,1.1735163927078247,0.1742841750383377,"[0.6074232864486083, 0.08835644193231036, 0.003010050753800897]","[0.08560484895485619, 0.006098250704944379, 0.002114993532640095]",none,0,"Here's a summary of the article in 72 words:

Despite a decrease from 2021, over 100,000 Californians still moved to Texas in 2022 due to high cost of living."
Qwen2.5-1.5B-Instruct_K3,144,3867,1.7250161170959473,16,0.9207847118377686,0.18050932884216309,"[0.41076920880004764, 0.8959185960702598, 0.19334843009710312]","[0.04159506076393882, 0.15997063170652837, 0.026121124035853427]",baseless,1,"Younger families and immigrants are leaving, while older residents and tech workers remain."
Qwen2.5-1.5B-Instruct_K3,144,3867,0.49084004759788513,14,1.181465983390808,0.18891575932502747,"[0.09292250883299857, 0.9257219690563423, 0.05570979336126974]","[0.02569902497426873, 0.15006397172276462, 0.009673606571595883]",none,0,Other states like Florida and Arizona also saw increases in Californians moving in.
Qwen2.5-1.5B-Instruct_K3,145,2597,1.0837693214416504,36,3.234286308288574,0.3139692544937134,"[0.5417967154642409, 0.006092289070390204, 0.33779775888837726]","[0.07063668239392326, 0.006491496786894559, 0.044366607362108984]",none,0,"Robert Boardwine has been granted joint legal custody and visitation rights to his son, whose mother, Joyce Bruce, used a turkey baster to become pregnant with his sperm."
Qwen2.5-1.5B-Instruct_K3,145,2597,0.896665632724762,29,1.2288362979888916,0.23470538854599,"[0.5440179489157564, 0.05645952020382412, 0.3400213287888368]","[0.15830714380140778, 0.0029820498644798576, 0.03588676509865889]",none,0,"The Court of Appeals of Virginia ruled that the turkey baster does not constitute ""medical technology"" and therefore Boardwine is considered the biological father."
Qwen2.5-1.5B-Instruct_K3,145,2597,0.9740687012672424,30,0.2861350476741791,0.13426193594932556,"[-0.01734517332321654, 0.0242183795683862, 0.06815781480399892]","[0.04143261006975081, 0.00813408244803971, 0.06888900720950915]",none,0,"Despite Bruce's argument that he was only a sperm donor, the court ruled that Boardwine has the right to be involved in his son's life."
Qwen2.5-1.5B-Instruct_K3,145,2597,1.5208390951156616,18,-0.26313096284866333,0.09982545673847198,"[-0.11584047120737119, -0.0267565275167322, -0.13760811342702559]","[0.031595852861452535, 0.0029313653523988454, 0.017279902282704523]",baseless,1,The case has sparked debate around the legal definition of a parent and the rights of sperm donors.
Qwen2.5-1.5B-Instruct_K3,146,6417,1.700706124305725,19,1.315598726272583,0.21270513534545898,"[0.5210883089135965, 0.01463103611183071, -0.00536067878496588]","[0.11986662678502494, 0.0008043158098333056, 0.0017066897660601842]",none,0,"The Lobero Theatre is a historic music venue located in downtown Santa Barbara, California."
Qwen2.5-1.5B-Instruct_K3,146,6417,0.7752637267112732,27,0.3441520929336548,0.09525297582149506,"[0.5002901959206038, -0.045733610897851, -0.012491195272189172]","[0.09967162136623149, 0.0016246330210463013, 0.0016895310617754873]",none,0,"With a rich history dating back to 1873, the theatre offers a unique blend of old-world charm and modern amenities."
Qwen2.5-1.5B-Instruct_K3,146,6417,1.5338636636734009,28,0.812462329864502,0.10803043842315674,"[0.3234841929146829, 0.18015144225926502, 0.07942268678506739]","[0.07482749918910615, 0.021990437766149284, 0.004225471871804538]",none,0,"Boasting four out of five stars, the theatre has received excellent reviews for its commitment to safety protocols, sound quality, and overall ambiance."
Qwen2.5-1.5B-Instruct_K3,146,6417,1.4767177104949951,31,0.18529102206230164,0.06823326647281647,"[-0.18062350436529442, -0.08996040146449823, 0.3859255621906531]","[0.04515088598358371, 0.006543661368059731, 0.03231478698350543]",conflict,1,"Visitors can enjoy a range of performances, including live music, plays, and symphonies, in a intimate setting with no bad seats in the house."
Qwen2.5-1.5B-Instruct_K3,146,6417,1.4317764043807983,27,-0.1464664191007614,0.05593414977192879,"[7.075633146558646e-05, 0.036624545049293106, -0.012539529298751236]","[0.0649214167379897, 0.0034502088615058542, 0.0035421464229548967]",none,0,"The theatre's ornate decor and classic design add to the overall experience, making it a must-visit destination for fans of live entertainment."
Qwen2.5-1.5B-Instruct_K3,147,9644,1.2985409498214722,13,2.1467361450195312,0.241225466132164,"[1.2070321524157548, -0.02111276923656428, -0.09507805264841479]","[0.11287362090885066, 0.0030670693896581724, 0.004120973487225945]",none,0,"Revolver is a restaurant located in Santa Barbara, California."
Qwen2.5-1.5B-Instruct_K3,147,9644,2.1507487297058105,13,1.1649292707443237,0.1424417495727539,"[0.8425702521434197, -0.02098371432377742, -0.12817982240365103]","[0.09949918297262719, 0.006575471872425764, 0.008863511678870194]",none,0,They offer pizza and are categorized as such in their Yelp listing.
Qwen2.5-1.5B-Instruct_K3,147,9644,0.872175395488739,28,0.4949164390563965,0.08318028599023819,"[0.676349365711628, -0.042523607027500736, 0.01914322238008026]","[0.10633084043625526, 0.002648687459181279, 0.0014286797521500766]",conflict,1,"Their hours of operation vary by day, but they are open from 4 pm to 10 pm on Wednesdays through Sundays."
Qwen2.5-1.5B-Instruct_K3,147,9644,1.3531382083892822,21,0.7657874822616577,0.12694229185581207,"[0.9385528819347244, 0.07821741204575769, 0.04157141541751722]","[0.1377625746262354, 0.004709020867613574, 0.0023481845536956654]",baseless,1,"They do not take reservations and offer outdoor seating, free Wi-Fi, and the option to take out orders."
Qwen2.5-1.5B-Instruct_K3,147,9644,1.049363613128662,17,0.7193607687950134,0.14465518295764923,"[0.623775308184764, -0.10135973683174919, 0.04684245671309969]","[0.11452291752485667, 0.02097022678336704, 0.0043256596228970655]",baseless,1,"The restaurant's ambiance is described as trendy and intimate, with a casual vibe."
Qwen2.5-1.5B-Instruct_K3,147,9644,1.675724744796753,17,1.0106637477874756,0.07268784940242767,"[0.96329963700298, 0.24002680319416173, -0.05313405446598635]","[0.06260600583353902, 0.012714947747102703, 0.0029856935081645185]",none,0,"They do not offer valet service or validated parking, but there is street parking available."
Qwen2.5-1.5B-Instruct_K3,147,9644,1.523908257484436,22,0.8763617873191833,0.11408567428588867,"[0.9660652530464259, 0.01607251764190468, -0.08138682693243027]","[0.08420967012220486, 0.01314682987404839, 0.007213690379764806]",none,0,"Customers who have reviewed the restaurant highly recommend the pizza, specifically mentioning the fresh toppings and beautifully handmade crust."
Qwen2.5-1.5B-Instruct_K3,147,9644,0.8767164945602417,17,1.4659854173660278,0.17445555329322815,"[0.6964259047937744, 1.6533831851556897, -0.04506208736668615]","[0.07029251985744957, 0.12876391402610085, 0.025538543656961444]",none,0,"They also praise the salads, with particular mentions of the Caesar salad and market salad."
Qwen2.5-1.5B-Instruct_K3,147,9644,0.7441284656524658,15,1.3006457090377808,0.19371703267097473,"[0.06030945098173106, 1.3982213138680284, -0.014135949009263035]","[0.01973257203844696, 0.20762836568707524, 0.0017766708860373606]",none,0,"However, some customers have noted odd hours and a long wait time for food."
Qwen2.5-1.5B-Instruct_K3,147,9644,1.3732620477676392,23,-0.053228918462991714,0.050901997834444046,"[-0.08141584808764372, -0.07355349311190999, 0.05986976658095955]","[0.024030656243390378, 0.022381927056717706, 0.003877900039761382]",none,0,"Overall, Revolver appears to be a popular spot for pizza and salads, with a trendy and casual atmosphere."
Qwen2.5-1.5B-Instruct_K3,147,9644,1.398541808128357,14,-0.06158195063471794,0.0355631560087204,"[-0.09112788596706066, -0.02759414252172324, 0.04668707862323832]","[0.017174847497374555, 0.05402013469210942, 0.001984216296088042]",none,0,"While some customers may find the hours of operation and wait times to be less than ideal, others seem more than happy to put up with these inconveniences for the quality of the food."
Qwen2.5-1.5B-Instruct_K3,148,2060,1.462353229522705,30,0.8020196557044983,0.13229084014892578,"[0.13955003383938067, -0.0053625270171323795, 0.2430079781333916]","[0.04682914731626321, 0.00439399603195246, 0.02976920590372174]",none,0,"A ship carrying hundreds of migrants capsized and sank in the Mediterranean Sea on Saturday, resulting in the deaths of at least 24 people."
Qwen2.5-1.5B-Instruct_K3,148,2060,1.2596261501312256,35,1.2365530729293823,0.22023795545101166,"[1.2051286685438494, 0.016061173448646774, -0.05132247891119083]","[0.2016449418650674, 0.008697840006906127, 0.001752300024177852]",none,0,"The Bangladeshi survivor of the shipwreck claims there were 950 people on board, while authorities previously stated that around 50 people were rescued."
Qwen2.5-1.5B-Instruct_K3,148,2060,1.5465445518493652,25,0.11564480513334274,0.16989931464195251,"[0.06046866289747413, 0.11107770447968505, -0.1362011141054245]","[0.06069180719932774, 0.12787948442474772, 0.011878412029973332]",baseless,1,"According to the survivor, the migrants were trying to escape Libya and reach Europe when they were caught in a storm at sea."
Qwen2.5-1.5B-Instruct_K3,148,2060,1.2798758745193481,22,1.1834049224853516,0.17866204679012299,"[0.07623697212495079, 0.703348341935039, 0.029096688405182]","[0.05193833578960039, 0.10323589470718791, 0.0025660552847222625]",none,0,"They were overcrowded on the boat, and smugglers had locked some of the doors, trapping people inside."
Qwen2.5-1.5B-Instruct_K3,148,2060,1.6504507064819336,17,0.5369259715080261,0.15904295444488525,"[0.691098545135259, -0.017124336001710188, -0.026951549250203672]","[0.14627197675647896, 0.027054017345248586, 0.0031138706021519125]",none,0,"The ship was unstable, and the movement of the passengers caused it to capsize."
Qwen2.5-1.5B-Instruct_K3,148,2060,1.271889090538025,21,0.323525607585907,0.08769451081752777,"[0.002386463185151418, -0.06697387310504425, 0.40472613678208463]","[0.013265031795266882, 0.0289902364600147, 0.04274322495863695]",none,0,"Rescue efforts continue, and the international community is discussing ways to address the root causes of the migration crisis."
Qwen2.5-1.5B-Instruct_K3,148,2060,1.2731999158859253,23,0.2585040032863617,0.07987909018993378,"[0.056709050726013906, 0.30794675364260277, -0.057545447589212054]","[0.006367794570797228, 0.06782386426145778, 0.03236560575404066]",none,0,The incident has sparked criticism of human traffickers and calls for greater efforts to protect migrants and provide safe passage to Europe.
Qwen2.5-1.5B-Instruct_K3,149,9593,1.4676387310028076,28,1.2221943140029907,0.18658755719661713,"[1.4437321878826228, -0.0018623821784525976, -0.0921305154593678]","[0.1614023441880558, 0.006077854477163263, 0.006444704292334791]",baseless,1,"Located in the heart of Santa Barbara, Arlington Tavern is a popular spot for delicious American cuisine, lively nightlife, and a cozy atmosphere."
Qwen2.5-1.5B-Instruct_K3,149,9593,1.299796223640442,32,0.3049159646034241,0.071977898478508,"[0.19709983074949378, 0.04251474123157095, 0.009612587262154193]","[0.050698536043662035, 0.018736579241092954, 0.005984561833688673]",none,0,"With a rating of 4 stars and a menu that boasts mouthwatering dishes, this restaurant is a must-visit for anyone looking for a satisfying meal."
Qwen2.5-1.5B-Instruct_K3,149,9593,1.0264719724655151,24,0.19445455074310303,0.04354153946042061,"[0.1443219912901744, -0.05118772168740785, 0.03182635680938498]","[0.03193276206980045, 0.004821052010785347, 0.0021180641102110562]",conflict,1,"The establishment offers both indoor and outdoor seating, making it an excellent choice for a casual gathering or a romantic evening out."
Qwen2.5-1.5B-Instruct_K3,149,9593,0.9819673895835876,25,0.3971380591392517,0.07933913916349411,"[0.045772402867442, 0.4876131348049239, 0.014874957851679938]","[0.016454510967184602, 0.04773937550440678, 0.007582287009524294]",none,0,"While some patrons have expressed dissatisfaction with the service, the majority of reviews praise the friendliness and attentiveness of the staff."
Qwen2.5-1.5B-Instruct_K3,149,9593,1.242908000946045,34,0.3859785497188568,0.0334760881960392,"[0.41725016992557035, 0.011342910089912466, 0.00568645528772001]","[0.03170053647729406, 0.0020338489642079045, 0.002123878657685322]",none,0,"Additionally, Arlington Tavern offers takeout options and reservations, making it easy to enjoy their delectable food from the comfort of your own home or at a later convenience."
Qwen2.5-1.5B-Instruct_K3,149,9593,1.2887046337127686,17,0.05406505987048149,0.021089794114232063,"[-0.05812153465761666, 0.04495685227940318, 0.055829692535981475]","[0.008845431784132362, 0.004703124917100735, 0.0015294154742311068]",none,0,"Overall, this restaurant is an excellent choice for anyone seeking great food and a welcoming ambiance."
Qwen2.5-1.5B-Instruct_K3,150,8453,1.1886605024337769,32,1.8729698657989502,0.2260483056306839,"[1.0708477280295483, 0.00975437319584671, 0.634855359441417]","[0.13957748675102266, 0.009080764704680888, 0.049184262758600994]",none,0,"The Palms is a traditional American restaurant located in Carpinteria, California, offering a unique dining experience where customers can cook their own steak and chicken."
Qwen2.5-1.5B-Instruct_K3,150,8453,1.6118197441101074,30,0.3945748507976532,0.13535025715827942,"[0.3812127331892649, -0.05004304123528224, -0.0901077351954882]","[0.11668497521119812, 0.00468463194273833, 0.03486106742132809]",baseless,1,"The restaurant has a casual and classy atmosphere, with a rating of 3.5 stars and a price range of $16-$35."
Qwen2.5-1.5B-Instruct_K3,150,8453,1.3515467643737793,25,0.8715760707855225,0.15018753707408905,"[0.25797909604152663, -0.06643645051750355, 0.6021868483291474]","[0.07519503699848429, 0.008808836729640461, 0.08678781287831953]",conflict,1,"It is suitable for dates, family dinners, and celebrations, and offers outdoor seating, takeout, and a full bar."
Qwen2.5-1.5B-Instruct_K3,150,8453,1.1619350910186768,29,0.8825295567512512,0.1680699735879898,"[-0.14617434239040322, -0.14008885165840812, 1.0048907195598138]","[0.02376643439026009, 0.011174982431919818, 0.14302985655956293]",none,0,"The menu includes a variety of options such as rib-eye, filet mignon, crab, shrimp, salads, beans, and baked potatoes."
Qwen2.5-1.5B-Instruct_K3,150,8453,0.984237551689148,26,0.39595311880111694,0.07184366881847382,"[0.33850957130869996, 0.14418444918611875, 0.06225890250733265]","[0.05452136096741574, 0.0249288473076796, 0.00919858607588909]",baseless,1,"The restaurant is open for dinner from 5 pm to 10 pm, Monday through Sunday, and reservations are not accepted."
Qwen2.5-1.5B-Instruct_K3,150,8453,1.149395227432251,37,0.45019763708114624,0.09643740206956863,"[0.041826871941117824, 0.5107718293328543, 0.017370042790709115]","[0.022778804865476954, 0.10061049404100993, 0.009067110500492729]",none,0,"Customers have praised the quality of the food, especially the steak, and the excellent service provided by the staff, particularly Trish, who has been noted for her friendly and attentive service."
Qwen2.5-1.5B-Instruct_K3,150,8453,0.5501489043235779,21,0.012303454801440239,0.01702531985938549,"[0.07511798561721489, -0.00939835671862879, 0.07120403284812667]","[0.021717999443239933, 0.005049497190998274, 0.006847484593167778]",none,0,"Overall, The Palms is a great choice for those looking for a delicious and memorable dining experience in Carpinteria."
Qwen2.5-1.5B-Instruct_K3,151,7597,0.6546081304550171,28,2.2567455768585205,0.3022766411304474,"[2.2733051113027614, 0.015247372352990039, 0.008777085189389513]","[0.29965022040414624, 0.0006686271278064331, 0.0008741320858364686]",none,0,"Paesano's Pizzeria is a local business located at 1429 San Andres St in Santa Barbara, CA."
Qwen2.5-1.5B-Instruct_K3,151,7597,1.3750680685043335,18,1.458177089691162,0.16742296516895294,"[1.2081468990201958, 0.011167716462093975, 0.001104967460075083]","[0.15210756881080872, 0.0012764112291784437, 0.0005890466342053616]",none,0,The establishment primarily focuses on serving pizza and falls under the categories of both Pizza and Restaurants.
Qwen2.5-1.5B-Instruct_K3,151,7597,0.9554640054702759,59,-0.049539804458618164,0.045008230954408646,"[-0.027513664469721734, -0.014768489597017988, -0.004007402883224254]","[0.045181167747803216, 0.0005333035204461401, 0.0004396250419814597]",none,0,"The pizzeria operates from 11:00 am to 9:00 pm from Monday to Thursday, extending their hours till 10:00 pm on Fridays, and from 11:00 am to 10:00 pm on Saturdays."
Qwen2.5-1.5B-Instruct_K3,151,7597,0.42844656109809875,23,0.16183944046497345,0.03533537685871124,"[0.20185074230691855, -0.003608847012460699, -0.007795167871790909]","[0.03782523608718629, 0.0002980129037095851, 0.0001732399560533731]",none,0,"On Sundays, the business opens at 12:00 pm and closes at 8:00 pm."
Qwen2.5-1.5B-Instruct_K3,151,7597,1.3900164365768433,31,0.5193848013877869,0.05685945972800255,"[0.48804348160375677, -0.023971491545155238, 0.022607022999211274]","[0.052114410432442394, 0.0005616588965025467, 0.00041704570337001756]",none,0,"The pizzeria offers outdoor seating and takeout services, making it convenient for customers who prefer to enjoy their pizza on-site or take it home."
Qwen2.5-1.5B-Instruct_K3,151,7597,1.2989861965179443,22,0.22938205301761627,0.08731814473867416,"[0.19900825953267154, 0.012978037060747738, 0.015907367266415597]","[0.08851736266064397, 0.0006373062247333069, 0.0008817034576367178]",conflict,1,"Furthermore, Paesano's Pizzeria is suitable for groups and provides free Wi-Fi for its customers."
Qwen2.5-1.5B-Instruct_K3,151,7597,1.4383593797683716,12,1.4655667543411255,0.12429690361022949,"[1.3861684040069424, -0.016659137916879747, 0.05161005480416255]","[0.11366292985470257, 0.00264787792513251, 0.001150237671341851]",baseless,1,The establishment has a casual ambience and does not offer music.
Qwen2.5-1.5B-Instruct_K3,151,7597,1.4953126907348633,7,0.29548317193984985,0.09454552084207535,"[0.26654547452926636, -0.0019826596336705343, -0.03567521167652948]","[0.05536770581134728, 0.0002961825162596402, 0.000672266739846756]",none,0,Customers have left mixed reviews about the pizzeria.
Qwen2.5-1.5B-Instruct_K3,152,9557,1.4624297618865967,18,2.572007894515991,0.30700403451919556,"[2.1241709461642637, 0.011012810872570198, 0.04422332073025043]","[0.26977333354039323, 0.0008052780284136437, 0.002798923683744508]",none,0,"Wake Cup is a popular dessert and tea shop located in Isla Vista, California."
Qwen2.5-1.5B-Instruct_K3,152,9557,1.1473007202148438,23,0.8183682560920715,0.1489231437444687,"[0.639742028608927, -0.01257202115764654, -0.006039610567788021]","[0.15259874847027316, 0.0009900652079987476, 0.002640563081241532]",none,0,"They offer a variety of drinks and snacks, including bubble tea, smoothies, and Hong Kong-style cafe food."
Qwen2.5-1.5B-Instruct_K3,152,9557,1.2458069324493408,17,0.43123653531074524,0.12766776978969574,"[0.33098948504202247, 0.05020408717845224, 0.0771475334853783]","[0.11949684411507298, 0.0019540533651703595, 0.0029518984053057092]",conflict,1,"The shop has a casual and relaxed atmosphere, with both indoor and outdoor seating available."
Qwen2.5-1.5B-Instruct_K3,152,9557,1.3250036239624023,8,-0.5048270225524902,0.07430317997932434,"[-0.415024446832831, -0.043027824656746816, -0.028950782208994497]","[0.06394352396819158, 0.0005608437405157929, 0.0012547680757961643]",none,0,Free Wi-Fi is also provided for customers.
Qwen2.5-1.5B-Instruct_K3,152,9557,1.117967963218689,25,0.3727315664291382,0.07980471104383469,"[0.08722836709363037, 0.11352843019980355, -0.020032183644470933]","[0.03140395037342387, 0.0030028810906924264, 0.02033987883435202]",none,0,"Reviews of Wake Cup are generally positive, with many customers praising the quality and taste of their bubble tea and milk tea."
Qwen2.5-1.5B-Instruct_K3,152,9557,1.3631409406661987,29,0.90672367811203,0.1795281022787094,"[0.3237815437224244, 0.13891055386795478, 0.07860540079704591]","[0.11470281082262679, 0.030991088515002988, 0.0368281448504839]",none,0,"One reviewer noted that the staff was generous with the amount of boba they included in their drink, and the jasmine milk tea was particularly delicious."
Qwen2.5-1.5B-Instruct_K3,152,9557,1.4279916286468506,27,0.2017386108636856,0.05890599265694618,"[-0.07090808564222513, -0.020282325990626338, 0.23081432736135968]","[0.010250579386466698, 0.0009161615856572569, 0.07505432944122327]",none,0,"However, there have been some complaints about the service, with one reviewer expressing frustration with the long wait time and poor customer service they experienced."
Qwen2.5-1.5B-Instruct_K3,152,9557,0.7912105917930603,16,0.06499409675598145,0.03247112035751343,"[-0.03843472750588717, -0.016127346066241444, -0.028565726844419714]","[0.03943783333201267, 0.0007733630258601742, 0.0024951443600969014]",conflict,1,"Wake Cup is open seven days a week, with extended hours on weekends."
Qwen2.5-1.5B-Instruct_K3,152,9557,1.6425557136535645,18,0.03438470512628555,0.07647111266851425,"[0.058833036571741104, -0.016676654832230672, -0.05323205722702874]","[0.07163618429977861, 0.00040670149569955864, 0.0023434402612312827]",baseless,1,"They accept cash and credit cards, and offer takeout and delivery options through various platforms."
Qwen2.5-1.5B-Instruct_K3,152,9557,1.6804070472717285,15,-0.048080239444971085,0.11788535118103027,"[0.006591980655988057, -0.018267403542995452, -0.056977432469526926]","[0.11545117385685444, 0.0014404285694278466, 0.0034561147758116325]",none,0,"While they do not have a dedicated parking lot, street parking is available nearby."
Qwen2.5-1.5B-Instruct_K3,152,9557,0.15687797963619232,4,0.054173097014427185,0.006762487813830376,"[0.04257584317019791, 0.002880015030314098, 0.036033570348990906]","[0.0043171880809040886, 4.026914029964246e-05, 0.0012457789224527005]",none,0,"Overall, Wake Cup appears to be a solid choice for those looking for tasty bubble tea and milk tea in the Isla Vista area."
Qwen2.5-1.5B-Instruct_K3,153,2970,1.5031172037124634,24,0.8429887294769287,0.229853555560112,"[0.7173255153077965, -0.026683401923340472, -0.03129575946513796]","[0.1983999301349589, 0.004121207439917877, 0.0049492421928031645]",none,0,ISIS fighters have taken control of several districts in the Iraqi city of Ramadi after a full day of fighting yesterday.
Qwen2.5-1.5B-Instruct_K3,153,2970,1.696898341178894,49,0.9104182124137878,0.19771195948123932,"[0.9875931520851291, -0.04623930670359001, -0.017303037584274625]","[0.1814675317240917, 0.005106734567023671, 0.00297144681299331]",none,0,"The areas of Albu Faraj, Albu Essa and Albu Risha are now all under ISIS control, the group having used suicide and car bombs to overcome the local security forces, ten of whom were reportedly killed in the attacks."
Qwen2.5-1.5B-Instruct_K3,153,2970,1.5880935192108154,47,0.3580131232738495,0.11943085491657257,"[0.3929690028419421, 0.06953433679882437, 0.021837783917943214]","[0.1207821363036117, 0.010332308452592422, 0.0025679736574718537]",baseless,1,"Ramadi, which is approximately 70 miles west of Baghdad, has seen some of the most intense and persistent fighting in the whole of Iraq; it is now largely under ISIS control, despite the best efforts of the US-led airstrikes."
Qwen2.5-1.5B-Instruct_K3,154,3752,1.648226261138916,34,0.9319919943809509,0.18803119659423828,"[-0.0027290710371316355, 0.07315680262057439, 0.011207650949740234]","[0.04270990289960002, 0.0339658818920725, 0.009283409244209692]",none,0,"The Duke and Duchess of Cambridge (William and Kate) are reportedly concerned that their children, George, Charlotte, and Louis, will become too exposed to the spotlight."
Qwen2.5-1.5B-Instruct_K3,154,3752,1.3080931901931763,24,0.9400377869606018,0.1519678682088852,"[0.47234563643822486, 0.6058839543935998, 0.003821441523958432]","[0.0830050191338169, 0.08457260487557505, 0.007477840008133303]",none,0,They want them to have a regular childhood and avoid being seen as more relatable than the rest of the royal family.
Qwen2.5-1.5B-Instruct_K3,154,3752,1.6691268682479858,20,0.5780085921287537,0.12978696823120117,"[0.1423887012526393, 0.1114581051748246, -0.018935304670594632]","[0.06563385787885637, 0.03629183251177892, 0.006310745031441911]",none,0,This is why they have kept the children away from the public eye and sent them to school together.
Qwen2.5-1.5B-Instruct_K3,154,3752,1.4738597869873047,13,1.1526235342025757,0.16009534895420074,"[0.5200638788250777, 0.4566499547889599, -0.013392113149166107]","[0.08985881543216798, 0.06846492923796177, 0.007316632088846886]",none,0,"As George approaches adulthood, the royal family is facing new challenges."
Qwen2.5-1.5B-Instruct_K3,154,3752,1.587523341178894,44,0.2773285210132599,0.17261362075805664,"[-0.17363055101635505, 0.44012739821813407, -0.07066462179963393]","[0.023388628408817815, 0.14606372482243882, 0.016642663082331473]",baseless,1,"Despite the recent stories of Prince Harry stepping back from the royal family, reports suggest that the King is pressuring his older son, Prince Charles, and his daughter-in-law, Camilla, to take on more duties."
Qwen2.5-1.5B-Instruct_K3,154,3752,0.9323177337646484,22,0.9949634671211243,0.15150563418865204,"[0.031690356829626995, 0.7995385630902919, 0.03182855561714281]","[0.017151379662788135, 0.1285827484892004, 0.011706415642534425]",none,0,The couple has made it clear that they want to focus on raising their family first before taking on any more responsibilities.
Qwen2.5-1.5B-Instruct_K3,155,8574,0.7960905432701111,56,2.478830575942993,0.3431292474269867,"[2.356478633310092, -0.04072066564250625, -0.002158435268484027]","[0.33307488412973335, 0.003737400553981323, 0.0003936874025173763]",none,0,"The Garden Market, located at 3811 Santa Claus Ln, Carpinteria, CA, offers a variety of services including Delis, Restaurants, Grocery, American (New) cuisine, Cafes, Coffee & Tea, Beer, Wine & Spirits, Food."
Qwen2.5-1.5B-Instruct_K3,155,8574,0.802639901638031,22,0.5346405506134033,0.12572288513183594,"[0.5584715563071024, -0.0014548475767448756, 0.002765563824347985]","[0.13417602952920954, 0.0009013279200370438, 0.0003569142464288885]",none,0,"The business operates from 8:00 to 16:00, seven days a week."
Qwen2.5-1.5B-Instruct_K3,155,8574,2.141611337661743,27,0.6421935558319092,0.21724465489387512,"[0.5882718405358631, -0.019676912093052158, -0.002131866058334708]","[0.21995368051661732, 0.004850778109458689, 0.0011635539607663373]",none,0,"They offer street parking and provide a number of amenities including free Wi-Fi, outdoor seating, take-out, and are good for groups."
Qwen2.5-1.5B-Instruct_K3,155,8574,1.2142055034637451,19,1.2039552927017212,0.18381185829639435,"[1.1151037082860344, -0.1262595400606331, -0.14651373979684554]","[0.1822013206485855, 0.0054379492529206845, 0.0040467692755268405]",baseless,1,"No live music is played, but the ambiance is described as romantic, classy, and casual."
Qwen2.5-1.5B-Instruct_K3,155,8574,1.3205809593200684,13,0.5041556358337402,0.13307234644889832,"[0.5722763535494988, -0.04551197049351266, 0.0446930739383858]","[0.14818073347067603, 0.008201509094305948, 0.005489270016920063]",none,0,The establishment has an overall rating of 3.5 stars.
Qwen2.5-1.5B-Instruct_K3,155,8574,1.209499478340149,28,1.76752769947052,0.2055107206106186,"[0.7292834488772704, 1.319959404590918, -0.005787259983922662]","[0.08764283510520597, 0.13834266400983455, 0.0026238171140963323]",none,0,"Customer reviews highlight positives such as the beautiful garden back patio, friendly service, and a small store/boutique offering home and garden goods."
Qwen2.5-1.5B-Instruct_K3,155,8574,0.8278626203536987,26,1.5072416067123413,0.2430412918329239,"[1.6080670377218316, 0.03720905112857928, 0.06879834767830918]","[0.2397547295728985, 0.017319853507814287, 0.00567990071912688]",none,0,"The menu includes morning bakery items, hot dishes, breakfast burritos, sandwiches, and a wide assortment of teas and coffees."
Qwen2.5-1.5B-Instruct_K3,155,8574,1.3051385879516602,9,0.8478106260299683,0.08851788938045502,"[0.24655316696266205, 0.22939398003816475, 0.7666485764663472]","[0.03122063649253606, 0.02672713324965217, 0.04766764131237425]",none,0,"Some customers, however, found some of the sandwiches to be average and service less friendly at times."
Qwen2.5-1.5B-Instruct_K3,156,5210,1.1124756336212158,19,2.5934197902679443,0.3199831545352936,"[2.492876675568129, 0.03740722250356492, 0.07526901622891034]","[0.3078088881938081, 0.0013875669516045562, 0.00212365724052395]",none,0,"Pastavino is a restaurant located in Camino Real Marketplace in Goleta, California."
Qwen2.5-1.5B-Instruct_K3,156,5210,1.9037706851959229,14,0.7181268930435181,0.16586144268512726,"[0.779653327273471, -0.06383300164244636, 0.061127625440089366]","[0.16577622947183304, 0.0014113935629731194, 0.0035343541871303125]",none,0,"It offers Italian cuisine, as well as pizza and other restaurants options."
Qwen2.5-1.5B-Instruct_K3,156,5210,1.3647913932800293,16,0.06328113377094269,0.08777989447116852,"[0.18820299208164215, 0.03517854260280728, 0.08935225801542401]","[0.07178633695002645, 0.0015911082809907384, 0.0019119425742246676]",baseless,1,The restaurant has a capacity of 100 people and provides outdoor seating.
Qwen2.5-1.5B-Instruct_K3,156,5210,1.4255576133728027,11,1.067559838294983,0.10230123996734619,"[1.2839079042949544, -0.01565664878051559, 0.005780091959009455]","[0.1116913615146173, 0.001443019136290373, 0.0013695782826372042]",none,0,Pastavino offers free WiFi and takeout services.
Qwen2.5-1.5B-Instruct_K3,156,5210,1.3232766389846802,41,1.4095935821533203,0.1718926727771759,"[1.2424257784973967, 0.10831080770926414, 0.01697020505969526]","[0.13255681156748855, 0.01968776095394033, 0.012234932305157755]",none,0,"According to customer reviews, Pastavino offers a variety of dishes such as garlic bread, mac and cheese, focaccia urger, spaghetti with meatballs, beet salad, and ahi."
Qwen2.5-1.5B-Instruct_K3,156,5210,0.6291991472244263,30,0.6919804215431213,0.09239980578422546,"[0.2643906429206254, 0.4003933488143957, 0.031505465380905665]","[0.05199865341395101, 0.028578308913211004, 0.00649514456271542]",none,0,"Some customers found the garlic bread, mac and cheese, and focaccia burger to be average, while others enjoyed the beet salad and ahi."
Qwen2.5-1.5B-Instruct_K3,156,5210,2.3704895973205566,15,-0.46737974882125854,0.03216864913702011,"[-0.27425033201773963, -0.1504515496393045, 0.034203861653804776]","[0.014234916559265306, 0.007940716327478487, 0.0027718236534080157]",none,0,"The portions are large, and the staff at the restaurant is attentive and friendly."
Qwen2.5-1.5B-Instruct_K3,156,5210,1.6960300207138062,20,0.28853607177734375,0.05383620411157608,"[0.33648467011516914, 0.10207180177094415, 0.03811324367416091]","[0.04514722470512424, 0.0075001591658292455, 0.003701436952974291]",none,0,Pastavino also offers reservation options for larger groups and has a parking lot available for customers.
Qwen2.5-1.5B-Instruct_K3,156,5210,1.6678516864776611,32,-0.04959070682525635,0.012388072907924652,"[-0.09292999303761462, -0.1344559823282907, -0.0011548068232514197]","[0.007017237929630937, 0.005034121914476941, 0.0023272076102642814]",none,0,"Overall, while the restaurant may not have met everyone's expectations, it seems to offer a decent dining experience with attentive service and a selection of dishes to choose from."
Qwen2.5-1.5B-Instruct_K3,157,2734,0.7284912467002869,49,1.069456934928894,0.14779941737651825,"[0.24642015470928935, 0.3509168584849026, 0.009721294241305203]","[0.04277032005615072, 0.028047571550953818, 0.0005718534355530525]",none,0,"Here is a summary of the article in 200 words or less:

Bikram Choudhury, the founder of Bikram's Yoga College of India, has been accused of sexual assault by six of his former students."
Qwen2.5-1.5B-Instruct_K3,157,2734,0.6782144904136658,15,0.5990511775016785,0.09947383403778076,"[0.6827802703774069, 0.005868339618124689, -0.02265212162747048]","[0.09363363370227186, 0.01153671000211034, 0.002047940335432941]",none,0,Choudhury denies the allegations and claims he has never assaulted anyone.
Qwen2.5-1.5B-Instruct_K3,157,2734,1.84292471408844,10,1.9882920980453491,0.1985490620136261,"[2.16890277385246, -0.021900335676036775, 0.062304531992413106]","[0.14900273826206104, 0.04553371162510302, 0.005225994588363392]",none,0,He attributes the accusations to lawyers manipulating the women.
Qwen2.5-1.5B-Instruct_K3,157,2734,1.2033236026763916,37,-0.06313326209783554,0.048636212944984436,"[-0.05401224497507281, -0.015625721249749848, -0.028091178864702374]","[0.02328397443417961, 0.01722615734992839, 0.006275758943207325]",conflict,1,"The alleged incidents took place between 2004 and 2010, and Choudhury claims he has never had consensual sex with any of his students."
Qwen2.5-1.5B-Instruct_K3,157,2734,0.8784154057502747,37,1.2268757820129395,0.16627535223960876,"[0.016319431931471038, 0.13941381745413262, 0.8153230620567203]","[0.00838353455483721, 0.04131263649804236, 0.09750702432145616]",none,0,"One of the accusers, Sarah Baughn, described how Choudhury made advances towards her during a meeting in his office and later cornered her and sexually assaulted her."
Qwen2.5-1.5B-Instruct_K3,157,2734,1.467955231666565,19,-0.007578760385513306,0.027405155822634697,"[-0.025197525013362265, -0.022111358555105796, 0.047818390342926204]","[0.007088034547932334, 0.01425420854242756, 0.002274187816727578]",none,0,Choudhury's wife and children have reportedly distanced themselves from him due to the allegations.
Qwen2.5-1.5B-Instruct_K3,158,6927,0.8072640895843506,60,1.466265082359314,0.1479545682668686,"[1.4058645346240761, 0.0012341931059078584, -0.03761541317973827]","[0.1368152671455846, 0.0012426172457298415, 0.0019082859940754797]",none,0,"Here is an objective overview of Penelope's Sno Balls at the Beach based on the provided structured data:

Penelope's Sno Balls at the Beach is a popular restaurant located in Carpinteria, California, offering a variety of food and drink options including shaved ice, hot dogs, and desserts."
Qwen2.5-1.5B-Instruct_K3,158,6927,1.0298311710357666,32,-0.13459962606430054,0.06785591691732407,"[-0.024525862405198495, 0.056162843574156796, 0.032058497516345597]","[0.04263207637362143, 0.001921346409702096, 0.0034368323087008434]",conflict,1,"With a rating of 4.6 out of 5 stars, customers have consistently praised the quality of their products and the friendly service provided by the staff."
Qwen2.5-1.5B-Instruct_K3,158,6927,1.8034172058105469,14,0.08101262152194977,0.12518921494483948,"[0.36187396358166424, 0.03977627280567374, 0.01382400095462799]","[0.13616117958112486, 0.013613977174307885, 0.006356298037904448]",conflict,1,The business has a convenient location near the beach and offers ample parking.
Qwen2.5-1.5B-Instruct_K3,158,6927,1.8283153772354126,23,0.2107349932193756,0.07607204467058182,"[0.20020256875811712, -0.01298997081492258, -0.0721994165290633]","[0.05689304221659373, 0.009615864598384613, 0.025415473100545805]",baseless,1,"While some customers have noted that the WiFi connection is not reliable, overall the atmosphere is described as pleasant and relaxed."
Qwen2.5-1.5B-Instruct_K3,158,6927,1.2170438766479492,24,0.001655489206314087,0.07902149856090546,"[0.01457735376607161, 0.3976651500391502, 0.02437485650686237]","[0.03841544148114432, 0.047954909692767465, 0.005422582566770491]",none,0,"Reviews highlight the value for money, with many customers enjoying the combination of shaved ice and ice cream for a reasonable price."
Qwen2.5-1.5B-Instruct_K3,158,6927,0.75737464427948,28,0.0631437823176384,0.011483000591397285,"[0.08778321108190669, -0.004452637530318627, 0.018979198916505475]","[0.015254641099537431, 0.001007737294953261, 0.0013203948462968843]",none,0,"Overall, Penelope's Sno Balls at the Beach appears to be a must-visit destination for those looking for a tasty treat on the beach."
Qwen2.5-1.5B-Instruct_K3,159,9261,1.3646992444992065,45,1.0103083848953247,0.15292072296142578,"[1.0424621491939736, 0.09440765935886096, -0.019358178414086068]","[0.14108747222095797, 0.005342849250357694, 0.00228357702943798]",none,0,"Based on the provided structured data, here is an objective overview of AR Catering:

AR Catering is a locally owned food truck and catering service in Santa Barbara, California, offering a variety of Mexican and barbecue dishes."
Qwen2.5-1.5B-Instruct_K3,159,9261,0.865928053855896,23,0.6588099002838135,0.11414976418018341,"[0.20062563710076653, 0.034653369610643255, 0.14381651297900017]","[0.049352699285246555, 0.002993217375719921, 0.005933313091151396]",none,0,"With a total rating of 5.0 stars, customers have consistently praised the quality and value of their food."
Qwen2.5-1.5B-Instruct_K3,159,9261,1.1251578330993652,27,0.2819572389125824,0.12841559946537018,"[0.4707678850883423, 0.1477294317772046, -0.0663220581550882]","[0.0861930609524835, 0.021171754372298218, 0.01138612532582994]",none,0,"The truck offers a range of options, including tacos, burritos, and sampler platters, as well as catering services for events."
Qwen2.5-1.5B-Instruct_K3,159,9261,1.0115699768066406,40,1.1328774690628052,0.17010846734046936,"[1.1144324452034198, 0.21031825794198084, 0.1541754144593142]","[0.14837174604763276, 0.046703281082227474, 0.013169450387408688]",baseless,1,"Reviewers have particularly enjoyed the pork belly tacos and the BBQ food, describing it as ""absurdly good"" and a ""great value."" The truck also offers outdoor seating and takeout options."
Qwen2.5-1.5B-Instruct_K3,159,9261,1.5360177755355835,34,-0.1563732624053955,0.04986805096268654,"[-0.09166859181497035, 0.003543872163350791, 0.011789441720191677]","[0.04658744764520861, 0.013524939058255156, 0.009603399907144409]",baseless,1,"While some reviewers have noted that the parking can be limited near the truck, overall, AR Catering has established itself as a popular and highly recommended eatery in the area."
Qwen2.5-1.5B-Instruct_K3,160,3268,7.786931991577148,3,0.6470120549201965,0.09060104936361313,"[0.3554569482803345, 0.18169196446736655, 0.4196997880935669]","[0.030449824407696724, 0.010362670368825396, 0.02088773592064778]",none,0,Sure!
Qwen2.5-1.5B-Instruct_K3,160,3268,1.2955166101455688,38,2.1757893562316895,0.24234533309936523,"[1.3216473682259675, -0.007045433351442243, -0.012336178035950166]","[0.14457121452199462, 0.005404954028856417, 0.006578810034936491]",baseless,1,"Here's the summary within 69 words:

Kaysera Stops Pretty Places, a 17-year-old Native American girl, went missing and was found dead near a Montana reservation."
Qwen2.5-1.5B-Instruct_K3,160,3268,1.0705134868621826,23,1.5582427978515625,0.2302689403295517,"[1.4591235659539488, 0.07906244098969341, 0.005739626341971377]","[0.2138952604297589, 0.01454420633516075, 0.005369333028817852]",none,0,"Her family seeks justice, but the investigation has been criticized for focusing on her character rather than conducting a thorough probe."
Qwen2.5-1.5B-Instruct_K3,160,3268,0.525382399559021,25,1.0236304998397827,0.16005340218544006,"[0.18231189385638571, 0.015332319717854261, 1.0914389061630936]","[0.03089966397281387, 0.007876031946361764, 0.1708225411872263]",none,0,The case highlights the broader issue of Missing and Murdered Indigenous Women and the need for systemic changes to ensure justice for Indigenous women.
Qwen2.5-1.5B-Instruct_K3,161,5920,5.9763922691345215,3,0.4831131398677826,0.2712269127368927,"[-0.26487348477045697, 0.04133796691894531, 0.5354439417521158]","[0.052159857315321766, 0.0016987643903121352, 0.015758692907790344]",none,0,Sure!
Qwen2.5-1.5B-Instruct_K3,161,5920,0.5678889751434326,33,0.9697490930557251,0.1464926153421402,"[0.9445822867138222, 0.0074058644221154145, -0.031849586123302506]","[0.11193956970293695, 0.0007899786200723748, 0.0013949595869542095]",none,0,"Here's an objective overview of Courthouse Tavern based on the provided structured data:

Courthouse Tavern is a popular restaurant and bar located in downtown Santa Barbara, California."
Qwen2.5-1.5B-Instruct_K3,161,5920,0.8851860165596008,25,0.4661346673965454,0.11337103694677353,"[0.6193489811113796, 0.37432112602166856, 0.08685411051957999]","[0.08627857322854822, 0.04285351923528879, 0.003918643610259096]",none,0,"It offers a variety of American-style cuisine, including sandwiches, salads, burgers, and pasta dishes, all at reasonable prices."
Qwen2.5-1.5B-Instruct_K3,161,5920,1.116943359375,22,-0.40158650279045105,0.05524666607379913,"[-0.23886829143004268, -0.10097573349405696, 0.03356046990615947]","[0.03372713058565453, 0.012097612815263791, 0.0021884578801945054]",baseless,1,"The menu features a mix of classic and contemporary options, with a focus on fresh, locally-sourced ingredients."
Qwen2.5-1.5B-Instruct_K3,161,5920,0.8798021674156189,14,0.19926287233829498,0.045622557401657104,"[0.05628883045782069, 0.07450800907723273, 0.04175091117420899]","[0.047936162778829124, 0.01039147734029809, 0.0010508469560233738]",none,0,"The atmosphere is casual and welcoming, with both indoor and outdoor seating available."
Qwen2.5-1.5B-Instruct_K3,161,5920,1.1996268033981323,24,0.16943342983722687,0.0738598108291626,"[0.2448048358783126, 0.1975100766091297, 0.009080904225508371]","[0.024335294709696125, 0.04895591410650013, 0.0030857401385825747]",none,0,"The reviews from customers consistently praise the quality of the food and drinks, with many mentioning the delicious sandwiches and burgers."
Qwen2.5-1.5B-Instruct_K3,161,5920,1.5397090911865234,12,-0.29837414622306824,0.0636296197772026,"[0.06552294692143808, -0.16617027452842117, 0.013576519132262396]","[0.03347402623169712, 0.01862910960034488, 0.0015230674173463872]",none,0,The service is also frequently complimented as friendly and attentive.
Qwen2.5-1.5B-Instruct_K3,161,5920,1.3575807809829712,26,0.36521977186203003,0.09979070723056793,"[0.010469272169127809, 0.36679056863627363, -0.0033881531985921007]","[0.030257720862524505, 0.08799058439315278, 0.0023139818102125586]",none,0,"Some reviewers note that the ambiance is nice, with one describing it as ""scenic"" due to its location near the courthouse."
Qwen2.5-1.5B-Instruct_K3,161,5920,0.8764531016349792,13,0.3087195158004761,0.08840382099151611,"[0.04665695143390062, 0.5514964479985233, -0.021140544520816408]","[0.031191138141633264, 0.0845173381793704, 0.007997390722004219]",baseless,1,Another reviewer mentions that the restaurant is clean and well-maintained.
Qwen2.5-1.5B-Instruct_K3,161,5920,1.036023736000061,28,0.09076273441314697,0.01459744293242693,"[-0.0010863552072787489, 0.0005135392586265956, 0.029066623764855137]","[0.00724581096110098, 0.0015853807944848444, 0.0011547603194380482]",none,0,"Overall, Courthouse Tavern appears to be a solid choice for those looking for a tasty, reasonably-priced meal or drinks in a relaxed setting."
Qwen2.5-1.5B-Instruct_K3,162,9518,0.8612638115882874,15,2.0514891147613525,0.2565544545650482,"[0.9456581698109706, 0.030117845820253328, -0.014789443900372134]","[0.1409653109498322, 0.004108047559460222, 0.004803499601712247]",none,0,"Mojo Coffee is a coffee shop located in Goleta, CA."
Qwen2.5-1.5B-Instruct_K3,162,9518,1.5153961181640625,30,-0.14353373646736145,0.060723643749952316,"[0.07505282000638544, -0.007210148281107346, -0.031251109391450885]","[0.03870567226064547, 0.0012332385410748733, 0.003310061504210656]",baseless,1,"It serves coffee, tea and food and is open from 6am-6pm Monday to Friday and 7am-5pm on weekends."
Qwen2.5-1.5B-Instruct_K3,162,9518,1.1600416898727417,27,1.4213056564331055,0.2111903578042984,"[-0.09701352770423034, 1.7598369053685692, -0.11245544157767047]","[0.022020023577270977, 0.14137161434148396, 0.026888724976406257]",none,0,"According to the customers' review, the coffee and food is good, the place is welcoming and has a borrow-lend bookshelf."
Qwen2.5-1.5B-Instruct_K3,162,9518,1.982296347618103,15,0.21031920611858368,0.15308862924575806,"[0.598094875489672, -0.23933796143780153, 0.12009869453807671]","[0.07476299207968017, 0.06820367835462093, 0.027432397951876433]",none,0,"The shop also has outdoor seating, free Wi-Fi, and parking options."
Qwen2.5-1.5B-Instruct_K3,162,9518,1.15242338180542,26,1.3912813663482666,0.21227265894412994,"[1.5956584391219972, 0.006415856655131882, -0.08683116760389217]","[0.20466936080237458, 0.011497178762650807, 0.01826821886633157]",none,0,"However, some customers have noted that the drinks can be hit or miss, and the fabric furniture can be stained and smell odd."
Qwen2.5-1.5B-Instruct_K3,162,9518,1.1965855360031128,16,1.5887885093688965,0.23824727535247803,"[-0.0719581232406199, 1.7216226756572723, 0.24433375073203933]","[0.052972137156757526, 0.21600756410043687, 0.025518903668853454]",none,0,"The pricing is reasonable, and the shop accepts debit cards with no required minimum."
Qwen2.5-1.5B-Instruct_K3,162,9518,1.0326473712921143,25,-0.10058897733688354,0.045916903764009476,"[-0.061046175244264304, -0.03183444369584322, -0.029276893583592027]","[0.02234088458120823, 0.012976842323550954, 0.006510472370500793]",baseless,1,"Overall, Mojo Coffee appears to be a good option for those looking for a casual coffee shop with outdoor seating and a friendly atmosphere."
Qwen2.5-1.5B-Instruct_K3,163,8457,0.774493396282196,71,1.9858165979385376,0.2620321810245514,"[1.6856870367706878, -0.00018585095891390205, -0.016006828202253146]","[0.22465246497638242, 0.002471857308899642, 0.0013859208205258895]",none,0,"Based on the provided structured data, here is an objective overview of The Blue Owl:

The Blue Owl is a locally owned restaurant located in Santa Barbara, California, offering a variety of cuisines including Food, American (New), Thai, Restaurants, Asian Fusion, Desserts, Cafes, Sandwiches, Caterers, and Event Planning & Services."
Qwen2.5-1.5B-Instruct_K3,163,8457,0.8959876298904419,16,0.6446354985237122,0.15793061256408691,"[0.7988232047646306, 0.005207037389482139, 0.038715382252121344]","[0.18998964098864235, 0.0023469146666457164, 0.0012466323693303138]",none,0,The restaurant has a rating of 4.5 stars and offers free WiFi.
Qwen2.5-1.5B-Instruct_K3,163,8457,1.5286003351211548,20,0.17471787333488464,0.07264051586389542,"[0.09051152252832254, 0.024240843844381743, 0.06779409033952107]","[0.06511105351155493, 0.0024244087145234515, 0.0033324432890253775]",baseless,1,"The menu includes options for vegetarians and vegans, and the restaurant also provides takeout services."
Qwen2.5-1.5B-Instruct_K3,163,8457,1.1423135995864868,42,1.229066014289856,0.17538349330425262,"[0.5035409396919671, 0.8474287714190636, -0.052222860183887644]","[0.07248601211289324, 0.09532538620559958, 0.012556494854400009]",none,0,"While some reviewers have expressed disappointment with their dishes, particularly the tofu banh mi, others have praised the quality of the food and service, highlighting their favorite dish as the rice with pork and spicy chili sauce."
Qwen2.5-1.5B-Instruct_K3,163,8457,0.920657217502594,13,0.47678911685943604,0.12072794139385223,"[0.6757760321130403, -0.014206890177984651, 0.027267803590243254]","[0.11084911800795592, 0.003427550330413326, 0.001486359913542401]",baseless,1,"The atmosphere is described as trendy and casual, with outdoor seating available."
Qwen2.5-1.5B-Instruct_K3,164,3952,7.7595391273498535,3,0.5166438221931458,0.1841621845960617,"[0.2612953186035156, 0.12254695097605388, 0.26472147305806476]","[0.04261341178789735, 0.02199402521364391, 0.031156209763139486]",none,0,Sure!
Qwen2.5-1.5B-Instruct_K3,164,3952,0.9942777752876282,48,3.16617751121521,0.35586071014404297,"[0.426872408103615, 0.0017063211109113279, 0.00045478898042953614]","[0.07078680362781616, 0.004265017658582337, 0.0042541698867921696]",none,0,"Here's the summary within 113 words:

Luka Brunton and Tumi Mhlongo, stars of Below Deck Mediterranean, have worked with two different captains in the franchise: Captain Sandy Yawn and Captain Jason Chambers."
Qwen2.5-1.5B-Instruct_K3,164,3952,1.5022027492523193,19,0.481052964925766,0.154948890209198,"[0.15988608616814753, 0.15907888094003092, -0.005405216039722099]","[0.0947825373571648, 0.020111378121684037, 0.010990281150761325]",none,0,"While they have positive things to say about both, they note that they have different leadership styles."
Qwen2.5-1.5B-Instruct_K3,164,3952,0.6232232451438904,21,0.8999345898628235,0.1293363869190216,"[0.25091051005680737, 0.5410120688769288, 0.04800220728533792]","[0.029063963887806278, 0.08304199317957942, 0.007878440113607948]",baseless,1,"Luka prefers Captain Jason for his relaxed approach, while Tumi appreciates Captain Sandy's high standards."
Qwen2.5-1.5B-Instruct_K3,164,3952,1.5875513553619385,13,1.0899603366851807,0.16882950067520142,"[-0.2753159374428483, 0.021429712812487896, 0.9083982956810639]","[0.05710490804631263, 0.015530018220978001, 0.030143403018323276]",none,0,Both agree that they bring unique qualities to their roles as captains.
Qwen2.5-1.5B-Instruct_K3,164,3952,1.0627058744430542,23,1.5241962671279907,0.177932009100914,"[-0.07360545374103822, -0.06268527958435817, 1.7585084685883687]","[0.020657202549045905, 0.006873886697418208, 0.15063270970257808]",none,0,"Fans can catch them on BravoCon and on Below Deck Mediterranean, airing Mondays at 9/8c on Bravo."
Qwen2.5-1.5B-Instruct_K3,165,4978,0.8638407588005066,53,1.669491171836853,0.20336808264255524,"[1.6125979969121613, -0.004333898488046131, -0.0014658449484004621]","[0.18755998048452469, 0.00039302897964566826, 0.0018648316312559266]",none,0,"Based on the provided structured data in JSON format, the following is an objective overview of Belmond El Encanto:

Belmond El Encanto is a hotel located in Santa Barbara, California, offering Restaurants, Event Planning & Services, and Hotels & Travel services."
Qwen2.5-1.5B-Instruct_K3,165,4978,0.5711535811424255,33,0.5953894853591919,0.1342802792787552,"[0.6678571708175833, 0.013251177658799641, 0.03504318168482066]","[0.1506654041664164, 0.0004265770258812016, 0.0014716924907678263]",none,0,The business has a rating of 4.0 stars and is open Monday through Sunday from 7:00 AM to 10:00 PM.
Qwen2.5-1.5B-Instruct_K3,165,4978,1.2953953742980957,17,2.3476650714874268,0.26047512888908386,"[2.308636170339442, 0.049456640869988515, 0.034982298677384865]","[0.2710132128730252, 0.002020167765174526, 0.0011655115489006944]",none,0,"The hotel features Outdoor Seating, WiFi, and Restaurants Take Out, and accepts reservations."
Qwen2.5-1.5B-Instruct_K3,165,4978,1.2642202377319336,31,0.944023847579956,0.15912404656410217,"[0.6613753167837257, 0.05661673987314345, -0.0007676995103998531]","[0.09485845451783989, 0.012419968902723932, 0.004828124037181448]",none,0,"Reviews from customers indicate mixed experiences, with some praising the ambiance and room quality, while others have reported issues with room service, electricity, and maintenance."
Qwen2.5-1.5B-Instruct_K3,165,4978,1.362681269645691,18,0.4789765775203705,0.119927316904068,"[0.17339004299133698, -0.12818984585227453, 0.3206426692260165]","[0.04406127898794231, 0.042725049118401, 0.05031204974507217]",none,0,Some reviewers have also noted a decline in service quality since before the COVID-19 pandemic.
Qwen2.5-1.5B-Instruct_K3,165,4978,1.100451111793518,39,0.9513818025588989,0.1888018250465393,"[0.9152651766362863, 0.025776274460114133, 0.04349677729269621]","[0.1863010662670534, 0.00497633085274757, 0.0030632238077685494]",none,0,"One reviewer described the hotel as ""easily one of the worst hotels [they've] ever stayed at,"" citing poor room service and issues with the microwave causing the electricity to go out."
Qwen2.5-1.5B-Instruct_K3,165,4978,0.9427975416183472,9,3.689589262008667,0.3451342284679413,"[2.9312777353657617, -0.14872676134109497, 0.09068856967820062]","[0.2996976176897685, 0.012177076320060425, 0.006584533671331074]",none,0,"Another reviewer reported a ceiling failure and rain leak in their room, which was allegedly ignored by the staff."
Qwen2.5-1.5B-Instruct_K3,166,7018,6.441040515899658,3,0.009835402481257915,0.2856960594654083,"[-0.9194677273432413, -0.06330698728561401, 0.09814955790837605]","[0.07835153924922149, 0.00703024990313376, 0.0062411011119062705]",none,0,Sure!
Qwen2.5-1.5B-Instruct_K3,166,7018,0.4454701840877533,9,2.641655206680298,0.22535699605941772,"[1.82634468917321, 0.0833174017130255, -0.0771060183251393]","[0.12183219305815227, 0.0018139684611166256, 0.0037534048445245893]",none,0,Here's an objective overview of Eureka!
Qwen2.5-1.5B-Instruct_K3,166,7018,0.1622575968503952,10,-0.0038288093637675047,0.010893476195633411,"[-0.03428046793305839, -0.01788322617621816, 0.009344678097750147]","[0.008768979351043527, 0.0004239299333562485, 0.000930434263443658]",none,0,"based on the provided structured data:

Eureka!"
Qwen2.5-1.5B-Instruct_K3,166,7018,0.9907121658325195,28,2.2677271366119385,0.24096722900867462,"[2.3000057287198223, 0.0024306475545147676, -0.019803420577123428]","[0.24373938947766355, 0.0014547133325168357, 0.0010779482902368695]",none,0,"is a restaurant located in Santa Barbara, California that offers American (Traditional), Lounges, Nightlife, Bars, and Burgers."
Qwen2.5-1.5B-Instruct_K3,166,7018,1.134469747543335,33,0.015953704714775085,0.12861432135105133,"[0.08559382694621684, -0.007331971214488008, -0.021998683480584685]","[0.12999929886218248, 0.002329382906976441, 0.0011322495666183324]",conflict,1,They have a rating of 4.0 stars based on customer reviews and are open Monday through Sunday from 11am to 2:30am.
Qwen2.5-1.5B-Instruct_K3,166,7018,0.8175065517425537,16,1.150810956954956,0.12345603108406067,"[1.0918972457075142, 0.048980327993376704, 0.05586231451979984]","[0.1249731300122221, 0.0014663303229056623, 0.0023346677485278633]",conflict,1,"The restaurant has both indoor and outdoor seating, free WiFi, and takes reservations."
Qwen2.5-1.5B-Instruct_K3,166,7018,1.2318534851074219,17,1.556012511253357,0.24904991686344147,"[1.613285391673665, -0.04084031065812108, 0.007195803623771473]","[0.24604575898710584, 0.004624127280254363, 0.002543491092076104]",none,0,"They offer takeout and are suitable for groups, with a casual and classy ambiance."
Qwen2.5-1.5B-Instruct_K3,166,7018,0.8342072367668152,20,2.2700443267822266,0.2287779599428177,"[1.160845562905888, 1.3775984704960138, 0.024403309639637882]","[0.10967094390653073, 0.12518592991109473, 0.001768739087498261]",none,0,"Customers praise the great atmosphere, amazing food, and excellent service, particularly from Max and Lizbeth."
Qwen2.5-1.5B-Instruct_K3,166,7018,1.6145724058151245,21,0.5174053311347961,0.14638757705688477,"[0.015517677915232482, 0.7243808845688969, -0.22030827730134747]","[0.0273561625495301, 0.12924342106755862, 0.036806256936531986]",none,0,"The burgers are a highlight, with one reviewer stating they are ""insane."" Overall, Eureka!"
Qwen2.5-1.5B-Instruct_K3,166,7018,0.7262766361236572,13,-0.04363419488072395,0.02361171320080757,"[0.08929004231826045, -0.08784811895069512, 0.009850304072432873]","[0.020007006139551847, 0.007054671547131455, 0.0013861527578434073]",none,0,appears to be a popular spot for a night out in Santa Barbara.
Qwen2.5-1.5B-Instruct_K3,167,7500,1.4292320013046265,38,2.0832035541534424,0.26995712518692017,"[1.4568770541357623, -0.01024297013224752, 0.013238843909723647]","[0.20369556465965089, 0.0034013738338611993, 0.004356247492840961]",none,0,"Andersen's Danish Bakery & Restaurant is located on State St, Santa Barbara, CA, and is known for its Modern European, Scandinavian cuisine, and a variety of other food categories."
Qwen2.5-1.5B-Instruct_K3,167,7500,1.06772780418396,15,0.7208120822906494,0.11973642557859421,"[0.820823538179199, -0.039859324460849166, -0.010034682772432765]","[0.1318938269900779, 0.0035170796923921443, 0.002164003585736888]",baseless,1,It operates from 9 am to 6 pm from Monday through Sunday.
Qwen2.5-1.5B-Instruct_K3,167,7500,1.2821178436279297,32,1.4465550184249878,0.2172558605670929,"[1.5060234151515033, -0.037783702682645526, -0.014576860713532369]","[0.19034776671128384, 0.00858595715891397, 0.002009209380844368]",none,0,"The bakery offers a variety of food items, including breakfast and brunch, as described by a customer who enjoyed the sausage, country potatoes, and eggs over easy."
Qwen2.5-1.5B-Instruct_K3,167,7500,1.4768964052200317,20,0.6546776294708252,0.13982394337654114,"[0.4972446697705891, 0.05139609475736506, 0.028137859652633778]","[0.1286378062213771, 0.008805815305095166, 0.001541001889711424]",none,0,The restaurant has both indoor and outdoor seating options and provides parking on the street and in the garage.
Qwen2.5-1.5B-Instruct_K3,167,7500,2.156390905380249,9,-0.016943030059337616,0.13324393332004547,"[-0.3877316731377505, 0.5613602693750485, 0.010511781118111685]","[0.06256401093641115, 0.16922110845270152, 0.0011358930769347353]",none,0,"However, it doesn't accept cash payments."
Qwen2.5-1.5B-Instruct_K3,167,7500,1.7424449920654297,22,0.15370991826057434,0.11774691939353943,"[0.11657918803393841, 0.3150781670754606, 0.12799786319109527]","[0.03006396876563403, 0.07467661175707524, 0.03889217621128244]",none,0,Customers have praised the restaurant's diverse food options but have also criticized the slow service and cleanliness of the restaurant.
Qwen2.5-1.5B-Instruct_K3,167,7500,1.3085057735443115,10,0.3741990625858307,0.09436420351266861,"[0.16804102873429655, 0.004310226324014366, -0.018790508108213543]","[0.0979390641208738, 0.0059069261966214984, 0.002478217869247601]",none,0,The establishment has an overall rating of 4 stars.
Qwen2.5-1.5B-Instruct_K3,168,5511,1.3653627634048462,21,2.13177752494812,0.25475725531578064,"[2.7159481341673417, 0.008883726294221734, -0.03737940192756165]","[0.2564836533510104, 0.0020553459055070973, 0.002129664157661994]",none,0,"Crushcakes & Cafe is a popular breakfast and brunch spot located in Carpinteria, California."
Qwen2.5-1.5B-Instruct_K3,168,5511,1.1607567071914673,23,0.8293757438659668,0.1261453777551651,"[0.6518535070202273, -0.05476206979137319, -0.04137601868411445]","[0.10221062470025019, 0.0026375836749870677, 0.0021563225827381043]",none,0,"With a rating of 3.5 stars, the business offers a cozy atmosphere with free WiFi and outdoor seating."
Qwen2.5-1.5B-Instruct_K3,168,5511,1.2879830598831177,30,0.7880027294158936,0.08843719959259033,"[0.10120245791428412, 0.6598869401185463, 0.009001790361556536]","[0.02235341455913537, 0.06703063551249215, 0.004768013567415134]",none,0,"Although some reviews have criticized the staff's attitude, the quality of the food and baked goods has been consistently praised, earning high ratings from most customers."
Qwen2.5-1.5B-Instruct_K3,168,5511,1.055869698524475,25,0.5683112740516663,0.06592091917991638,"[0.5923364128451795, -0.02768584942794405, 0.027215093071572483]","[0.05733028441027273, 0.004924640621684375, 0.0016163015870915842]",baseless,1,"Despite closing permanently as of May 2020, Crushcakes & Cafe remains a beloved destination for locals and visitors alike."
Qwen2.5-1.5B-Instruct_K3,169,5271,1.0989701747894287,27,1.8823480606079102,0.22352485358715057,"[1.4206654244206018, -0.020114687104877602, 0.014713985553060882]","[0.18219946773024276, 0.0015707230106306303, 0.0025951143521499237]",none,0,"Based on the provided structured data, Hook And Press Donuts is a popular breakfast and brunch spot located in Santa Barbara, California."
Qwen2.5-1.5B-Instruct_K3,169,5271,0.9078309535980225,31,0.7203439474105835,0.1104322224855423,"[0.6566395561294485, 0.03166207285255863, -0.016832856849642638]","[0.10341967027677638, 0.001892242343567505, 0.001115383035844095]",none,0,"The business offers a variety of donuts, coffee, tea, baked goods, and food items, and has a rating of 4.5 stars."
Qwen2.5-1.5B-Instruct_K3,169,5271,0.6354188919067383,21,0.48904019594192505,0.09525453299283981,"[0.6606929474849798, 0.04129606319682872, 0.03382922258173321]","[0.09527987167624426, 0.0019562687515525838, 0.0010985492194100473]",none,0,"According to customer reviews, the donuts are light and fluffy, with a wide range of flavors available."
Qwen2.5-1.5B-Instruct_K3,169,5271,1.224126935005188,28,0.6643120646476746,0.1929841935634613,"[0.28285767048198196, 0.6412801807746291, -0.005836610682308674]","[0.07477350788290746, 0.1559358476993761, 0.017690277103351297]",baseless,1,"Customers have praised the quality of the ingredients and the friendly staff, with some mentioning that the business is great for groups and has free WiFi."
Qwen2.5-1.5B-Instruct_K3,169,5271,1.2029368877410889,25,0.5908099412918091,0.14808513224124908,"[-0.017347591064171865, 0.03651618554533343, 0.806067816466093]","[0.026745842769742012, 0.02429482356507833, 0.1509508478268981]",none,0,"Some customers have noted that the business is currently closed and expanding to a new location, but are still offering takeout options."
Qwen2.5-1.5B-Instruct_K3,169,5271,1.0159035921096802,22,0.2683202028274536,0.015861215069890022,"[0.21918848678168698, 0.027381636537525497, 0.002979315551618294]","[0.011546360239415, 0.0038363900320141715, 0.0025369848419516798]",none,0,"Overall, Hook And Press Donuts appears to be a well-liked and high-quality dining destination in Santa Barbara."
Qwen2.5-1.5B-Instruct_K3,170,5708,0.667214572429657,27,3.0636627674102783,0.3685993254184723,"[2.117289238612877, 0.0016284223443276628, 0.006045236234462613]","[0.2898029079484938, 0.0008532398493070172, 0.004883027018422581]",none,0,"Buena Onda at Mosaic Locale is a restaurant located at 1131 State St, Santa Barbara, CA."
Qwen2.5-1.5B-Instruct_K3,170,5708,0.4249371588230133,23,2.492630958557129,0.21095110476016998,"[2.202254554026497, 0.0351423893828763, 0.011525453870332136]","[0.22522585120160607, 0.0005610818500532905, 0.0012065215917637627]",none,0,"The business offers comfort food, bakeries, food, desserts, restaurants, empanadas, and Argentine cuisine."
Qwen2.5-1.5B-Instruct_K3,170,5708,0.7498854994773865,44,0.5657467246055603,0.10144956409931183,"[0.6938716381237927, -0.006230088859328217, -0.007741639476245671]","[0.1141216791342727, 0.0010373860275918064, 0.0005908199609517727]",none,0,"The restaurant is open from Monday to Sunday, with operating hours varying between 11:00 am and 20:00 pm, except on Friday when it closes at 17:00 pm."
Qwen2.5-1.5B-Instruct_K3,170,5708,1.2080373764038086,24,0.7072381973266602,0.12586912512779236,"[0.7066868976598926, -0.06952950060925407, -0.020495098215178587]","[0.12234549693963952, 0.0023391234522994373, 0.0017929731342197404]",conflict,1,"Customers can park their vehicles either on the street or in the garage, but there is no valet parking available."
Qwen2.5-1.5B-Instruct_K3,170,5708,1.100180745124817,14,0.6817267537117004,0.11213088035583496,"[0.7484219100858484, 0.028642433845171972, 0.021803559153340757]","[0.1214624562832926, 0.0015640905029223567, 0.0008159286075429659]",none,0,"The restaurant does not offer reservations, but there is outdoor seating available."
Qwen2.5-1.5B-Instruct_K3,170,5708,1.3078676462173462,14,0.7180529832839966,0.10490060597658157,"[0.6887962113666747, -0.023924174552251185, -0.0062160845347014925]","[0.10761486751393282, 0.0024435761718320593, 0.0012721365591070416]",baseless,1,"The Wi-Fi is free, and take-out and delivery options are available."
Qwen2.5-1.5B-Instruct_K3,170,5708,0.7787398099899292,33,0.9857342839241028,0.11060653626918793,"[1.1373078214987662, 0.0045244911786994635, 0.01481232409524623]","[0.12394814365824249, 0.0057844187278703885, 0.006991588379488541]",conflict,1,"According to customer reviews, Buena Onda at Mosaic Locale is a casual restaurant with a shared space that offers coffee, beer, and empanadas."
Qwen2.5-1.5B-Instruct_K3,170,5708,0.9413588047027588,17,2.845879316329956,0.30887943506240845,"[3.009317321483703, -0.10073603003162562, -0.1745423537624233]","[0.3043955304824254, 0.012746518344690283, 0.006717240611204247]",none,0,The restaurant has extra-long tables that provide ample counter space for laptop work or studying.
Qwen2.5-1.5B-Instruct_K3,170,5708,0.6841888427734375,4,1.3913198709487915,0.10318075865507126,"[0.3066659874614288, 0.09438136214259885, 0.07180938134382586]","[0.11981876615399756, 0.016177116027478178, 0.006250473705641468]",none,0,"However, the empanadas did not meet everyone's expectations."
Qwen2.5-1.5B-Instruct_K3,171,8472,0.728866457939148,28,2.2796406745910645,0.29143938422203064,"[2.3426550745664696, 0.0023746529266515737, -0.036995272644422324]","[0.3041634349834307, 0.0003966062339466297, 0.002142187235954956]",none,0,"Pho Bistro is a Vietnamese restaurant located at 903 Embarcadero Del Norte, Isla Vista, California."
Qwen2.5-1.5B-Instruct_K3,171,8472,0.7994853258132935,15,1.5539917945861816,0.11500595510005951,"[1.544399107179682, -0.020911611599876777, 0.025881197522054814]","[0.11077413393625951, 0.003971079144321266, 0.003846078458567111]",none,0,"It offers a variety of Chinese food, bubble tea, and Vietnamese dishes."
Qwen2.5-1.5B-Instruct_K3,171,8472,0.6543099880218506,24,0.19787251949310303,0.04545601084828377,"[0.22553605830823167, -0.005696636424242267, -0.019056662785241468]","[0.0532284758564856, 0.0005094971436226577, 0.0003339351772032965]",none,0,The establishment operates seven days a week from 11:00 AM to 10:00 PM.
Qwen2.5-1.5B-Instruct_K3,171,8472,1.3124984502792358,14,1.8398133516311646,0.19030384719371796,"[1.8043129949697427, -0.010879317697669779, 0.0027675696765072644]","[0.19065708088289415, 0.0012790564150496461, 0.0008922306021434322]",none,0,"It offers street parking, outdoor seating, and is good for groups."
Qwen2.5-1.5B-Instruct_K3,171,8472,1.145394206047058,27,0.9295796751976013,0.1209951862692833,"[1.0388875051134232, -0.030600352785566227, -0.018817839068611245]","[0.13148996116662467, 0.0014155266229415196, 0.00159679309902677]",baseless,1,"However, it doesn't offer reservations, valet parking, Wi-Fi, or music, and its ambience is described as casual."
Qwen2.5-1.5B-Instruct_K3,171,8472,1.1484696865081787,13,0.6360026001930237,0.14672407507896423,"[0.4505655587865756, 0.015265437899730526, -0.051917089615017176]","[0.13928533975894636, 0.0009371057312819175, 0.001995360162744384]",none,0,The restaurant has an average rating of 3.0 stars.
Qwen2.5-1.5B-Instruct_K3,171,8472,1.9688010215759277,22,-0.09273524582386017,0.11016260832548141,"[-0.0461464524269104, 0.16062648598612708, -0.03992434006861665]","[0.10053505248982798, 0.022851266791059806, 0.00293084648398111]",none,0,"Reviews mention that the prices are a bit high for the amount of food received, notably for the pho."
Qwen2.5-1.5B-Instruct_K3,171,8472,1.5108977556228638,18,0.9994943141937256,0.1652960330247879,"[0.9495975795305438, 0.04273978827728166, -0.012819784382979075]","[0.1578143124287534, 0.014149858111826083, 0.001422341486128668]",none,0,"The coffee is reportedly strong and bitter, but not sweet enough for some customers' tastes."
Qwen2.5-1.5B-Instruct_K3,171,8472,0.9118466377258301,27,1.9850836992263794,0.2821086347103119,"[0.17472318831520775, 2.133041805518722, 0.23277348798216768]","[0.037155836972050126, 0.26250001727775846, 0.03656555823604153]",none,0,"One reviewer expressed dissatisfaction with the chicken phad thai and shrimp egg rolls, describing them as having a fishy taste and causing stomach discomfort."
Qwen2.5-1.5B-Instruct_K3,172,4444,1.1072629690170288,53,1.2121394872665405,0.2171197533607483,"[0.5659857062075973, 0.009556040366593186, 0.059097628684644146]","[0.13176959187320497, 0.008029989934172746, 0.005977774725956892]",none,0,"Here is a summary of the article in 111 words:

In 1978, a 16-year-old mother, Donna Green, had her newborn son, Raymond Green Jr., taken from her at a hospital in Atlanta, Georgia."
Qwen2.5-1.5B-Instruct_K3,172,4444,1.820786714553833,25,1.1658737659454346,0.21234969794750214,"[0.030566238947212696, 0.5881269759987481, 0.06707228275830858]","[0.07342555480077863, 0.05798345024555601, 0.009240194089688885]",conflict,1,"A woman named Lisa Morris posed as a nurse and took the baby, prompting a desperate search that yielded no leads for decades."
Qwen2.5-1.5B-Instruct_K3,172,4444,1.3362376689910889,20,1.5891754627227783,0.1848953664302826,"[0.07692476238007658, 0.4825969935627654, 0.6145443438028451]","[0.028031415339683008, 0.1286094635117479, 0.06184736689865531]",none,0,"Despite the passing of Donna's partner and the expansion of their family, the disappearance of Raymond Jr."
Qwen2.5-1.5B-Instruct_K3,172,4444,2.544339656829834,5,0.19898292422294617,0.10255338996648788,"[-0.07469178587198258, -0.4168440461158752, 1.354038380086422]","[0.020105934329330923, 0.026760898157954217, 0.07704036254435778]",none,0,remains a painful mystery.
Qwen2.5-1.5B-Instruct_K3,172,4444,0.7929179072380066,37,1.2434028387069702,0.17905832827091217,"[-0.017207886555641726, -0.026146100893522484, 1.3275462953032409]","[0.005420494883900254, 0.004358865780052629, 0.18080171971008452]",none,0,"Recently, the National Center for Missing & Exploited Children created an age-progressed photo of Raymond Jr., which will be distributed to help solve the 40-year-old case."
Qwen2.5-1.5B-Instruct_K3,172,4444,0.3288789987564087,11,0.6408601999282837,0.13359972834587097,"[0.05158754635274156, 0.010986488090235402, 0.48717954858544876]","[0.0025515481912324585, 0.001893209309028779, 0.11398312785736793]",none,0,Anyone with information is urged to contact the Atlanta Police Department.
Qwen2.5-1.5B-Instruct_K3,173,5434,6.12169075012207,3,0.33781400322914124,0.2634929120540619,"[-0.17610355218251547, 0.12545416752497354, 0.37071265776952106]","[0.020527922237912815, 0.0011463197394429396, 0.01022814610041678]",none,0,Sure!
Qwen2.5-1.5B-Instruct_K3,173,5434,0.7260911464691162,48,1.4567875862121582,0.16935937106609344,"[0.9118522366369272, 0.06040302745441295, -0.022450575852114223]","[0.11071213369063788, 0.0201092823852201, 0.0026423515361955197]",baseless,1,"Here's an objective overview of Gaucho Cafe based on the provided structured data:

Gaucho Cafe is a restaurant located at the UCen in Goleta, California, offering a variety of delicious sandwiches, salads, and soups."
Qwen2.5-1.5B-Instruct_K3,173,5434,1.1063538789749146,22,-0.05960273742675781,0.06784866005182266,"[0.04872681320527632, 0.0851161898986406, 0.207183477057635]","[0.029645351989960936, 0.03908176549991021, 0.01260599688813745]",none,0,"According to customer reviews, the cafe serves fresh and tasty food, with options for vegetarians and vegans."
Qwen2.5-1.5B-Instruct_K3,173,5434,0.7973289489746094,22,0.3943988084793091,0.0932900682091713,"[-0.06294739683794019, 0.7144887699885824, 0.06615824179983644]","[0.024586103666076106, 0.08831811506180093, 0.004821286130426084]",baseless,1,"The menu includes a wide range of hot and cold sandwiches, as well as a selection of sides and desserts."
Qwen2.5-1.5B-Instruct_K3,173,5434,1.4114758968353271,27,0.8459933400154114,0.16011174023151398,"[1.054115071265389, -0.05215766517991622, -0.08606805408507406]","[0.17037773463973147, 0.018325399368262073, 0.00446741202895719]",none,0,"Some reviewers have praised the restaurant's cantaloupe and watermelon salad, while others have enjoyed the scrambled eggs and breakfast combinations."
Qwen2.5-1.5B-Instruct_K3,173,5434,1.0541846752166748,32,0.7412271499633789,0.08863808214664459,"[-0.03458595463273184, -0.03287791470739876, 0.5117329226959448]","[0.01547794040657724, 0.009532719965444691, 0.06617280655424063]",none,0,"One reviewer noted that the portions could be larger and the ingredients fresher, but overall, Gaucho Cafe seems to offer satisfying meals at a reasonable price."
Qwen2.5-1.5B-Instruct_K3,173,5434,1.8636373281478882,18,0.00973658449947834,0.06891030818223953,"[0.2925760371397246, -0.09198566215756425, 0.16944523471177794]","[0.037282186656467625, 0.016598336686172388, 0.034225666498988026]",baseless,1,"Additionally, the cafe is open during college hours and offers takeout and outdoor seating options."
Qwen2.5-1.5B-Instruct_K3,173,5434,1.1686856746673584,27,0.06683812290430069,0.034819040447473526,"[-0.08165984955438169, 0.011483085686698494, 0.1466464680598931]","[0.011499286673589031, 0.004485167674851532, 0.03167780979205653]",none,0,"Based on the reviews, Gaucho Cafe is a great option for students and faculty members looking for quick, tasty meals on the go."
Qwen2.5-1.5B-Instruct_K3,174,9495,1.6738373041152954,17,2.327310562133789,0.2784186899662018,"[1.982216316549217, -0.013173681036706138, -0.03070956201854107]","[0.27366691416896444, 0.0025653002566661384, 0.000980132928067606]",none,0,"Lao Ma Tou is a local Chinese restaurant located in Santa Barbara, California."
Qwen2.5-1.5B-Instruct_K3,174,9495,1.5488983392715454,24,0.037707697600126266,0.0786641463637352,"[-0.21397643689609444, 0.09718186132765065, -0.01585732641008993]","[0.053128496712361084, 0.007622090778265071, 0.0012256457651650028]",none,0,"The establishment has received mixed reviews from customers, with some praising the friendly service while others criticizing the taste of their dishes."
Qwen2.5-1.5B-Instruct_K3,174,9495,0.9157613515853882,32,0.5046240091323853,0.12832126021385193,"[0.33987055956220047, 0.07622149396092937, 0.1540033601849018]","[0.0831450286702573, 0.027956248012372953, 0.007490863458350816]",none,0,"According to one customer, the food was ""horrible"" and ""not worth the money,"" while another found the portions to be small and overpriced."
Qwen2.5-1.5B-Instruct_K3,174,9495,2.7918615341186523,23,-0.29332396388053894,0.10804571211338043,"[-0.1587302977264778, 0.0013748768795504357, -0.08665120531425244]","[0.019871180313835477, 0.010582905269826448, 0.08184618258019327]",none,0,"A third customer experienced confusion over the menu and appetizer charges, leading to an overall frustration with their dining experience."
Qwen2.5-1.5B-Instruct_K3,174,9495,1.5094956159591675,23,-0.1464654505252838,0.09558524936437607,"[-0.20758345615847604, -0.01780069532358776, -0.06059253201617495]","[0.07495072516244165, 0.005851769768291295, 0.004876608260672029]",conflict,1,"Despite this, the restaurant seems to have a loyal customer base, with some patrons praising the ambiance and attentive service."
Qwen2.5-1.5B-Instruct_K3,174,9495,0.7688400745391846,21,-0.047992315143346786,0.018703851848840714,"[0.010428840592967822, -0.010740371496554178, -0.014611723285356891]","[0.005443809069375794, 0.009172812241510135, 0.0036639407051287285]",none,0,"Overall, Lao Ma Tou appears to have some room for improvement in terms of food quality and customer satisfaction."
Qwen2.5-1.5B-Instruct_K3,175,2738,0.9884332418441772,38,1.1568315029144287,0.16759610176086426,"[0.08100296040509802, 0.6876431919732376, 0.025383042198786586]","[0.022284780514550413, 0.06628102761241232, 0.0028726568100529747]",none,0,"A 7.8 magnitude earthquake struck Nepal on Saturday, killing more than 1,800 people and leaving an estimated 4.6 million people exposed to tremors."
Qwen2.5-1.5B-Instruct_K3,175,2738,1.2744003534317017,32,0.7478381395339966,0.17349645495414734,"[0.4042764136785877, 0.06908313889698547, 0.5382080582166964]","[0.09275393730947812, 0.02303187034988241, 0.09408571357789697]",none,0,"The quake, centered less than 50 miles northwest of Kathmandu, caused widespread damage across the region, including in historic temples and on mountain trails."
Qwen2.5-1.5B-Instruct_K3,175,2738,0.7701192498207092,16,1.236316204071045,0.1660919040441513,"[1.4393821222488157, 0.07949212081263113, 0.0766610289014622]","[0.14265386421331883, 0.014246847483192937, 0.00978695826741216]",none,0,"Aftershocks continue to roil the area, further traumatizing survivors."
Qwen2.5-1.5B-Instruct_K3,175,2738,0.5660407543182373,16,0.9010833501815796,0.19649916887283325,"[0.13716880356446381, 0.8733286946080625, -0.008973807509164544]","[0.03876776033267504, 0.20331267647725326, 0.007173224514417598]",none,0,The quake was the strongest in the region in more than 80 years.
Qwen2.5-1.5B-Instruct_K3,175,2738,0.5797089338302612,32,1.908926248550415,0.28149503469467163,"[-0.001827363407159055, 1.8390959040261805, -0.021446415117111428]","[0.02257361897941834, 0.27122158189013135, 0.0043984952758933105]",none,0,"Residents are used to earthquakes in Nepal, and many initially thought the start of Saturday's quake was a tremor, until it continued and buildings began to collapse."
Qwen2.5-1.5B-Instruct_K3,175,2738,1.1649670600891113,27,0.7343628406524658,0.17854368686676025,"[0.7738085595646461, -0.17265776311493633, -0.029317688709001973]","[0.15697566994155446, 0.03353422355950089, 0.008000646164378341]",conflict,1,"The Dharahara tower, a landmark nine-story structure in Kathmandu, collapsed and killed at least 17 people."
Qwen2.5-1.5B-Instruct_K3,175,2738,0.4628215730190277,25,1.4218335151672363,0.30102482438087463,"[-0.037482351870276036, -0.027536517763510345, 1.5562102117203176]","[0.010695828085881659, 0.019557477557100356, 0.28850797762162983]",none,0,"The quake occurred at a depth of 9.3 miles, which is considered shallow and more damaging than a deeper quake."
Qwen2.5-1.5B-Instruct_K3,175,2738,0.37324729561805725,14,1.8382850885391235,0.269416868686676,"[0.23248353845597844, 2.032507606029477, 0.10621673199628796]","[0.010857319727311474, 0.2727904015004502, 0.0057976296457776955]",none,0,The loss of life reported so far is expected to rise as the full extent of the damage is assessed.
Qwen2.5-1.5B-Instruct_K3,176,2656,7.378902435302734,3,0.9123390316963196,0.18385012447834015,"[0.10609471797943115, 0.21799508730570474, 0.07480718692143758]","[0.026063262678993244, 0.01007619055841739, 0.017268520353051525]",none,0,Sure!
Qwen2.5-1.5B-Instruct_K3,176,2656,0.5598462820053101,45,1.1980379819869995,0.16086021065711975,"[0.9498770917171997, 0.016764847072651416, 0.016890591284310277]","[0.14073179588200826, 0.0019023987122573595, 0.0015308742651080189]",none,0,"Here's the summary in 89 words:

NASA's MESSENGER space probe crashed into Mercury on Thursday after running out of fuel, ending an 11-year journey that provided valuable data and thousands of photos."
Qwen2.5-1.5B-Instruct_K3,176,2656,0.5120042562484741,23,0.8084239959716797,0.21653735637664795,"[1.0731384513859192, 0.00975271610355855, 0.0009032885430750194]","[0.23495298057146694, 0.004271552740872069, 0.0013308133563871547]",none,0,"The probe slammed into the surface at 8,750 mph, creating a 52-foot crater."
Qwen2.5-1.5B-Instruct_K3,176,2656,1.408973217010498,27,-0.0658721923828125,0.11295285075902939,"[-0.3259394155364943, 0.1324480615474857, 0.25641445129521245]","[0.05986622526761999, 0.025014769918580322, 0.07344931851629663]",baseless,1,"The mission, which orbited Mercury for four years, revealed new information about the planet's geology, composition, and polar ice."
Qwen2.5-1.5B-Instruct_K3,176,2656,0.5337885022163391,11,0.1706295609474182,0.07102472335100174,"[0.08454120950773358, -0.02904980460351164, 0.6190841432068158]","[0.011784354362382808, 0.0049222789424344555, 0.1161086452087726]",none,0,Scientists will continue to study the data for years to come.
Qwen2.5-1.5B-Instruct_K3,177,2938,1.2116985321044922,37,1.2790149450302124,0.1933441311120987,"[1.0164588338041023, -0.01801537082458192, 0.03125405245825548]","[0.13810786645538772, 0.0011611223686990393, 0.00230923175779542]",none,0,"Here is a summary of the news article within 153 words:

The FBI will investigate whether civil rights were violated during the beating of a suspect in San Bernardino, California."
Qwen2.5-1.5B-Instruct_K3,177,2938,0.9823899865150452,30,1.9384931325912476,0.2999316453933716,"[1.4500444042185943, -0.013544338627252728, -0.04872767969500273]","[0.25718878911187254, 0.006215419312184167, 0.0024493032650449702]",none,0,"The suspect fled by car, foot, and horseback before being tackled and beaten by deputies, who used a stun gun and repeated kicks and hits."
Qwen2.5-1.5B-Instruct_K3,177,2938,1.5602591037750244,21,0.6353400349617004,0.15303902328014374,"[0.13121660642458924, 0.8449748163776738, 0.0136984779743389]","[0.07896166133494782, 0.12096784403547645, 0.01399820292137866]",none,0,"The incident has sparked outrage and comparisons to the Rodney King beating, with the ACLU calling for further action."
Qwen2.5-1.5B-Instruct_K3,177,2938,2.1644160747528076,12,-0.3440242111682892,0.106297068297863,"[-0.33046345598995686, -0.20314344720100053, -0.0337471713864943]","[0.06066606260234645, 0.01692263047148875, 0.0033543730902844495]",none,0,The FBI's findings will be forwarded to the U.S.
Qwen2.5-1.5B-Instruct_K3,177,2938,1.8851268291473389,10,0.026881640776991844,0.028265738859772682,"[0.008765036147087813, 0.016976474411785604, 0.036465426441282034]","[0.02027176453266293, 0.003563918871805072, 0.0017229764023795723]",none,0,Attorney's Office and Justice Department for potential prosecution.
Qwen2.5-1.5B-Instruct_K3,177,2938,1.4230291843414307,14,0.04393947124481201,0.09698265045881271,"[-0.0593060627579689, -0.1271293335095314, 0.18267517457050936]","[0.046516282650242956, 0.04989557108170369, 0.014422781915657521]",baseless,1,The case raises questions about police use of force and the need for accountability.
Qwen2.5-1.5B-Instruct_K3,178,8542,6.273770809173584,3,0.17710526287555695,0.29079172015190125,"[-0.46110765139261883, -0.1429502765337626, 0.04277261098225912]","[0.10055751524244745, 0.0017725180368870497, 0.005319858280320962]",none,0,Sure!
Qwen2.5-1.5B-Instruct_K3,178,8542,0.6816298961639404,49,1.4592773914337158,0.1644696742296219,"[0.6193899408228055, 0.09843585008263976, -0.0028770892983017377]","[0.10785854960792621, 0.029014636701566413, 0.0017689972964390966]",none,0,"Here's an objective overview of The Bak Door based on the provided structured data:

The Bak Door is a local dive bar located in Goleta, California, offering cheap drinks, pool tables, and a jukebox with a variety of music."
Qwen2.5-1.5B-Instruct_K3,178,8542,0.9252356886863708,17,1.0141912698745728,0.16713130474090576,"[0.015463849086753564, 1.6429338895198753, 0.0629981791434522]","[0.045039856166273665, 0.12335652185549192, 0.0008019767937726636]",conflict,1,"The atmosphere is casual and relaxed, with free peanuts and pretzels for patrons."
Qwen2.5-1.5B-Instruct_K3,178,8542,1.6715807914733887,27,-0.18728484213352203,0.15158487856388092,"[0.14358011401189422, -0.025208372480442956, -0.041556906614763044]","[0.0762174355913885, 0.10014970647602307, 0.002610344522879502]",conflict,1,"The bar has a reputation for being welcoming and friendly, with regulars who are knowledgeable about the area and happy to share their expertise."
Qwen2.5-1.5B-Instruct_K3,178,8542,1.5327057838439941,21,0.6546202301979065,0.14024992287158966,"[0.2270694827259701, 0.5612582364341333, 0.29937170743367114]","[0.04617438437177649, 0.0755757849408491, 0.039569485720235095]",none,0,"The drinks are not particularly expensive, but the selection is limited to Coors and a few other options."
Qwen2.5-1.5B-Instruct_K3,178,8542,1.6465624570846558,12,1.398575782775879,0.179534450173378,"[-0.1180883060751512, 1.6432670094072819, -0.04028350860971841]","[0.020857556985068488, 0.1699455090565607, 0.011411704449320345]",none,0,"The bar also features live music, specifically Hank Williams Sr."
Qwen2.5-1.5B-Instruct_K3,178,8542,0.28471171855926514,6,1.2250642776489258,0.21351701021194458,"[0.01629365028928949, 0.7809501630634562, 0.04560033278539777]","[0.006390522424311189, 0.15851881564374062, 0.0014300685362691468]",none,0,on the jukebox.
Qwen2.5-1.5B-Instruct_K3,178,8542,1.3214765787124634,27,1.0189634561538696,0.11038517951965332,"[0.21269018597787956, 1.0824991677978284, -0.07052289005359516]","[0.01781725904390475, 0.10870608383481374, 0.0030179798118265605]",none,0,"While some reviews mention altercations with angry or drunk regulars, most patrons seem to enjoy the laid-back vibe and friendly atmosphere."
Qwen2.5-1.5B-Instruct_K3,178,8542,1.7535815238952637,27,-0.129494771361351,0.01709126867353916,"[-0.02550164973358396, -0.11170037663079577, -0.0035025292060826933]","[0.020078127598611464, 0.004601392780502751, 0.0015014183259291225]",none,0,"Overall, The Bak Door appears to be a classic dive bar experience with a loyal customer base and a no-frills approach to good times."
Qwen2.5-1.5B-Instruct_K3,179,3526,7.2664313316345215,3,1.1328070163726807,0.14490045607089996,"[0.11609091361363728, -0.06403080622355144, -0.01540966828664144]","[0.02715875596428911, 0.008517673549552759, 0.01507654475669066]",none,0,Sure!
Qwen2.5-1.5B-Instruct_K3,179,3526,0.9341722726821899,38,1.4795045852661133,0.20883198082447052,"[0.32905519201085554, 0.07766111871770638, 0.10087746376628179]","[0.08652165651325336, 0.004024521951486959, 0.003615163852546893]",baseless,1,"Here is the summary you requested within 78 words:

Nantucket High School football team secured their first win of the season with a 19-6 victory against Tech Boston."
Qwen2.5-1.5B-Instruct_K3,179,3526,2.332371234893799,16,0.6621584296226501,0.16810117661952972,"[0.11449521407485008, 0.20843699388206005, 0.04475535452365875]","[0.05986685585230589, 0.07076436007628217, 0.006554043826326961]",none,0,"The team pulled together with strong defense and offensive plays, despite the rainy conditions."
Qwen2.5-1.5B-Instruct_K3,179,3526,0.631169319152832,37,1.8511906862258911,0.18566380441188812,"[0.03872657880217319, -0.049103944936816975, 1.8597333741616584]","[0.008323798816171483, 0.04417884937149174, 0.17762209113287689]",none,0,The Whalers took the lead in the third quarter with a touchdown by Angel Cabrera and sealed the win with a 30-yard run by Arann Hanlon in the fourth quarter.
Qwen2.5-1.5B-Instruct_K3,180,2558,1.8421356678009033,25,1.7580593824386597,0.25127312541007996,"[0.6729576268792152, 0.07274221979081631, 0.031688577458262444]","[0.14915871212258935, 0.007949840131332167, 0.002326331270596711]",none,0,A reserve deputy in Oklahoma has been charged with manslaughter after accidentally shooting a man with a gun during a police sting operation.
Qwen2.5-1.5B-Instruct_K3,180,2558,0.7658408880233765,51,2.4366230964660645,0.27674129605293274,"[1.2860581877974646, 0.903797915930102, 0.027868415146276318]","[0.1770507807085261, 0.09895268861531376, 0.004384434783065337]",none,0,"Deputy Robert Bates, a 73-year-old CEO of an insurance company who volunteers as a certified reserve deputy, had announced he would use his Taser, but instead fired his handgun into the back of Eric Courtney Harris during the April 2 arrest."
Qwen2.5-1.5B-Instruct_K3,180,2558,0.8492683172225952,13,1.407559871673584,0.21620801091194153,"[1.475973604605175, 0.03530834236824795, -0.02476253596055008]","[0.21022638404526964, 0.006653258020448378, 0.0033265404175138588]",none,0,Bates is facing charges of second-degree manslaughter involving culpable negligence.
Qwen2.5-1.5B-Instruct_K3,180,2558,1.88132905960083,27,0.4258778393268585,0.08081328123807907,"[0.3368664548758749, -0.012183671106564967, -0.005474404640995932]","[0.065097491576159, 0.0048040445053040325, 0.003618459348282849]",none,0,"The video of the incident shows that Bates shouted for others to get their Tasers ready, but instead fired his gun, killing Harris."
Qwen2.5-1.5B-Instruct_K3,180,2558,1.3494832515716553,20,1.3583260774612427,0.25157469511032104,"[-0.05092541365884244, 1.3535282179713248, 0.11922844860819168]","[0.03657626225030981, 0.17068131733685732, 0.006538601475722316]",none,0,The Sheriff's Office said that Bates has undergone all the required training and has extensive community policing experience.
Qwen2.5-1.5B-Instruct_K3,180,2558,0.7957273125648499,15,1.398391842842102,0.338299423456192,"[0.022784325810304533, 1.5272118722146844, -0.0314327641450897]","[0.023680358129301263, 0.3315626670232935, 0.0021066203131946772]",none,0,"However, he had never been the main deputy in charge of an arrest."
Qwen2.5-1.5B-Instruct_K3,180,2558,1.0116488933563232,38,0.8458495140075684,0.19980290532112122,"[0.6414190304318541, 0.4306300151848087, 0.005434110736180293]","[0.12869810149085856, 0.08154048704493203, 0.003441882264364961]",none,0,"The shooting has sparked criticism online, particularly from Harris' family and his lawyer, who are demanding an independent investigation and questioning why Bates was allowed to participate in such a high-risk sting operation."
Qwen2.5-1.5B-Instruct_K3,180,2558,2.2789723873138428,11,0.046084847301244736,0.08552725613117218,"[0.8176010281524875, -0.0037377801808443937, 0.18758562410419638]","[0.07009538254615935, 0.06291719919747928, 0.013004691128365019]",baseless,1,"Bates' lawyer claimed that his client shot Harris accidentally and is therefore guilty only of a lesser offense, such as reckless driving."
Qwen2.5-1.5B-Instruct_K3,181,5399,2.115138053894043,18,1.381723165512085,0.2346583753824234,"[1.3246717104533066, 0.0070503790642154245, 0.03671292940675307]","[0.22050643764669076, 0.0011246321405988307, 0.0017369297869309877]",none,0,"Olio Pizzeria is a popular pizza spot located in Santa Barbara, CA."
Qwen2.5-1.5B-Instruct_K3,181,5399,1.5239474773406982,17,0.9023258090019226,0.1615351438522339,"[1.0039277616494526, 0.023321017800994655, 0.023291986211381087]","[0.1480956815478695, 0.0015019623471530126, 0.0007725207317836227]",none,0,"According to their structured data, they offer pizza, Italian cuisine, and nightlife experiences."
Qwen2.5-1.5B-Instruct_K3,181,5399,1.2743040323257446,25,0.4068976640701294,0.16205331683158875,"[0.13384466037154197, 0.21452495928853751, 0.046777923740446564]","[0.09469560171943157, 0.03061720596801024, 0.002836912791826762]",none,0,"The restaurant has a 4-star rating and is known for its delicious food, but has received mixed reviews regarding its service."
Qwen2.5-1.5B-Instruct_K3,181,5399,1.5655889511108398,23,0.9223096966743469,0.13688503205776215,"[0.24198841568811433, 0.24430626282549422, 0.027136962152207674]","[0.04212413389367335, 0.0634537537926403, 0.004758548283817894]",none,0,"Some customers have reported poor treatment by the hostess, while others have praised the friendlyness of the wait staff."
Qwen2.5-1.5B-Instruct_K3,181,5399,1.8343642950057983,19,0.33244234323501587,0.16061560809612274,"[0.8516212598616747, -0.01871277759537885, -0.13629597127682677]","[0.16229951041628068, 0.010709800106843958, 0.02142161676104144]",conflict,1,"The restaurant's ambiance is described as classy and upscale, but not particularly trendy or hipster."
Qwen2.5-1.5B-Instruct_K3,181,5399,1.3008171319961548,18,1.1245920658111572,0.19152110815048218,"[1.1577097436206207, -0.09915886798666583, -0.11357002001669672]","[0.18152788809190193, 0.012536086153381297, 0.006818121666179245]",none,0,"They offer outdoor seating, takeout, and reservations, and provide free WiFi for customers."
Qwen2.5-1.5B-Instruct_K3,181,5399,2.168287992477417,14,0.5384283065795898,0.09234941750764847,"[0.4884881595530065, 0.09403867146777754, -0.09581394688003846]","[0.07922554787475226, 0.01088652911016652, 0.014302699693091978]",conflict,1,"Additionally, the restaurant is wheelchair accessible and has a validated parking lot."
Qwen2.5-1.5B-Instruct_K3,181,5399,0.9395643472671509,29,-0.12171357125043869,0.036623962223529816,"[-0.09251463257482853, 0.011704458746705847, -0.01631979904828015]","[0.03639352096320965, 0.0010100091656819006, 0.0010643568801963833]",conflict,1,"Hours of operation are from 4pm to 9pm Tuesday through Thursday, and 4pm to 10pm Friday and Saturday."
Qwen2.5-1.5B-Instruct_K3,181,5399,1.0094921588897705,5,-0.00015069246001075953,0.04366946592926979,"[0.03816489577293396, 0.022050803899765013, 0.020939582586288454]","[0.03659810982644558, 0.0023456395021639763, 0.005413329601287842]",conflict,1,They are closed on Sundays.
Qwen2.5-1.5B-Instruct_K3,182,9767,1.4865378141403198,17,1.3935757875442505,0.20631347596645355,"[0.972271741970497, 0.006992594852550503, 0.03435864030753317]","[0.16422319343409447, 0.0006125994146072224, 0.0020281073555131167]",none,0,"Peet's Coffee is a popular coffee shop located in Santa Barbara, CA."
Qwen2.5-1.5B-Instruct_K3,182,9767,0.7905461192131042,33,-0.10633154213428497,0.1109732910990715,"[-0.006460983138326396, 0.0792506068863793, 0.04000344079979572]","[0.04564184333721779, 0.017263586597488775, 0.0220635336258793]",baseless,1,"According to customer reviews, the shop offers a wide variety of coffee and tea options, as well as a selection of food items such as bagels and pastries."
Qwen2.5-1.5B-Instruct_K3,182,9767,1.563617467880249,14,0.03926518186926842,0.09799318760633469,"[0.3947875321443592, -0.06416963573013033, 0.007120504177042416]","[0.09177061486739799, 0.004752683849801542, 0.004807484545121302]",none,0,The shop has a cozy atmosphere and provides free WiFi for its customers.
Qwen2.5-1.5B-Instruct_K3,182,9767,1.9545564651489258,19,0.16083984076976776,0.09003731608390808,"[0.21052882869078435, 0.05237462486930829, 0.4535127709754498]","[0.10085292443239412, 0.015214417911106705, 0.008019196811227104]",none,0,"One customer praised the shop's employee, Marilyn, for her excellent customer service and helpfulness."
Qwen2.5-1.5B-Instruct_K3,182,9767,0.7697545886039734,23,0.1940309703350067,0.07739534229040146,"[0.5295463693353509, 0.0317412206685454, 0.013474841094569496]","[0.10183687766964242, 0.002769824628147865, 0.0068390695088801886]",none,0,"However, another customer had a negative experience with the shop's manager, who they felt was rude and unfriendly."
Qwen2.5-1.5B-Instruct_K3,182,9767,0.9064844250679016,24,-0.032778628170490265,0.018630312755703926,"[0.06664837086471682, -0.015067900541680501, 0.02174135690112659]","[0.012663857926601926, 0.0008570875956361116, 0.0013013404371804427]",none,0,"Overall, Peet's Coffee seems to have a loyal customer base and is known for its good quality coffee and friendly service."
Qwen2.5-1.5B-Instruct_K3,183,5115,0.8904132843017578,42,0.8976742029190063,0.1346290558576584,"[0.6086739552382894, -0.0699194003277355, -0.02414441010913985]","[0.07889991839264726, 0.00643982669698639, 0.0028434264894162623]",none,0,"Here is an objective overview of the Italian & Greek Delicatessen based on the structured data provided:

The Italian & Greek Delicatessen is a highly rated restaurant located in Santa Barbara, California."
Qwen2.5-1.5B-Instruct_K3,183,5115,1.043102741241455,27,0.5055084824562073,0.1311621069908142,"[0.008802305251635887, 0.39691764837846644, 0.03873972498803158]","[0.06027300445431912, 0.04624191492944697, 0.001603975106667753]",none,0,"With a total of 36 years in operation, the business has built a reputation for serving delicious and authentic Greek and Italian cuisine."
Qwen2.5-1.5B-Instruct_K3,183,5115,0.9706047773361206,28,0.8431490659713745,0.1423252373933792,"[0.42748752326631995, -0.03650744762892698, -0.03284398183529902]","[0.05238979542610776, 0.028072862834796247, 0.0035303493365615524]",none,0,"According to reviews, the deli is known for its high-quality meats, particularly its hot pastrami, which has received rave reviews."
Qwen2.5-1.5B-Instruct_K3,183,5115,1.3708250522613525,16,-0.28467217087745667,0.09174274653196335,"[0.07040667614637641, 0.08321129174146336, -0.04700758308536024]","[0.07236636429303189, 0.009476740173283815, 0.026390038667557292]",baseless,1,"Customers have also praised the deli's atmosphere, describing it as cozy and welcoming."
Qwen2.5-1.5B-Instruct_K3,183,5115,1.0483003854751587,20,0.6958261728286743,0.1983635276556015,"[0.6916094092885032, -0.09490086591886211, -0.061018782243263556]","[0.12959554105626694, 0.003356130183033201, 0.00250054452987456]",none,0,"Unfortunately, the deli has closed its doors permanently as of April 2007."
Qwen2.5-1.5B-Instruct_K3,183,5115,1.2242679595947266,18,0.15047331154346466,0.061560288071632385,"[-0.077282132240119, -0.1502706415243059, 0.21184332101054476]","[0.014060756461983855, 0.022455282855629675, 0.0075353577699514875]",none,0,"Despite this, customers have fond memories of the restaurant and continue to rave about its food."
Qwen2.5-1.5B-Instruct_K3,183,5115,1.1858469247817993,28,0.6884158849716187,0.11733150482177734,"[0.12487018353359806, 0.35502048866432495, 0.23999173728641057]","[0.019140467724257957, 0.07222127300285917, 0.0336161739707807]",none,0,"One reviewer described the meatball sub as ""delicious"" and ""scrumptious,"" while another praised the quality of the gyro."
Qwen2.5-1.5B-Instruct_K3,183,5115,0.5779878497123718,15,1.660625696182251,0.18449345231056213,"[0.0957463258622738, 0.027344160031983242, 2.065183230872208]","[0.015362590682927172, 0.023730508795779315, 0.17843535368526015]",none,0,The deli's Greek salad and marinated olive selection are also highly recommended.
Qwen2.5-1.5B-Instruct_K3,183,5115,0.1890728920698166,6,0.04138243570923805,0.005734462756663561,"[0.10654966923114746, 0.0012803721031862854, 0.0217127652185809]","[0.007753410468069433, 0.0006319153493545097, 0.0011365800323706783]",baseless,1,"Overall, the Italian & Greek Delicatessen appears to have been a beloved local institution, known for its exceptional food and welcoming atmosphere."
Qwen2.5-1.5B-Instruct_K3,184,5550,0.9276940226554871,33,2.132534980773926,0.2940681576728821,"[2.1518992641376276, -0.0033916626301960964, 0.00682529294973585]","[0.3119041641722574, 0.0005934782887682862, 0.002193533541556421]",none,0,"The Harbor Restaurant is a 3.5-star seafood and traditional American restaurant located at 210 Stearns Wharf in Santa Barbara, CA."
Qwen2.5-1.5B-Instruct_K3,184,5550,2.1575534343719482,13,0.18666790425777435,0.13034339249134064,"[0.3285867508787375, -0.07319891166228515, 0.007254846967183626]","[0.14466129178897694, 0.0025797706207063478, 0.0018671711888880683]",conflict,1,"It is open all week, offering extended hours on the weekends."
Qwen2.5-1.5B-Instruct_K3,184,5550,1.0696474313735962,20,1.1186869144439697,0.16149476170539856,"[1.192844072834123, 0.0027758171905588823, -0.012967954850864771]","[0.1640384632657515, 0.0017551032312894677, 0.0009564184210148596]",none,0,"The restaurant provides free WiFi, outdoor seating, take-out options, and is suitable for group dining."
Qwen2.5-1.5B-Instruct_K3,184,5550,1.8128989934921265,19,0.7649569511413574,0.11836862564086914,"[0.7364455102207629, -0.02676908144923417, -0.012761904517997448]","[0.11676995507073834, 0.0037664045367807233, 0.0028152488726834093]",none,0,"It offers valet parking and a parking lot, but does not provide garage or street parking."
Qwen2.5-1.5B-Instruct_K3,184,5550,2.7091329097747803,26,0.36167246103286743,0.16941402852535248,"[0.47011488762039405, -0.03606393919611806, -0.05187774753246161]","[0.16677692020311952, 0.007023458530957564, 0.002746102451291895]",none,0,"Some reviewers have praised the restaurant for its attentive staff and amazing service, particularly highlighting staff members Aldo, Juan, and Miguel."
Qwen2.5-1.5B-Instruct_K3,184,5550,2.5164690017700195,19,-0.1740645319223404,0.048187945038080215,"[-0.2750849755462504, 0.018691304584775168, 0.018338645616926153]","[0.03473522990000339, 0.024129938465145977, 0.0034901254208115893]",none,0,"Patrons also enjoy their brunch offerings, including their entrees and bottomless mimosas."
Qwen2.5-1.5B-Instruct_K3,184,5550,1.4842782020568848,15,0.5062527060508728,0.07172803580760956,"[0.5411437660688534, 0.17431804297084455, 0.1173141202578942]","[0.043936964956810695, 0.025845951758022543, 0.007673182508627482]",none,0,"However, some customers have expressed disappointment with slow service and food preparation issues."
Qwen2.5-1.5B-Instruct_K3,184,5550,1.8559678792953491,21,0.36559420824050903,0.04433731734752655,"[0.0428623393998437, 0.06299594077946884, 0.38632744478638326]","[0.014673310218703202, 0.0012902394228149205, 0.03697197315272033]",none,0,"Despite these concerns, regulars intend to return, indicating the restaurant's potential for improvement and continued patronage."
Qwen2.5-1.5B-Instruct_K3,185,5628,0.5411341190338135,30,2.2412753105163574,0.28269878029823303,"[1.8615762626131376, 0.015867332987515206, 0.003653173307460141]","[0.2571291329028706, 0.0007703781001206759, 0.002237775948234836]",none,0,"Spearmint Rhino Gentlemen's Club is an adult entertainment venue located at 22 E Montecito St, Santa Barbara, CA."
Qwen2.5-1.5B-Instruct_K3,185,5628,0.6221705079078674,17,1.1700602769851685,0.2033982127904892,"[1.0927856860353666, -0.0038708710002110284, 0.02438787879038821]","[0.2009686196825522, 0.0003546589680488122, 0.0010102142237776528]",none,0,"The business falls under the categories of Adult Entertainment, Strip Clubs, and Nightlife."
Qwen2.5-1.5B-Instruct_K3,185,5628,2.2854790687561035,23,1.0159008502960205,0.16696028411388397,"[1.0956940764318341, 0.02598359735439653, 0.029042792061100834]","[0.16063497276247843, 0.0031172154754724193, 0.002892039447666004]",none,0,"It is noted for its group-friendly ambiance and live music, however, it does not offer outdoor seating or WiFi."
Qwen2.5-1.5B-Instruct_K3,185,5628,0.7293634414672852,5,0.28664496541023254,0.1180102601647377,"[0.3287508964538574, -0.029905997216701508, -0.05751124545931816]","[0.1319878628477454, 0.0011733806852134876, 0.0021591284894384444]",none,0,Street parking is available.
Qwen2.5-1.5B-Instruct_K3,185,5628,2.304269552230835,28,-0.1645253747701645,0.10106267780065536,"[-0.2065430065350873, -0.008989579576466764, 0.019919606324817454]","[0.09966535224313182, 0.001012887098892991, 0.0019693325791325022]",conflict,1,"The business opens late in the evening, with the earliest opening time being 7 PM from Tuesday to Sunday and 8 PM on Fridays."
Qwen2.5-1.5B-Instruct_K3,185,5628,1.2465901374816895,12,0.5831822752952576,0.137986421585083,"[0.5095906081842259, 0.002524324741292124, -0.0015256877813953906]","[0.13230191332210475, 0.0027417178428853126, 0.0040444567033167305]",none,0,It has an average rating of 2.5 stars.
Qwen2.5-1.5B-Instruct_K3,185,5628,2.2009541988372803,30,0.5676672458648682,0.11185374855995178,"[0.4665502324467525, 0.0004834517138078809, 0.0026136618573218582]","[0.08434263031910329, 0.021496019698921977, 0.007588495653665935]",none,0,"However, recent reviews highlight the enjoyable experience offered by the venue, particularly praising the performances of the dancers, with one even noted for her comedic talent."
Qwen2.5-1.5B-Instruct_K3,185,5628,1.7641422748565674,10,1.2109346389770508,0.12270162999629974,"[0.1548596289474517, -0.17349586682394147, 1.5841754853725434]","[0.012748584916698747, 0.011816754730534739, 0.12011744417250156]",none,0,One review expressed anticipation for the reopening of the establishment.
Qwen2.5-1.5B-Instruct_K3,186,7697,1.4193718433380127,31,1.377433180809021,0.23501937091350555,"[0.9359356988058989, -0.020002741100876346, -0.023049360735674252]","[0.1696757841485035, 0.0008824668074350572, 0.002578892761969274]",none,0,"Rusty's Pizza Parlor is a pizza joint located in Summerland, CA, offering a variety of pizza options, sandwiches, and chicken wings."
Qwen2.5-1.5B-Instruct_K3,186,7697,1.316156268119812,30,0.3511829972267151,0.1325235515832901,"[0.42050124594231114, -0.012280844592411692, 0.003691386377052671]","[0.1269547779463513, 0.0021365819796007675, 0.001184157800404743]",conflict,1,"The restaurant is open seven days a week from 11 am to 10 pm, and offers outdoor seating, take-out, and WiFi."
Qwen2.5-1.5B-Instruct_K3,186,7697,1.3772426843643188,31,0.01604078896343708,0.12730799615383148,"[-0.26643946610913133, -0.01195182084296492, 0.7183342307332843]","[0.07227007749339288, 0.014269213846487659, 0.09196283159222261]",none,0,"According to customer reviews, Rusty's has a friendly atmosphere and serves fresh and delicious food, with their signature Rusty's Special being a popular choice."
Qwen2.5-1.5B-Instruct_K3,186,7697,0.8289698362350464,17,0.22721411287784576,0.07938922941684723,"[0.21364516862633856, -0.06443385134062897, -0.03969582005447592]","[0.07129774181467997, 0.008667542228696382, 0.0097774969797262]",none,0,"However, some customers have reported long wait times for their orders and poor customer service."
Qwen2.5-1.5B-Instruct_K3,186,7697,0.7206716537475586,16,0.026144105941057205,0.08132956922054291,"[0.10642612715309951, 0.004931421270612191, 0.008427152864896925]","[0.07458153307334214, 0.0012240634135594064, 0.0019799230547619118]",none,0,The restaurant has an average rating of 3.5 stars out of 5.
Qwen2.5-1.5B-Instruct_K3,187,1461,1.0690863132476807,47,1.1911845207214355,0.1925813853740692,"[0.7172457139888447, 0.03188936471329687, 0.014272493402402572]","[0.12605136641184103, 0.005809217086551898, 0.003915886871834089]",baseless,1,"Here is a summary of the article in 71 words or less:

Fox is developing a two-hour remake of the cult classic ""The Rocky Horror Picture Show"" with director, executive producer, and choreographer Kenny Ortega."
Qwen2.5-1.5B-Instruct_K3,187,1461,0.8203665614128113,23,1.2824283838272095,0.2407090812921524,"[1.0507900201837006, 0.014951971639200801, 0.06858878905009276]","[0.21918956197686898, 0.00903700246050468, 0.001740222151585405]",none,0,The special will be filmed in advance and will air to celebrate the 40th anniversary of the original film.
Qwen2.5-1.5B-Instruct_K3,187,1461,1.3711093664169312,18,0.3246176540851593,0.17921209335327148,"[0.20129587612912778, 0.22402283318559865, -0.07033732754583373]","[0.0569719398793672, 0.04261118255337553, 0.11013090264421205]",none,0,"Ortega has worked on numerous other projects including ""Glee"" and ""High School Musical."""
Qwen2.5-1.5B-Instruct_K3,188,7000,0.7102829813957214,55,1.05044686794281,0.14048105478286743,"[0.9911394259961195, -0.009152569857459722, -0.008144402376604954]","[0.13205750931520016, 0.0003434693385925543, 0.0008191826054234691]",none,0,"Based on the provided structured data in JSON format, here is an objective overview of Rudy's, a Mexican restaurant in Carpinteria, California:

Rudy's is a Mexican restaurant located at 1001 Casitas Pass Rd in Carpinteria, CA."
Qwen2.5-1.5B-Instruct_K3,188,7000,0.653550386428833,22,0.3042113184928894,0.1181311309337616,"[0.2661454825627681, 0.0010563146404985507, -0.002976948969510638]","[0.11114712855669495, 0.0009613581736092866, 0.000946895329780711]",baseless,1,The restaurant has a rating of 3.0 out of 5 stars based on 3 customer reviews.
Qwen2.5-1.5B-Instruct_K3,188,7000,0.3982466757297516,24,0.5172191262245178,0.08157964795827866,"[0.5654868194318018, -0.012384526984533295, 0.005114330825563229]","[0.07997650510454453, 0.00024795944565880745, 0.0002199057428029505]",conflict,1,The hours of operation are Monday through Sunday from 8:00 AM to 10:00 PM.
Qwen2.5-1.5B-Instruct_K3,188,7000,0.9999485611915588,14,1.4561587572097778,0.19573354721069336,"[1.4377739658313138, -0.03763765065065984, -0.055418190180457065]","[0.20081452998731816, 0.0021460984993219817, 0.0014122275281676724]",none,0,"The restaurant offers outdoor seating, takeout, and reservations are not available."
Qwen2.5-1.5B-Instruct_K3,188,7000,0.9418461322784424,15,0.10180187225341797,0.04393131658434868,"[0.3244842423029089, 0.009559989576276469, -0.011542780613611588]","[0.04513276707305825, 0.0023341069920888914, 0.002618735933397905]",none,0,"According to the customer reviews, the food at Rudy's is mixed."
Qwen2.5-1.5B-Instruct_K3,188,7000,0.9253541827201843,24,0.9728405475616455,0.16934168338775635,"[-0.091612906139441, 0.4403106552175207, 0.7136756362087908]","[0.026108578041809476, 0.058567489171764464, 0.10831678333133728]",none,0,"Some reviewers enjoyed their dishes, particularly the crispy tacos, taquitos, and chile relleno burrito."
Qwen2.5-1.5B-Instruct_K3,188,7000,1.0320143699645996,19,0.5788911581039429,0.15133319795131683,"[1.0682371250888154, 0.06767354771373472, -0.2283411100301907]","[0.08931021049589187, 0.01838016591785755, 0.08090889421563181]",none,0,"However, others found the tacos to be flavorless and overpriced at $6 each."
Qwen2.5-1.5B-Instruct_K3,188,7000,1.1519242525100708,24,0.6850833296775818,0.1397237628698349,"[0.9853512422887434, -0.030321870274444034, -0.02875341096948129]","[0.16444277528618537, 0.004860641159132317, 0.006161020903830305]",none,0,"One reviewer noted that the restaurant's atmosphere was dirty and uninviting, with sticky floors and leftovers on the tables."
Qwen2.5-1.5B-Instruct_K3,188,7000,1.8344634771347046,3,-0.34003448486328125,0.03869698569178581,"[-0.32077019413312274, 0.0977357029914856, 0.06148816148440043]","[0.024663951247930527, 0.006093760021030903, 0.005413369120409091]",none,0,Another reviewer had a positive experience with the food but felt that the staff was distracted by their personal phone use.
Qwen2.5-1.5B-Instruct_K3,189,1844,1.8158801794052124,21,0.6750337481498718,0.08094552904367447,"[0.21672285780853903, -0.022558378069550685, 0.04378667310811579]","[0.022589050226954333, 0.006357354637007769, 0.004556738069676872]",none,0,Adult coloring books are currently popular among adults looking for a relaxing activity to help them de-stress.
Qwen2.5-1.5B-Instruct_K3,189,1844,1.200692892074585,21,0.08190996944904327,0.06150886416435242,"[0.06584234695349421, 0.06239104004842894, 0.020439167640038898]","[0.022957090194159674, 0.020611463217522084, 0.005287143738574481]",none,0,"This trend has been growing in popularity, with more people turning to coloring books as a way to unwind."
Qwen2.5-1.5B-Instruct_K3,189,1844,0.8185619711875916,49,1.4239023923873901,0.242296040058136,"[1.5724574673454021, -0.0959534247682332, 0.03617506840330917]","[0.22827877652796777, 0.010261396324740208, 0.001669015744964758]",none,0,"According to a report by USA Today, Amazon's bestselling books list this month features several coloring books, including ""Secret Garden: An Inky Treasure Hunt & Coloring Book"" and ""Enchanted Forest: An Inky Quest & Coloring Book""."
Qwen2.5-1.5B-Instruct_K3,189,1844,1.1932216882705688,18,0.25246793031692505,0.1334451586008072,"[0.1641245287125154, -0.11788009191756525, -0.040572628977517726]","[0.10413014710744999, 0.012779770507033087, 0.0034550655843317043]",none,0,These books are being marketed as a way for adults to relax and find peace of mind.
Qwen2.5-1.5B-Instruct_K3,189,1844,1.2414219379425049,21,-0.09540622681379318,0.03914337605237961,"[-0.03097620458824427, -0.022175237299442024, 0.03406432532245249]","[0.020883414787238593, 0.023651686818766393, 0.005429480179784497]",baseless,1,They are also being promoted as a healthy alternative to traditional forms of stress relief such as exercise and meditation.
Qwen2.5-1.5B-Instruct_K3,189,1844,0.8907350301742554,30,-0.04059479385614395,0.023602919653058052,"[0.02641481964965351, 0.032695120380958544, -0.04163989612134174]","[0.01024599751409975, 0.006697483408606786, 0.009984042077068505]",none,0,"Many people are finding the process of coloring to be calming and therapeutic, and are using it as a way to reduce stress and improve their overall well-being."
Qwen2.5-1.5B-Instruct_K3,190,6198,0.9954654574394226,34,2.199911594390869,0.2595534920692444,"[1.5341573731840232, 0.03995970717711744, 0.030272885172106564]","[0.21125177640629667, 0.0016978119627558098, 0.0010628636521734253]",none,0,"The Habit is a casual restaurant located at 888 Embarcadero Del Norte in Isla Vista, California, specializing in burgers and American comfort food."
Qwen2.5-1.5B-Instruct_K3,190,6198,1.1372077465057373,20,0.8660323023796082,0.12153632938861847,"[1.0545490284916013, -0.021505151339806617, 0.04014225115533918]","[0.13054789355956017, 0.004354512888676254, 0.0014615468111401242]",conflict,1,"The restaurant is open daily, with varying operating hours, and offers outdoor seating and takeout services."
Qwen2.5-1.5B-Instruct_K3,190,6198,3.353337287902832,8,0.407533198595047,0.1182490885257721,"[0.6573598280665465, -0.37481295510951895, 0.021016882596995856]","[0.14280815265374258, 0.004978627393782631, 0.0015123034003181601]",none,0,The Habit is also suitable for groups.
Qwen2.5-1.5B-Instruct_K3,190,6198,1.4489036798477173,20,0.7895380258560181,0.13892917335033417,"[0.7951999532873743, -0.054243084882909895, 0.049522441483350124]","[0.13461725353117798, 0.003551877581480767, 0.0016391702071473445]",baseless,1,"However, it does not provide Wi-Fi or music, and parking is only available on the street."
Qwen2.5-1.5B-Instruct_K3,190,6198,1.0787466764450073,23,0.2164970338344574,0.10256396234035492,"[0.18427973021955593, 0.012391487915959695, 0.04900107827321019]","[0.10464968763129867, 0.0037236771004245384, 0.003479868592124979]",none,0,"With an average rating of 4.0 stars, customers have praised the restaurant for its quality food and service."
Qwen2.5-1.5B-Instruct_K3,190,6198,0.963398277759552,35,1.6750457286834717,0.2241273671388626,"[0.7775973241252359, 1.2983456197677048, 0.021223358183617945]","[0.13668821395866482, 0.1103144891355961, 0.0034764545630825493]",none,0,"Reviews highlight the tuna sandwich, the 'Spicy' Chicken Sandwich, Teriyaki Char burger, and the Sweet Potato Fries, all of which were well-received."
Qwen2.5-1.5B-Instruct_K3,190,6198,2.4553284645080566,18,0.430076003074646,0.1831498146057129,"[0.049776081925503805, 0.1612894635569925, 0.35092341477098266]","[0.04114325306606285, 0.04525614635915392, 0.1629798232303617]",none,0,The BBQ Bacon burger is also recommended for its balance of flavors and well-toasted bun.
Qwen2.5-1.5B-Instruct_K3,190,6198,1.1978874206542969,27,0.9502670764923096,0.12064023315906525,"[0.02113373025100305, 1.0856595233490225, 0.021196274677128746]","[0.03729190542299808, 0.09806217493523608, 0.009305904186088877]",none,0,"Despite these positive comments, a review pointed out that the patty in the Teriyaki Char burger did not contribute substantially to the flavor."
Qwen2.5-1.5B-Instruct_K3,191,5444,1.0211395025253296,20,2.4306910037994385,0.26556795835494995,"[2.1033142946660517, -0.016118786511287907, -0.04062068365728919]","[0.24294992059003562, 0.0008755217233670009, 0.003144426987779525]",none,0,"Bill's Bus is a tour and party bus rental company located in Isla Vista, California."
Qwen2.5-1.5B-Instruct_K3,191,5444,1.5464258193969727,20,1.7640514373779297,0.2720624506473541,"[1.6899260685313493, 0.013511103768905741, -0.06754487681573665]","[0.2755463076158776, 0.0019311349178224191, 0.001104978900207243]",none,0,They offer tours such as wine tours and event planning services such as wedding planning and hotels & travel.
Qwen2.5-1.5B-Instruct_K3,191,5444,0.5072037577629089,30,0.8448551297187805,0.1210412010550499,"[0.9415755029806557, -0.014230857584576977, 0.009126924886125683]","[0.1304358302790206, 0.0007457253039547141, 0.0013694157372507712]",none,0,"Their hours of operation are limited to Thursday, Friday, and Saturday evenings, from 9:30 PM to 2:00 AM."
Qwen2.5-1.5B-Instruct_K3,191,5444,1.8009012937545776,23,1.2928452491760254,0.17085979878902435,"[1.4537720636403917, -0.02764426894566935, -0.05543301480761527]","[0.17060661256191847, 0.0018119353291062314, 0.002170106413240833]",conflict,1,"The business has attributes such as music and outdoor seating, but does not offer Wi-Fi or good takeout options."
Qwen2.5-1.5B-Instruct_K3,191,5444,2.1046602725982666,15,0.2862519323825836,0.12296228110790253,"[-0.0456335186958313, 0.632464521129926, -0.13777382771174113]","[0.08625961433475217, 0.06876214367027084, 0.020200383748548725]",none,0,The reviewers praised the business for their professionalism and the simplicity of their services.
Qwen2.5-1.5B-Instruct_K3,191,5444,0.6191006302833557,33,1.4589818716049194,0.23682846128940582,"[1.4903454015341897, 0.020272622492925482, -0.012783512590844608]","[0.23615382694653375, 0.0020034791642212276, 0.001135694346380729]",none,0,"However, one reviewer had a negative experience, where they were trapped in a hot and sweaty bus for 30 minutes without any updates on why they were stuck."
Qwen2.5-1.5B-Instruct_K3,191,5444,0.9755010008811951,25,0.38095730543136597,0.08411898463964462,"[0.37847754657268523, 1.6282519791275263e-05, 0.029273862703703343]","[0.0751213502837345, 0.010765966377248333, 0.005579425096484556]",none,0,"Despite this, the business has an overall rating of 3.5 stars, and the positive reviews greatly outweigh the negative one."
Qwen2.5-1.5B-Instruct_K3,192,5044,6.222372531890869,3,0.23713159561157227,0.251370906829834,"[0.037292142709096275, -0.01657704512278239, 0.5423427224159241]","[0.046112743516763054, 0.00044620397966355085, 0.010278517846018076]",none,0,Sure!
Qwen2.5-1.5B-Instruct_K3,192,5044,0.7675183415412903,66,1.0985352993011475,0.18490296602249146,"[0.9726524864828124, 0.002391294610953826, -0.005331382076678203]","[0.15974484930677763, 0.0014636863733027315, 0.002316275389131995]",none,0,"Here's an objective overview of the Subway located at 1940 Cliff Dr, Ste B-13, Santa Barbara, CA, based on the provided structured data:

The Subway restaurant in Santa Barbara, CA has an overall rating of 3.0 stars out of 5.0, based on three reviews."
Qwen2.5-1.5B-Instruct_K3,192,5044,1.8996000289916992,17,0.3832240402698517,0.13753041625022888,"[0.5577373294269338, -0.00015744742225198185, 0.09615375539835762]","[0.16432073120685184, 0.008027236593668075, 0.0054121434839223236]",baseless,1,The restaurant has a convenient location in a business park with parking available in a lot.
Qwen2.5-1.5B-Instruct_K3,192,5044,1.4703174829483032,19,0.8415584564208984,0.13618752360343933,"[1.063803148063782, -0.0054380145892010704, 0.00406608817712894]","[0.14390446372501747, 0.004371399481394627, 0.002378590811483599]",none,0,"The restaurant offers takeout and has outdoor seating, but does not have WiFi or reservations available."
Qwen2.5-1.5B-Instruct_K3,192,5044,1.5259180068969727,14,1.1928317546844482,0.21446006000041962,"[1.0893624585920147, 0.006714116465965552, 0.056822973220343034]","[0.20123346409361278, 0.0047606005797596095, 0.0039019103028132512]",baseless,1,The ambiance is described as casual and there is no music or specific theme.
Qwen2.5-1.5B-Instruct_K3,192,5044,1.3885706663131714,34,0.6215788125991821,0.12882095575332642,"[0.4048061922795194, 0.3047750742167837, 0.042759431152851045]","[0.07947469094121035, 0.05167373928527334, 0.004890014369052283]",none,0,"One reviewer had a negative experience with the staff, reporting that an employee was rude and used profanity when the customer brought to their attention an error in their order."
Qwen2.5-1.5B-Instruct_K3,192,5044,1.1748511791229248,14,1.3466951847076416,0.10368514060974121,"[0.17736680840815616, 0.7150365641656597, 1.7860770721953096]","[0.02545039758557063, 0.04860211981927672, 0.15310394817996503]",none,0,"Another reviewer found the staff to be friendly sometimes, but not consistently."
Qwen2.5-1.5B-Instruct_K3,192,5044,1.154577374458313,12,0.2491532564163208,0.0688098594546318,"[-0.11179539646642904, 0.16509101896857223, 0.3813458476215601]","[0.011276767969926974, 0.01682483226371308, 0.106520689635848]",none,0,A third reviewer had a positive experience with friendly and helpful staff.
Qwen2.5-1.5B-Instruct_K3,192,5044,1.0828492641448975,21,0.4256632626056671,0.14860370755195618,"[0.6164335250144913, -0.039999705739319324, -0.01384491202909322]","[0.13210326743622622, 0.006746873198218444, 0.017750361257986652]",conflict,1,"The menu includes sandwiches, salads, and soup, and the restaurant is open Monday through Sunday from 9:00 am to 10:30 pm."
Qwen2.5-1.5B-Instruct_K3,193,2837,0.9848955869674683,26,1.2898513078689575,0.25606128573417664,"[1.07256170497455, 0.02157967060898395, 0.04279304612674213]","[0.18364669941141842, 0.0026868754561152086, 0.004158113199134907]",none,0,An Egyptian court has sentenced 71 people to life in prison for burning a Christian church in 2013.
Qwen2.5-1.5B-Instruct_K3,193,2837,1.3375428915023804,18,1.0980077981948853,0.18467725813388824,"[1.1588503155443404, 0.028318651744888887, 0.08250318477965063]","[0.18482955591753125, 0.010739839431254141, 0.004745322250528261]",none,0,"The attack was one of many on churches, businesses, and homes targeting Coptic Christians."
Qwen2.5-1.5B-Instruct_K3,193,2837,0.33483052253723145,24,1.3756154775619507,0.2601902484893799,"[0.1054824522434501, 1.56230573351786, 0.024051056624254368]","[0.031032199338369537, 0.2777530878302059, 0.002964060353065179]",none,0,"52 of the 73 defendants were tried in absentia, and 21 were already in prison."
Qwen2.5-1.5B-Instruct_K3,193,2837,0.7140453457832336,20,2.233569383621216,0.2914183735847473,"[0.1902266705146758, 0.7340579927942599, 1.7317562427779194]","[0.0374705046066083, 0.12115768747462426, 0.18200753818686052]",baseless,1,"The attack was blamed on supporters of the Muslim Brotherhood, and journalist Sarah Sirgany reported from Cairo."
Qwen2.5-1.5B-Instruct_K3,194,5567,1.7427068948745728,24,1.3890830278396606,0.21061982214450836,"[0.7708793736383086, 0.06768747963117978, 0.0216916079504396]","[0.1379776118085374, 0.004767492954693846, 0.0024992291862607394]",baseless,1,"Lucky Dragon is a family-owned Chinese restaurant located in Goleta, California, specializing in Szechuan cuisine."
Qwen2.5-1.5B-Instruct_K3,194,5567,0.8570645451545715,26,0.6961281299591064,0.16548360884189606,"[0.6132594186472209, 0.035810051007239545, -0.04629416136608073]","[0.10649447801641215, 0.004405432736622135, 0.01631914822057085]",none,0,"According to customer reviews, the restaurant offers authentic, unique, and delicious dishes that are not typically found in American-Chinese restaurants."
Qwen2.5-1.5B-Instruct_K3,194,5567,0.44529807567596436,33,2.3142759799957275,0.28614863753318787,"[0.5897249977766533, -0.004585564658834135, 1.9033310416692102]","[0.05957399540986072, 0.003920497189840279, 0.20018310825712018]",none,0,"The menu includes options such as bullfrog in a spicy sauce, kung pao chicken, long beans, fried rice, and hot braised beef noodle."
Qwen2.5-1.5B-Instruct_K3,194,5567,2.011390447616577,43,-0.20677538216114044,0.05886485427618027,"[-0.12639330730226628, 0.14797132653130088, -0.05006133330455267]","[0.024254150637124293, 0.03047193657193718, 0.015493978923946406]",none,0,"Customers have praised the flavors and heat levels of the dishes, with one reviewer commenting that the food is ""pretty darn good"" and another stating that it is the most authentic Sichuan food in Santa Barbara county."
Qwen2.5-1.5B-Instruct_K3,194,5567,1.294921636581421,20,0.011649352498352528,0.07463390380144119,"[-0.0743173586553894, 0.010288598346232903, -0.0462353818322299]","[0.06854265525180381, 0.003264164962365612, 0.0036104388513194864]",none,0,"The restaurant offers both dine-in and take-out options, and the staff is reportedly friendly and helpful."
Qwen2.5-1.5B-Instruct_K3,194,5567,1.9686613082885742,23,-0.3015842139720917,0.03828148916363716,"[-0.3160502067015762, 0.06285635437645555, 0.0983770567202199]","[0.023419529783560076, 0.0025179861275556386, 0.00725807966993285]",baseless,1,"However, some customers have noted that the portions could be larger, and that rice is not included with the dishes."
Qwen2.5-1.5B-Instruct_K3,194,5567,0.5521823167800903,21,-0.11360381543636322,0.025565216317772865,"[-0.001602452475535323, -0.02119249892538868, 0.00422453003920964]","[0.01220136041987308, 0.003384823309139457, 0.0008966988607906636]",none,0,"Overall, Lucky Dragon is a popular choice for those seeking authentic Szechuan cuisine in the Goleta area."
Qwen2.5-1.5B-Instruct_K3,195,4779,0.8808077573776245,47,0.7153797745704651,0.12838628888130188,"[0.6422784512770375, -0.004875136516418818, -0.0043282846347133174]","[0.12681407540251233, 0.0007147262892547278, 0.0026954005540440803]",none,0,"Based on the provided structured data, here is an objective overview of Uptown Bar & Lounge:

Uptown Bar & Lounge is a popular local establishment in Santa Barbara, California, offering a variety of dining and entertainment options."
Qwen2.5-1.5B-Instruct_K3,195,4779,0.5180200934410095,56,2.1970462799072266,0.26840707659721375,"[2.1350063729418514, 0.00400842443559668, -0.008878348545286891]","[0.2783734567626003, 0.0004470782217476099, 0.0014316126045585012]",none,0,"The bar and lounge have a rating of 4.0 stars and offer a range of categories including Lounges, Karaoke, American (New), Mexican, Sports Bars, Tacos, Restaurants, Pizza, Bars, Nightlife, Food, Beer, Wine & Spirits."
Qwen2.5-1.5B-Instruct_K3,195,4779,0.7698308825492859,29,0.05434265360236168,0.0825715959072113,"[0.07086640344290383, 0.01914545076955431, 0.03340891129457681]","[0.08087917924346803, 0.002273970549548063, 0.0012875246762350484]",conflict,1,"Their hours of operation are Monday through Sunday from 11:00 AM to 1:00 AM, with extended hours on weekends."
Qwen2.5-1.5B-Instruct_K3,195,4779,1.3671727180480957,23,0.707431972026825,0.15824544429779053,"[0.6436486939859131, 0.06679194009579394, 0.027668051239427015]","[0.14795378344538418, 0.002354778195971765, 0.0036524613527074944]",conflict,1,"The bar has ample parking options, including street parking and a garage, and offers free WiFi to its patrons."
Qwen2.5-1.5B-Instruct_K3,195,4779,1.227973222732544,14,0.963733971118927,0.12698246538639069,"[1.0973872562338198, -0.004728182268861149, -0.01170460700190493]","[0.1289263688293951, 0.0017308715673120137, 0.0031120500986747046]",none,0,They also have outdoor seating and accept reservations for parties of all sizes.
Qwen2.5-1.5B-Instruct_K3,195,4779,1.0391396284103394,28,0.6164255142211914,0.09253817051649094,"[0.6263972261146559, 0.022210821855862508, 0.005744796338831293]","[0.08246657752433098, 0.001835642386594267, 0.012802909153066366]",none,0,"Uptown Bar & Lounge is known for its good ambiance, with a casual and classy atmosphere that is suitable for both tourists and locals alike."
Qwen2.5-1.5B-Instruct_K3,195,4779,3.0248773097991943,3,2.0258123874664307,0.10472441464662552,"[0.34976579947397113, 0.4643113898734252, -0.5501686608574042]","[0.05808150550971428, 0.014404901604090506, 0.06931714422535151]",none,0,"Unfortunately, some customers have had negative experiences with the bar, including unexpected charges and poor customer service."
Qwen2.5-1.5B-Instruct_K3,196,3825,2.625025510787964,14,2.3913257122039795,0.212691068649292,"[0.25461977131531704, 0.15284602038030112, 0.05758518572630627]","[0.0674111262149901, 0.011684228826457652, 0.014845842859358527]",none,0,The Duggar family is at it again with pregnancy rumors!
Qwen2.5-1.5B-Instruct_K3,196,3825,1.0887306928634644,33,1.839236855506897,0.251344233751297,"[0.4898536605511309, -0.021731452345468853, 0.04330210619302692]","[0.08715498781733307, 0.020762352838350793, 0.006108595259385738]",none,0,"Hannah Wissmann, wife of Jeremiah Duggar, has sparked speculation among fans after a video from the family's Florida vacation seemed to show a baby bump."
Qwen2.5-1.5B-Instruct_K3,196,3825,0.9631169438362122,37,1.4341692924499512,0.19342926144599915,"[0.9119010413493458, 0.025779472564494966, 0.03797913011795891]","[0.12489618607670874, 0.01745045085170057, 0.009746112777508175]",none,0,"While the quality of the video was poor, many believe that Hannah may be expecting again, especially since her husband welcomed their first child, Brynley, just over a year ago."
Qwen2.5-1.5B-Instruct_K3,196,3825,1.2402149438858032,14,0.3119019865989685,0.08575518429279327,"[0.009203811250959657, 0.1204464443165177, -0.010386878281549019]","[0.03745787793429502, 0.01399154261629779, 0.008581415879234555]",none,0,"If true, this would mark the second pregnancy for the young couple."
Qwen2.5-1.5B-Instruct_K3,196,3825,1.339477777481079,31,0.5413707494735718,0.16678974032402039,"[0.015485228635013974, 0.5535307809373814, 0.057451003179002945]","[0.02462231795348107, 0.13011203836660365, 0.02663035208948097]",conflict,1,"Other Duggar siblings, such as Jessa and Jill, have already announced their own pregnancies, leading many to wonder which other family members might be expecting."
Qwen2.5-1.5B-Instruct_K3,197,4989,1.7842906713485718,21,1.4589616060256958,0.23804143071174622,"[0.9957548486889296, 0.009971483241228964, 0.028602170295059858]","[0.16687035874097741, 0.0006226234908288981, 0.005583511417474559]",none,0,"Basil's Italian is a popular restaurant located in Santa Barbara, California, serving authentic Italian cuisine."
Qwen2.5-1.5B-Instruct_K3,197,4989,1.100860357284546,27,0.7494601607322693,0.11083690077066422,"[0.9429672190216715, -0.005599961705566211, -0.007146327536449664]","[0.1480441913677, 0.0016071179160782642, 0.0031117125492562117]",conflict,1,"With a rating of 4.5 stars, the business offers a cozy and intimate atmosphere, complete with free WiFi and outdoor seating."
Qwen2.5-1.5B-Instruct_K3,197,4989,1.5503501892089844,30,0.5575303435325623,0.13648375868797302,"[0.5749414147343487, 0.007079979676442842, -0.017995872527050476]","[0.10203974793160644, 0.005689605575753376, 0.011797932866223467]",none,0,"While some customers have reported finding the place closed without notice, the majority of reviews praise the restaurant's delicious food, excellent service, and welcoming ambiance."
Qwen2.5-1.5B-Instruct_K3,197,4989,1.072092056274414,18,0.5673915147781372,0.1531539410352707,"[-0.11592678902444378, 0.9057544212151293, 0.21493552780642253]","[0.03472207805953076, 0.09322330337631178, 0.045359024150861335]",baseless,1,"Reviewers particularly enjoy the complimentary bread and wine, as well as the generous portion sizes."
Qwen2.5-1.5B-Instruct_K3,197,4989,1.293839454650879,18,0.8214364647865295,0.13906894624233246,"[0.5300544466954307, 0.7552616626263544, -0.04068979383171407]","[0.03774342826970193, 0.11570427615960296, 0.024189250572716346]",none,0,One reviewer even notes that Basil's is one of their top three Italian places in town.
Qwen2.5-1.5B-Instruct_K3,197,4989,0.8543274402618408,24,0.1879701018333435,0.04116738960146904,"[0.004491091983027218, 0.020966534472108833, 0.14835512247115426]","[0.0274387666410784, 0.003614353845170134, 0.008721111048865046]",none,0,"Overall, Basil's Italian is a hidden gem that is well worth a visit for anyone looking for a genuine Italian dining experience."
Qwen2.5-1.5B-Instruct_K3,198,6672,1.2067484855651855,27,2.3118228912353516,0.31366685032844543,"[1.7193287853194676, 0.004165696767342053, -8.732637124248194e-05]","[0.25966199926187983, 0.0005169994965483595, 0.002582609348573223]",none,0,"Haggen Food & Pharmacy is a grocery store located in Goleta, CA at 175 N Fairview Ave."
Qwen2.5-1.5B-Instruct_K3,198,6672,0.6159852743148804,29,1.7422959804534912,0.24115590751171112,"[1.7084552687733305, 0.015149393293039135, 0.01233589284775321]","[0.23734657184405508, 0.0014785926172650981, 0.001627899426041338]",none,0,"The store offers a range of products in various categories including delis, drugstores, restaurants, food, shopping, grocery, and bakeries."
Qwen2.5-1.5B-Instruct_K3,198,6672,0.7383530139923096,18,0.27074167132377625,0.07296622544527054,"[0.3116315106647865, -0.022473344797617756, -0.011523428632547924]","[0.08456753312202636, 0.000515051096908476, 0.000457639630705368]",none,0,The store is open seven days a week from 6:00am to midnight.
Qwen2.5-1.5B-Instruct_K3,198,6672,1.3931854963302612,23,2.042018175125122,0.20854319632053375,"[2.0303908946276037, -0.012399296207940612, -0.03402400963038773]","[0.21975411916576812, 0.0011049514904026064, 0.001548507506967049]",baseless,1,"It offers restaurants reservations, takeout, outdoor seating, and group dining, but does not provide wifi or music."
Qwen2.5-1.5B-Instruct_K3,198,6672,2.4751996994018555,15,0.9368712306022644,0.20122450590133667,"[1.0725456655025483, 0.034268091122309365, 0.035515083869298296]","[0.20425397406021753, 0.0028947753191459922, 0.0022905389826822407]",none,0,"The ambiance is not particularly distinctive, with no particular style or atmosphere highlighted."
Qwen2.5-1.5B-Instruct_K3,198,6672,1.30936861038208,17,0.7823877334594727,0.1729690134525299,"[0.21280328340499716, 0.3171450557796668, 0.04157102889525156]","[0.14628863764707656, 0.031219488512600518, 0.00266530538783627]",none,0,"However, customer reviews suggest there are issues with the store's pricing and customer service."
Qwen2.5-1.5B-Instruct_K3,198,6672,1.8242872953414917,22,0.6028105020523071,0.09745247662067413,"[0.570864373923872, 0.18465614595598626, -0.020528385468589313]","[0.09340360019864007, 0.029982361829256246, 0.00406909158044238]",none,0,"Some customers found their product pricing to be too high, with one customer noting a significant price increase on flour."
Qwen2.5-1.5B-Instruct_K3,198,6672,2.014251947402954,25,0.12462206929922104,0.11446061730384827,"[0.06089831478893757, 0.47806858527939766, 0.024275365015491844]","[0.053846757132560014, 0.09719871334687923, 0.0017962157426518388]",none,0,"Other customers have had negative experiences with the staff, including instances where discounts weren't honored and poor customer service at the checkout."
Qwen2.5-1.5B-Instruct_K3,198,6672,1.2146310806274414,10,0.4258959889411926,0.1168547049164772,"[0.2796830995939672, -0.01685789229813963, 0.028549532033503057]","[0.10096448070835322, 0.0010887626051498955, 0.002271714261178204]",none,0,"Overall, the business has a 2-star rating."
Qwen2.5-1.5B-Instruct_K3,199,4793,1.4396697282791138,30,1.7314753532409668,0.2878643572330475,"[1.4890875932139656, 0.03148803472383103, 0.00438801500252642]","[0.26802067456301304, 0.0005087464851840195, 0.0037315323875797427]",none,0,"Bistro 1111 is a breakfast, brunch, and American cuisine restaurant located in the Hyatt hotel in Santa Barbara, CA."
Qwen2.5-1.5B-Instruct_K3,199,4793,1.0321727991104126,14,0.4813595712184906,0.10497420281171799,"[0.342933910848972, 0.0171874627204878, -0.03022418581115614]","[0.10661702292106513, 0.0009914300938232503, 0.004825513908664496]",conflict,1,"The restaurant offers both indoor and outdoor seating, and reservations are accepted."
Qwen2.5-1.5B-Instruct_K3,199,4793,1.483408808708191,22,0.05547690391540527,0.14384740591049194,"[0.044667828595265746, 0.019650164631788026, -0.02848449821150015]","[0.12635063741419633, 0.0011575683716232147, 0.003945190358618592]",conflict,1,"The atmosphere is classy and upscale, but not too formal, making it suitable for both casual and special occasions."
Qwen2.5-1.5B-Instruct_K3,199,4793,1.494462490081787,27,0.6823722124099731,0.1686791181564331,"[0.6620254843292059, -0.05353882702156962, 0.04451002142222596]","[0.1544609538061734, 0.008251218785887802, 0.00981979834327157]",none,0,"The menu includes a variety of options such as lamb meatballs, Bistro burger, brussels sprouts, wings, and salads."
Qwen2.5-1.5B-Instruct_K3,199,4793,0.9531758427619934,24,0.8599298000335693,0.1316324919462204,"[0.0763764746079687, 0.010886247046679879, 1.066701096734808]","[0.03261900829844914, 0.006143343492415927, 0.13165731915675374]",none,0,"The restaurant also offers a happy hour menu, which includes small plates, beers, house wines, and cocktails at discounted prices."
Qwen2.5-1.5B-Instruct_K3,199,4793,1.1265162229537964,27,0.22091318666934967,0.08021021634340286,"[0.11170946120034421, -0.007878962942750487, 0.4118406285050932]","[0.015239979311580235, 0.0024670844584727967, 0.06337349149421917]",none,0,"According to customer reviews, the service at Bistro 1111 is attentive and friendly, with servers providing helpful recommendations."
Qwen2.5-1.5B-Instruct_K3,199,4793,1.0900336503982544,32,0.7203821539878845,0.14508050680160522,"[0.5228616912208963, -0.07837802837730123, 0.39604047370357875]","[0.05407331336118659, 0.01426816349260207, 0.10240591913964181]",none,0,"One reviewer noted that the Lamb meatballs and Bistro burger were delicious and flavorful, while another reviewer found the salmon dish to be overcooked and not fresh."
Qwen2.5-1.5B-Instruct_K3,199,4793,1.5260518789291382,24,-0.14947988092899323,0.04152671620249748,"[-0.02486356814733881, 0.016888921052062262, -0.02020433864709048]","[0.016455301305522124, 0.006854438761711397, 0.0254262675064183]",none,0,"Some customers have also noted that the happy hour menu is a great value, with tasty food and drink options at reasonable prices."
Qwen2.5-1.5B-Instruct_K3,200,420,0.9565414786338806,32,2.262162685394287,0.30581575632095337,"[1.6702108639155995, -0.002594566243715235, -0.007638757991117018]","[0.24465636095055743, 0.0007932164230197714, 0.0008018918635457339]",none,0,"Scott Kelley, 50, a fugitive accused of kidnapping that was featured on CNN's ""The Hunt"" has been arrested by Federal marshals."
Qwen2.5-1.5B-Instruct_K3,200,420,0.1905788630247116,18,1.6628236770629883,0.26045188307762146,"[1.3430969891681646, -0.011954657674424298, -0.025279268626844795]","[0.22172459900563504, 0.0008782881300501483, 0.00109322903409116]",none,0,He was taken into custody at the Atlanta airport after arriving on a flight from Costa Rica.
Qwen2.5-1.5B-Instruct_K3,200,420,0.43414920568466187,23,1.9846745729446411,0.30836614966392517,"[1.9033313291046121, 0.01460106704863669, 0.008210082619568668]","[0.31782745444671373, 0.0003529792900775172, 0.0007561218871674298]",none,0,"Kelley had been wanted since 2004, for noncustodial kidnapping and unlawful flight to avoid prosecution."
Qwen2.5-1.5B-Instruct_K3,200,420,0.41523534059524536,70,1.6481159925460815,0.2820103168487549,"[1.2203012470920969, 0.0018671972670875091, -0.008279597020945013]","[0.25384349441041454, 0.0017725695349505648, 0.001967461134703236]",none,0,"His wife, Genevieve Kelley, who is charged with the same crimes, turned herself in to authorities last year, a few months after the case was featured on CNN's ""The Hunt."" The couple is accused of kidnapping Genevieve Kelley's daughter, Mary Nunes, when she was 8 years old and her father had full custody rights."
Qwen2.5-1.5B-Instruct_K3,200,420,1.5400004386901855,9,1.3118045330047607,0.37702059745788574,"[1.3166084970451064, -0.08064519001345616, 0.06733783221797138]","[0.3424956293569671, 0.010264621574404172, 0.006719244781884804]",none,0,They then began a life on the run.
Qwen2.5-1.5B-Instruct_K3,200,420,0.11340631544589996,18,2.4455347061157227,0.28006869554519653,"[2.4098089581530076, 0.010674135885589445, 0.019600060132991832]","[0.28106224846043104, 0.001786178321405411, 0.0012721834391413722]",none,0,"The search for the three spanned the United States, Canada and Central and South America."
Qwen2.5-1.5B-Instruct_K3,200,420,0.3465641438961029,25,1.9487069845199585,0.307932585477829,"[1.215612234340515, 1.5909770425176248, -0.02083357935625827]","[0.20185441890032962, 0.17393045746837743, 0.0009626921590961501]",none,0,It ended when Scott Kelley and Mary Nunes entered the US Consulate in Costa Rica and requested passports to return to the United States.
Qwen2.5-1.5B-Instruct_K3,201,2723,0.9027159810066223,35,1.0762171745300293,0.14058738946914673,"[0.5709756900589648, 0.01729111294719457, 0.04102175015276381]","[0.0905433186596513, 0.0034880218605589366, 0.002995647824354819]",none,0,"Sarah Brady, a prominent gun control advocate and wife of former White House Press Secretary James Brady, passed away on Friday at the age of 73 due to pneumonia."
Qwen2.5-1.5B-Instruct_K3,201,2723,0.7892410755157471,34,0.2134350687265396,0.061757102608680725,"[0.13663749120657004, 0.01576684053008434, 0.01914364603908325]","[0.0498990734515032, 0.0037059661013425765, 0.003410910354088013]",none,0,"Sarah and her husband James, who was injured in the 1981 assassination attempt of President Ronald Reagan, dedicated their lives to advocating for stricter gun control laws."
Qwen2.5-1.5B-Instruct_K3,201,2723,1.0235058069229126,24,0.06495442986488342,0.06679820269346237,"[0.020847986937345315, 0.024476253208376875, 0.03007621725676775]","[0.02943414248996608, 0.004121925402093514, 0.04333053966023925]",none,0,"Sarah was instrumental in the passage of the Brady Handgun Violence Prevention Act, which established federal background checks on firearm purchasers."
Qwen2.5-1.5B-Instruct_K3,201,2723,0.5636563301086426,21,0.3251899778842926,0.10804861783981323,"[0.3426317350406732, -0.0210400980438516, 0.005983764230179423]","[0.07160339758376635, 0.01341271671116742, 0.027230208318823793]",none,0,The couple also co-founded the Brady Campaign to Prevent Gun Violence and the Brady Center to Prevent Gun Violence.
Qwen2.5-1.5B-Instruct_K3,201,2723,1.1734066009521484,21,1.1754376888275146,0.1978478878736496,"[0.03404138988393936, -0.026973060307292535, 1.2188390314279656]","[0.039072706339322305, 0.008944611141054165, 0.18203649061754168]",none,0,"Their efforts led to the ban on Saturday night specials, military-style firearms, and other gun safety measures."
Qwen2.5-1.5B-Instruct_K3,201,2723,1.6956617832183838,25,0.31537288427352905,0.1290251761674881,"[0.018062686352059244, -0.010050344560295344, 0.4802626742515713]","[0.011289491900824941, 0.004846682306706498, 0.11762999078724533]",none,0,"Sarah Brady's legacy is remembered by many, including former Presidents Bill Clinton and Ronald Reagan, as a champion of sensible gun legislation."
Qwen2.5-1.5B-Instruct_K3,202,1759,0.7171511650085449,33,1.7079294919967651,0.2428024709224701,"[0.7927166911619927, -0.014510008780317466, 0.0430573579080484]","[0.12354592706017711, 0.002207094654332395, 0.0011810709764927885]",none,0,"Mui Thomas, a 22-year-old woman from Hong Kong, has been living with a rare genetic condition called Harlequin ichthyosis since birth."
Qwen2.5-1.5B-Instruct_K3,202,1759,0.15627938508987427,20,0.9256130456924438,0.16531257331371307,"[0.9868082696571946, 0.01405548086768249, 0.020057950748014263]","[0.17684785658493637, 0.0008767522082450796, 0.0005148858916555809]",none,0,"This condition causes her skin to be extremely thick, dry, and flaky, resembling fish scales."
Qwen2.5-1.5B-Instruct_K3,202,1759,0.8412938117980957,19,0.12697888910770416,0.06143004074692726,"[0.19691984794611161, 0.007305225051057182, 0.02283415162635624]","[0.0449857310465488, 0.0024014754085089265, 0.002001913997817514]",none,0,"Despite the challenges she faces, Mui is determined to live a fulfilling life and inspire others."
Qwen2.5-1.5B-Instruct_K3,202,1759,1.063723087310791,31,1.4896222352981567,0.2208445966243744,"[0.5279729741986, 0.3670437842344155, -0.005276526182452442]","[0.10421694578332291, 0.09469673548959866, 0.0026801565345393893]",none,0,"Mui was abandoned at birth and was later fostered and then adopted by Tina and Rog Thomas, who have been supportive in helping her manage her condition."
Qwen2.5-1.5B-Instruct_K3,202,1759,0.7981186509132385,27,1.464347004890442,0.17655408382415771,"[-0.17770531623770053, 1.607225111326746, -0.15257614355273627]","[0.02030498916746671, 0.1708709675428121, 0.004011492573962667]",none,0,Mui bathes twice a day for two hours each time and carries a backpack filled with creams to prevent her skin from drying out.
Qwen2.5-1.5B-Instruct_K3,202,1759,1.1838918924331665,21,1.120113730430603,0.21542784571647644,"[-0.10709709215249556, 1.1068306095188571, -0.011353047324519139]","[0.016179621997469525, 0.19276119422699725, 0.010251768010700093]",none,0,"While her appearance did not affect her during her early years, she faced difficulties when she started secondary school."
Qwen2.5-1.5B-Instruct_K3,202,1759,1.6857001781463623,20,0.6274639368057251,0.22240737080574036,"[0.07453853280730982, 0.965740232103235, 0.31226611051283726]","[0.011886539540952867, 0.21313228525471004, 0.04758262635056809]",none,0,"She was cyberbullied and began to deny her appearance, which led to a period of depression."
Qwen2.5-1.5B-Instruct_K3,202,1759,1.036350131034851,19,1.0214217901229858,0.1855946183204651,"[-0.0015304655071782978, 0.41875445664788313, 1.2837977741249855]","[0.01051792576436128, 0.042262206104779626, 0.18108705522518234]",none,0,"With the help of the police, the bullying stopped, but Mui left school without qualifications."
Qwen2.5-1.5B-Instruct_K3,202,1759,0.10664202272891998,10,1.515036940574646,0.21742913126945496,"[0.10241683505446417, 0.10318777157663135, 1.179134670109488]","[0.009044592279383323, 0.014624060664755235, 0.146522748850839]",none,0,"Since then, she has found a full-time job working with people with special needs and has become a rugby referee."
Qwen2.5-1.5B-Instruct_K3,203,4565,1.6585607528686523,24,1.991960048675537,0.23337173461914062,"[0.7249589495210481, -0.04390589305088118, 0.024941271247371333]","[0.11176623793168498, 0.007089771847176962, 0.007990135738206542]",none,0,General Hospital spoilers suggest that this week's episodes will be filled with danger and drama for the residents of Port Charles.
Qwen2.5-1.5B-Instruct_K3,203,4565,0.9453666806221008,24,2.573530912399292,0.2937268912792206,"[1.3132660090232093, 0.024115855027654714, 0.04971536741383412]","[0.14198523228318058, 0.03780291907933512, 0.016243303790882162]",none,0,"Valentin's concerns for Charlotte grow as she continues to cause trouble, and Sasha is in danger at Ferncliff."
Qwen2.5-1.5B-Instruct_K3,203,4565,1.3553600311279297,33,2.1772162914276123,0.23105968534946442,"[0.037767329455825595, 0.5433358748470544, 1.4996284944248723]","[0.03424353392650422, 0.10717837789716421, 0.12387604974184907]",none,0,"Meanwhile, Sonny discovers Gladys' gambling issue and her role in Sasha's relapse, and Victor's schemes continue to affect those he believes wronged him."
Qwen2.5-1.5B-Instruct_K3,203,4565,1.1415081024169922,23,2.3950729370117188,0.2835191786289215,"[0.13074807083973175, 1.5295163108866014, 0.24185149936744457]","[0.07573398657701624, 0.1844728745573261, 0.0789798426813713]",none,0,"The preview shows someone bursting into Sasha's room, suggesting that she may be in danger of being eliminated by Dr."
Qwen2.5-1.5B-Instruct_K3,203,4565,1.8430474996566772,3,0.7931442260742188,0.2722242772579193,"[-0.052544239302127003, -0.06510533320639904, -0.3489590371027589]","[0.0601804482970086, 0.023333813485805877, 0.05340549340000204]",none,0,Montague.
Qwen2.5-1.5B-Instruct_K3,203,4565,0.827406108379364,15,1.4367707967758179,0.16942104697227478,"[0.048295452756186324, 0.03272076308106383, 1.6430580879251162]","[0.01183316219151796, 0.004924227889083947, 0.15467959872136514]",none,0,Fans are advised to tune in daily to avoid missing any of the upcoming drama.
Qwen2.5-1.5B-Instruct_K3,204,342,1.238511323928833,17,2.963264226913452,0.33357805013656616,"[2.0103118985014805, 0.0011680740315247985, -0.0783682338455144]","[0.2524521065985455, 0.001643167099032058, 0.0023278580423827995]",none,0,"Saudi Arabia has executed a second Indonesian maid this week, despite protests from Jakarta."
Qwen2.5-1.5B-Instruct_K3,204,342,0.17967496812343597,24,3.1319828033447266,0.3485316336154938,"[3.063193717816224, -0.021933236372812342, -0.012612897820266275]","[0.32891536886260536, 0.0017973644021462103, 0.0006598106520717314]",none,0,The Indonesian government summoned the Saudi ambassador to the foreign ministry after learning that 37-year-old Karni Bt.
Qwen2.5-1.5B-Instruct_K3,204,342,0.5039563179016113,34,2.0186233520507812,0.3066585659980774,"[2.072961818467935, -0.04972464002425755, -0.02548637343726809]","[0.274313160802087, 0.0035021237881614846, 0.0008755305829691404]",none,0,Medi Tarsim had been beheaded without official warning; she was sentenced to death in March 2013 for killing her employer's four-year-old child.
Qwen2.5-1.5B-Instruct_K3,204,342,0.3896827697753906,13,1.729522943496704,0.2502139210700989,"[1.4578685994761496, 0.0012273060050434791, -0.01334545950521715]","[0.20125947693864313, 0.0009267668135460274, 0.0004418846313525976]",none,0,This followed the execution of Siti Zaenab Bt.
Qwen2.5-1.5B-Instruct_K3,204,342,1.025130033493042,17,3.071418046951294,0.36018282175064087,"[3.051995286170174, 0.18942039004468825, 0.02935304876882583]","[0.3379860088667449, 0.026316335560629928, 0.006883622420927542]",none,0,"Duhri Rupa on Tuesday, for which Indonesia also received no prior warning."
Qwen2.5-1.5B-Instruct_K3,204,342,0.24944251775741577,52,2.188141107559204,0.3353802263736725,"[0.06939904772735435, 2.260505311638833, -0.015313153857138016]","[0.01978457342805375, 0.33787482303887373, 0.0011215587194525456]",none,0,"Siti, 47, was convicted of killing her employer's wife in 1999, but the death penalty was delayed until the youngest of the victim's sons reached puberty and was old enough to consider requesting her pardon; he did not."
Qwen2.5-1.5B-Instruct_K3,204,342,0.1200721487402916,22,2.7169625759124756,0.3040640652179718,"[0.10899194542492875, 2.6371578292164486, 0.017315372378168995]","[0.012745724156156319, 0.29600792931999176, 0.0013757601673166744]",none,0,Rights groups suspect Siti was mentally ill and cast aspersions on claims she had confessed to the crime.
Qwen2.5-1.5B-Instruct_K3,204,342,0.14623066782951355,18,2.659855842590332,0.36085543036460876,"[-0.009366405639512878, 2.578606758473648, -0.0050129829154078225]","[0.009582503957062727, 0.3585482943389151, 0.0010328601635541822]",none,0,Amnesty International also said reports suggested she had been abused while working in the victim's home.
Qwen2.5-1.5B-Instruct_K3,204,342,0.31145718693733215,3,1.4816421270370483,0.3030366599559784,"[0.03022969886660576, 1.7012797420223553, -0.006272553699091077]","[0.04054262302815914, 0.24375111237168312, 0.002011514525899353]",none,0,"The Indonesian government said the protection of its citizens abroad was a ""priority"" and listed the steps it had taken to help Siti, including providing legal aid, writing letters to the Saudi King and ""continuous efforts..."
Qwen2.5-1.5B-Instruct_K3,205,1690,8.18221664428711,3,-0.026048103347420692,0.08439552783966064,"[-0.12845468521118164, -0.03281625111897787, 0.01086568832397461]","[0.010607882308249827, 0.00031454403142561205, 0.005954931142089966]",none,0,Sure!
Qwen2.5-1.5B-Instruct_K3,205,1690,1.00722074508667,38,1.6426650285720825,0.19589808583259583,"[0.8812153888192322, -0.057707836220384036, 0.05740900405707132]","[0.1207188756563997, 0.002321098434818898, 0.0035874788857857935]",none,0,"Here is the summary in 157 words:

A judge in Atlanta has reduced the prison sentences of three educators from seven years to three years in the city's public schools cheating scandal."
Qwen2.5-1.5B-Instruct_K3,205,1690,1.5755088329315186,19,1.0590931177139282,0.21855823695659637,"[0.37304132392531947, 0.25865262805631284, 0.04358165044533579]","[0.16721354326919505, 0.020710366606516272, 0.0023802002389474134]",none,0,The judge stated that he was not comfortable with the original sentences and wanted to avoid any regrets.
Qwen2.5-1.5B-Instruct_K3,205,1690,0.6927340030670166,31,1.5472525358200073,0.23308975994586945,"[1.4755447472299208, -0.028918797350577792, 0.02231262738273325]","[0.1994089139607827, 0.006092673581688799, 0.003943914979666099]",none,0,The defendants had originally been convicted of racketeering for taking part in an effort to raise test scores by erasing wrong answers and putting in correct ones.
Qwen2.5-1.5B-Instruct_K3,205,1690,2.5549099445343018,16,-0.1880018413066864,0.11493142694234848,"[-0.09008388489019126, -0.07338946015806869, 0.22599167661974207]","[0.07104063255246729, 0.06303043721618451, 0.019065098381815915]",none,0,The judge urged the defendants to engage in community service while they appeal their sentences.
Qwen2.5-1.5B-Instruct_K3,205,1690,1.2665842771530151,24,0.7369375824928284,0.15678498148918152,"[0.031347038459595446, -0.024591728223337366, 0.8944549732647525]","[0.040029327323281905, 0.009088254374167567, 0.14403529434396964]",none,0,"This decision comes after several other defendants received shorter sentences, ranging from one to two years, but have also appealed their convictions."
Qwen2.5-1.5B-Instruct_K3,206,975,6.909122943878174,3,1.7038978338241577,0.2187366932630539,"[0.28574178616205853, 0.23201578855514526, 0.2230709989865621]","[0.016889666362355154, 0.014031778031494468, 0.020296959361682337]",none,0,Sure!
Qwen2.5-1.5B-Instruct_K3,206,975,0.6200823187828064,36,1.2774618864059448,0.1782405823469162,"[0.031016957233077846, 0.5828987777729506, 0.02279229395086683]","[0.0281087765010726, 0.10088045518994211, 0.002014173764425525]",none,0,"Here's a summary of the news in 46 words:

New Orleans has gone smoke-free in bars, casinos, and restaurants after the city council passed a ban in January."
Qwen2.5-1.5B-Instruct_K3,206,975,1.0151745080947876,19,1.495322585105896,0.23340533673763275,"[0.030085500271525234, 1.5032933916357394, 0.006877451108410146]","[0.01044843988907623, 0.22993889398333667, 0.004189043320683308]",none,0,"While some bar owners are worried about revenue loss, customers are mourning the loss of smoking areas."
Qwen2.5-1.5B-Instruct_K3,206,975,0.6589794158935547,17,1.466823697090149,0.23455165326595306,"[-0.0037794512648307477, 1.0579435100153205, 1.541065637839732]","[0.0018794501918096905, 0.15509877905467018, 0.12042969537545185]",none,0,"A lawsuit has been filed to stop the ban, with fines starting at $50."
Qwen2.5-1.5B-Instruct_K3,207,2933,1.6789804697036743,21,1.4773552417755127,0.1567457765340805,"[0.30231474930631175, 0.022720003342588564, 0.4670060137009603]","[0.018497528324674238, 0.009877392974496095, 0.04251953918728326]",none,0,"Scientists are exploring the use of lasers to manipulate the weather, potentially reducing the impact of climate change."
Qwen2.5-1.5B-Instruct_K3,207,2933,0.9670801758766174,33,1.2378979921340942,0.2069936841726303,"[0.7742429567769057, 0.24270759420037255, -0.07227436694842199]","[0.13111737931897302, 0.03981610465179777, 0.011395674105084585]",none,0,"Swiss physicist Jean-Pierre Wolf is working on a method to create clouds and trigger rainfall using focused laser beams, similar to cloud seeding but without the use of chemicals."
Qwen2.5-1.5B-Instruct_K3,207,2933,1.1594758033752441,27,0.7000972628593445,0.14617730677127838,"[0.06879729584411338, 1.0969332713219855, 0.0744430427611978]","[0.01077062224309581, 0.15253780603288086, 0.017982641076539747]",none,0,"While still in its infancy, this technology could potentially ""smooth out"" extreme weather patterns, reducing flooding and droughts in specific regions."
Qwen2.5-1.5B-Instruct_K3,207,2933,1.9343360662460327,24,0.5936992168426514,0.21378445625305176,"[-0.01581172219105535, -0.16817590549976558, 0.5030684644777352]","[0.00626187626223403, 0.06786824389814683, 0.1510857562718968]",none,0,"Additionally, lasers may also be able to trigger lightning strikes, which could help limit lightning damage and related injuries and fatalities."
Qwen2.5-1.5B-Instruct_K3,207,2933,2.789618492126465,18,-0.3798847496509552,0.11801493167877197,"[0.026194004160869453, -0.35780630957257625, -0.5324042381059068]","[0.008827293503448649, 0.058726148621644825, 0.09293868512840062]",none,0,Other potential applications of this technology include the ability to selectively kill cancer cells and other biomedical uses.
Qwen2.5-1.5B-Instruct_K3,208,1988,1.3993241786956787,34,1.6260240077972412,0.2538427412509918,"[0.856818002754795, -0.020558474165976375, 0.06661811262807425]","[0.12894394940710352, 0.007270969833371055, 0.007683133961643975]",none,0,A 14-year-old girl was wrongfully returned to Mexico from Texas after DNA tests proved she was not the daughter of a woman who claimed her as such.
Qwen2.5-1.5B-Instruct_K3,208,1988,0.9435445666313171,37,1.7030304670333862,0.2416781634092331,"[1.399521844814739, 0.04814722624251846, 0.0818441461486981]","[0.1947841039698294, 0.02194932129136022, 0.005107658804533728]",none,0,"The girl, Alondra Luna Nuñez, was seized by Mexican federal police and subjected to a humiliating struggle before being placed in a truck and sent back to the United States."
Qwen2.5-1.5B-Instruct_K3,208,1988,0.6712207198143005,23,1.0326565504074097,0.13218913972377777,"[0.32832990311410115, 0.2522899173605053, 0.435627327988977]","[0.04538872114220715, 0.018420243380798795, 0.054550155551861164]",none,0,"Once in Houston, DNA testing confirmed that she was not the daughter of the woman in Houston who had claimed her."
Qwen2.5-1.5B-Instruct_K3,208,1988,0.5743861794471741,19,0.7792949676513672,0.17764028906822205,"[0.05267641354447206, 0.007848015060804564, 0.9216496326982068]","[0.02476134608428095, 0.0035571107043121004, 0.1469014439074595]",none,0,"Alondra's mother, Susana Nuñez, is now seeking justice for her daughter."
Qwen2.5-1.5B-Instruct_K3,209,122,2.7611243724823,20,1.0501086711883545,0.15892478823661804,"[0.4597311460413039, 0.052649763179942966, 0.01973032751120627]","[0.05697763052303344, 0.00779492477158783, 0.006810413960920414]",none,0,"A possible nuclear deal with Iran has been outlined, but some critics argue that the U.S."
Qwen2.5-1.5B-Instruct_K3,209,122,1.2138797044754028,21,1.14222252368927,0.17056091129779816,"[0.6256168710422658, 0.6702039473290954, -0.046830051351294276]","[0.08408862999862149, 0.09302092705565017, 0.004188675395848155]",none,0,is giving up too much leverage in exchange for allowing Iran to keep its nuclear infrastructure and receive sanctions relief.
Qwen2.5-1.5B-Instruct_K3,209,122,1.0958279371261597,17,1.0465930700302124,0.23598039150238037,"[-0.024023875758490142, 1.0255965014152668, 0.05455523676595048]","[0.010506700371693382, 0.24646115828962886, 0.014803469575246494]",none,0,The deal allows Iran to maintain its enrichment program and research and development of nuclear technologies.
Qwen2.5-1.5B-Instruct_K3,209,122,0.37668871879577637,46,2.202232599258423,0.3202062249183655,"[-0.029463451728351294, -0.02236118235431723, 2.57354823872447]","[0.0037161599045109892, 0.01843341328979319, 0.3168316074019379]",none,0,"The strictest restrictions on Iran's enrichment will expire in only 10 years, despite President Obama receiving a letter from 367 Members of Congress insisting that verifiable constraints on Iran's nuclear program must last for decades."
Qwen2.5-1.5B-Instruct_K3,209,122,0.9082915186882019,14,1.449648141860962,0.36203688383102417,"[-0.09819336383744874, -0.043949284382896234, 1.5481162052601576]","[0.005655203190144675, 0.018437262310596583, 0.36204195488244295]",none,0,The deal also does not include tough safeguards to stop Iran from cheating.
Qwen2.5-1.5B-Instruct_K3,209,122,1.1353297233581543,63,1.3133790493011475,0.22436146438121796,"[0.03562730234640069, -0.05536775328630664, 1.2867447355640165]","[0.0029788147034880224, 0.006824275053564148, 0.21368998388038202]",none,0,"Some argue that the lack of inspections at military sites could allow Iran to ""sneak out"" to a bomb, and remember that in 1994, President Clinton promised that a North Korea agreement would make the world safer but 12 years later, North Korea detonated its first nuclear bomb."
Qwen2.5-1.5B-Instruct_K3,209,122,2.0444681644439697,19,0.15121953189373016,0.14897896349430084,"[-0.06645119719599422, 0.045920526835528254, -0.04794995381349796]","[0.026753461043546468, 0.07504816036692462, 0.08503629168492473]",none,0,"Additionally, Iran has been actively supporting other countries and groups in the region, including Syrian dictator Bashar al-Assad, the terrorist group Hezbollah, and the Houthis in Yemen."
Qwen2.5-1.5B-Instruct_K3,210,3607,1.1238538026809692,17,2.5643317699432373,0.29965126514434814,"[1.4943896308952176, 0.06233048131723669, 0.10407033899751053]","[0.21610536547857062, 0.005959819981720049, 0.008844365636297665]",none,0,The Monongahela National Forest in West Virginia will provide the U.S.
Qwen2.5-1.5B-Instruct_K3,210,3607,0.15177558362483978,12,1.6050806045532227,0.315441370010376,"[1.280436314123411, 0.009288939694670262, 0.026867156399627373]","[0.23001148719655853, 0.0027180352623948543, 0.003563414800737519]",none,0,Capitol with a holiday tree in 2023.
Qwen2.5-1.5B-Instruct_K3,210,3607,0.46986904740333557,12,1.237338900566101,0.15236465632915497,"[1.0844911229796708, -0.00806916510919109, -0.02281061637525757]","[0.11698942794464529, 0.008661554535744168, 0.01042698116240596]",none,0,"The tree will make its way to Washington, D.C."
Qwen2.5-1.5B-Instruct_K3,210,3607,0.8443851470947266,9,2.102447509765625,0.3332652449607849,"[2.0579378538661532, 0.10786686692800787, 0.10223979068299134]","[0.34097614884376526, 0.010478905919525359, 0.007095339708030224]",none,0,throughout the month with various activities and celebrations.
Qwen2.5-1.5B-Instruct_K3,210,3607,0.34866172075271606,4,0.6074851155281067,0.06815239787101746,"[0.47500380082055926, 0.4332845433673356, 0.10751405378687195]","[0.04201762401498854, 0.04304280236829072, 0.014039056904039171]",none,0,The U.S.
Qwen2.5-1.5B-Instruct_K3,210,3607,0.6921852827072144,21,0.9722383618354797,0.19384106993675232,"[0.1695864533207246, 1.0258602587550523, 0.04384244566262212]","[0.060318384233618245, 0.19116659088051943, 0.031167180009409396]",none,0,Capitol tree is different from the National Christmas Tree at the White House in terms of size and ornamentation.
Qwen2.5-1.5B-Instruct_K3,210,3607,0.7276604771614075,4,0.04648994281888008,0.09882098436355591,"[-0.3024197168997489, 0.1441712076193653, -0.18645846348954365]","[0.04618056898470968, 0.024186007329262793, 0.07700202906016784]",none,0,The U.S.
Qwen2.5-1.5B-Instruct_K3,210,3607,1.0224031209945679,16,1.4926083087921143,0.3049836754798889,"[-0.06172098801471293, 0.20268386004318018, 1.6472840942442417]","[0.023342184649663977, 0.045758002645925444, 0.2942847824306227]",none,0,Capitol tree is taller and adorned with ornaments made by children from the hosting state.
Qwen2.5-1.5B-Instruct_K3,210,3607,0.7360022664070129,12,0.31633052229881287,0.10162802785634995,"[0.09694132761796936, -0.07995911623584107, 0.2788969248649664]","[0.018162611875595758, 0.019739976011010185, 0.0718908609378559]",none,0,"The tree will be on display in Washington, D.C."
Qwen2.5-1.5B-Instruct_K3,210,3607,0.2027878314256668,5,1.2308125495910645,0.27675825357437134,"[0.060266430769115684, 0.03571967320749536, 1.046388141810894]","[0.012602500966750085, 0.0066238981497008355, 0.2519844681024551]",none,0,until January 1st.
Qwen2.5-1.5B-Instruct_K3,211,2059,1.9476540088653564,30,1.4152334928512573,0.2025759220123291,"[0.4780826187537362, -0.03223064222062628, 0.03770215012288342]","[0.08032581682806873, 0.00670838470311234, 0.002239320250828314]",none,0,A survivor of the boat that capsized in the Mediterranean Sea on Saturday has described how many of the migrants on board were trapped behind locked doors.
Qwen2.5-1.5B-Instruct_K3,211,2059,0.919802725315094,50,1.1966094970703125,0.17403124272823334,"[1.26384050205932, -0.024351788271451368, -0.027036434517995075]","[0.16700814999639987, 0.002909997209389985, 0.001252673015842447]",none,0,"The Bangladeshi migrant, who was airlifted to hospital in Catania, Italy, is one of the few survivors from the boat which sent out a distress call in the dark of night after being at sea for a couple of days."
Qwen2.5-1.5B-Instruct_K3,211,2059,1.5248959064483643,20,1.10422682762146,0.23397204279899597,"[1.2387318263179623, -0.21284969845291926, -0.0274812787421979]","[0.2285145981819369, 0.00956769224387699, 0.001898152934177233]",none,0,"The boat capsized as rescuers approached and migrants moved to one side, causing it to overturn."
Qwen2.5-1.5B-Instruct_K3,211,2059,0.8152999877929688,22,1.5236732959747314,0.19334296882152557,"[0.37829646868207917, 1.1417657266243955, 0.050483659528915516]","[0.08547012365571308, 0.11323010881394359, 0.002688670190350835]",none,0,The Italian Coast Guard is collecting statements from other survivors in order to determine the exact number of people on board.
Qwen2.5-1.5B-Instruct_K3,211,2059,0.5362076163291931,31,1.142846941947937,0.2717336118221283,"[1.2524517280868284, 0.013453816277521378, -0.010887109051362776]","[0.2889742647840326, 0.010948490902816018, 0.001167333248675519]",none,0,"Maltese authorities, who are working with Italian rescuers, stated that 50 of the 700 people on board had been saved."
Qwen2.5-1.5B-Instruct_K3,211,2059,0.774709165096283,38,1.4879050254821777,0.2542070746421814,"[0.042472527281987776, 1.3301948797659287, 0.25370774448215105]","[0.04196193893968532, 0.2179105667172208, 0.027187380292544777]",none,0,"The survivors, who are from a number of different nations, including Algeria, Egypt, Somalia, Niger, Senegal, Mali, Zambia, Bangladesh and Ghana, were taken to Sicily."
Qwen2.5-1.5B-Instruct_K3,211,2059,0.20817221701145172,9,0.8287898898124695,0.22684036195278168,"[-0.03181555065222912, -0.06156618957821694, 0.9582786613868343]","[0.01641872671381053, 0.005687286446724708, 0.23728377723859417]",none,0,"So far, 24 bodies have been recovered."
Qwen2.5-1.5B-Instruct_K3,212,4289,1.0716769695281982,37,2.1096537113189697,0.25485166907310486,"[0.1653055435481538, 0.2777706569274439, 0.03916120614854122]","[0.08507956976432438, 0.04458941677294943, 0.007725833944953814]",none,0,"Olivia Flowers, a star of the reality show Southern Charm, recently lost her brother Conner Flowers, who battled Lyme disease for 17 years before passing away in January."
Qwen2.5-1.5B-Instruct_K3,212,4289,1.187569499015808,27,0.6550442576408386,0.14009211957454681,"[0.020920658756600225, 0.4427507108325699, 0.1371506404761552]","[0.010484477190076757, 0.09212810204182999, 0.03075271043846815]",none,0,"Olivia has now spoken publicly about her brother's struggle with the disease, which was often misdiagnosed and caused him debilitating symptoms."
Qwen2.5-1.5B-Instruct_K3,212,4289,0.5965543389320374,21,0.8045852184295654,0.13494177162647247,"[0.08882991175050847, 0.0595990297345755, 0.7965743455902806]","[0.008495694958496426, 0.010867226689394252, 0.14093514819562966]",none,0,"She hopes that by sharing her story, she can help others avoid some of the suffering her brother endured."
Qwen2.5-1.5B-Instruct_K3,212,4289,1.2237032651901245,14,0.4996192455291748,0.14501507580280304,"[0.9335387863227099, -0.06966601942466306, -0.23540897120255977]","[0.12707393281574955, 0.004847201873937073, 0.032825160120410146]",none,0,The Southern Charm cast has rallied around Olivia in support during this difficult time.
Qwen2.5-1.5B-Instruct_K3,213,1567,1.243292212486267,19,1.209416151046753,0.1748979538679123,"[0.6813596181424433, -0.06408313534675951, 0.16812731407117099]","[0.09975735223576378, 0.014621284125113513, 0.01192712707071271]",none,0,Italy is facing a surge of migrants from Africa and the Middle East attempting to reach Europe.
Qwen2.5-1.5B-Instruct_K3,213,1567,0.7315499186515808,30,1.9407213926315308,0.287967711687088,"[1.983094906806946, -0.03735606058229071, 0.05970271740419169]","[0.2831063335140546, 0.0038046987002492943, 0.002733900991582535]",none,0,"The Italian coast guard reported rescuing 8,480 migrants from Friday to Monday, with 20 distress calls received on Monday alone."
Qwen2.5-1.5B-Instruct_K3,213,1567,0.6784881353378296,32,1.377060890197754,0.30615395307540894,"[1.2951402257167501, -0.020630417468396445, -0.020599945230060257]","[0.29308644154230024, 0.0018105648692374743, 0.0020966958302146566]",none,0,"Save the Children expressed concerns that 400 migrants may be missing, claiming that a ship carrying 550 people capsized off the Libyan coast."
Qwen2.5-1.5B-Instruct_K3,213,1567,0.7879822254180908,15,0.9943785071372986,0.19715897738933563,"[0.9254766202842196, 0.027293992065096973, -0.024294539473036517]","[0.19240323916698496, 0.011626981827218212, 0.0023647337367492583]",none,0,"However, the Italian coast guard has not found evidence of such an incident."
Qwen2.5-1.5B-Instruct_K3,213,1567,0.6650459170341492,46,0.5480905771255493,0.1689291149377823,"[0.0073211743009106494, 0.5217120800173333, 0.49593794841758193]","[0.034433056189448544, 0.13117411232511864, 0.06111110882268633]",none,0,"The International Organization for Migration revealed that over 10,000 migrants arrived in Italy in the first three months of 2015, with at least 480 deaths in the Mediterranean so far this year."
Qwen2.5-1.5B-Instruct_K3,214,862,8.047661781311035,3,0.28512755036354065,0.18191313743591309,"[-0.03168821334838867, -0.07760848601659139, -0.2240821917851766]","[0.05352433456573635, 0.027978098252788186, 0.02305301868667205]",none,0,Sure!
Qwen2.5-1.5B-Instruct_K3,214,862,0.9219571948051453,37,1.9839245080947876,0.24478107690811157,"[0.6199599107392321, 0.023386424444136023, -0.03510450686676572]","[0.14056727502796437, 0.004214743340742803, 0.003832604677116964]",none,0,"Here's the summary within 124 words:

ESPN reporter Britt McHenry was suspended for a week after a video surfaced of her berating an employee at a Virginia towing company."
Qwen2.5-1.5B-Instruct_K3,214,862,1.0199685096740723,18,0.19993729889392853,0.06652532517910004,"[0.22781611884036262, 0.04284897185001076, 0.03690705050192062]","[0.06159165785743426, 0.006239561453965179, 0.0029853205608737377]",none,0,"In the video, McHenry uses derogatory language and makes personal attacks on the employee."
Qwen2.5-1.5B-Instruct_K3,214,862,0.7903593182563782,21,0.6331869959831238,0.11563268303871155,"[1.0231118575944234, 0.014837599181375827, 0.02126152516260455]","[0.13084672259217422, 0.008176609651821124, 0.0033641525119762826]",none,0,"She apologized for her actions, saying she let her emotions get the best of her during a stressful situation."
Qwen2.5-1.5B-Instruct_K3,214,862,1.8741754293441772,27,0.028689740225672722,0.09833508729934692,"[-0.14136532237063404, 0.28225752917825486, -0.013225800193915213]","[0.03519536604043996, 0.09033108435256441, 0.004937313899534746]",none,0,"This is not the first time an ESPN personality has been suspended, as others have been punished for their behavior on social media and during broadcasts."
Qwen2.5-1.5B-Instruct_K3,215,5677,1.0314263105392456,24,2.6916561126708984,0.3064345419406891,"[2.6802568957209587, -0.006685161471978063, -0.0018268486983288312]","[0.29780639917589724, 0.00043589882877389147, 0.0008834713334143393]",none,0,"The Fig Grill is a local business located at 5940 Calle Real in Goleta, CA."
Qwen2.5-1.5B-Instruct_K3,215,5677,0.6140807271003723,21,1.981093406677246,0.2700188159942627,"[1.8461001860241162, -0.022096484510603615, -0.004145947525536204]","[0.2729548006547183, 0.0008940482453324096, 0.0008429292997518479]",none,0,"It offers a variety of food options, including salad, American (New), sandwiches, and other dishes."
Qwen2.5-1.5B-Instruct_K3,215,5677,0.774782121181488,63,0.1434355527162552,0.07121673226356506,"[0.15513347398224314, -0.009943222084927136, -0.0028257435981411992]","[0.0736715446085919, 0.0006754236609345024, 0.0006719479375472056]",none,0,"The business has specific operating hours, opening from 10:30 am to 8:30 pm Monday through Thursday, 10:30 am to 9:00 pm on Fridays, and 10:00 am to 8:30 pm on Saturdays and Sundays."
Qwen2.5-1.5B-Instruct_K3,215,5677,0.8971112966537476,13,-0.01087209116667509,0.09196298569440842,"[-0.00027590330976706283, 0.011057203743033685, 0.10487075361351554]","[0.033247522150094695, 0.0017028581351041794, 0.009666358880797187]",none,0,"Based on customer reviews, the business has received mixed feedback."
Qwen2.5-1.5B-Instruct_K3,215,5677,1.7556672096252441,18,0.9650004506111145,0.1308397799730301,"[0.2441298417074399, -0.06730538446895985, 0.04163805606852596]","[0.05971742952371844, 0.0028757174071264067, 0.020447665602609452]",none,0,One customer expressed disappointment with their experience at a wedding where The Fig Grill provided catering services.
Qwen2.5-1.5B-Instruct_K3,215,5677,1.707820177078247,21,0.41322439908981323,0.17737558484077454,"[0.04262299283956444, 0.2249239817929698, 0.018166911881139856]","[0.10575232812585628, 0.027576748757686193, 0.009548261251774463]",none,0,"The customer reported unprofessional behavior from the staff, including the owners' lack of response to their concerns."
Qwen2.5-1.5B-Instruct_K3,215,5677,2.6925156116485596,23,-0.13749076426029205,0.13818266987800598,"[0.10789535874905794, -0.1959727953552552, -0.2880560528972875]","[0.0816283528085636, 0.03821816990713832, 0.05238735414383447]",none,0,"Another review mentioned that the restaurant, previously known as Fresco, had failed to meet expectations and eventually closed down."
Qwen2.5-1.5B-Instruct_K3,215,5677,2.977447509765625,13,-0.11928557604551315,0.05520907789468765,"[0.03582220237988692, -0.014758437298811398, -0.14412516642075318]","[0.019108615403708357, 0.014469834286361359, 0.021474981313356414]",none,0,The new owner allegedly did not address customer feedback regarding poor food quality.
Qwen2.5-1.5B-Instruct_K3,215,5677,1.5103355646133423,4,0.11844291538000107,0.014363067224621773,"[-0.16601276630535722, 0.013006891822442412, -0.04579334077425301]","[0.025003596063470468, 0.0005935430290264776, 0.0006455447473854292]",none,0,It's important to note that the provided structured data does not mention the current status of The Fig Grill.
Qwen2.5-1.5B-Instruct_K3,216,7290,1.201130986213684,24,2.6596992015838623,0.3669191896915436,"[2.608012708835304, 0.008412718633583912, -0.019388409828328197]","[0.3526006721658632, 0.00039779133017011265, 0.0016172591320279632]",none,0,"Ike's Place is a restaurant located at 6530 Seville Rd, Goleta, CA."
Qwen2.5-1.5B-Instruct_K3,216,7290,1.5995310544967651,17,1.2639234066009521,0.23451735079288483,"[1.1859930820133098, -0.010420915879555704, -0.01120569572701831]","[0.21581260417160059, 0.003781867554607743, 0.0011715924057866419]",none,0,"They specialize in sandwiches, with additional vegan, deli, and gluten-free offerings."
Qwen2.5-1.5B-Instruct_K3,216,7290,0.9097504615783691,24,0.08863792568445206,0.09984645992517471,"[0.18531811912180274, -0.014829254390861024, 0.021515820699278265]","[0.10625605771004605, 0.0005541726802960056, 0.0008159327710567746]",none,0,The restaurant is open from 11:00 AM to 3:00 PM from Tuesday to Sunday.
Qwen2.5-1.5B-Instruct_K3,216,7290,1.492871642112732,17,1.0440107583999634,0.17724956572055817,"[1.170861504629583, -0.04340039912452031, -0.01129654405924478]","[0.17753012702964685, 0.0015018766820610514, 0.00105889244356577]",none,0,They do not accept reservations but do offer takeout and are suitable for group dining.
Qwen2.5-1.5B-Instruct_K3,216,7290,0.8630146384239197,11,0.768623411655426,0.12544862926006317,"[0.6862975310915235, 0.027001559059664778, 0.0089941582436123]","[0.11007847906809977, 0.0019798552053047883, 0.001622153816986776]",none,0,"However, they do not provide WiFi or outdoor seating."
Qwen2.5-1.5B-Instruct_K3,216,7290,2.2813053131103516,21,0.22655507922172546,0.10210462659597397,"[0.25308884974081247, -0.011298518378420599, -0.020368150368865048]","[0.10286818245653453, 0.005768161552060476, 0.004613800846852557]",none,0,Customers are required to find street parking as they do not have a parking lot or offer valet services.
Qwen2.5-1.5B-Instruct_K3,216,7290,1.7639280557632446,10,0.8037440180778503,0.18439152836799622,"[0.8157068759202957, -0.12740209996700286, -0.12664408124983312]","[0.17101944480091333, 0.008070176443288802, 0.00958700162009336]",none,0,It is described as a trendy yet casual place.
Qwen2.5-1.5B-Instruct_K3,216,7290,1.1337169408798218,11,0.6969477534294128,0.10049939900636673,"[0.7804016838358208, 0.004057749068703164, -0.011569860666482286]","[0.1039092770184983, 0.0015962740398291235, 0.0025454090871128506]",none,0,The business has an overall rating of 4 stars.
Qwen2.5-1.5B-Instruct_K3,216,7290,2.0924715995788574,29,1.3650145530700684,0.2595994174480438,"[-0.2535320007792538, 1.6427361433843857, 0.10040637496718648]","[0.030277804888994758, 0.2077512689941394, 0.039934932127037776]",none,0,"Customers have praised their vegetarian, vegan sandwiches, and a particular favorite seems to be the turkey with avocado and their special ""DIRTY"" sauce."
Qwen2.5-1.5B-Instruct_K3,216,7290,1.4618380069732666,19,2.629706859588623,0.3819681704044342,"[-0.1862463634338622, -0.19185819560171744, 2.4838429297271527]","[0.016188137601171836, 0.06613645449243977, 0.3685775145300125]",none,0,Another popular choice is the vegan sandwich named 'James & the Giant Peach' on Dutch Crunch bread.
Qwen2.5-1.5B-Instruct_K3,217,9649,1.0662808418273926,16,2.680609941482544,0.2550922632217407,"[1.916069509810768, 0.031114116818571347, -0.06995837656359072]","[0.18864198178926017, 0.0069284706592611656, 0.0023811569262761623]",none,0,"Hotdog Mini Mart is a local business located in Santa Barbara, CA."
Qwen2.5-1.5B-Instruct_K3,217,9649,0.74714195728302,18,0.8222376704216003,0.14457054436206818,"[0.9776773117702962, -0.042315104762262, -0.025133936296495248]","[0.13300567783375705, 0.0052669234760540145, 0.0008895433727502677]",none,0,It offers a variety of food options including hot dogs and beverages such as beer and wine.
Qwen2.5-1.5B-Instruct_K3,217,9649,0.5453434586524963,23,0.5330409407615662,0.10371799021959305,"[0.7316134896234713, 0.006039985987982895, 0.014785764686878436]","[0.12980622392862404, 0.0016347741559234632, 0.0006709576753357159]",none,0,The business operates from 8:30 am to 6:00 pm every day of the week.
Qwen2.5-1.5B-Instruct_K3,217,9649,1.2189160585403442,13,0.6687766313552856,0.10375800728797913,"[0.8765713568203725, -0.0856215653475374, -0.0006621019520725196]","[0.08103893202944444, 0.005291293171817065, 0.0008418732434690285]",none,0,The store has outdoor seating available for customers to enjoy their meals.
Qwen2.5-1.5B-Instruct_K3,217,9649,0.7822641730308533,11,1.0481730699539185,0.1819223016500473,"[1.162756012244658, -0.0099623135545037, 0.0051244565031745215]","[0.17472865665331483, 0.008727390551939607, 0.0009211087599396706]",none,0,They also provide free WiFi and offer takeout services.
Qwen2.5-1.5B-Instruct_K3,217,9649,0.9065024852752686,11,0.501685380935669,0.09476542472839355,"[0.8244397770825096, 0.03589178032548675, -0.051743836298225106]","[0.13535520233298567, 0.004527194205872382, 0.0026961802082041686]",none,0,The business has a rating of 4.5 stars.
Qwen2.5-1.5B-Instruct_K3,217,9649,1.4876387119293213,19,0.7239187955856323,0.11216196417808533,"[0.9554759517379449, 0.005106233905902819, 0.016090089737094547]","[0.0782019237904981, 0.0710416357094226, 0.0022796889885093583]",none,0,Customers have left positive reviews about the friendly service provided by the man at the cash register.
Qwen2.5-1.5B-Instruct_K3,217,9649,1.0019679069519043,18,1.0892359018325806,0.1136675700545311,"[0.020228071918407094, 1.1218986877874058, -0.07491259848999714]","[0.013329785842567313, 0.08671984926736008, 0.00931440269950359]",none,0,"They have praised the simplicity and tastiness of the hot dogs, making their experience enjoyable."
Qwen2.5-1.5B-Instruct_K3,217,9649,1.350292444229126,28,0.9804707765579224,0.15277159214019775,"[-0.09929317195529361, 1.052652380001486, 0.006429754594981725]","[0.024670916066305892, 0.1646539894579746, 0.0011061182154093224]",none,0,"However, one customer mentioned that they deducted one star due to the lack of ambience, although the proximity to the ocean was a positive aspect."
Qwen2.5-1.5B-Instruct_K3,217,9649,0.9193122982978821,25,1.9280343055725098,0.21213588118553162,"[0.09923759583380615, 2.073071519044461, 0.01923107198118032]","[0.01977331697198039, 0.21868538571783575, 0.0019552206790715587]",none,0,There was also a comment about the discontinuation of fresh local donuts and the availability of prepackaged pastries.
Qwen2.5-1.5B-Instruct_K3,217,9649,1.6635963916778564,18,0.616235613822937,0.1279316246509552,"[-0.19199938978999853, 0.6553568667214777, -0.08443130107803477]","[0.020928123766983237, 0.09919007436757157, 0.02052456535360155]",none,0,"Despite this, another customer expressed their love for the place, highlighting their appreciation for the owners, Richard and Dolly."
Qwen2.5-1.5B-Instruct_K3,218,1353,1.0257898569107056,40,1.0132067203521729,0.18594658374786377,"[0.9521302935580025, 0.0009241992882380145, -0.015467108073971758]","[0.17396112865426402, 0.002296836103039368, 0.001435161846018218]",none,0,"UNICEF has delivered 16 tons of medical supplies to Yemen to help 80,000 people affected by the conflict, but the agency warns that more aid is needed."
Qwen2.5-1.5B-Instruct_K3,218,1353,0.8776041269302368,13,1.0139544010162354,0.20957009494304657,"[1.0044479287014558, 0.08760517436222962, -0.00927229550255176]","[0.2182373387309221, 0.004834233902958938, 0.001438142408845194]",none,0,"The supplies include antibiotics, bandages, and other essential items."
Qwen2.5-1.5B-Instruct_K3,218,1353,0.7360041737556458,42,1.3636488914489746,0.23567169904708862,"[0.19391736258278666, 1.4933770036718452, -0.0020810037169125975]","[0.05262902988172192, 0.2385767276393294, 0.005984318178309964]",none,0,"Meanwhile, the UNHCR has reported that around 900 refugees from Yemen have fled to the Horn of Africa, but many more are attempting to make the dangerous journey despite fuel shortages and high fees."
Qwen2.5-1.5B-Instruct_K3,218,1353,0.36607807874679565,36,1.2912322282791138,0.22606413066387177,"[0.10904225355261588, 0.08809209131989822, 1.4719395593145035]","[0.02241355151345993, 0.018333249635310897, 0.21824381720701544]",none,0,"The World Health Organization has confirmed that at least 643 people have been killed in Yemen since the fighting escalated three weeks ago, but the actual number is likely to be higher."
Qwen2.5-1.5B-Instruct_K3,219,9321,1.2877391576766968,37,1.1787723302841187,0.13417132198810577,"[1.2808306263177656, -0.0037131985608957127, -0.035942385395173915]","[0.12446042293949348, 0.0005317368071995883, 0.0014863898223924283]",none,0,"Based on the provided structured data, here is an objective overview of Coast Restaurant & Bar in Santa Barbara:

Coast Restaurant & Bar is a popular dining spot located within Canary Hotel."
Qwen2.5-1.5B-Instruct_K3,219,9321,0.5070725083351135,29,2.7630884647369385,0.33544787764549255,"[2.9301867872851792, -0.016570063934240948, 0.004584725866716953]","[0.3430027406873094, 0.0006832993356271863, 0.00087186329816522]",none,0,"The restaurant offers a range of categories including Restaurants, Event Planning & Services, American (New), Party & Event Planning, and American (Traditional)."
Qwen2.5-1.5B-Instruct_K3,219,9321,0.6125521063804626,31,0.3192729353904724,0.09107083827257156,"[0.3391506781382862, 0.0012768251969734387, -0.009646825397559892]","[0.09228723472757162, 0.00047248258934932014, 0.0014822908826479233]",none,0,"Their hours of operation are from 7:00 AM to 10:00 PM from Monday to Sunday, with extended hours on weekends."
Qwen2.5-1.5B-Instruct_K3,219,9321,1.1385763883590698,11,1.1751056909561157,0.16442251205444336,"[1.3535490117289803, 0.011131233789704063, -0.006755148822611029]","[0.16779194806109776, 0.0013913979319940236, 0.003029788161670281]",none,0,The establishment provides free WiFi and offers takeout services.
Qwen2.5-1.5B-Instruct_K3,219,9321,0.8633115887641907,14,0.14412549138069153,0.10714059323072433,"[0.1639269574412278, 0.06772281262757522, 0.06712758873722383]","[0.09251127355465931, 0.021248113276669756, 0.016561191203956178]",none,0,"Customers have praised the restaurant's ambiance, service, and food quality."
Qwen2.5-1.5B-Instruct_K3,219,9321,1.3196719884872437,28,0.9372900724411011,0.17637832462787628,"[0.09118147214472369, 0.5399107873768766, 0.7106623943642977]","[0.03875467067572507, 0.11912495154531046, 0.045515490405965205]",none,0,"However, some reviews have mentioned that the main courses lacked flavor, while others have enjoyed their meals, particularly the seafood dishes and bread pudding."
Qwen2.5-1.5B-Instruct_K3,219,9321,0.5080320239067078,18,0.3596557080745697,0.09478047490119934,"[0.4083310435364385, -0.008727354518365852, 0.023095346213772752]","[0.12582762618487525, 0.0008845316029477443, 0.00203065713114054]",none,0,"Overall, Coast Restaurant & Bar has a 3.5-star rating based on customer reviews."
Qwen2.5-1.5B-Instruct_K3,220,4472,2.9631996154785156,24,1.833419680595398,0.324662446975708,"[0.9225786427171746, -0.00843148905551061, -0.023413164822462324]","[0.1870622422453986, 0.016915197868001997, 0.010728282172446294]",none,0,A former employee has shared information online revealing that retailers like Walmart and Target are using stealthy tactics to monitor theft.
Qwen2.5-1.5B-Instruct_K3,220,4472,1.1218527555465698,27,1.8667021989822388,0.319461464881897,"[1.0823545384876154, 0.04924258115459924, -0.009755112144544168]","[0.205041806558492, 0.02231226344398844, 0.004946459322430504]",none,0,"Companies track the value of stolen items and when it reaches a certain threshold, they can arrest individuals immediately and charge them with grand theft."
Qwen2.5-1.5B-Instruct_K3,220,4472,0.8147990703582764,26,1.7398910522460938,0.25833332538604736,"[0.23039625762024885, 1.9142420033257133, 0.058686421233617767]","[0.026860150112882435, 0.25561465008090284, 0.00427536098703303]",none,0,Security measures include sophisticated surveillance cameras that can zoom in to capture clear images and microphones installed in ceilings that pick up whispered conversations.
Qwen2.5-1.5B-Instruct_K3,220,4472,2.1933178901672363,17,1.3798036575317383,0.3159661591053009,"[0.15895094344501987, 0.9351657497532228, 0.1654647066093543]","[0.061316630440106726, 0.21685898802517092, 0.02390575945216423]",none,0,The worker's knowledge came from previous employment at a company involved in remodeling these stores.
Qwen2.5-1.5B-Instruct_K3,220,4472,1.1581692695617676,10,0.6541802883148193,0.11644557863473892,"[0.06555418749339878, -0.08984762728214264, 0.716169741936028]","[0.015427238529082388, 0.015505138941807672, 0.1677608487661928]",none,0,Walmart and Target have not responded to these claims yet.
Qwen2.5-1.5B-Instruct_K3,221,9521,1.2864073514938354,24,1.236593246459961,0.18301527202129364,"[0.3792614513369396, -0.09848969936956564, 0.27640637696807363]","[0.10711054956174355, 0.0057814681244892085, 0.0067088693224472236]",none,0,"Mojo Coffee is a popular coffee shop located in Goleta, CA, just a short distance from UCSB."
Qwen2.5-1.5B-Instruct_K3,221,9521,0.792194664478302,19,0.23787564039230347,0.10198646038770676,"[0.13432889334791598, 0.12922576130643537, -0.008034318103837952]","[0.05693848893901974, 0.04531275329169435, 0.004779153175365393]",none,0,"The shop has a cozy and inviting atmosphere, with plenty of seating options both indoors and outdoors."
Qwen2.5-1.5B-Instruct_K3,221,9521,1.185149908065796,17,0.1715441644191742,0.08591468632221222,"[0.2927864677126576, -0.03141035173415302, -0.09757489289688023]","[0.05039915517059345, 0.0068698575604123424, 0.011867531913648074]",none,0,"The shop offers a variety of coffee drinks, as well as tea and food options."
Qwen2.5-1.5B-Instruct_K3,221,9521,1.1989961862564087,26,0.5097886919975281,0.10342291742563248,"[0.10778697748453571, 0.38431566376507714, -0.00842862076108129]","[0.04484086400267328, 0.05604277360711981, 0.005173908242166083]",none,0,"The Wi-Fi is free, and there are outlets available throughout the shop, making it a great spot for students or remote workers."
Qwen2.5-1.5B-Instruct_K3,221,9521,1.5423095226287842,27,1.4342896938323975,0.19877193868160248,"[0.13038278178794793, 1.2807701448047604, 0.04448386219856157]","[0.03694966302221777, 0.1457377751713567, 0.012002255074683624]",none,0,"The staff is friendly and welcoming, and the shop has a relaxed vibe, with a borrow-lend bookshelf and a patio area."
Qwen2.5-1.5B-Instruct_K3,221,9521,1.064492106437683,50,0.6644014120101929,0.1293354034423828,"[0.648902170425281, -0.03337832985955174, -0.0765615673159482]","[0.11175413953051247, 0.00558022759421874, 0.012475163003711032]",none,0,"Some customers have noted that the drinks can be a bit hit or miss, and the fabric furniture can sometimes have stains or odors, but overall, Mojo Coffee is a great spot to grab a cup of coffee, work, or meet with friends."
Qwen2.5-1.5B-Instruct_K3,221,9521,1.0887783765792847,24,0.9550760388374329,0.16242316365242004,"[-0.24738027741356441, 1.0558081118118328, 0.1193207264780843]","[0.03418247622767012, 0.14194090755457486, 0.01983520026738006]",none,0,"The shop also accepts debit cards with no required minimum, which is a plus for those who don't always carry cash."
Qwen2.5-1.5B-Instruct_K3,221,9521,0.5647933483123779,13,0.08402732759714127,0.017539946362376213,"[0.006406150426930533, 0.0030251249151590923, 0.030667084763990715]","[0.006758002713748003, 0.002016808560046439, 0.0012093752111468348]",none,0,"Overall, Mojo Coffee is a solid choice for coffee lovers in the Goleta area."
Qwen2.5-1.5B-Instruct_K3,222,9027,1.057419776916504,49,1.394850730895996,0.19081111252307892,"[0.6592496672843593, 0.33242368546060025, -0.007769726349839142]","[0.10243539635859392, 0.037279291256205785, 0.0028457875955018143]",none,0,"Here is an objective overview of the Overlook Cafe based on the provided structured data:

The Overlook Cafe is a casual American restaurant located in the Santa Barbara Airport, offering traditional American cuisine and a picturesque view of the surrounding hills and runway."
Qwen2.5-1.5B-Instruct_K3,222,9027,1.2918163537979126,18,0.0865405797958374,0.07743456214666367,"[0.26177576448147494, 0.5308342809374962, 0.13999548383677998]","[0.09489086813603838, 0.04055889526838049, 0.0066896912203446846]",none,0,"Although the cafe has received mixed reviews, many customers appreciate its convenient location and pleasant atmosphere."
Qwen2.5-1.5B-Instruct_K3,222,9027,1.6629040241241455,26,0.9174814224243164,0.1969156563282013,"[1.5391890812808504, 0.07774590691014265, -0.0045030749304435]","[0.17554857846027097, 0.033300682142278396, 0.003899106623206395]",none,0,"Some reviewers have noted that the food is average but enjoyable, with particularly praise for the freshly grilled chicken in the chicken Caesar salad."
Qwen2.5-1.5B-Instruct_K3,222,9027,0.7120946049690247,16,0.5261342525482178,0.08002632856369019,"[0.2789352859815324, -0.03592009776951954, 0.7347033253452366]","[0.03766297018421483, 0.010612383323048036, 0.05405551649372775]",none,0,"However, others have criticized the prices as being too high for an airport restaurant."
Qwen2.5-1.5B-Instruct_K3,222,9027,1.1902413368225098,33,0.17367760837078094,0.06825172901153564,"[0.22636523646404827, 0.020837028901785907, 0.010119966906848165]","[0.07250614339886163, 0.007698157740505987, 0.005521379136894211]",none,0,"Despite these mixed opinions, the cafe has a rating of 3 out of 5 stars and is popular among travelers looking for a quick bite to eat before their flight."
Qwen2.5-1.5B-Instruct_K3,223,5317,0.6771284341812134,28,1.834262728691101,0.25551900267601013,"[1.7364098853930565, 0.0011945778967076745, -0.006900567579058199]","[0.2288213932403908, 0.00025278900144647717, 0.00045002699616653833]",none,0,"Delgado's Mexican Foods is a local business located at 4401 Carpinteria Ave in Carpinteria, CA."
Qwen2.5-1.5B-Instruct_K3,223,5317,1.3153904676437378,22,1.6043089628219604,0.17587000131607056,"[1.6178494024683128, 0.017389959227082065, 0.0023154313781891356]","[0.16922129453583198, 0.0020254271461019675, 0.001540353731536987]",none,0,"It is a restaurant that also offers nightlife options, serving Mexican cuisine with a bar and breakfast & brunch options."
Qwen2.5-1.5B-Instruct_K3,223,5317,0.5245463848114014,41,0.2765231132507324,0.08577442169189453,"[0.3490159609762309, 0.005703576898934155, 0.009545851400239704]","[0.08613793809467452, 0.0008447224492096122, 0.0011316837588188585]",none,0,"The business is open from 11:00 AM to 9:00 PM from Monday to Saturday, and from 7:30 AM to 9:00 PM on Sundays."
Qwen2.5-1.5B-Instruct_K3,223,5317,1.2077425718307495,13,-0.07450667023658752,0.046304184943437576,"[0.22034495697544815, 0.03165140552076851, 0.06228580285880106]","[0.05059163373712531, 0.0005826042156251368, 0.0024368597570226204]",none,0,Customers have left positive reviews about Delgado's Mexican Foods.
Qwen2.5-1.5B-Instruct_K3,223,5317,1.4258887767791748,35,2.0593841075897217,0.2014283686876297,"[2.1690449046170603, 0.008994371285474959, -0.05304164319984141]","[0.20805878197840813, 0.0016781461415437855, 0.0043318216298920175]",none,0,"One customer mentioned that they enjoyed the Molcajolte and strong margaritas at the cute street-side cantina, which is conveniently within walking distance of their house."
Qwen2.5-1.5B-Instruct_K3,223,5317,0.6813763976097107,20,0.7417575120925903,0.14888817071914673,"[0.888300976343453, 0.04373964061378501, -0.02633138174423948]","[0.17014114689081908, 0.0037546843348081893, 0.003547018902736454]",none,0,"They mentioned that the food is consistently good, although the service can be a bit slow at times."
Qwen2.5-1.5B-Instruct_K3,223,5317,0.8482064008712769,18,2.758787155151367,0.2048216313123703,"[2.824926585159523, 0.10647611603781115, 0.08131179363792601]","[0.21215126069728285, 0.0050371949055798065, 0.007333578455472889]",none,0,"Another customer praised the margaritas, particularly the Coin Margarita with casa amigos."
Qwen2.5-1.5B-Instruct_K3,223,5317,1.396713137626648,23,1.766021728515625,0.28802037239074707,"[0.9470212451465752, 1.7651223213824383, -0.03090245297188749]","[0.17655916929083026, 0.21877335176743698, 0.03373993605466397]",none,0,"They also enjoyed the frozen mango margarita and the selection of tacos, expressing a desire to try the special with pork and pineapple."
Qwen2.5-1.5B-Instruct_K3,224,1792,7.216156005859375,3,1.2461109161376953,0.14749719202518463,"[0.3243797222773234, 0.37462445100148517, 0.4053059021631877]","[0.026720795159538586, 0.013677190834035477, 0.023250424923996132]",none,0,Sure!
Qwen2.5-1.5B-Instruct_K3,224,1792,0.7069887518882751,51,1.2591594457626343,0.22958846390247345,"[1.0225157277218029, -0.017482893159538826, 0.015103189627267305]","[0.20246014408513813, 0.0029173856422717087, 0.0013024091698302892]",none,0,"Here's the summary within 85 words:

NATO's ""Joint Warrior"" military exercises off the UK coast involve 13,000 personnel from 14 countries, 50 ships, submarines, and 70 aircraft."
Qwen2.5-1.5B-Instruct_K3,224,1792,1.7819732427597046,19,0.8140239119529724,0.1951923370361328,"[1.0325499404234026, 0.05456368576147055, 0.029914244120989582]","[0.19627666408441177, 0.018411116821114678, 0.0028674264648615414]",none,0,"The exercises are not a direct response to Russian aggression, but their timing is certainly coincidental."
Qwen2.5-1.5B-Instruct_K3,224,1792,1.4549813270568848,29,1.3671464920043945,0.21618963778018951,"[0.007732572329053977, 0.9161436668324188, 0.6855043503154744]","[0.03843865420765661, 0.17335565541148315, 0.08470675357213998]",none,0,"Participants say the exercises are aimed at improving their ability to provide security to alliance members, and tensions are expected to rise during the simulated battle scenarios."
Qwen2.5-1.5B-Instruct_K3,224,1792,0.9475249648094177,14,2.431281328201294,0.24003095924854279,"[0.03967553111059325, 0.13161382009275258, 3.1832846999168396]","[0.018839658121578395, 0.0137846781092646, 0.27045081688889433]",none,0,Russia has sent its own inspectors to observe the exercises under the Vienna document.
Qwen2.5-1.5B-Instruct_K3,225,3157,1.2540159225463867,29,2.683481216430664,0.29029810428619385,"[1.5995481745279716, 0.0034407850651969685, -0.004332072127626502]","[0.1700916554576091, 0.003269792371517316, 0.003072391699365183]",none,0,"Two women have been denied the opportunity to join a lawsuit against Prince Andrew and lawyer Alan Dershowitz, which alleges underage sex crimes."
Qwen2.5-1.5B-Instruct_K3,225,3157,0.7112938165664673,20,1.466576337814331,0.20938193798065186,"[1.0636023570143152, 0.020871923143567984, -0.05608706664497731]","[0.15884496101134574, 0.003065874692583748, 0.005117976576775618]",none,0,The lawsuit accuses Dershowitz of having sex with minors with the help of billionaire Jeffrey Epstein.
Qwen2.5-1.5B-Instruct_K3,225,3157,0.7350355982780457,12,1.032110571861267,0.11497180908918381,"[0.631891979695259, 0.07294414147690986, 0.03799942324500686]","[0.08108701589291438, 0.01657773679881795, 0.010487451073686316]",none,0,Both Buckingham Palace and Dershowitz deny the allegations.
Qwen2.5-1.5B-Instruct_K3,225,3157,0.5328765511512756,44,1.44722318649292,0.29807808995246887,"[1.3867195722731678, -0.06068871961806301, 0.008545866057054562]","[0.2836317011493851, 0.006735462908178714, 0.0015587977429108496]",none,0,"The motion to join the lawsuit was denied by US District Court Judge Kenneth Marra, who stated that the ""lurid details"" of the alleged abuse were not necessary to determine whether the victims could join the lawsuit."
Qwen2.5-1.5B-Instruct_K3,225,3157,1.1707192659378052,34,1.3907172679901123,0.27862295508384705,"[0.6536594925410635, 0.9780005551279721, -0.06836476316985841]","[0.18474214970731684, 0.16479177051309413, 0.004053109145184621]",none,0,"The judge also said that the ""factual details"" of the sexual activities were irrelevant, as they involved non-parties who are not related to the government being accused."
Qwen2.5-1.5B-Instruct_K3,225,3157,0.6696051359176636,18,0.7723228931427002,0.09942841529846191,"[0.1804469606338696, 0.8199376866452641, 0.07823449886847003]","[0.034345899304096546, 0.1359405212739754, 0.010657636910322153]",none,0,Dershowitz has publicly stated that the allegations against him are false and made up.
Qwen2.5-1.5B-Instruct_K3,225,3157,1.2272392511367798,33,0.9913368225097656,0.2448672652244568,"[0.12947694103191185, 0.6302928940999801, 0.09558420584036151]","[0.09364360255351516, 0.1227969588159767, 0.011341870412638165]",none,0,"The allegations emerged in a court filing in January, in which ""Jane Doe 3"" claimed to have been forced to have sex with several men as a teenager."
Qwen2.5-1.5B-Instruct_K3,225,3157,0.9233714938163757,10,1.646173119544983,0.2861641049385071,"[-0.09577002790174446, -0.04999353003368014, 1.917421141115483]","[0.01306735452672001, 0.00339008361188462, 0.2719539764380897]",none,0,"Epstein, who pleaded guilty to prostitution solicitation in the past, is accused of having sexual contact with teenage girls, including Prince Andrew and Dershowitz."
Qwen2.5-1.5B-Instruct_K3,226,3988,7.393615245819092,3,1.0403293371200562,0.13023917376995087,"[0.3734028736750285, -0.21989949544270834, -0.06839815775553386]","[0.02623904434343179, 0.01236610176662604, 0.01600789154569308]",none,0,Sure!
Qwen2.5-1.5B-Instruct_K3,226,3988,1.365002155303955,29,1.5054631233215332,0.22581970691680908,"[0.8831905925070369, -0.023061101276182633, 0.022295554881566204]","[0.12351392006079048, 0.0031530276843145188, 0.003155770442680446]",none,0,"Here's the summary within 70 words:

The Nantucket volleyball team fought hard in a 3-0 loss to top Div."
Qwen2.5-1.5B-Instruct_K3,226,3988,1.0368170738220215,19,1.2532192468643188,0.2232736498117447,"[0.48465378528558894, 0.30264477191361183, 0.09028207535754375]","[0.12020816676024544, 0.0323625617340057, 0.006539908516300018]",none,0,"1 team Barnstable, hanging tight in the first two sets before falling in the third."
Qwen2.5-1.5B-Instruct_K3,226,3988,0.9302968978881836,24,1.619576334953308,0.2854459583759308,"[0.20963379572882937, 0.4922457392440265, 0.08924093589894255]","[0.08955752433909463, 0.07676184522400338, 0.01858578186835776]",none,0,"Despite the loss, coach Andrew Viselli praised his team's improved performance compared to their previous match against the Red Hawks."
Qwen2.5-1.5B-Instruct_K3,226,3988,0.3697716295719147,31,1.9368396997451782,0.2753552794456482,"[0.0717422341910987, 0.01576466397136022, 2.1090905726765237]","[0.010088484484376456, 0.0035605517208186516, 0.3177239346256219]",none,0,The Whalers are now 10-7 on the year and will finish the regular season with matches at Sturgis East and home against St.
Qwen2.5-1.5B-Instruct_K3,226,3988,0.1362631767988205,3,2.4952287673950195,0.2670266926288605,"[0.07904583773536918, 0.06253034518886125, 2.2456149893502393]","[0.005749719418721118, 0.006999254262079073, 0.2571119324614604]",none,0,John Paul II.
Qwen2.5-1.5B-Instruct_K3,227,1170,1.8428499698638916,34,0.5077322125434875,0.18270528316497803,"[0.4475250215105274, 0.01736495313268867, -0.009267305513597368]","[0.12564844178611084, 0.007297908112484626, 0.0028823251156127835]",none,0,"Indiana's governor, Mike Pence, signed a bill into law last week that has been widely criticised for allowing businesses to discriminate against gay and lesbian customers on religious grounds."
Qwen2.5-1.5B-Instruct_K3,227,1170,1.6706591844558716,22,-0.039796069264411926,0.02476513385772705,"[0.010037218474529007, -0.0315259368666871, -0.025161511709236285]","[0.031028642059854148, 0.0015309747829054356, 0.0009599154881553576]",none,0,"Supporters of the legislation say it protects the religious liberty of business owners, while opponents claim it legalises discrimination."
Qwen2.5-1.5B-Instruct_K3,227,1170,1.8331661224365234,26,0.109100341796875,0.12068772315979004,"[-0.02579436909693938, 0.09519760149459426, -0.0895727310114755]","[0.04939393219179832, 0.03465073921856506, 0.00289553897947861]",none,0,"The move has led to a national debate over LGBT rights and religious freedom, and has isolated Pence from the mainstream of his party."
Qwen2.5-1.5B-Instruct_K3,227,1170,2.016738176345825,29,0.7396541833877563,0.10988597571849823,"[0.3787390048904666, 0.19648967185238345, 0.015525886957565772]","[0.05047568522698792, 0.028337875349248424, 0.0033543807857282005]",none,0,"The controversial decision, however, has also shored up Pence's credentials among social conservatives, who may play a crucial role in the Republican primary."
Qwen2.5-1.5B-Instruct_K3,227,1170,1.4209259748458862,18,1.3828577995300293,0.2374669909477234,"[0.008965890603980774, 1.4114061899793644, -0.047703534518303864]","[0.027990248650187115, 0.19558727230954295, 0.004935623165642432]",none,0,The controversy has pushed the entire Republican field further to the right than the party had hoped.
Qwen2.5-1.5B-Instruct_K3,227,1170,0.47183942794799805,32,3.0441787242889404,0.3416498303413391,"[-0.00030448471079580486, 3.182111563393846, 0.026197581470114528]","[0.011988969078970513, 0.33904355275444686, 0.004696129898952961]",none,0,"This is because there is no way a Republican can get through the pending primary without denouncing LGBT rights, which unfortunately will turn numerous Americans into single-issue voters."
Qwen2.5-1.5B-Instruct_K3,227,1170,2.358051061630249,26,-0.07865671068429947,0.05553772673010826,"[-0.06908287487637538, -0.10227348676954325, -0.0638093540731531]","[0.012014400350520961, 0.0372273730687224, 0.01579267152164203]",none,0,"The situation in Indiana has shown that ""winning"" should not be mistaken for having ""won"" the battle for LGBT rights."
Qwen2.5-1.5B-Instruct_K3,227,1170,2.0746283531188965,13,0.27192580699920654,0.05239615589380264,"[0.09335070422205788, 0.14743595321376163, 0.041244968718204364]","[0.0196088602634308, 0.025514980545267463, 0.013310795798623496]",none,0,"It is doubtful that a candidate will be able to avoid taking a position on the wave of so-called ""religious freedom"" bills snaking through red-state legislatures."
Qwen2.5-1.5B-Instruct_K3,228,4705,1.0033650398254395,21,1.4710474014282227,0.20254269242286682,"[0.5998008334122243, 0.15527713700707646, 0.09594643142052173]","[0.058863127519587236, 0.01428822103168516, 0.008873111621748345]",none,0,"Kevin McCarthy, the Speaker of the House, has been removed from his position through a House vote."
Qwen2.5-1.5B-Instruct_K3,228,4705,1.1617045402526855,13,0.6489887833595276,0.12379138171672821,"[0.3888460090025686, 0.1031736138348396, 0.14845744878626788]","[0.05665754277456122, 0.010700137085782794, 0.004559054357322076]",none,0,This makes him the first Speaker to be ousted in this manner.
Qwen2.5-1.5B-Instruct_K3,228,4705,0.5237329602241516,30,1.6544129848480225,0.19976527988910675,"[1.2628714128086964, -0.010056862370644619, 0.040302978933808235]","[0.1705530630114178, 0.013345261879680947, 0.0026687464342406504]",none,0,"The vote to remove McCarthy was 216 to 210, with members of his own party and six Virginia Democrats supporting his removal."
Qwen2.5-1.5B-Instruct_K3,228,4705,1.236879825592041,19,1.0322262048721313,0.18616800010204315,"[1.3055951860426973, 0.34234701820011987, 0.003976153896043175]","[0.11777500441837076, 0.10398852255083942, 0.007833270597841061]",none,0,"Representative Matt Gaetz introduced the measure to remove McCarthy, citing broken promises made by the Speaker."
Qwen2.5-1.5B-Instruct_K3,228,4705,0.7733903527259827,28,1.7029798030853271,0.21868808567523956,"[0.12793896315270104, 1.759511863480189, 0.0201421967846857]","[0.031199238081171643, 0.2160221441133347, 0.004414599130346427]",none,0,"Representative Bob Good, a member of McCarthy's party, also voted to remove him, claiming that McCarthy prioritized remaining Speaker over cutting spending."
Qwen2.5-1.5B-Instruct_K3,228,4705,0.6431300044059753,24,0.9921783804893494,0.19484883546829224,"[0.04879151604973231, 0.10917030273882726, 1.2321375269869652]","[0.013453541025626237, 0.01943680283636695, 0.16087647897923793]",none,0,McCarthy served as Speaker from January to October 2023 and has announced that he will not run for Speaker again.
Qwen2.5-1.5B-Instruct_K3,229,6235,0.9538148045539856,29,2.0980587005615234,0.34068724513053894,"[2.091644797088771, -0.002101317733518201, -0.0396726715412585]","[0.3393522475300164, 0.00010430407257899788, 0.002263502703264184]",none,0,"Wingstop is a local restaurant located at 3849 State St, Ste 163 in Santa Barbara, CA."
Qwen2.5-1.5B-Instruct_K3,229,6235,0.9151592254638672,40,0.6027221083641052,0.11053118854761124,"[0.6279206929044449, -0.02020459398332832, -0.028995585446500625]","[0.1098858981669764, 0.0002156580374176542, 0.0007172116888781943]",none,0,"The business specializes in serving chicken wings and falls under the categories of ""Chicken Wings"" and ""Restaurants."" The restaurant operates from 11:00 AM to midnight every day of the week."
Qwen2.5-1.5B-Instruct_K3,229,6235,0.9579343199729919,21,0.5943155884742737,0.12371732294559479,"[0.4046749792316751, 0.00856033057442844, 0.017316602021483482]","[0.08451761753531173, 0.0005248871794460033, 0.008661191457360388]",none,0,"Customers have left positive reviews about Wingstop, with an average rating of 3.0 stars."
Qwen2.5-1.5B-Instruct_K3,229,6235,1.2748351097106934,19,1.7272957563400269,0.1906411498785019,"[1.9643262726695914, 0.009354612397912302, -0.01431762765308744]","[0.19492612877174428, 0.0006870270643910197, 0.0031872712899808234]",none,0,"One customer mentioned that they visited on a Thursday and enjoyed the wings, praising the courteous team."
Qwen2.5-1.5B-Instruct_K3,229,6235,0.662998378276825,20,2.181668281555176,0.32802456617355347,"[1.9367363542318343, -0.035258517703186956, 0.01138083052537695]","[0.3149161142297089, 0.0007563692043902392, 0.0017620126441215689]",none,0,"Their favorite flavors were mild and lemon pepper, and they particularly enjoyed the fried corn as a side dish."
Qwen2.5-1.5B-Instruct_K3,229,6235,1.2798855304718018,13,0.5413183569908142,0.15482966601848602,"[0.5293280771718576, 0.04323575531060879, 0.07458009169651912]","[0.12796140043064952, 0.022190648530690502, 0.014302335603413386]",none,0,Another customer appreciated the friendly staff and their attention to detail.
Qwen2.5-1.5B-Instruct_K3,229,6235,1.2698909044265747,21,1.671959638595581,0.25364890694618225,"[1.5607642038015737, 0.376716813156409, -0.07912601208885289]","[0.23105652976803304, 0.1354474282613697, 0.006804048244531439]",none,0,"Despite forgetting to ask for utensils and other items, the customer found everything they needed in their order."
Qwen2.5-1.5B-Instruct_K3,229,6235,0.7567554712295532,10,0.9033992886543274,0.1325867474079132,"[0.6951980452533462, 1.2823327849102497, -0.06073590411142504]","[0.08261799216415966, 0.17652503693522306, 0.028531674252135986]",none,0,They expressed their intention to return to Wingstop soon.
Qwen2.5-1.5B-Instruct_K3,229,6235,1.0479207038879395,15,1.091461181640625,0.12373237311840057,"[0.1979387597412521, -0.05739432697094647, 1.5120441920348335]","[0.035438805983509764, 0.007639556775185004, 0.15759721347345323]",none,0,"Additionally, customers have mentioned that the flavors at Wingstop are addictive."
Qwen2.5-1.5B-Instruct_K3,229,6235,0.682136058807373,12,2.692736864089966,0.3505270481109619,"[0.2259226369812192, -0.04545973160323532, 2.5335604732778543]","[0.03013538913546654, 0.0009170765360219472, 0.329593121947255]",none,0,"The restaurant serves freshly cut fries with a Cajun seasoning, which received positive feedback."
Qwen2.5-1.5B-Instruct_K3,230,4812,0.6644218564033508,27,2.6636102199554443,0.3126319348812103,"[2.4464960792274386, -0.0017494408543657133, -0.030448566233610985]","[0.2868386836274079, 0.00011003873256472448, 0.0007109977987267013]",none,0,"Los Tarascos is a casual Mexican restaurant located at 5915B Calle Real, Goleta, CA."
Qwen2.5-1.5B-Instruct_K3,230,4812,1.7125117778778076,33,0.8197139501571655,0.14016106724739075,"[0.90585568617539, -0.0002773335277610882, -0.0248071741476782]","[0.1446848755892433, 0.001430272034585042, 0.0008191437570503419]",none,0,"It operates from Tuesday to Sunday, featuring services such as reservations, takeouts, and accommodations for groups, however, it does not provide Wi-Fi and outdoor seating."
Qwen2.5-1.5B-Instruct_K3,230,4812,1.5536863803863525,28,0.25558340549468994,0.1280933916568756,"[-0.0649243455679555, 0.5399862994090654, 0.5190532726535041]","[0.09992554385826224, 0.03130115368081273, 0.052208276009033786]",none,0,"The restaurant has a 4.5-star rating, with reviews highlighting the fresh ingredients, friendly staff, and the quality of burritos."
Qwen2.5-1.5B-Instruct_K3,230,4812,1.9183425903320312,17,0.04936164990067482,0.11693170666694641,"[0.11712316379827611, 0.0047358105726101815, 0.008452323648859473]","[0.12227211010587566, 0.004809520313488867, 0.002549687075182138]",none,0,Some customers have expressed concern about the pricing being a bit high for the portions served.
Qwen2.5-1.5B-Instruct_K3,230,4812,2.2003469467163086,32,0.9559285044670105,0.1789396107196808,"[0.3921062921290286, 0.5115453232037908, 0.06667904886012366]","[0.10917162071045539, 0.10899221443810347, 0.007680377044806619]",none,0,"Notably, the restaurant offers a lot for parking and is known for its fresh and tasty guacamole, decent street tacos, and chicken verde enchilada."
Qwen2.5-1.5B-Instruct_K3,231,7864,6.160520076751709,3,0.29035601019859314,0.2519111633300781,"[-0.5339599251747131, 0.047707557678222656, 0.6130895614624023]","[0.081270648787419, 0.0007111061034568896, 0.014221320083985725]",none,0,Sure!
Qwen2.5-1.5B-Instruct_K3,231,7864,0.7205238342285156,52,1.3556206226348877,0.1720382124185562,"[0.9707318100795157, 0.15881146444109198, 0.06108562985502011]","[0.11603361618769707, 0.010329363182969167, 0.0055935618467012425]",none,0,"Here's an objective overview of LaoWang Burger based on the provided structured data:

LaoWang Burger is a Chinese restaurant located in Goleta, California, offering a variety of dishes including beef rice noodles, soups, and takeout options."
Qwen2.5-1.5B-Instruct_K3,231,7864,0.8628255724906921,28,0.4113640785217285,0.09810268878936768,"[0.41915947779266716, 0.09908228608451607, -0.003156157021846541]","[0.07906520705319256, 0.0046379080220698855, 0.005362830791301779]",none,0,"According to customer reviews, the restaurant has a rating of 4.5 stars and is known for its generous portion sizes and delicious food."
Qwen2.5-1.5B-Instruct_K3,231,7864,1.0512045621871948,44,0.5201341509819031,0.11416564136743546,"[0.43348224077834113, 0.31421810379966203, 0.03234658998289061]","[0.0753282927539658, 0.02925795281748833, 0.007993248568957577]",none,0,"Reviewers praise the beef rice noodles as a standout dish, describing it as ""delicious"" and ""huge."" The restaurant also offers outdoor seating and takes reservations, making it a convenient option for groups and romantic dates."
Qwen2.5-1.5B-Instruct_K3,231,7864,1.1039396524429321,28,0.13704487681388855,0.14036738872528076,"[0.29613687517121434, 0.024180489143223634, 0.2059293538165678]","[0.08008007180095385, 0.050207419385385164, 0.06408899147832667]",none,0,"One reviewer notes that the food comes out quickly, and another mentions that the restaurant is a good alternative to more expensive options in the area."
Qwen2.5-1.5B-Instruct_K3,231,7864,0.49744728207588196,21,0.10809911787509918,0.013901947066187859,"[0.07897655298715801, 0.03376216177263727, 0.026927572129633995]","[0.012144856919229867, 0.0007234664243077034, 0.006642412991595847]",none,0,"Overall, LaoWang Burger appears to be a popular and satisfying choice for Chinese cuisine in Goleta."
Qwen2.5-1.5B-Instruct_K3,232,4338,2.1133639812469482,19,1.9760372638702393,0.27111005783081055,"[0.9559353853477851, 0.04236365637840017, -0.02414603215813833]","[0.12677520307050527, 0.004861661986919181, 0.009691320240227995]",none,0,A dispute over children's chalk drawings on a sidewalk in California went viral on social media.
Qwen2.5-1.5B-Instruct_K3,232,4338,1.2027441263198853,26,1.941265344619751,0.27948135137557983,"[0.9720908704285438, 0.43972592055797577, 0.11299359354262169]","[0.1551064156497327, 0.0453834967136992, 0.008558943412096526]",none,0,"The video shows an older couple confronting a neighbour, with the woman complaining about the chalk art and threatening further action if it continued."
Qwen2.5-1.5B-Instruct_K3,232,4338,1.316723108291626,18,0.6220998764038086,0.17405195534229279,"[0.131336770266191, 0.9006685831635777, -0.04450063904773237]","[0.034697391822192, 0.1266513207342036, 0.005723441808375658]",none,0,The man responded by asking if his kids were misbehaving by drawing on the sidewalk.
Qwen2.5-1.5B-Instruct_K3,232,4338,0.8680831789970398,29,1.518967628479004,0.25475776195526123,"[0.25763017491132406, 1.5466983643970613, 0.019120950366225863]","[0.015941310519024386, 0.22735788415443023, 0.01031997301595703]",none,0,"The dispute escalated, with the older man threatening to involve the Homeowner's Association and the woman making an insensitive comment about the neighbour's ethnicity."
Qwen2.5-1.5B-Instruct_K3,232,4338,0.8698790669441223,20,1.466301679611206,0.24116206169128418,"[-0.0678163445663813, -0.06662065422569867, 1.3121364033795544]","[0.023023972203736774, 0.04108184905089729, 0.22773426219609974]",none,0,It's unclear if a formal complaint was lodged or what the HOA's rules are regarding chalk drawings.
Qwen2.5-1.5B-Instruct_K3,233,3460,7.808629989624023,3,0.5146374702453613,0.1426602303981781,"[0.11849610010782878, 0.08335131406784058, 0.04237264394760132]","[0.06869633744160335, 0.011966880954181155, 0.015748570517947275]",none,0,Sure!
Qwen2.5-1.5B-Instruct_K3,233,3460,1.1937147378921509,45,1.2927310466766357,0.16183006763458252,"[0.9437081940239296, 0.02429184697523144, 0.027346077470348167]","[0.15153961871193233, 0.0065868352625355125, 0.005158893568323543]",none,0,"Here's the summary within 84 words:

Prince William is upset with Prince Harry over Netflix's portrayal of the Royal Family, specifically the upcoming season of The Crown that will depict the death of their mother, Princess Diana."
Qwen2.5-1.5B-Instruct_K3,233,3460,1.7143443822860718,24,1.2522989511489868,0.23252391815185547,"[0.414930783600236, 0.22957383169947812, 0.1558228008216247]","[0.04044820965888599, 0.0896698137706456, 0.02624293657693973]",none,0,"Harry and his wife Meghan have signed several media deals, including with Netflix, but their projects have faced criticism and controversy."
Qwen2.5-1.5B-Instruct_K3,233,3460,0.8705514669418335,17,0.42510008811950684,0.1120360791683197,"[0.14330456449705012, 0.1895035255481215, -0.06385023360524107]","[0.040534937055781484, 0.030805174624273443, 0.008857120930984178]",none,0,Tensions are high between the brothers as they navigate their respective paths in the entertainment industry.
Qwen2.5-1.5B-Instruct_K3,234,3631,0.9127912521362305,37,3.8441970348358154,0.42549917101860046,"[1.156023075860036, 0.024424330330303574, 0.10904828363716759]","[0.1406458692084882, 0.004599068968551484, 0.00836870914327398]",none,0,"Former Counting On stars Abbie Grace Burnett, John David Duggar, Joy-Anna Duggar, and Austin Forsyth are spending time together on a beach vacation."
Qwen2.5-1.5B-Instruct_K3,234,3631,0.7169228196144104,15,1.3419936895370483,0.24862928688526154,"[1.294101660574476, 0.04898783913037429, 0.07006246212404221]","[0.24338243193924428, 0.004420511245492283, 0.005770123076702779]",none,0,"Despite their age differences, the siblings and their spouses often hang out together."
Qwen2.5-1.5B-Instruct_K3,234,3631,0.8236613273620605,62,1.65101158618927,0.24934937059879303,"[1.1993938360410832, 0.7414010429662788, 0.05655245164450295]","[0.17895948174977586, 0.08538549523602924, 0.013886328909654638]",none,0,"While John David and Abbie shared their beach photos to promote a boutique, Joy-Anna captioned her photos with ""your love is my home."" The foursome has a long-standing friendship, with Joy-Anna and Austin even serving as chaperones during John David and Abbie's courting period."
Qwen2.5-1.5B-Instruct_K3,234,3631,0.8437674641609192,33,1.6057265996932983,0.27653977274894714,"[0.0019385842106478804, 1.2326074254455253, -0.050620481990327364]","[0.01851433046222913, 0.22586230940333446, 0.012320593649260088]",none,0,"However, it's unclear where Joy-Anna and John David stand with their sister, Jill Duggar, as they have not commented on recent events involving their family."
Qwen2.5-1.5B-Instruct_K3,235,9774,0.9202460050582886,29,2.420746326446533,0.23650649189949036,"[1.7242353574276483, 0.030658592871046057, 0.06198982585819663]","[0.19804620842051948, 0.002023074058144683, 0.00223302566244903]",none,0,"""A Piece of Cake"" is a bakery located in Santa Barbara, CA, categorized under Food, Restaurants, Bakeries, and Desserts."
Qwen2.5-1.5B-Instruct_K3,235,9774,1.9346096515655518,10,1.4942582845687866,0.19832296669483185,"[1.1111635852139443, -0.12957689558825222, 0.00501824977909564]","[0.18120938290376215, 0.0032355409877254716, 0.00201515029825714]",none,0,The bakery accepts reservations and is suitable for groups.
Qwen2.5-1.5B-Instruct_K3,235,9774,1.8871829509735107,11,-0.027047432959079742,0.08892541378736496,"[-0.45599583734027954, 0.06384030166042397, 0.15198157765817913]","[0.11744415715524652, 0.0081145425192517, 0.006205224491271689]",none,0,"However, it has a mixed reputation among its customers."
Qwen2.5-1.5B-Instruct_K3,235,9774,1.532177448272705,18,0.37429916858673096,0.11202849447727203,"[0.5430338882078003, 0.18966056758977679, -0.007041229051537812]","[0.05468530873218293, 0.013475158133385574, 0.002491947336238809]",none,0,"Based on reviews, some customers praised the bakery for its exceptional cake flavors and timely delivery."
Qwen2.5-1.5B-Instruct_K3,235,9774,1.0203081369400024,21,0.2085566222667694,0.09552141278982162,"[0.18799000109235445, 0.06172703554953581, -0.006773313392061807]","[0.05080472149538331, 0.017201873757910238, 0.006964376633169152]",none,0,"One customer even mentioned that the cake from ""A Piece of Cake"" was the highlight of their wedding."
Qwen2.5-1.5B-Instruct_K3,235,9774,1.715770959854126,38,1.0318865776062012,0.15581290423870087,"[-0.07830189257966642, 0.7365064617195841, 0.08426489439663878]","[0.019807256369380122, 0.11781282299167933, 0.04714939036392109]",none,0,"However, other reviews raised concerns about the lack of professionalism, the unsanitary conditions of the kitchen, and the owner's alleged habit of preparing cakes last minute in an unsuitable environment."
Qwen2.5-1.5B-Instruct_K3,235,9774,3.343538284301758,20,0.11783107370138168,0.13502705097198486,"[0.017393062353221467, 0.049211618192930476, 0.24780151250524796]","[0.024216239362249325, 0.052070522038638954, 0.050325377931312684]",none,0,Reviewers also mentioned the lack of fondant at tastings and difficulty in getting clear cost information.
Qwen2.5-1.5B-Instruct_K3,235,9774,1.5722105503082275,16,0.5506941080093384,0.08213885873556137,"[0.5020164175584796, -0.043528775100639905, -0.06702532152348795]","[0.06880914837347518, 0.003986398895818866, 0.0017087546676890497]",none,0,These contrasting experiences have resulted in an average rating of 2 stars for the bakery.
Qwen2.5-1.5B-Instruct_K3,236,6803,1.0110142230987549,22,2.4643819332122803,0.19840504229068756,"[1.1455117779332795, 0.0437002244974048, 0.03430031555014714]","[0.10487267469703841, 0.0023664177119626247, 0.0024287697368230647]",none,0,"Simply Marvelous BBQ Catering is a highly rated BBQ catering company based in Carpinteria, CA."
Qwen2.5-1.5B-Instruct_K3,236,6803,1.022348403930664,28,0.27293771505355835,0.07097889482975006,"[0.02792699624218845, -0.02320955228476253, 0.04483757645773169]","[0.029412108511158813, 0.00397010834629847, 0.005705615953567238]",none,0,"With a 5-star rating and glowing customer reviews, this business is known for its delicious food, professional service, and attention to detail."
Qwen2.5-1.5B-Instruct_K3,236,6803,0.8498830795288086,39,1.1213141679763794,0.15889327228069305,"[1.183374689203307, 0.03707977139377432, -0.0010143923559145407]","[0.14533994289208005, 0.004017117916761528, 0.005308712238690287]",none,0,"Their menu includes a variety of BBQ favorites, such as tri tip, smoked turkey, garlic mashed potatoes, and asparagus, all made with high-quality ingredients and served with a focus on presentation."
Qwen2.5-1.5B-Instruct_K3,236,6803,1.473866581916809,29,0.2702602744102478,0.04634205624461174,"[0.25849635198649373, 0.01011660385346, -0.12206307613962117]","[0.021014326023791437, 0.006472239195013454, 0.009061433466458452]",none,0,"Customers rave about the company's ability to deliver exceptional service, with friendly and organized staff who go above and beyond to ensure that events run smoothly."
Qwen2.5-1.5B-Instruct_K3,236,6803,0.8441838026046753,34,0.034476831555366516,0.03403794765472412,"[0.05838216696533958, -0.057980803355282176, 0.015339875442695008]","[0.006467704505865032, 0.014097582929824881, 0.002837209864593316]",none,0,"Whether it's a wedding, party, or corporate event, Simply Marvelous BBQ Catering is a top choice for anyone looking for a stress-free and memorable dining experience."
Qwen2.5-1.5B-Instruct_K3,236,6803,1.7216860055923462,20,0.2690008282661438,0.08887053281068802,"[-0.13054952058009803, 0.3049077986273915, -0.029859230993315576]","[0.01777155601157574, 0.07844618363305926, 0.003715956011728849]",none,0,"Their prices are considered fair and reasonable, and they offer both drop-off and full-service catering options."
Qwen2.5-1.5B-Instruct_K3,236,6803,0.7480689883232117,28,0.05138972029089928,0.011643730103969574,"[0.01152642215667145, 0.04412862782687098, -0.0055246608627450245]","[0.002295467214127608, 0.0016836964850137953, 0.0005203004512071325]",none,0,"Overall, Simply Marvelous BBQ Catering is a standout option for anyone looking for delicious BBQ and top-notch service in the Carpinteria area."
Qwen2.5-1.5B-Instruct_K3,237,9096,1.2569252252578735,36,1.2244136333465576,0.23188607394695282,"[1.2050559171560355, 0.010236115633738841, 0.010355267332064008]","[0.21683965532992666, 0.001432589116790142, 0.0029590301797297355]",none,0,"KFC, located at 5697 Calle Real in Goleta, California, is a popular fast-food restaurant specializing in chicken wings and other chicken-based meals."
Qwen2.5-1.5B-Instruct_K3,237,9096,0.6576358675956726,20,0.6115643978118896,0.12918928265571594,"[0.6798928909614915, -0.027325598876723235, -0.04855742005574939]","[0.13911062630504603, 0.002280842026441121, 0.00383250164329354]",none,0,The restaurant is open daily from 10:00 to 21:30.
Qwen2.5-1.5B-Instruct_K3,237,9096,1.3904093503952026,26,1.310827374458313,0.15357498824596405,"[1.321157965522546, -0.04050927895262318, -0.002622253418219491]","[0.1518307105207686, 0.0033915602346129303, 0.006015028818856431]",none,0,"KFC offers street parking and is suitable for groups, but does not provide WiFi or outdoor seating, and does not take reservations."
Qwen2.5-1.5B-Instruct_K3,237,9096,3.2056498527526855,7,-0.04597767814993858,0.13216978311538696,"[-0.14694150856563024, -0.022613265684672763, -0.043688446283340454]","[0.1553450913301536, 0.003939754762021559, 0.008883589379755514]",none,0,The restaurant also offers takeaway service.
Qwen2.5-1.5B-Instruct_K3,237,9096,0.7932561635971069,26,1.465550184249878,0.18613170087337494,"[0.8823273147348888, 0.9107519345035633, 0.03657777407296145]","[0.15005729132546827, 0.0909316797876552, 0.006421334118595741]",none,0,"With an average rating of 3.0 stars, customers have praised the cleanliness of the store and the warm, fresh food."
Qwen2.5-1.5B-Instruct_K3,237,9096,1.1921718120574951,28,2.0666873455047607,0.2378133237361908,"[0.9144668569674, 1.1758707021446233, 0.5055947917596443]","[0.132814089769194, 0.1188403238808665, 0.049301549655325516]",none,0,"Among the favored items on the menu are the 12pc Family Meal, Crispy Coronel Sandwich, and Popcorn Nuggets."
Qwen2.5-1.5B-Instruct_K3,237,9096,1.5172353982925415,24,0.6636319756507874,0.152993842959404,"[-0.08637214977545682, 0.269298195134373, 0.4834270800730754]","[0.013487464434855193, 0.07235049867161554, 0.13223667329933045]",none,0,"The quality of the chicken has been noted as inconsistent, but the friendly and personable staff contributes to a positive dining experience."
Qwen2.5-1.5B-Instruct_K3,238,571,0.637308657169342,36,2.6436452865600586,0.34095799922943115,"[2.2304171092093585, 0.04102277010113337, 0.05861104306677589]","[0.2941646465913234, 0.0038249223847641486, 0.002966753818845468]",none,0,French-language global television network TV5Monde regained control of one of its 11 channels and its Facebook page after a cyberattack crippled its broadcasts and social media accounts.
Qwen2.5-1.5B-Instruct_K3,238,571,1.2182623147964478,26,2.166708469390869,0.3072815537452698,"[2.1264203096238465, -0.06295184759913425, -0.0820401689029845]","[0.2973449771793989, 0.006548111466422313, 0.003154828170260351]",none,0,"The network's director called it an ""extremely powerful cyberattack"" and said that an Islamist group had hacked their mobile site."
Qwen2.5-1.5B-Instruct_K3,238,571,0.6037947535514832,18,2.2344377040863037,0.2815735340118408,"[2.20482601183984, -0.03969084514473151, -0.021528463511559594]","[0.28388535474530524, 0.004168428139210947, 0.0016866664902611067]",none,0,"ISIS logos and markings appeared on their social media accounts, but no group has claimed responsibility."
Qwen2.5-1.5B-Instruct_K3,238,571,0.6475008726119995,30,2.1998238563537598,0.3078858554363251,"[0.5860660698730499, 2.065427364680606, 0.09343765199688885]","[0.08551725816117445, 0.2674687319064105, 0.010847876533582242]",none,0,"The network's website was still under maintenance, and TV5Monde offers round-the-clock entertainment and news programming reaching 260 million homes worldwide."
Qwen2.5-1.5B-Instruct_K3,239,2160,0.9324109554290771,36,2.0078840255737305,0.2824879586696625,"[1.1042026130145233, 0.019363632488117826, 0.026650942735917244]","[0.17471474744728413, 0.0016327984631187872, 0.0064512405013804]",none,0,"Suzanne Crough, best known for her role as youngest daughter Tracy on the '70s sitcom ""The Partridge Family,"" has died at 52."
Qwen2.5-1.5B-Instruct_K3,239,2160,0.5648435950279236,11,1.335078477859497,0.14220601320266724,"[1.4015658269213005, -0.052240491431968454, 0.03628849233923988]","[0.12931083778808403, 0.004310769570028325, 0.004238996019756252]",none,0,"She passed away at her home in Laughlin, Nevada."
Qwen2.5-1.5B-Instruct_K3,240,3771,0.9354140162467957,54,0.9722241759300232,0.16555653512477875,"[0.5340976932655193, 0.005132300708661812, 0.0031960152145479193]","[0.1024626659588345, 0.0019501422223529349, 0.002501058957615551]",none,0,"Sure, here's a summary of the article in 77 words:

According to the CDC, approximately 220,000 children and adolescents in the US have been diagnosed with arthritis between 2017 and 2021."
Qwen2.5-1.5B-Instruct_K3,240,3771,0.41116636991500854,30,0.9536270499229431,0.21173880994319916,"[1.0591688600213578, -0.01808843056872623, -0.012218218622789816]","[0.22710114094467523, 0.0031591914132642765, 0.0013932491126032196]",none,0,"This is a more accurate estimate than previous estimates, which ranged from 13,400 to 294,000."
Qwen2.5-1.5B-Instruct_K3,240,3771,0.6857019662857056,34,1.5554395914077759,0.24811461567878723,"[0.2632819917281963, 0.6502388480621448, 0.2140628041635115]","[0.06701964027893957, 0.09605133566091194, 0.05808723242561133]",none,0,"The report highlights the need to prioritize prevention and treatment of arthritis among this population, particularly those with identified risk factors such as depression, heart conditions, and lack of physical activity."
Qwen2.5-1.5B-Instruct_K3,241,304,1.315368413925171,32,2.892054796218872,0.3186095952987671,"[1.8085566370282322, 0.033054045631615736, 0.053371484395029256]","[0.2210892059811158, 0.0025326098452751467, 0.009494677036855137]",none,0,"A bored teenager, Chancey Allen Luna, was found guilty of first-degree murder for the drive-by shooting of Christopher Lane, a college student in Oklahoma."
Qwen2.5-1.5B-Instruct_K3,241,304,1.0491673946380615,29,0.862673819065094,0.1691710352897644,"[0.8415576937279247, -0.1579543463748419, 0.20700719823623237]","[0.12758667778990487, 0.0156533991476463, 0.03011710613959465]",none,0,"Luna, who was 16 at the time, and two friends randomly selected Lane, who was jogging, and shot him in the back."
Qwen2.5-1.5B-Instruct_K3,241,304,0.7421619892120361,18,0.5166816711425781,0.12081979215145111,"[0.3602846981957555, 0.38271479166481487, 0.0051330489610942704]","[0.07651848605989169, 0.06229239248912361, 0.010497759021947987]",none,0,"Luna was sentenced to life in prison without parole, while the other two suspects received lesser sentences."
Qwen2.5-1.5B-Instruct_K3,242,3433,1.470237374305725,22,3.2206482887268066,0.3515084981918335,"[0.6327790049888956, 0.010586046087568817, 0.02427241405703998]","[0.11914924356571016, 0.005947440766492077, 0.006733580473585541]",none,0,Bowie Jane has become the new Head of Household (HOH) on Big Brother 25.
Qwen2.5-1.5B-Instruct_K3,242,3433,0.9711233973503113,23,3.1055290699005127,0.3758575916290283,"[0.57439974109255, 1.292079253542318, 0.03548638867125745]","[0.1400479514677895, 0.16629710918894727, 0.006410625696330301]",none,0,"After winning a tie-breaker question, Bowie Jane has decided to nominate Felicia and Cirie Fields for eviction."
Qwen2.5-1.5B-Instruct_K3,242,3433,1.3669837713241577,19,1.752423882484436,0.27608487010002136,"[-0.18453744602830788, 1.868878181337526, -0.14382778333598062]","[0.05447026581111315, 0.2516495458977787, 0.008861439611217449]",none,0,She is still hurt by her previous alliance with the ladies and wants them out of the game.
Qwen2.5-1.5B-Instruct_K3,242,3433,1.166160225868225,28,1.7482221126556396,0.26169973611831665,"[1.5361333902276653, 0.05061377946861155, 0.009379765494876275]","[0.1959871574248869, 0.051681612650489636, 0.007012002770872121]",none,0,"Bowie Jane has also discussed her plans with Cameron, who she appears to be sticking with despite suggestions from other houseguests to target him."
Qwen2.5-1.5B-Instruct_K3,242,3433,0.9144115447998047,19,2.418452501296997,0.38678255677223206,"[-0.08406769548673765, 2.2951987021063505, -0.05003134721513453]","[0.02686734239320063, 0.372753304515132, 0.006948340184823259]",none,0,Bowie Jane will host a Nomination Ceremony on Friday and hopes the nominees will remain the same.
Qwen2.5-1.5B-Instruct_K3,242,3433,0.5402517914772034,14,3.058654308319092,0.2900938391685486,"[0.19494455617677886, 2.9650266288081184, -0.039898450624085466]","[0.016998117958564762, 0.27077681616564014, 0.017504116527382912]",none,0,This will be the first Veto Competition for Cirie this season.
Qwen2.5-1.5B-Instruct_K3,242,3433,2.390691041946411,6,1.9040508270263672,0.25357505679130554,"[0.5683189382155737, 0.4003831793864568, 1.6059748878081639]","[0.04205439363916715, 0.14591092057526112, 0.11122693276653688]",none,0,The episode airs on CBS.
Qwen2.5-1.5B-Instruct_K3,242,3433,0.8355033993721008,31,2.2903664112091064,0.33654865622520447,"[0.18977327432836436, 0.03908817651080749, 2.463800405873166]","[0.016897838870282875, 0.02122270779481398, 0.3328741051091422]",none,0,"In other news, there are talks of an all-winner season of Big Brother and a new season of The Traitors with former Big Brother and Survivor winners."
Qwen2.5-1.5B-Instruct_K3,243,1174,1.421008586883545,46,0.6162622570991516,0.13892705738544464,"[0.3815660024486968, 0.044427422295405486, -0.0051741048955591395]","[0.0953148530201677, 0.006402288986859988, 0.0029394787808363935]",none,0,"Here is a summary of the article in 200 words or less:

Mike Pence, the Governor of Indiana, recently signed a controversial religious freedom law that has sparked backlash and criticism from many, including the LGBT community."
Qwen2.5-1.5B-Instruct_K3,243,1174,1.2011414766311646,17,-0.08364812284708023,0.050528548657894135,"[-0.1386695524184581, -0.03372469050672782, 0.028518843402921715]","[0.030130385770462453, 0.002451048829671516, 0.001394113608137773]",none,0,The law allows businesses and individuals to refuse service to anyone based on their religious beliefs.
Qwen2.5-1.5B-Instruct_K3,243,1174,1.7640990018844604,23,0.4804022014141083,0.10682132095098495,"[0.6233914460500946, -0.11185801915986382, -0.016954533047164263]","[0.08993546850979328, 0.008838147676768764, 0.004796548792712755]",none,0,"Pence's decision to sign the law has drawn criticism from many, including major corporations and the Republican Mayor of Indianapolis."
Qwen2.5-1.5B-Instruct_K3,243,1174,0.926346480846405,20,0.5403381586074829,0.11199662834405899,"[-0.1355705634690821, 0.5141691463068128, -0.04170637945644558]","[0.014152855600696058, 0.06779737888500677, 0.0032556925045355454]",none,0,"Despite the backlash, Pence has maintained that he did not expect such a strong reaction to the law."
Qwen2.5-1.5B-Instruct_K3,243,1174,1.313007116317749,36,0.5380876064300537,0.14707167446613312,"[-0.1688434794978093, 0.555629609403291, -0.08150589165052224]","[0.0209676226589887, 0.11140683465823208, 0.0036853432196153335]",none,0,"The law is just one of many similar laws being proposed in several states across the country, and it has the potential to drag the Republican Party further to the right on social issues."
Qwen2.5-1.5B-Instruct_K3,243,1174,1.415984869003296,28,-0.03570987284183502,0.05934779718518257,"[-0.021721828612141638, -0.1473958992860389, 0.008913050180743605]","[0.01658144217085627, 0.01926851739824948, 0.0278064740099353]",none,0,Many conservatives see the law as a way to assert their religious freedom and combat what they see as a growing trend of secularism in society.
Qwen2.5-1.5B-Instruct_K3,243,1174,0.9670403003692627,19,-0.15135988593101501,0.021149341017007828,"[0.007630250808257475, -0.060654060709614564, -0.046830632640098645]","[0.007628130687174617, 0.003583021036300687, 0.0018194584397511]",none,0,"However, critics argue that the law could lead to discrimination against marginalized communities, including the LGBT community."
Qwen2.5-1.5B-Instruct_K3,244,423,0.9564111232757568,31,2.0446479320526123,0.2760709226131439,"[1.4158227036785964, 0.016995451890961116, -0.03972255510199184]","[0.23063041430366632, 0.001810551870551447, 0.0024241274003572707]",none,0,"Federal marshals have arrested Scott Kelley, a fugitive accused of kidnapping, at the Atlanta airport after he returned to the United States from Costa Rica."
Qwen2.5-1.5B-Instruct_K3,244,423,0.6358257532119751,42,1.3832712173461914,0.23761340975761414,"[1.0796058653764444, -0.004352012236008055, -0.028665499499073207]","[0.18666022176462538, 0.001294352800151782, 0.0016134985540618562]",none,0,"Kelley, 50, had been wanted since 2004 and was featured on CNN's ""The Hunt"" along with his wife, Genevieve Kelley, who turned herself in last year."
Qwen2.5-1.5B-Instruct_K3,244,423,0.9174771904945374,28,1.3083306550979614,0.22424057126045227,"[0.5225964440531763, 0.5102874238004915, -0.03308268701435476]","[0.11696438512132902, 0.11242126849078359, 0.003687631580074172]",none,0,"Their daughter, Mary Nunes, who was kidnapped when she was 8 years old, was also located and interviewed by investigators at the airport."
Qwen2.5-1.5B-Instruct_K3,244,423,1.2151497602462769,24,0.9660695195198059,0.178325355052948,"[0.2804522776423255, 0.028963092402894592, 1.1067221094563138]","[0.07284944156223598, 0.015705091068715166, 0.15145457702480294]",none,0,"Kelley's attorney did not comment, but his wife's supporters say she acted out of concern for her daughter's safety."
Qwen2.5-1.5B-Instruct_K3,244,423,0.8440330028533936,12,0.3732219636440277,0.11086401343345642,"[0.440561468344337, 0.02337402834958387, -0.3230126968440648]","[0.06941169917430064, 0.017227205191280365, 0.03031963827826682]",none,0,Genevieve Kelley is scheduled to go on trial next month.
Qwen2.5-1.5B-Instruct_K3,245,4241,1.7109073400497437,33,2.6292312145233154,0.27755194902420044,"[0.8220995961458109, 0.21995684316384126, 0.015285622299636474]","[0.17111635655606788, 0.015874064767367392, 0.012132192633213312]",none,0,"The Bold and the Beautiful spoilers reveal that Eric Forrester's moment of truth has arrived, as he prepares to showcase his designs against son Ridge's line."
Qwen2.5-1.5B-Instruct_K3,245,4241,1.4651809930801392,20,1.3002272844314575,0.22613525390625,"[1.0105579275958008, -0.04176221151064965, -0.008805233991733986]","[0.18199408888431207, 0.02695046180807594, 0.009153574179993029]",none,0,"Eric initially considered retiring after the show, but changes his mind when his designs are well-received."
Qwen2.5-1.5B-Instruct_K3,245,4241,1.3361371755599976,22,1.352473497390747,0.2200736105442047,"[1.2108107469340956, 0.019814551797356795, 0.053356934688054025]","[0.17597233319710623, 0.022802676425933234, 0.008311484329996429]",none,0,"During the fashion show, RJ struggles with keeping his emotions in check, as he knows his grandfather is dying."
Qwen2.5-1.5B-Instruct_K3,245,4241,1.2753831148147583,23,0.04842635989189148,0.18916401267051697,"[-0.33199706243462773, 0.2483003328510202, 0.004804521671362833]","[0.053196775530503386, 0.19888032840158895, 0.005371111816415301]",none,0,"After the show, Eric and Ridge have a heartfelt conversation, where they express their love and respect for each other."
Qwen2.5-1.5B-Instruct_K3,245,4241,1.185118556022644,13,1.5728511810302734,0.22476069629192352,"[0.17121664234078848, 1.226124718785286, 0.0838687987281726]","[0.03720703294787269, 0.17795471044687125, 0.028012910788395226]",none,0,"Eric then reveals his health crisis to Ridge, leaving him devastated."
Qwen2.5-1.5B-Instruct_K3,245,4241,1.2502927780151367,17,1.9154856204986572,0.21553967893123627,"[0.0944337996736388, 0.12746361050042598, 2.3133589647272053]","[0.025499660720336523, 0.02731211089036044, 0.20397051029687965]",none,0,"Despite the news, Eric feels more alive than ever, thanks to designing with RJ."
Qwen2.5-1.5B-Instruct_K3,245,4241,0.4237644076347351,22,1.744279146194458,0.266322523355484,"[0.03115309470079162, -0.008192308247089386, 2.003500762649558]","[0.02016035870077427, 0.007862457135078412, 0.24241699794815344]",none,0,Fans are left wondering who will win the fashion showdown and if Ridge will confront RJ about keeping the secret from him.
Qwen2.5-1.5B-Instruct_K3,246,1096,8.14139461517334,3,0.5137526988983154,0.16792859137058258,"[0.25606338183085126, 0.04410218199094137, -0.04824180404345194]","[0.03685355884954333, 0.010120354359969497, 0.013334245847848555]",none,0,Sure!
Qwen2.5-1.5B-Instruct_K3,246,1096,1.3637142181396484,32,0.9573484659194946,0.21575069427490234,"[0.546375251513382, 0.3006288392462011, 0.008744744925934356]","[0.08446475107308515, 0.0733898476858812, 0.006773554202595733]",none,0,"Here's the summary in 52 words:

Israeli PM Netanyahu gets two more weeks to form a government after requesting more time to secure agreements on key issues."
Qwen2.5-1.5B-Instruct_K3,246,1096,1.2832146883010864,26,1.3972432613372803,0.27498894929885864,"[-0.031134147407451216, 1.1868106166187387, 0.4321656056294719]","[0.041620025336809564, 0.22967872528645855, 0.04070823921732041]",none,0,"He must form a stable government within 42 days, with the public expecting a government to be established after last month's election."
Qwen2.5-1.5B-Instruct_K3,247,4980,1.1786162853240967,48,1.7532267570495605,0.2722387909889221,"[1.2195105853467492, 0.032375517789432706, -0.007161391751462058]","[0.2059212622047729, 0.008025503055047048, 0.0027266454294784617]",none,0,"SB Sunshine Cafe, located at 3514 State St, Santa Barbara, CA, is a popular local eatery specializing in American (New) cuisine, and well-known for its breakfast, brunch, and diner-style offerings."
Qwen2.5-1.5B-Instruct_K3,247,4980,0.8942041993141174,26,0.217999666929245,0.055008597671985626,"[0.29088124529964543, -0.03327338169681472, -0.033572906918449844]","[0.05951791687542796, 0.003038619981619097, 0.0017790914184515189]",none,0,"The restaurant operates from Tuesday to Sunday, opening at 7:00 AM and closing at 2:30 PM."
Qwen2.5-1.5B-Instruct_K3,247,4980,1.6641638278961182,21,1.2169673442840576,0.18057969212532043,"[1.3169814603669303, 0.03624559353504862, 0.003188688928882281]","[0.1909291437339215, 0.002810138527170888, 0.00097922458025139]",none,0,"It offers both street and lot parking options, free WiFi, outdoor seating, and is accommodating for groups."
Qwen2.5-1.5B-Instruct_K3,247,4980,2.74530291557312,13,0.4253554046154022,0.12825103104114532,"[0.347945849196269, 0.05685035656321046, 0.028210830232497895]","[0.11675865263924397, 0.00968352185503162, 0.0014497402617971251]",none,0,The cafe does not accept reservations and offers a casual ambience.
Qwen2.5-1.5B-Instruct_K3,247,4980,1.623351812362671,26,0.5912027955055237,0.11598798632621765,"[0.41268830741934764, 0.2802572442608205, 0.006002599569350982]","[0.08861945321013291, 0.029754895847995264, 0.0027504713794865685]",none,0,"Notably, the cafe receives high praise for its friendly and efficient service, with a business star rating of 4.5."
Qwen2.5-1.5B-Instruct_K3,247,4980,0.7275429964065552,28,1.2268104553222656,0.1956554651260376,"[0.868062770841269, -0.11644645004863971, 0.7309927859220936]","[0.11975248886704191, 0.023530585277242975, 0.10968470528449739]",none,0,"Popular food items include classic eggs Benedict with hash browns, waffles, pancakes, breakfast burritos, and a hearty BLT sandwich."
Qwen2.5-1.5B-Instruct_K3,247,4980,1.1962320804595947,26,1.5764294862747192,0.23596133291721344,"[0.8775051512767766, 0.8553109010454661, -0.009704694780216764]","[0.11255846456914206, 0.12060349990167979, 0.027882776770058425]",none,0,"The pancakes have a unique taste, akin to sourdough batter, and the coffee is described as a ""real cup of Joe""."
Qwen2.5-1.5B-Instruct_K3,248,54,1.352804183959961,39,1.6419875621795654,0.31390616297721863,"[0.1392502993243024, 1.0330567717259653, -0.005361862956749228]","[0.024771648978096496, 0.16047155417037956, 0.008389977788504975]",none,0,"On a recent episode of ""The Price Is Right"" game show, model Manuela Arbelaez accidentally revealed the correct answer to a guessing game, awarding a contestant a new car."
Qwen2.5-1.5B-Instruct_K3,249,1075,2.057159423828125,24,0.9221598505973816,0.17183752357959747,"[-0.20731464664640953, 0.12512121064961926, 0.29834060885908303]","[0.09084195569228844, 0.01670885254089664, 0.013510800324468164]",none,0,"The news article discusses the issue of gender bias in politics and the workplace, particularly in relation to female presidential candidates."
Qwen2.5-1.5B-Instruct_K3,249,1075,0.9274687767028809,34,1.945389747619629,0.2619633376598358,"[0.8327018866235877, 0.05932798745540341, 0.04711205643530668]","[0.1582639703547637, 0.012176453391129586, 0.002740208985709186]",none,0,"The article begins by highlighting the controversial views of Cheryl Rios, the CEO of Go Ape Marketing, who believes that women's hormones make them unfit for leadership positions."
Qwen2.5-1.5B-Instruct_K3,249,1075,0.7861689329147339,26,1.2645659446716309,0.12108167260885239,"[0.012658721808363155, 1.302917753647517, -0.003346735010521885]","[0.022712657255012276, 0.1361247896559759, 0.004948721793953089]",none,0,"However, the article counters this argument by pointing out that studies have shown women leaders to take fewer unnecessary risks than their male counterparts."
Qwen2.5-1.5B-Instruct_K3,249,1075,1.327152967453003,15,0.7378430962562561,0.15243598818778992,"[0.23126394973163164, 0.4465142999011732, -0.02376999258970803]","[0.03179245990946432, 0.07339181947603114, 0.0040040351819963385]",none,0,It also mentions several male politicians who have made poor decisions due to their hormones.
Qwen2.5-1.5B-Instruct_K3,249,1075,1.2318121194839478,34,0.39757001399993896,0.18143661320209503,"[-0.15195041885154376, 0.7476939588874195, -0.2577148643887246]","[0.017188509865774106, 0.12968924413823568, 0.03864846551271066]",none,0,"The article then criticizes the bias against women in the workplace and politics, stating that it will be difficult for a female candidate to get elected without addressing this issue."
Qwen2.5-1.5B-Instruct_K3,249,1075,0.9223048686981201,27,0.8695225715637207,0.14405159652233124,"[0.0370769251606749, 0.019606697060259682, 1.1978915174388223]","[0.00461797373348342, 0.049892250930691225, 0.1264429906058703]",none,0,"It emphasizes the need to end gender stereotypes and biases, pointing out that women outnumber men in college, graduate school, and the workforce."
Qwen2.5-1.5B-Instruct_K3,249,1075,0.9601548314094543,31,1.007434368133545,0.19683118164539337,"[-0.024205263581191707, 0.0035171001280897116, 1.0769634632548155]","[0.006135132773405963, 0.007264804225114161, 0.1942054165061149]",none,0,"The article cites evidence of the bias, such as the lack of women on corporate boards and the different ways in which male and female professors are described by students."
Qwen2.5-1.5B-Instruct_K3,249,1075,2.680537223815918,9,-0.4333265423774719,0.03158499300479889,"[0.02773227920341823, -0.4376192116695974, 0.03572169163574775]","[0.014426415184667954, 0.013017912382363446, 0.020294135630441208]",none,0,"The article argues that gender equality benefits everyone, from the bottom line of companies to the success of children and the strength of marriages."
Qwen2.5-1.5B-Instruct_K3,250,4574,0.9673330783843994,26,1.873226284980774,0.265177845954895,"[1.071707514107332, 0.1136711565790952, 0.0526540023182371]","[0.13064156399469068, 0.01769362914724035, 0.007997222292076982]",none,0,"Liberty Mutual, a Massachusetts-based insurance company, announced plans to lay off around 870 employees across various operations."
Qwen2.5-1.5B-Instruct_K3,250,4574,1.3377825021743774,17,0.06841854751110077,0.07052741944789886,"[0.2749444129055037, 0.1174045168890563, -0.10241960693725988]","[0.054727490792763143, 0.02276001542186885, 0.011565418699961704]",none,0,This is a significant reduction in staff that has sent shockwaves through the insurance industry.
Qwen2.5-1.5B-Instruct_K3,250,4574,0.46970334649086,42,0.9252040386199951,0.19544576108455658,"[1.0224315905311196, 0.04775201081562435, -0.0009081271454133024]","[0.18718279606431074, 0.012366235318137478, 0.00266595635245486]",none,0,"The company has been struggling financially, reporting a net loss of $585 million in the second quarter of 2023 compared to $343 million in the same quarter the previous year."
Qwen2.5-1.5B-Instruct_K3,250,4574,0.9222076535224915,22,1.667904257774353,0.2428881973028183,"[0.39409502197734336, 1.8909385248341344, 0.11698267111337786]","[0.035059052577707916, 0.23232083869251338, 0.005090901934760372]",none,0,"As a result, they are eliminating around 850 positions, with the majority being within the US."
Qwen2.5-1.5B-Instruct_K3,250,4574,0.1646469682455063,17,1.9442896842956543,0.3101497292518616,"[-0.005525192567695151, 1.9081128421239555, -0.02954786234220271]","[0.00679481301214684, 0.28877027966219054, 0.002800245206879695]",none,0,Specific details regarding the number of employees to be let go from their Massachusetts headquarters remain undisclosed.
Qwen2.5-1.5B-Instruct_K3,251,5443,0.7729532718658447,25,2.34767484664917,0.35203391313552856,"[2.381279906928539, 0.003838209338282468, -0.048077752227691235]","[0.3361775399371982, 0.00030648344267206087, 0.002393342425943956]",none,0,"Bill's Bus is a local business located at 6575 Seville St, Isla Vista, CA."
Qwen2.5-1.5B-Instruct_K3,251,5443,0.23985038697719574,34,2.6158580780029297,0.30628353357315063,"[2.654159486211617, 0.0005252006839702303, 0.005063514254502747]","[0.3137697512831758, 0.0009823533800319157, 0.0006315540975144947]",none,0,"It offers various services including tours, party bus rentals, bus tours, wine tours, wedding planning, hotels & travel, event planning & services, nightlife, and bars."
Qwen2.5-1.5B-Instruct_K3,251,5443,0.2883872091770172,25,1.1751295328140259,0.1976911872625351,"[1.2257996662706137, 0.005965091227481025, 0.001364698431425495]","[0.205311163472943, 0.0006208347429173955, 0.0006205871855081568]",none,0,"The business operates on Thursdays, Fridays, and Saturdays from 21:30 to 2:00."
Qwen2.5-1.5B-Instruct_K3,251,5443,0.9999536275863647,13,0.41800129413604736,0.13815632462501526,"[0.6042773692662684, -0.0008938877715711267, -0.00621936846157321]","[0.1472410176440742, 0.0007206382055511102, 0.0013056825429202945]",none,0,The overall rating for Bill's Bus is 3.5 stars.
Qwen2.5-1.5B-Instruct_K3,251,5443,1.1876704692840576,14,0.1367942988872528,0.05671348795294762,"[0.4118144048843533, -0.04584532080376188, -0.05806924859643914]","[0.06258394453366886, 0.0075687367420544304, 0.0022191811367966757]",none,0,Customers have left mixed reviews about their experiences with Bill's Bus.
Qwen2.5-1.5B-Instruct_K3,251,5443,0.909252405166626,27,1.8366204500198364,0.2451031506061554,"[1.8871037064603082, -0.019751847916739753, -0.022479906812939723]","[0.2340861437626666, 0.0029822877778500428, 0.0011722880799235706]",none,0,One customer mentioned a negative experience where they were trapped on a hot and sweaty bus with windows that didn't roll down for thirty minutes.
Qwen2.5-1.5B-Instruct_K3,251,5443,1.1914969682693481,13,0.9740644693374634,0.19737164676189423,"[0.9854234479627428, -0.004166435493411532, -0.022258317983729424]","[0.1955557932636181, 0.007293404850473122, 0.0025151582506081327]",none,0,The customer had to open the doors themselves due to the discomfort.
Qwen2.5-1.5B-Instruct_K3,251,5443,1.290898323059082,17,1.2387394905090332,0.13430143892765045,"[1.3273159806832315, -0.06584872715008233, -0.014438948589860742]","[0.13306915841573808, 0.008706580826573345, 0.0031370219654517687]",none,0,"However, the business did send another bus to pick them up, earning them one star."
Qwen2.5-1.5B-Instruct_K3,251,5443,0.5442284345626831,21,0.31454959511756897,0.08616871386766434,"[0.248080729808429, -0.07910882999914022, -0.023756920006884945]","[0.07079789764561827, 0.02244378328489239, 0.0018803851889483017]",none,0,"On the other hand, another customer had a positive experience using Bill's Bus for their wedding transportation."
Qwen2.5-1.5B-Instruct_K3,251,5443,1.2544927597045898,10,0.684350848197937,0.14151781797409058,"[0.29465910368598996, 0.9852728967089206, -0.04013963439501822]","[0.06137143338419264, 0.13817506772466004, 0.016662054814514705]",none,0,They praised the simplicity and effectiveness of the service.
Qwen2.5-1.5B-Instruct_K3,252,303,1.4176524877548218,37,1.0524178743362427,0.15490634739398956,"[0.7175539941401095, 0.00675869282851046, -0.025758035496707906]","[0.07083826355429247, 0.0029770085770045676, 0.007349262078728438]",none,0,"Here is a summary of the article in 75 words or less:

A teenager in Oklahoma has been convicted of first-degree murder for shooting and killing a college student while jogging."
Qwen2.5-1.5B-Instruct_K3,252,303,1.429860234260559,25,0.7250088453292847,0.17686757445335388,"[0.35458965983241797, 0.07219151898869314, -0.020838718134909867]","[0.15681821115314962, 0.01100750631376286, 0.0028151602613797878]",none,0,"Chancey Allen Luna, 19, was found guilty after a jury trial and will spend life in prison without parole."
Qwen2.5-1.5B-Instruct_K3,252,303,1.3157073259353638,22,1.5558329820632935,0.2290383279323578,"[0.484625633393245, 0.0246898687367899, 0.3136613699422345]","[0.06880042341336692, 0.00796506233436131, 0.050731689984703815]",none,0,"Luna and two other teenagers randomly chose their victim, Christopher Lane, because they were bored and had nothing to do."
Qwen2.5-1.5B-Instruct_K3,253,1384,7.3719964027404785,3,0.7956832051277161,0.09693948179483414,"[-0.0027550657590230307, 0.05524160464604696, 0.10029377539952596]","[0.009087546922576925, 0.0010590184247121215, 0.004308618663344532]",none,0,Sure!
Qwen2.5-1.5B-Instruct_K3,253,1384,1.0529409646987915,46,1.0715981721878052,0.17094579339027405,"[0.36011509440496686, 0.019558073658196878, 0.017298764093736638]","[0.1234561043200069, 0.002390502475003092, 0.0010606087330045186]",none,0,"Here's the summary within 200 words:

Tristan da Cunha, the most isolated human settlement in the world with only 270 residents, seeks architectural designs to improve its aging infrastructure and enhance sustainability."
Qwen2.5-1.5B-Instruct_K3,253,1384,1.1297916173934937,31,0.40182429552078247,0.1455935388803482,"[0.3317682491500408, -0.0452979292825867, 0.039314464808967386]","[0.0844906477915438, 0.00489581043743123, 0.0020240375976769546]",none,0,The remote volcanic archipelago in the South Atlantic Ocean is inviting international entries through a competition organized by the Royal Institute of British Architects (RIBA).
Qwen2.5-1.5B-Instruct_K3,253,1384,1.7963162660598755,35,0.8986703157424927,0.1906537264585495,"[0.5518232050102337, 0.06362313052855566, 0.015619619060557203]","[0.10114552196963424, 0.027653574403939275, 0.005062730543288906]",none,0,"The island's administrator, Alex Mitcham, expressed the need for cost-effective and practical solutions to improve energy efficiency, modernize government structures, and reduce reliance on fossil fuels."
Qwen2.5-1.5B-Instruct_K3,253,1384,1.5623915195465088,21,0.26818719506263733,0.1593600958585739,"[0.07633678464307672, 0.3414783090175617, -0.08018481531845671]","[0.03672598587270061, 0.10930442374644501, 0.006585378497090589]",none,0,"The competition aims to address the island's limited accessibility, which hinders the delivery of materials and resources."
Qwen2.5-1.5B-Instruct_K3,253,1384,1.8029241561889648,17,0.5274744033813477,0.14876307547092438,"[0.10335269328639055, 0.6478035426484626, 0.08308973902330763]","[0.025904998441359673, 0.08905910790313201, 0.011563974134523558]",none,0,Tristan da Cunha's unique challenges include irregular sea travel and limited internet connection.
Qwen2.5-1.5B-Instruct_K3,253,1384,1.1881790161132812,27,0.030805233865976334,0.11772572249174118,"[0.3888010361115448, -0.13733342322046627, -0.011866553041424291]","[0.092202396997933, 0.010039169382417236, 0.002833656735224058]",none,0,"The winning design will be announced in June 2016, marking the 200th anniversary of the island's settlement."
Qwen2.5-1.5B-Instruct_K3,254,4417,1.496890902519226,25,2.4158084392547607,0.29435786604881287,"[0.18811687550740316, 0.06944579796152539, 0.043583533791825176]","[0.10233120770019014, 0.010701796601797469, 0.00951581306359003]",none,0,Nancy Branch and three others went missing during a trip from Santa Barbara to Palo Alto in 1992.
Qwen2.5-1.5B-Instruct_K3,254,4417,1.331193208694458,23,0.6873048543930054,0.155992329120636,"[0.044919106299462525, 0.5914653149311957, -0.01530898026312175]","[0.06133553713722074, 0.06909652595388015, 0.009668861166574061]",none,0,"The group boarded a small plane, but it never arrived at its destination and no evidence of a crash was found."
Qwen2.5-1.5B-Instruct_K3,254,4417,1.095151424407959,17,0.6986700296401978,0.12322884798049927,"[-0.07121178844724507, 0.5331970074707094, -0.07697947591591134]","[0.021317440527020476, 0.059091472422604804, 0.026709986483290454]",none,0,"The circumstances surrounding their disappearance remain a mystery, and they are still considered missing persons."
Qwen2.5-1.5B-Instruct_K3,254,4417,0.5596782565116882,24,0.8731787800788879,0.19647984206676483,"[-0.0040053816863595175, 1.0216018745365243, 0.09923070116125625]","[0.01966204288370932, 0.21073471234800914, 0.02218399562313304]",none,0,"Nancy was described as 5'3"" tall, 120 pounds, with brown hair and brown eyes."
Qwen2.5-1.5B-Instruct_K3,254,4417,1.0099961757659912,9,0.08622018247842789,0.12878760695457458,"[0.07004895446718568, -0.09827807792721109, 0.4379145053616311]","[0.021225749603874848, 0.01595942145771308, 0.1326261804109284]",none,0,Authorities are urging anyone with information to come forward.
Qwen2.5-1.5B-Instruct_K3,255,286,2.540785551071167,19,1.4920313358306885,0.20723497867584229,"[0.36612848952216537, 0.11368486723911606, 0.052863590443800935]","[0.05899998267628498, 0.012040016570752318, 0.008754371221967679]",none,0,A man shoplifted a gun from a Walmart in Arizona and was pursued by police.
Qwen2.5-1.5B-Instruct_K3,255,286,0.9534796476364136,31,0.936860978603363,0.20361492037773132,"[0.6650904514977047, 0.02228189562165719, 0.013326884842582888]","[0.14292174574333213, 0.014360443641400648, 0.015149860754278169]",none,0,"Despite the gun being locked and unable to fire, the man fired a shot into the air while being pursued, prompting a police car to ram into him."
Qwen2.5-1.5B-Instruct_K3,255,286,0.7750932574272156,18,1.2278189659118652,0.22665828466415405,"[1.165939328053759, -0.08202020369612405, -0.028876420627865527]","[0.18418753550213296, 0.027934728663739052, 0.004700941255148589]",none,0,"The man was hospitalized and charged with 15 counts, including shoplifting the gun."
Qwen2.5-1.5B-Instruct_K3,255,286,1.0639152526855469,13,0.7062342762947083,0.1534682661294937,"[0.10751429142860267, 0.9022476042692478, -0.08781430182548669]","[0.08354597979296859, 0.12514139489772227, 0.009758605317284282]",none,0,"The police chief defended the officer's actions, saying they were justified."
Qwen2.5-1.5B-Instruct_K3,256,1517,0.7815828323364258,48,1.2827403545379639,0.22921021282672882,"[0.5321094242317486, 0.030831552645092113, -0.008644000061697929]","[0.12558103067090087, 0.0017563280573587765, 0.005285529175210968]",none,0,"According to a recent CNN/ORC poll, 57% of Americans believe that businesses providing wedding services should be required to serve same-sex couples, while 41% think they should be allowed to refuse service for religious reasons."
Qwen2.5-1.5B-Instruct_K3,256,1517,0.784723699092865,31,0.5978344678878784,0.16936184465885162,"[0.41705968147406597, 0.020341625423996798, 0.030484858588615972]","[0.13049196661637735, 0.002610476601251233, 0.0011577720270620816]",none,0,"This marks a shift from a previous Pew Research Center poll, which found 49% in favor of requirement and 47% supporting religious exemptions."
Qwen2.5-1.5B-Instruct_K3,256,1517,1.1939301490783691,31,0.7704874277114868,0.12942688167095184,"[0.09417504141287457, 0.011695154722885138, 0.6916438132682214]","[0.022178381341291242, 0.013171415413213958, 0.09161330992387481]",none,0,"The new poll shows majority support for requiring businesses to serve same-sex couples across demographic lines, including men, women, whites, youngers, and seniors."
Qwen2.5-1.5B-Instruct_K3,256,1517,0.6419342160224915,21,0.44138163328170776,0.09452656656503677,"[0.07482588743940662, 0.2915199093688335, 0.04519782826052202]","[0.0157197646078549, 0.08062529003247965, 0.009931512901814477]",none,0,"However, Republicans and white evangelicals are more likely to support allowing businesses to refuse service for religious reasons."
Qwen2.5-1.5B-Instruct_K3,256,1517,0.8869744539260864,28,1.0537837743759155,0.1509624719619751,"[1.0496359001221467, -0.053101247530971056, -0.01778920900583866]","[0.14035511526162736, 0.009580649797888847, 0.02113797847144789]",none,0,"The poll was conducted amid controversy over Indiana's Religious Freedom Restoration Act, which sparked debate over whether businesses could refuse service to gay and lesbian couples."
Qwen2.5-1.5B-Instruct_K3,257,1065,1.1793042421340942,20,1.6016794443130493,0.18022096157073975,"[1.0796782152727247, -0.02034951497334987, -0.02355691514676437]","[0.14822260760702194, 0.0021161461892461376, 0.002422038193253684]",none,0,Saudi Arabia has resumed airstrikes in Yemen after announcing the end of its air campaign two days prior.
Qwen2.5-1.5B-Instruct_K3,257,1065,0.5288339853286743,23,1.8037703037261963,0.2753770351409912,"[2.0041500226450255, 0.021442515313379852, -0.02346621597177506]","[0.25142763466615375, 0.0016918893953002028, 0.0025236212413307403]",none,0,"The airstrikes targeted Houthi militant positions in Sanaa, Lahj province, and destroyed three military compounds."
Qwen2.5-1.5B-Instruct_K3,257,1065,1.1476067304611206,31,1.2490659952163696,0.17892517149448395,"[0.9110295578974464, -0.13161515283659794, 0.7480692915845383]","[0.14079648458957836, 0.03811327507072345, 0.03431922677516248]",none,0,"The Saudi-led coalition claims the airstrikes are part of ""Operation Renewal of Hope"" aimed at finding a political solution to the violence-plagued country."
Qwen2.5-1.5B-Instruct_K3,257,1065,1.432389497756958,26,1.3928337097167969,0.24611012637615204,"[-0.34955582432303345, -0.016140515997344316, 1.5471532913193538]","[0.024732568321409278, 0.015570565295171526, 0.22926953554605672]",none,0,"Despite the Houthis releasing the Yemeni Defense Minister, Mahmoud al-Subaihi, the rebels have vowed not to surrender."
Qwen2.5-1.5B-Instruct_K3,257,1065,1.0065202713012695,37,1.3427380323410034,0.22280113399028778,"[0.005184960357075544, -0.015414913669996462, 1.3980433103672505]","[0.017999569222094603, 0.010225626146945471, 0.21426676835776684]",none,0,"The Saudis and their allies hope to restructure the Yemen military and return President Abd Rabbuh Mansur Hadi, who is the legitimate leader according to the Saudis, to his country."
Qwen2.5-1.5B-Instruct_K3,258,1309,1.0444629192352295,28,3.023253917694092,0.2900674343109131,"[0.7971712724746405, 0.04923784374217836, 0.05773239999793337]","[0.07874617910238157, 0.003515172318170049, 0.0062141265869156215]",none,0,Photographer Timothy Bouldry has captured the lives of people living in the Boragaon landfill in India through a series of photos.
Qwen2.5-1.5B-Instruct_K3,258,1309,0.8459378480911255,36,0.7144432067871094,0.17064926028251648,"[0.814828259414311, 0.10555438032263788, 0.020002964279190866]","[0.1573691231824957, 0.028713395066247926, 0.0020107567073372776]",none,0,"The landfill, located in Guwahati, is surrounded by swamplands and is home to around 100 families who scavenge for items to sell."
Qwen2.5-1.5B-Instruct_K3,258,1309,0.6681302189826965,31,1.2272305488586426,0.20062372088432312,"[1.463954581683802, 0.08400968333133337, 0.02937602399904262]","[0.18812232189573538, 0.012503203953715016, 0.002891650161986505]",none,0,"Bouldry was initially drawn to the area by the presence of the endangered greater adjutant stork, but became connected with the people living there."
Qwen2.5-1.5B-Instruct_K3,258,1309,0.6906213760375977,17,1.8029428720474243,0.30538246035575867,"[0.2044139793005717, 1.8943704217672348, 0.050159318857100406]","[0.03974232291939723, 0.27990416788003025, 0.0042746871936020295]",none,0,The families make around $2 per day and live in homes constructed from recycled materials.
Qwen2.5-1.5B-Instruct_K3,258,1309,0.6098768711090088,22,1.8714195489883423,0.19599848985671997,"[0.12054577845262315, 0.014066714648911537, 2.0138093597359497]","[0.016400113418825735, 0.019607737723621132, 0.16592408022529526]",none,0,"Despite their difficult living conditions, Bouldry describes the community as content and not jaded by modern civilization."
Qwen2.5-1.5B-Instruct_K3,258,1309,0.8140708208084106,25,1.7491202354431152,0.19284266233444214,"[0.3563546076946659, 0.02530290961964056, 1.4157600311245186]","[0.050163549679900825, 0.009936661594563247, 0.15911815025112447]",none,0,Bouldry has also worked in other landfills around the world and teaches English and yoga classes in addition to his photography work.
Qwen2.5-1.5B-Instruct_K3,259,1469,1.5149664878845215,37,0.545682430267334,0.1420324593782425,"[0.10864258619251298, 0.004661805658469274, 0.036791316975329724]","[0.05907052744792484, 0.002200827962092938, 0.010461287198964058]",none,0,"David Chase, creator of the hit TV series ""The Sopranos,"" has finally opened up about the show's infamous final scene, which left many viewers confused and frustrated."
Qwen2.5-1.5B-Instruct_K3,259,1469,0.9530529975891113,33,1.5455312728881836,0.18673743307590485,"[0.6338072673084256, -0.002325311710757722, 0.013024501800662785]","[0.0778388054652279, 0.0030349304363520937, 0.006139491348348388]",none,0,"In an interview with DGA Quarterly, Chase explained the reasoning behind each shot in the scene, but refused to confirm whether protagonist Tony Soprano lives or dies."
Qwen2.5-1.5B-Instruct_K3,259,1469,1.8335769176483154,23,0.20153485238552094,0.11344393342733383,"[-0.39489023095956843, -0.320876618158803, 0.4808204289843556]","[0.0453637828925292, 0.01868795518827589, 0.07907345830546605]",none,0,"Instead, he emphasized the existential themes of the ending, saying that it represents the uncertainty and unpredictability of life."
Qwen2.5-1.5B-Instruct_K3,259,1469,1.6568963527679443,28,0.31857234239578247,0.11770385503768921,"[0.07837544585345313, 0.0916325560849925, 0.42392147295010674]","[0.017364554649767733, 0.014766468984817038, 0.11625976094260945]",none,0,"Despite the public's intense reaction to the finale, Chase maintained that he intended for it to be ""jarring"" but not necessarily ambiguous."
Qwen2.5-1.5B-Instruct_K3,259,1469,0.8753604292869568,33,0.4337116777896881,0.11870244890451431,"[-0.03750868609407035, 0.43318705392470513, -0.11775996029516109]","[0.009631537014883812, 0.10944226823608694, 0.012334469794016954]",none,0,"He also drew comparisons to classic films like ""2001: A Space Odyssey"" and ""The Godfather,"" citing their influence on the scene's construction."
Qwen2.5-1.5B-Instruct_K3,259,1469,1.370302677154541,26,-0.08772037923336029,0.05497390404343605,"[-0.03548236806514419, -0.10312624300775916, -0.11942189810371509]","[0.01375325874538738, 0.00755331688524745, 0.04196639365474981]",none,0,"Ultimately, Chase's comments have only added to the ongoing debate surrounding the finale, leaving fans to continue speculating about Tony's fate."
Qwen2.5-1.5B-Instruct_K3,260,1032,2.429649829864502,17,1.4969912767410278,0.18560434877872467,"[0.32436332688495684, 0.19122311774031808, 0.04767942397601848]","[0.046845804782766634, 0.015057170701391656, 0.001128013893883369]",none,0,The ongoing conflict in Yemen is causing tensions between Iran and Saudi Arabia to rise.
Qwen2.5-1.5B-Instruct_K3,260,1032,0.8018144965171814,14,0.6033135652542114,0.12551459670066833,"[0.5004870207048953, -0.0792061010309096, -0.018263456711013402]","[0.09422118719833504, 0.006827024073572829, 0.0014006071235469011]",none,0,Each country is blaming the other for the turmoil in the Middle East.
Qwen2.5-1.5B-Instruct_K3,260,1032,0.884038507938385,26,0.7834414839744568,0.1613805890083313,"[-0.00011519552992047885, 1.0436826948246631, 0.03514251134541924]","[0.013118885586121766, 0.14971506801017453, 0.0016131385297320287]",none,0,"Iran has provided financial support, weapons, training and intelligence to Houthi rebels in Yemen, according to the US State Department."
Qwen2.5-1.5B-Instruct_K3,260,1032,1.5479930639266968,37,0.7415971755981445,0.17693282663822174,"[1.0714537442262233, -0.1531440629403585, -0.12524501268666968]","[0.14095149031365165, 0.04154141202407364, 0.005428713472475785]",none,0,"Iran believes that Saudi Arabia's military intervention is in defence of an outdated status quo, whereas Saudi Arabia views it as a necessary step to stop the spread of Shia-Iranian influence."
Qwen2.5-1.5B-Instruct_K3,260,1032,0.8753726482391357,38,1.3940197229385376,0.23792009055614471,"[0.80406155624721, 0.7126946680119114, -0.0019132440502289683]","[0.1180094742291993, 0.11815908431737243, 0.0017818591520967618]",none,0,"Both countries have good reason to want to stop the Yemen crisis from spiralling out of control, however, the Saudi military intervention in Yemen since late March has raised the stakes to dangerous levels."
Qwen2.5-1.5B-Instruct_K3,260,1032,0.6056033968925476,14,1.9441969394683838,0.3614717423915863,"[0.13058948247427388, 1.958204634487629, 0.03288546402473003]","[0.01950431104134103, 0.34890635923615526, 0.00443575990383189]",none,0,The Saudi military is now directly battling with Iranian-backed rebels in Yemen.
Qwen2.5-1.5B-Instruct_K3,260,1032,1.7992198467254639,31,-0.07539490610361099,0.027231965214014053,"[0.005880564278472335, -0.04574926854712107, 0.02547765039508381]","[0.010519782909062586, 0.019718535041207477, 0.008837992259178728]",none,0,"Iran has proposed a four-point plan to resolve the crisis, including a ceasefire, provision of humanitarian aid, political dialogue and the formation of an inclusive government."
Qwen2.5-1.5B-Instruct_K3,260,1032,2.3737199306488037,10,-0.1828995645046234,0.02837643027305603,"[-0.18957444932311773, -0.10138390276115387, -0.05199471880914643]","[0.008667699072975665, 0.009488681432776503, 0.0037419843471070634]",none,0,The Saudi's have so far ignored the plan.
Qwen2.5-1.5B-Instruct_K3,260,1032,2.555687189102173,13,-0.04167997092008591,0.027515899389982224,"[-0.05974882354852385, -0.13704811366131672, -0.03321387789821109]","[0.011803792281380784, 0.012538541162099976, 0.004466226372852151]",none,0,"The UN Security Council has condemned the Houthi movement, but a solution will not come from the UN."
Qwen2.5-1.5B-Instruct_K3,261,4501,0.670019268989563,32,2.149669647216797,0.30102044343948364,"[0.82552520048921, 0.07697509382933276, 0.061260517166374484]","[0.17734369166851138, 0.0033381496960345203, 0.004158280166279837]",none,0,"TransUnion, one of America's major credit bureaus, has been fined $23 million for illegal practices related to rental background checks and credit freezes."
Qwen2.5-1.5B-Instruct_K3,261,4501,0.5114643573760986,38,1.1324474811553955,0.187547966837883,"[0.821458694204538, -0.024302498924953397, 0.01142838138567688]","[0.16236889716808373, 0.00834471435271816, 0.005573859893741572]",none,0,The Consumer Financial Protection Bureau (CFPB) and the Federal Trade Commission (FTC) found that TransUnion provided inaccurate information in rental background checks and failed to assist renters in correcting mistakes.
Qwen2.5-1.5B-Instruct_K3,261,4501,1.132145643234253,20,1.2399909496307373,0.18208052217960358,"[1.244405408971943, -0.03863292456953786, 0.008622016350273043]","[0.16682578400650527, 0.013918856178315763, 0.012291730706419913]",none,0,"TransUnion also misled consumers about security freezes on credit reports, causing delays of years in some cases."
Qwen2.5-1.5B-Instruct_K3,261,4501,0.8520774841308594,16,1.2939531803131104,0.22534842789173126,"[0.18785824150563712, 1.2346958159669157, -0.009540990344930833]","[0.030965626118131695, 0.19687919227817474, 0.008771586103748064]",none,0,The enforcement action will result in $11 million in payments to affected consumers.
Qwen2.5-1.5B-Instruct_K3,261,4501,0.7178798913955688,33,1.0482723712921143,0.22654004395008087,"[0.08612485146907355, 0.4883859474501316, 0.6782649836780669]","[0.011445181952040279, 0.11738642751087161, 0.13157821011832588]",none,0,"In addition, TransUnion had a backlog of 40,000 unfulfilled requests for credit freezes, leading to another $3 million in restitution."
Qwen2.5-1.5B-Instruct_K3,261,4501,0.44536900520324707,12,1.1522120237350464,0.15387581288814545,"[0.20195258288489035, 0.34835793943299603, 0.8809279805670182]","[0.021303406150157873, 0.03081652983261544, 0.129385927071174]",none,0,The case highlights the need for reform in the credit reporting industry.
Qwen2.5-1.5B-Instruct_K3,262,676,1.2035077810287476,39,0.858477771282196,0.1420402079820633,"[0.4235849890063923, 0.02048001555690112, -0.009418796279276602]","[0.0908876868970998, 0.0007705993090241511, 0.0015346032455571007]",none,0,"Here is a summary of the article in 168 words:

Ryan Gosling's directorial debut, ""Lost River,"" has caused a stir since its premiere at Cannes last year."
Qwen2.5-1.5B-Instruct_K3,262,676,1.354117512702942,21,1.3720228672027588,0.22012345492839813,"[0.9357448209616234, 0.09623875978286378, -0.004682480122851086]","[0.1578257456460181, 0.0038128950818645535, 0.0018542622233948826]",none,0,"The film is set in decaying Detroit, which Gosling captures in all its waning splendor."
Qwen2.5-1.5B-Instruct_K3,262,676,1.0174336433410645,33,2.140195846557617,0.2769823372364044,"[1.9866738901473582, 0.11448253294634703, -0.0065465639461101755]","[0.25158128208678326, 0.007993750660112008, 0.0014589883871281017]",none,0,"He became inspired to make the film after discovering the Brewster-Douglass Projects, the first black social housing development in America, were going to be torn down."
Qwen2.5-1.5B-Instruct_K3,262,676,2.351966142654419,23,0.5007206201553345,0.1277557760477066,"[-0.014446498211169534, 0.36664851713248936, 0.04852176807360039]","[0.05683557698269041, 0.10713635165342586, 0.010270229111730932]",none,0,Gosling wants to highlight the city's rebirth and resilience despite the decay and human violence portrayed in the film.
Qwen2.5-1.5B-Instruct_K3,262,676,0.7751513719558716,21,1.4574356079101562,0.21997703611850739,"[0.0347707522748914, 0.0053601459929355074, 1.365376614903133]","[0.027641461189237555, 0.019772800594506094, 0.1911194086269894]",none,0,"He references the Heidelberg Project, a community organization that transforms derelict buildings into works of art."
Qwen2.5-1.5B-Instruct_K3,262,676,2.376596450805664,28,-0.0011922887060791254,0.10092073678970337,"[-0.07628052238182395, -0.08127687637831318, 0.03113432826764243]","[0.028655443124266964, 0.030584583425976013, 0.03991280536650115]",none,0,"Gosling hopes the film conveys hope and the possibility of reincarnation for the city, while also acknowledging the reality of dereliction."
Qwen2.5-1.5B-Instruct_K3,262,676,1.6335580348968506,20,-0.08796387165784836,0.05192368105053902,"[0.05170263051404618, -0.055265524017158896, 0.00018315368215553461]","[0.038996893112016554, 0.005488846684738746, 0.0066830419466896275]",none,0,"""Lost River"" will have a limited theatrical release on April 10 in the US and UK."
Qwen2.5-1.5B-Instruct_K3,263,2851,0.9785088300704956,33,0.9551024436950684,0.1866111010313034,"[0.49939446037663426, 0.0028069163068501052, 0.052145840427273826]","[0.11144092034969204, 0.0026445688703543883, 0.002162914190786537]",none,0,Former Egyptian President Mohamed Morsy has been sentenced to 20 years in prison for violence and inciting violence against protesters in 2012.
Qwen2.5-1.5B-Instruct_K3,263,2851,0.47604507207870483,9,0.8077380657196045,0.1643156111240387,"[0.8304975219070911, 0.014822560155557262, 0.03688218548066086]","[0.15706855612289575, 0.0030190338964328272, 0.0015782458423119453]",none,0,"However, he was acquitted of murder charges."
Qwen2.5-1.5B-Instruct_K3,263,2851,0.6719359159469604,28,0.2528282403945923,0.09120702743530273,"[0.47650413291025223, -0.051301194078730204, -0.0505185716449757]","[0.11982174094630084, 0.0015949439864613169, 0.003392628781637898]",none,0,"Morsy, who was Egypt's first democratically elected president, was deposed in a military coup in 2013."
Qwen2.5-1.5B-Instruct_K3,263,2851,0.7488068342208862,31,0.8507606983184814,0.19862845540046692,"[0.9868628959323565, -0.12811524348950526, -0.03293543567962197]","[0.20512584243683266, 0.021814123036071283, 0.0043855192749819505]",none,0,"His party, the Freedom and Justice Party, called the trial a ""travesty of justice"" and criticized the coup leaders for sentencing Morsy."
Qwen2.5-1.5B-Instruct_K3,263,2851,0.904120683670044,21,2.230834484100342,0.27486753463745117,"[1.6915221561988194, 0.4005489052672471, -0.058724678168627656]","[0.20635163551196456, 0.05059911030860219, 0.005252873430111192]",none,0,"The verdict was seen as fair by some, including a civil plaintiff lawyer representing one of the torture victims."
Qwen2.5-1.5B-Instruct_K3,263,2851,1.0456633567810059,29,2.216264486312866,0.27208882570266724,"[0.2908836516191419, 2.289292911931876, 0.009454843400221605]","[0.05555123105851823, 0.2640021630754902, 0.011088871989317857]",none,0,"However, a lawyer representing two torture victims criticized the outcome, stating that the cases involving protesters being killed usually result in culprits walking free."
Qwen2.5-1.5B-Instruct_K3,263,2851,1.4170562028884888,16,0.19899864494800568,0.19205352663993835,"[-0.18875100007790024, -0.08793170518674742, 0.6155796660209489]","[0.029307091335056157, 0.027448471095133264, 0.2109192751216824]",none,0,"Morsy can appeal his conviction, and his lawyer plans to do so."
Qwen2.5-1.5B-Instruct_K3,263,2851,1.9627463817596436,33,-0.1622152030467987,0.06985782831907272,"[-0.13007428766683338, -0.07265759960522922, -0.020667165100762344]","[0.031847695929200476, 0.028559486014435635, 0.017319263494796774]",none,0,"This is the first trial Morsy has faced since being removed from power, and he is also standing trial in three other cases, including charges of espionage and involvement in a 2011 jailbreak."
Qwen2.5-1.5B-Instruct_K3,264,624,1.2999935150146484,32,2.177628755569458,0.2642706036567688,"[1.8909247957053594, 0.027710368822226883, 0.060130188621769776]","[0.21798543703334872, 0.015487066969566143, 0.007036837890510128]",none,0,"Tornadoes were reported in several areas of Kansas on Wednesday night, with three sightings near Aetna, 125 miles southwest of Wichita."
Qwen2.5-1.5B-Instruct_K3,264,624,1.0337282419204712,19,1.1448220014572144,0.24080628156661987,"[0.030307056186230558, 1.3613024450544464, -0.05379347185111041]","[0.06153348223827044, 0.19638113237574303, 0.02235632354349467]",none,0,"Other storms were reported in Potosi, Missouri, where wind damage and flooding were reported."
Qwen2.5-1.5B-Instruct_K3,264,624,0.5634182095527649,29,1.7244040966033936,0.2736791968345642,"[-0.01870055692992976, 0.005835901500239712, 1.9816030463171672]","[0.03704969242796229, 0.0207203372583849, 0.24985499273441683]",none,0,"The National Weather Service warned there could be more storms in the Midwest, Mississippi River Valley, Tennessee River Valley and near the southern Great Lakes on Thursday."
Qwen2.5-1.5B-Instruct_K3,265,3103,1.5154558420181274,26,1.2705470323562622,0.24017222225666046,"[0.9038760753061909, -0.018223817104276698, 0.051627882136157356]","[0.16920651568887898, 0.005569976550060136, 0.00620675029467048]",none,0,"The National Weather Service warns of tornadoes, strong winds, and severe thunderstorms with large hail in the Midwest and Plains."
Qwen2.5-1.5B-Instruct_K3,265,3103,0.9669338464736938,22,1.2707085609436035,0.26190173625946045,"[1.3485935133384457, 0.047268413273824, 0.07089530510678412]","[0.25200261401054874, 0.004476236536173805, 0.002107690946435138]",none,0,CNN meteorologist Chad Myers emphasizes the danger of tornadoes at night when people are less likely to be alert.
Qwen2.5-1.5B-Instruct_K3,265,3103,1.4986953735351562,14,0.9130797982215881,0.20270276069641113,"[0.09625609994899216, 0.8072767262731629, 0.09338938747740551]","[0.08550536654781483, 0.16324655593611428, 0.011036144445841143]",none,0,"Severe weather has already hit the South, causing damage and hailstorms."
Qwen2.5-1.5B-Instruct_K3,266,2602,0.7370847463607788,53,1.6910513639450073,0.25012221932411194,"[1.500775870824516, 0.018659577283372374, 0.017545230980723095]","[0.19059313842183845, 0.002067553936607304, 0.0021573110178710864]",none,0,"Here is a summary of the article in 101 words:

Charlotte Dujardin and Valegro won their second consecutive Reem Acra FEI World Cup Dressage title in Las Vegas, with a score of 94.196."
Qwen2.5-1.5B-Instruct_K3,266,2602,0.6826052069664001,31,3.6978724002838135,0.451379656791687,"[3.460438554806094, 0.09199667612096339, 0.1591958398550501]","[0.44142924874059614, 0.0027833821980992423, 0.00812022339800933]",none,0,"Dutchman Edward Gal and Glock's Undercover took second place, and German rider Jessica von Bredow-Werndl and Unee BB placed third."
Qwen2.5-1.5B-Instruct_K3,266,2602,0.8416145443916321,24,1.846612811088562,0.28295716643333435,"[0.18215289935506007, 1.7163342882364911, 0.4131716453659351]","[0.06166907269607691, 0.28334092925554916, 0.024242705986756857]",none,0,"Swiss rider Steve Guerdat won the Longines FEI World Cup jumping event, despite having the last fence down."
Qwen2.5-1.5B-Instruct_K3,266,2602,0.6584601402282715,24,2.201314687728882,0.3270292282104492,"[0.09629870781085022, 0.049687436938105144, 2.1568535076172943]","[0.03474593925707362, 0.011093008761406509, 0.319324200324445]",none,0,"Younger riders had success at the event, including American dressage rider Laura Graves and Irish showjumper Bertram Allen."
Qwen2.5-1.5B-Instruct_K3,267,2998,7.067909240722656,3,1.1325258016586304,0.12593267858028412,"[0.16878451903661093, 0.2912063002586365, 0.16793014605840048]","[0.04394124844111502, 0.019668563967570662, 0.020478547240297]",none,0,Sure!
Qwen2.5-1.5B-Instruct_K3,267,2998,0.8064895868301392,42,1.6055608987808228,0.24179619550704956,"[1.1013548797844643, 0.05879219545340675, 0.05996333315005402]","[0.15716621039345705, 0.008915000218540367, 0.0036525980474874046]",none,0,"Here is the summary within 94 words:

Many Clouds, a 25-1 outsider, won the Grand National with jockey Leighton Aspell, who also won last year's race."
Qwen2.5-1.5B-Instruct_K3,267,2998,0.5261282920837402,25,0.9714741706848145,0.15760517120361328,"[0.8903777134040137, 0.22151878394555752, 0.017857010546122182]","[0.16119252726828562, 0.015564816168384255, 0.003459404905268002]",none,0,Aspell became the first jockey to win back-to-back races on different horses since the 1950s.
Qwen2.5-1.5B-Instruct_K3,267,2998,0.9070774912834167,20,2.8692433834075928,0.3437132239341736,"[0.06704554020398064, 2.3873543683919705, 0.18097249565944368]","[0.026461202378959568, 0.22638131137910023, 0.03597905203279197]",none,0,"AP McCoy, who announced his retirement if he won, finished fifth with Shutthefrontdoor."
Qwen2.5-1.5B-Instruct_K3,267,2998,1.087938904762268,13,0.982136070728302,0.27199652791023254,"[-0.2523117152875504, 0.9979417647185843, -0.041556242541096605]","[0.024684544717834236, 0.14986218795442816, 0.047316668791040684]",none,0,This is the third Grand National victory for owner Trevor Hemmings.
Qwen2.5-1.5B-Instruct_K3,268,3067,0.8840392231941223,26,2.746846914291382,0.3560129702091217,"[1.9158768502708812, 0.04758809245462404, 0.08458548870616002]","[0.20336718071932688, 0.01156741549191163, 0.00922797718773766]",none,0,"Laura Bernardini, a director of coverage at CNN, has admitted that she has never read the Bible from cover to cover."
Qwen2.5-1.5B-Instruct_K3,268,3067,1.3419792652130127,16,1.2988699674606323,0.22612226009368896,"[1.1084525821497664, -0.08071225712046726, -0.0837086036844994]","[0.22413848526775837, 0.025870213790767593, 0.004973077204795118]",none,0,"Despite being a lifelong Catholic, she has always relied on passages read during Mass."
Qwen2.5-1.5B-Instruct_K3,268,3067,1.026132345199585,27,1.3166978359222412,0.1830141246318817,"[1.032222370155742, 0.48475209142068504, -0.010568006406511241]","[0.14194170503523545, 0.03581275666926086, 0.0049632296661814975]",none,0,"However, during a conversation about Pope Francis' upcoming trip to the United States, Bernardini felt compelled to finally read the Good Book."
Qwen2.5-1.5B-Instruct_K3,268,3067,0.5757860541343689,26,2.797638416290283,0.3706953227519989,"[0.15791163544949646, 2.9475269560487223, -0.10259307350889475]","[0.0444151134092513, 0.3743184589100285, 0.006152222926896929]",none,0,Religion editor Daniel Burke suggested that she read the Bible each day for a year and chronicle her thoughts and process for Belief.
Qwen2.5-1.5B-Instruct_K3,268,3067,1.188134789466858,18,0.7198421955108643,0.144240140914917,"[-0.01676073921003586, 0.6967866100304592, 0.11334777437150478]","[0.017854223397888645, 0.11078559722955106, 0.016329982470881847]",none,0,"Though initially stunned and scared by the prospect, Bernardini agreed to take on the challenge."
Qwen2.5-1.5B-Instruct_K3,268,3067,1.2864683866500854,23,1.4791377782821655,0.2071116417646408,"[0.06395960080376624, 1.2094724485650659, 0.6139574550840695]","[0.012150699635363391, 0.13776665930534995, 0.07924301400150259]",none,0,She sees it as a form of meditation in her hectic life and has received support and contributions from friends and family.
Qwen2.5-1.5B-Instruct_K3,268,3067,0.8345072269439697,15,1.3073047399520874,0.20527218282222748,"[0.017150814396639666, 0.20640478047231833, 1.250499927997589]","[0.010488454128305118, 0.03365411633470406, 0.17704244668905933]",none,0,She will start her journey on Easter Sunday and hopes others will join her.
Qwen2.5-1.5B-Instruct_K3,268,3067,1.633367657661438,11,0.42809218168258667,0.0999901220202446,"[-0.048652847687745554, 0.10483619942731986, 0.4035882904360981]","[0.010142211833722698, 0.020206330149614423, 0.057288516114733117]",none,0,The outcome of her year-long endeavor remains to be seen.
Qwen2.5-1.5B-Instruct_K3,269,1181,1.3592396974563599,50,0.8311684131622314,0.17468392848968506,"[0.35119903665967284, 0.1964819506148342, 0.16004637825593818]","[0.09092014676032704, 0.07019661205305966, 0.016406827448590774]",none,0,"A total lunar eclipse occurred on April 4, 2015, visible in western North America, lasting 4 minutes and 43 seconds, with the moon appearing to turn red due to Earth's atmosphere filtering out blue light."
Qwen2.5-1.5B-Instruct_K3,269,1181,0.5379816889762878,31,0.562964141368866,0.12208815664052963,"[0.04434836552137576, 0.017974461551808242, 0.902794466003064]","[0.013898867946555848, 0.006830401385792767, 0.14197821676568692]",none,0,"It was the third in a series of four consecutive lunar eclipses, known as a tetrad, with the next one occurring on September 28."
Qwen2.5-1.5B-Instruct_K3,269,1181,0.4090496897697449,15,2.980729341506958,0.30122625827789307,"[0.007564669512309289, 0.012075666013212564, 3.2114575090818107]","[0.010445220338503229, 0.002753010603169059, 0.30576315528402725]",none,0,NASA astronomer Mitzi Adams answered questions on Twitter @NASA_Marshall.
Qwen2.5-1.5B-Instruct_K3,270,4282,7.28372049331665,3,1.4018449783325195,0.21490442752838135,"[-0.16352514425913492, -0.15688520669937134, 0.11178833246231079]","[0.03795986001690229, 0.011533053436626991, 0.04059640411287546]",none,0,Sure!
Qwen2.5-1.5B-Instruct_K3,270,4282,1.1248109340667725,38,1.8010574579238892,0.21698424220085144,"[0.9331598688477243, 0.08520706308933625, 0.047627990992336174]","[0.1493457928054819, 0.007404355517475156, 0.0054269593227690835]",none,0,"Here's the summary within 77 words:

On Tuesday's episode of The Bold and the Beautiful, Li Finnegan has a family secret that she refuses to reveal to her son Finn."
Qwen2.5-1.5B-Instruct_K3,270,4282,1.633826732635498,18,1.7111802101135254,0.24132569134235382,"[0.07868728186521265, 1.0028658861087427, 0.021098986475004092]","[0.07935541982038154, 0.1368828940515717, 0.019955284376111295]",none,0,"The secret may involve her sister Luna, who Finn remembers as a child but suddenly disappeared."
Qwen2.5-1.5B-Instruct_K3,270,4282,1.4571144580841064,27,1.4551867246627808,0.19781549274921417,"[0.33676234608473926, -0.11299157825959372, 1.231935180082406]","[0.040038491974074636, 0.06395018444658894, 0.094910158756159]",none,0,"Li's behavior suggests that Luna may be Finn's sister, possibly the result of an affair between their father Jack and Li's sister."
Qwen2.5-1.5B-Instruct_K3,270,4282,1.216597318649292,20,0.2325552999973297,0.04874439537525177,"[-0.013087559737323317, 0.15187690843595192, 0.09576993810478598]","[0.015992175378937646, 0.014831890726782149, 0.02660093372840038]",none,0,Fans can tune in to find out if this is true and what the consequences will be for the family.
Qwen2.5-1.5B-Instruct_K3,271,2358,1.5639172792434692,28,0.568536102771759,0.09063305705785751,"[0.16452107621340215, -0.002710479926983161, 0.03648769909549238]","[0.045286063628217174, 0.004813001384003915, 0.006247358867199182]",none,0,"The trial of James Holmes, accused of a 2012 massacre at a movie theatre in Aurora, Colorado, has begun."
Qwen2.5-1.5B-Instruct_K3,271,2358,0.9677832722663879,26,0.1138085201382637,0.10844583809375763,"[0.10893573893610245, 0.01358775815662319, -0.05888417704353252]","[0.08536064923100639, 0.036177558392340034, 0.00580209549564013]",none,0,"Holmes, who has pleaded not guilty by reason of insanity, is alleged to have killed 12 and injured 70."
Qwen2.5-1.5B-Instruct_K3,271,2358,0.8429869413375854,8,1.02178955078125,0.20722143352031708,"[0.7814751528203487, -0.029741004284005612, 0.058805154607398435]","[0.12874708493473008, 0.00915048066599411, 0.007640261101187207]",none,0,The prosecution will seek the death penalty.
Qwen2.5-1.5B-Instruct_K3,271,2358,0.9664967656135559,46,1.7829453945159912,0.27280497550964355,"[1.7794480181461119, -0.038259177689526594, -0.002604820282811089]","[0.2622838208639144, 0.005440213473901547, 0.0038994949728823917]",none,0,"The jurors will be asked to consider the events prior to and after the attack, including evidence that Holmes bought his movie ticket 12 days in advance and police allegations that his apartment was booby-trapped with gasoline and grenades."
Qwen2.5-1.5B-Instruct_K3,271,2358,0.5246307849884033,8,0.4788603186607361,0.13025304675102234,"[0.554460457758978, 0.13876611014165974, 0.07305394527611497]","[0.12256414358853363, 0.02510807039584506, 0.011205372513131806]",none,0,The trial is expected to last several months.
Qwen2.5-1.5B-Instruct_K3,272,3291,1.3447192907333374,36,1.2648366689682007,0.1884337067604065,"[0.3502480807340665, 0.36292043450521305, 0.0792290334219514]","[0.02076884030601731, 0.04226062944103938, 0.006301666856971779]",none,0,"Here is a summary of the article in 76 words:

Representative Jack Bergman of Michigan has announced his candidacy for House Speaker after Jim Jordan withdrew from the race."
Qwen2.5-1.5B-Instruct_K3,272,3291,1.434570550918579,27,0.5678454637527466,0.19014249742031097,"[0.05300431698129547, -0.13029290329615362, 0.9754729859522302]","[0.010964106884515516, 0.046925576236120564, 0.18078556003725949]",none,0,"Bergman, a retired Marine Corps lieutenant general and Vietnam veteran, believes he can bring stability to the position during a time of crisis."
Qwen2.5-1.5B-Instruct_K3,272,3291,1.2448564767837524,25,0.756560206413269,0.20682525634765625,"[-0.03439118830487132, -0.01182533098384738, 0.9717349983751774]","[0.0054596340313582915, 0.016652595414198005, 0.20368335612351074]",none,0,He expressed concerns about the looming government shutdown and the need for a speaker who can ensure adequate funding for the military and national security.
Qwen2.5-1.5B-Instruct_K3,273,7218,1.3325337171554565,44,1.5201464891433716,0.22381438314914703,"[1.2204352501589297, 0.02631753210516763, 0.0040332821124386764]","[0.22861521058207887, 0.002105745907360043, 0.0008196423854294401]",none,0,"Fox Wine, located at 120 Santa Barbara St, Santa Barbara, CA, is a local business that operates as a wine bar, winery, and a nightlife spot that also offers arts & entertainment."
Qwen2.5-1.5B-Instruct_K3,273,7218,1.3930999040603638,19,0.20686067640781403,0.04664494842290878,"[0.2721223096902433, -0.018054472599607452, 0.00047150622642795116]","[0.049232809940325466, 0.0008002747870370129, 0.0004259145931236593]",none,0,"The establishment is open every day of the week, with longer operating hours on Fridays and Saturdays."
Qwen2.5-1.5B-Instruct_K3,273,7218,1.6112170219421387,18,0.7156027555465698,0.10244420170783997,"[0.7280206200666726, -0.08438743310721798, 0.000398561694762773]","[0.11062789551861998, 0.0033666092258499702, 0.001117606235816816]",none,0,"Customers have the option to park on the street, and the venue is suitable for groups."
Qwen2.5-1.5B-Instruct_K3,273,7218,1.5873134136199951,14,0.1415187418460846,0.09504733979701996,"[0.14882942498661578, -0.012319138098973781, 0.0004688382604009738]","[0.10993945613362095, 0.003158759858576689, 0.002024744604828551]",none,0,"However, the establishment does not have outdoor seating or takeout options."
Qwen2.5-1.5B-Instruct_K3,273,7218,1.0197356939315796,14,0.9397655129432678,0.13449439406394958,"[1.0698046923748084, -0.029726945562288165, -0.018516694902375872]","[0.15714979437845095, 0.003567203690230209, 0.0007400161437089992]",none,0,Fox Wine has received a business rating of 4.5 stars.
Qwen2.5-1.5B-Instruct_K3,273,7218,2.8563144207000732,28,0.07961771637201309,0.0746263638138771,"[-0.007415391854010522, -0.03014218100413148, 0.2969231305926639]","[0.04997755498957953, 0.015990690510144696, 0.04157936298867883]",none,0,"However, recent reviews indicate mixed customer experiences, with complaints about small wine pours, confusing service, mediocre wine quality, and early closing times."
Qwen2.5-1.5B-Instruct_K3,273,7218,1.4852217435836792,16,0.28482937812805176,0.06680509448051453,"[-0.06075286585931394, 0.3036031955806777, -0.038468955083942546]","[0.03186740238080432, 0.031698180811728704, 0.0065304030236958965]",none,0,Some customers also reported being charged more than the listed prices for their wine tastings.
Qwen2.5-1.5B-Instruct_K3,274,1199,1.123328685760498,33,1.941341757774353,0.2271423190832138,"[0.836258476451886, -0.0034566891157406976, 0.04731644942446358]","[0.1435922331967104, 0.0016852288764367227, 0.0011006637346947007]",none,0,"The Shibuya ward in Tokyo has passed an ordinance allowing same-sex couples to receive ""partnership certificates,"" giving them some of the rights of married heterosexual couples."
Qwen2.5-1.5B-Instruct_K3,274,1199,0.8159908056259155,22,0.3320976793766022,0.1323775202035904,"[0.13048717313954097, 0.029730162997359665, -0.017448713644460604]","[0.06964215681364294, 0.027025100096745355, 0.022245447404047394]",none,0,"This move is seen as a step towards marriage equality in Japan, where same-sex marriage is not currently recognized."
Qwen2.5-1.5B-Instruct_K3,274,1199,0.8252046704292297,25,1.1835860013961792,0.22063519060611725,"[1.4362339568510651, -0.044637218322604894, -0.030727927159750833]","[0.20740588868036866, 0.0028910834886937665, 0.003028254211476451]",none,0,"The certificates will allow couples to visit each other in hospitals and co-sign tenancy agreements, but they are not legally binding."
Qwen2.5-1.5B-Instruct_K3,274,1199,1.9431816339492798,19,0.36151790618896484,0.0922398790717125,"[-0.047241621874395366, 0.4653534665719091, 0.10592894406842165]","[0.06416504733294316, 0.03173277582439033, 0.0055771211280348084]",none,0,"The decision was met with opposition from conservative groups, but LGBTQ+ activists see it as progress."
Qwen2.5-1.5B-Instruct_K3,274,1199,0.6169211864471436,16,0.8878178596496582,0.158530592918396,"[0.045702260378774895, 0.76091331536918, -0.03407228654987193]","[0.013453154938908085, 0.13441431820365324, 0.002682982834715908]",none,0,Neighboring Setagaya ward has also expressed interest in implementing similar measures.
Qwen2.5-1.5B-Instruct_K3,274,1199,0.9127059578895569,39,0.2573159337043762,0.07381457090377808,"[0.04557156334783194, 0.3837171098029313, -0.05873050383641571]","[0.014494058501779178, 0.07178499007904275, 0.007137973050346201]",none,0,"While this development is significant, it is important to note that it does not equate to full marriage equality, and further action is needed at the national level to ensure equal rights for LGBTQ+ individuals."
Qwen2.5-1.5B-Instruct_K3,275,8106,0.5958685874938965,25,2.3419153690338135,0.2802495062351227,"[1.9752030618861318, 0.02461289552215021, 0.007800514663103968]","[0.2734082497796044, 0.0010974045985767589, 0.004569875683237115]",none,0,"Pacific Crêpes is a French restaurant located at 705 Anacapa St, Santa Barbara, CA."
Qwen2.5-1.5B-Instruct_K3,275,8106,0.7246296405792236,24,2.031010866165161,0.23886404931545258,"[2.1118321788186827, -0.05133116890040886, -0.0210835125981248]","[0.24785539065487683, 0.0008441744643702028, 0.0013534864852443225]",none,0,"It falls under various categories including Wine Bars, Restaurants, Gluten-Free, Bars, Nightlife, and Creperies."
Qwen2.5-1.5B-Instruct_K3,275,8106,0.39720848202705383,37,0.6149255633354187,0.11182872951030731,"[0.6415942490247953, -0.008709245017057951, -0.01016758354956904]","[0.11716816423968585, 0.00047662446698535786, 0.000615605959908223]",none,0,The restaurant operates from 10:00 to 15:00 from Monday to Friday and 9:00 to 15:00 on weekends.
Qwen2.5-1.5B-Instruct_K3,275,8106,1.1920439004898071,15,0.6095572710037231,0.16667017340660095,"[0.539116361240546, -0.03365757589538892, -0.0071024777988592785]","[0.16339329443871975, 0.0022615511605787713, 0.0038352470536968516]",none,0,"It offers free wifi, outdoor seating, and the ability to make reservations."
Qwen2.5-1.5B-Instruct_K3,275,8106,2.4569380283355713,12,0.58353191614151,0.13410617411136627,"[0.5203327989826599, -0.09236446273280308, -0.09477014418613787]","[0.1349181531307598, 0.0026755567851068918, 0.004517395864240825]",none,0,The ambiance is casual and the venue is good for groups.
Qwen2.5-1.5B-Instruct_K3,275,8106,0.8554097414016724,20,1.435084342956543,0.12742891907691956,"[1.399206049235363, 0.018280212120589567, 0.04650847824486846]","[0.12321342607756378, 0.0008553978165480203, 0.0011694307014494143]",none,0,"Street parking is available, but there is no garage, validated, lot, or valet parking."
Qwen2.5-1.5B-Instruct_K3,275,8106,1.0371915102005005,27,0.6028736233711243,0.12044373154640198,"[0.6967520847726889, -0.025182194856892305, 0.2757760977320787]","[0.10387698591997226, 0.005403535209990406, 0.02640776119113542]",none,0,"Customers have given Pacific Crêpes a rating of 3.5 stars, praising their delicious crepes, salads, and coffee."
Qwen2.5-1.5B-Instruct_K3,275,8106,1.1423636674880981,14,0.7649120688438416,0.10184112936258316,"[0.7610972243627268, 0.0017098094685934484, -0.09392770624253899]","[0.06365041945329201, 0.03807101148153639, 0.011535830510703298]",none,0,The restaurant is also known for its excellent customer service and reasonable pricing.
Qwen2.5-1.5B-Instruct_K3,275,8106,0.7153394222259521,23,1.931466817855835,0.26197177171707153,"[0.32410237916907214, 2.013309374127699, 0.03962260908662321]","[0.06677931419393268, 0.2498450813126629, 0.00395468075725069]",none,0,"One reviewer mentioned that the owners are from Brittany, France, and that they hosted a French conversation group for many years."
Qwen2.5-1.5B-Instruct_K3,276,1998,3.1645240783691406,16,1.1527074575424194,0.13847310841083527,"[-0.07052044197916985, 0.27211816515773535, 0.07790977973490953]","[0.007413014769554138, 0.014939409233193146, 0.007191247608716367]",none,0,"Since US forces have largely left Afghanistan, Kabul has seen a significant transformation."
Qwen2.5-1.5B-Instruct_K3,276,1998,1.8335002660751343,38,0.7485569715499878,0.14749787747859955,"[0.016750504507830267, 0.49486746422113165, 0.04250039524202676]","[0.01593010652447303, 0.14810838132612653, 0.004207662098403824]",none,0,"Its population has grown five times larger since NATO forces arrived, however, the city has also seen a decline in foreign presence; areas that were once filled with foreigners are now empty and deserted."
Qwen2.5-1.5B-Instruct_K3,276,1998,1.6509299278259277,32,0.5195627212524414,0.11823390424251556,"[0.5753388308762624, -0.04539622973510404, 0.032047005327513034]","[0.10609135526308933, 0.020022425308638958, 0.006729610329873736]",none,0,"Afghan locals who worked with the US forces, particularly those who could speak English, are now struggling to find work and are living in fear of reprisals."
Qwen2.5-1.5B-Instruct_K3,276,1998,1.7784606218338013,23,1.0830806493759155,0.17609284818172455,"[0.0018188176757615545, 0.003146819284428721, 1.3047972684017504]","[0.013111301592763757, 0.01474813974939183, 0.1815203839973749]",none,0,Large amounts of military equipment have been left idle and the vast supply chains that once kept troops supplied are now inactive.
Qwen2.5-1.5B-Instruct_K3,276,1998,1.896279215812683,26,-0.2569833993911743,0.03746757283806801,"[-0.04391858715462149, -0.10727612885854726, -0.10887965012891353]","[0.00828203146459845, 0.006936204812409239, 0.011839321756864453]",none,0,"There are concerns that when the last of the US troops leave by the end of next year, the city's infrastructure will deteriorate."
Qwen2.5-1.5B-Instruct_K3,277,3654,1.020379900932312,31,2.5995843410491943,0.36010876297950745,"[1.2210330259925197, 0.004053637352626538, 0.022988378074167544]","[0.1825232371008878, 0.00463495108424321, 0.006337563438305991]",none,0,Rancho Alamitos has won at least a share of the Garden Grove League football title after defeating La Quinta 21-14.
Qwen2.5-1.5B-Instruct_K3,277,3654,1.6349409818649292,34,0.8690199851989746,0.17311593890190125,"[-0.2815683176398606, 1.041736252962009, -0.1406075106762514]","[0.057115297685895176, 0.1297120596282184, 0.010447581716374877]",none,0,"The result leaves both teams with a 3-1 record, meaning a tri-championship is still possible with Los Amigos also on a 3-1 record."
Qwen2.5-1.5B-Instruct_K3,277,3654,2.1540944576263428,12,1.8728265762329102,0.1887776404619217,"[0.29315550175185007, 2.270981084710608, -0.11964020478383948]","[0.07906083619066824, 0.17161127113892385, 0.01529768195177894]",none,0,The decisive score came from Cruz Gonzalez in the fourth quarter.
Qwen2.5-1.5B-Instruct_K3,277,3654,0.9878910779953003,18,1.5867582559585571,0.2892376184463501,"[0.7679717547151894, 1.21867046580236, 0.006675962442790883]","[0.1783126431615124, 0.1569703889739079, 0.00580796713181068]",none,0,"Coach Mike Enright praised his team's winning mentality, saying they ""know how to win""."
Qwen2.5-1.5B-Instruct_K3,278,3137,1.3074520826339722,41,0.9837822318077087,0.19719721376895905,"[0.673926034840051, -0.025845274059442667, 0.02126421768604437]","[0.14768095397759193, 0.0027506202128367986, 0.0008520756528457973]",none,0,"Rick Santorum has expressed his disappointment in Indiana Governor Mike Pence's decision to sign a revised version of the state's religious freedom law, which clarified that it cannot be used to discriminate against LGBT individuals."
Qwen2.5-1.5B-Instruct_K3,278,3137,0.8462457060813904,23,0.7447781562805176,0.18515194952487946,"[0.5139902237930548, 0.02714682847663821, -0.005346223306886437]","[0.16227656113966551, 0.005980016647329293, 0.002361725220789199]",none,0,Santorum believes that the revised law limits the scope of religious freedom and does not address the issue of gay rights.
Qwen2.5-1.5B-Instruct_K3,278,3137,0.8217708468437195,32,1.2618913650512695,0.16392725706100464,"[0.2164667881988862, 1.100921086019511, -0.014163833208321819]","[0.06001189771684068, 0.11825921422852392, 0.0040812469874276225]",none,0,"He argues that the government should not force businesses to provide services that go against their religious beliefs, such as printing anti-gay messages for the Westboro Baptist Church."
Qwen2.5-1.5B-Instruct_K3,278,3137,0.695081889629364,38,0.9881532788276672,0.13898234069347382,"[1.1484441886949706, 0.052179289704793665, -0.021681917683048068]","[0.1485147739810935, 0.01895534956312573, 0.01745989154127271]",none,0,"The debate over religious freedom and LGBT rights has drawn in several 2016 presidential candidates, including Jeb Bush, Marco Rubio, and Ted Cruz, who have defended Pence's decision."
Qwen2.5-1.5B-Instruct_K3,278,3137,0.7712432146072388,25,0.9047777652740479,0.12984499335289001,"[0.11367517759586918, 0.7701809598757245, 0.05705510807914834]","[0.03602718499743787, 0.07386326783582717, 0.042288337904954]",none,0,"However, gay rights groups argue that state laws prohibiting discrimination based on sexual orientation are necessary to ensure equal treatment for all individuals."
Qwen2.5-1.5B-Instruct_K3,278,3137,0.6794029474258423,23,1.0163094997406006,0.18593618273735046,"[0.07311254366053933, 1.2086495020401187, 0.06576115002233406]","[0.014675226312859828, 0.18488643012610934, 0.024399350480626195]",none,0,"The issue is likely to continue being debated in states such as Texas and South Carolina, where similar bills have been introduced."
Qwen2.5-1.5B-Instruct_K3,279,143,1.2595573663711548,27,1.1380921602249146,0.16353130340576172,"[0.502989830751041, 0.003937149963652094, 0.027975473617617454]","[0.07365151952857289, 0.0013253054055018798, 0.0014771272022294903]",none,0,"The trial of former NFL player Aaron Hernandez, who is accused of killing semi-pro football player Odin Lloyd, is nearing its end."
Qwen2.5-1.5B-Instruct_K3,279,143,0.8469416499137878,24,1.7281904220581055,0.22053630650043488,"[1.7783761608880013, -0.0033865679821853214, -0.011239106434610827]","[0.2272875972169762, 0.0017550567067890672, 0.0017860982774209333]",none,0,"The defense presented its case in less than a day, while the prosecution took months to present 131 witnesses."
Qwen2.5-1.5B-Instruct_K3,279,143,1.0697753429412842,43,0.984369158744812,0.22199466824531555,"[0.6868325731132267, 0.08214296201997989, -0.011475483736640578]","[0.18757710099859207, 0.02642320198881777, 0.004320515899439141]",none,0,"Key points that jurors will consider include a statement made by Hernandez to his boss, Patriots owner Robert Kraft, in which he denied involvement in the murder and claimed he was in a club at the time of the killing."
Qwen2.5-1.5B-Instruct_K3,279,143,0.825131356716156,24,1.8357219696044922,0.24908407032489777,"[1.8922832778892673, 0.011640887243932715, 0.01757217585948941]","[0.23098596542270874, 0.016673064047912096, 0.0028676307339689324]",none,0,"However, the time of the murder had not been made public yet, raising questions about how Hernandez knew when it occurred."
Qwen2.5-1.5B-Instruct_K3,279,143,0.7115471959114075,40,1.884802222251892,0.2851681113243103,"[0.03502290617361723, 2.0801943847449365, 0.04398541777004539]","[0.017052666428890008, 0.2784108096511829, 0.004265143628346379]",none,0,"Additionally, Hernandez's fiancée, Shayanna Jenkins, revealed that she disposed of a box containing a marijuana smell, which may contradict the prosecution's theory that the murder weapon was in the box."
Qwen2.5-1.5B-Instruct_K3,279,143,0.647462010383606,42,1.677994728088379,0.24274644255638123,"[0.05832972116331803, 0.3428000043611627, 0.3872837638813551]","[0.011914723049488072, 0.08423363690856907, 0.07316472394477407]",none,0,"Testimony also focused on the shoes Hernandez wore the night of the murder, which were identified as Nike Air Jordan Retro 11 Lows, and a footprint found near Lloyd's body that matched the sole of those shoes."
Qwen2.5-1.5B-Instruct_K3,280,2796,1.501509666442871,29,2.0643458366394043,0.2697591483592987,"[1.3884170032567986, -0.014732012246205503, -0.0033036869055398837]","[0.16568615896740713, 0.003256571499276043, 0.00272520387433956]",none,0,A Franklin County grand jury has indicted nine members of a criminal gang that stole and illegally trafficked liquor from two distilleries in Kentucky.
Qwen2.5-1.5B-Instruct_K3,280,2796,0.6379287838935852,53,1.0374298095703125,0.21421365439891815,"[0.6136385403119933, -0.017222653478625633, 0.016613624588161364]","[0.1354357328291028, 0.0038541532777679028, 0.005432003584074955]",none,0,"The gang was involved in the theft of 65 cases of 20-year-old Pappy Van Winkle, one of the world's rarest and most expensive bourbons, from Frankfort's Buffalo Trace Distillery in October 2013."
Qwen2.5-1.5B-Instruct_K3,280,2796,0.7172185778617859,21,0.9769501686096191,0.23940999805927277,"[0.6399046282749623, -0.005733076491326626, 0.022097054063730564]","[0.15768152157432355, 0.010572814100171291, 0.0017938208115343254]",none,0,Two members of the gang worked at Buffalo Trace and a third worked at the nearby Wild Turkey Distillery.
Qwen2.5-1.5B-Instruct_K3,280,2796,0.27627891302108765,28,2.255741596221924,0.29370102286338806,"[0.17715451448839303, 1.9434355021117622, 0.025068760542922064]","[0.025589870714116256, 0.23511910450335044, 0.0019194354005591663]",none,0,"The alleged ringleader was Gilbert ""Toby"" Curtsinger, a 45-year-old loading dock worker at Buffalo Trace."
Qwen2.5-1.5B-Instruct_K3,280,2796,0.9531120657920837,24,0.6951571106910706,0.16491466760635376,"[0.09526073950958865, 0.15883413925196996, 1.0422693765478168]","[0.03728742447916981, 0.04252357992373845, 0.16209249659416022]",none,0,"The police recovered several hundred thousand dollars' worth of stolen liquor, including 20 cases of Pappy Van Winkle."
Qwen2.5-1.5B-Instruct_K3,281,2865,2.71368408203125,14,1.688763976097107,0.15582728385925293,"[0.340644154518876, 0.22488256666942366, 0.0303446860135799]","[0.04254821461888371, 0.019021881652796373, 0.0040768856448656675]",none,0,There are numerous accounts of terrorist groups targeting Christians around the world.
Qwen2.5-1.5B-Instruct_K3,281,2865,0.6775075197219849,22,2.736215591430664,0.3716059923171997,"[2.712996591136537, 0.0455925750886143, 0.020882661565834]","[0.33661417954135686, 0.011787847289517893, 0.0018011074691292545]",none,0,"Recently, an Italian prosecutor revealed that a network of Pakistanis associated with Al-Qaeda had discussed attacking the Vatican."
Qwen2.5-1.5B-Instruct_K3,281,2865,1.2096244096755981,27,0.5011898279190063,0.15914922952651978,"[-0.019627437753283798, -0.05680717020381794, 0.6181400328005785]","[0.05022177954641746, 0.06000111783793761, 0.09349070092994899]",none,0,"Additionally, there have been several instances of Christians being targeted by ISIS, including the beheading of 30 Ethiopian Christians in Libya."
Qwen2.5-1.5B-Instruct_K3,281,2865,2.295806884765625,25,-0.04052196070551872,0.030865930020809174,"[-0.06136139085516334, -0.034766277278540654, 0.11753174322017003]","[0.025484125022776426, 0.006326448946711025, 0.012215442945253016]",none,0,"Al-Shabaab, a terrorist group in Kenya, has also separated Christians from Muslims during attacks, killing only the Christians."
Qwen2.5-1.5B-Instruct_K3,281,2865,2.928461790084839,17,-0.029732683673501015,0.027495047077536583,"[-0.019140149740611807, 0.014579541981220245, 0.16486635760349386]","[0.00836493105538573, 0.006985792717280085, 0.011326570608242251]",none,0,The Pakistani Taliban has also vowed to continue attacks until Sharia law is implemented in Pakistan.
Qwen2.5-1.5B-Instruct_K3,281,2865,2.026189088821411,23,-0.007892539724707603,0.008839497342705727,"[0.011612159041839692, 0.03613270199149037, -0.02042541232810396]","[0.0013537652527662906, 0.0021559262219220136, 0.0023617844088260863]",none,0,"Suicide blasts in a Christian community in Lahore, Pakistan, killed at least 14 people and injured scores more."
Qwen2.5-1.5B-Instruct_K3,281,2865,2.409740686416626,17,-0.15220828354358673,0.05774272605776787,"[-0.1170343259239898, -0.03323051377254374, -0.06396670113591586]","[0.007237923254519153, 0.002846760309801218, 0.06099111531340681]",none,0,ISIS has also released a video showing the mass murder of Coptic Christians from Egypt.
Qwen2.5-1.5B-Instruct_K3,281,2865,1.2235088348388672,22,0.23308968544006348,0.020971227437257767,"[0.13608924782072956, 0.1149965316395868, 0.007739366878840056]","[0.012283562846608798, 0.00654877474616197, 0.002836748451954918]",none,0,"These attacks highlight the ongoing persecution of Christians by terrorist groups, emphasizing the need for international action to prevent such acts."
Qwen2.5-1.5B-Instruct_K3,282,3960,1.3882466554641724,36,1.9764240980148315,0.2509443163871765,"[1.4947884759822045, 0.0057745365554890465, -0.00911009303510784]","[0.21031779611803358, 0.00483261032531838, 0.0033373777107751973]",none,0,"Valerie Biden Owens, sister and political strategist to President Joe Biden, has endorsed Meghan Markle for the US presidency, fuelling ongoing speculation about Markle's political ambitions."
Qwen2.5-1.5B-Instruct_K3,282,3960,0.9455395936965942,31,1.5739411115646362,0.22156240046024323,"[1.1216830277981868, 0.6472420040527433, -0.022615631532839724]","[0.14103970810749394, 0.07537558188845002, 0.006918171072965701]",none,0,"Despite tying with Vice President Kamala Harris and surpassing Hillary Clinton in a poll among Democrats, some analysts remain doubtful about Markle's chances for presidency."
Qwen2.5-1.5B-Instruct_K3,282,3960,0.9412981271743774,28,1.2365237474441528,0.2462073415517807,"[0.12723015664700402, 1.4079670709078138, 0.038037992741530094]","[0.01640008692525693, 0.23061330852514011, 0.040504515813284216]",none,0,"Markle, who has been active in US politics, is also rumoured to potentially run for a high-ranking position like the Governor of California."
Qwen2.5-1.5B-Instruct_K3,283,7056,0.7305565476417542,21,2.8681716918945312,0.3441334068775177,"[2.396202996727966, 0.02012315420350725, -0.008683090954686381]","[0.29669174476571025, 0.0005436490083368318, 0.0009415505819127983]",none,0,"Somerset is a restaurant located at 7 E Anapamu St, Santa Barbara, CA."
Qwen2.5-1.5B-Instruct_K3,283,7056,2.301163911819458,24,0.4089477062225342,0.1336948126554489,"[0.22535387246171013, 0.01863907240719224, -0.0021804147982038558]","[0.14077761605828223, 0.0021154742449501405, 0.0010088486778840888]",none,0,"The restaurant, which specializes in new American cuisine, also features a bar and lounge, contributing to the city's nightlife."
Qwen2.5-1.5B-Instruct_K3,283,7056,1.3826733827590942,15,0.42033377289772034,0.0923379585146904,"[0.4413130263487498, -0.0236118882894516, 0.0044548530131578445]","[0.09972996658956011, 0.0010769245971459895, 0.0008221355732530355]",none,0,It offers outdoor seating and is open from Tuesday to Sunday in the evenings.
Qwen2.5-1.5B-Instruct_K3,283,7056,1.4767882823944092,25,0.9526336193084717,0.16783224046230316,"[0.9300219294428825, 0.0027830251114210115, -0.036350458059459925]","[0.17061849426012488, 0.0026441014518059094, 0.0010392188119749334]",none,0,"The establishment is not equipped with WiFi and does not offer takeout services, but does accept reservations and is suitable for groups."
Qwen2.5-1.5B-Instruct_K3,283,7056,2.2952189445495605,16,0.648777186870575,0.15110594034194946,"[0.6536814610390138, 0.004975791440415378, 0.008640051411134664]","[0.14818725351597095, 0.003250801970960726, 0.001796349157851651]",none,0,"It provides garage and street parking, and is known for its upscale ambience."
Qwen2.5-1.5B-Instruct_K3,283,7056,1.0044190883636475,18,0.258888840675354,0.07986444234848022,"[0.17174439259623694, -0.010515717580953302, 0.020744145403215144]","[0.08505251017049886, 0.003596151723640004, 0.0009812439347014232]",none,0,"However, customer reviews are mixed, with an average rating of 3.5 stars."
Qwen2.5-1.5B-Instruct_K3,283,7056,1.3990648984909058,26,0.8705653548240662,0.12171076983213425,"[0.5572631570080725, 0.5926903357299474, -0.010191263559346016]","[0.08851125749284759, 0.07501255719286676, 0.0067266767853372865]",none,0,"Some customers have complained about the long waits and quality of food, while others praise the establishment for its excellent service and food recommendations."
Qwen2.5-1.5B-Instruct_K3,283,7056,1.6024543046951294,24,0.6337130665779114,0.16170454025268555,"[0.5125542883761227, 0.07229674141854048, -0.03191853780299425]","[0.1282516286786025, 0.05749045132931011, 0.004392264044630186]",none,0,"The restaurant does not offer a casual dining experience, and some have suggested that it may not be intended for the average customer."
Qwen2.5-1.5B-Instruct_K3,284,6823,0.647857129573822,26,2.1418187618255615,0.3379465639591217,"[2.1207921179369666, -0.008695486978205316, -0.0001034745409662299]","[0.3226393935692613, 0.00122218142058509, 0.0016114079549385434]",none,0,"Ye Olde Butcher Shop is a local business located at 4317 State St in Santa Barbara, CA."
Qwen2.5-1.5B-Instruct_K3,284,6823,1.299058198928833,13,1.2242769002914429,0.32327762246131897,"[1.0848808279977395, -0.08932602219283581, -0.04262195656505915]","[0.3178678243062817, 0.001671505158390993, 0.0020612576560009844]",none,0,"It offers specialty food, deli items, and meat products."
Qwen2.5-1.5B-Instruct_K3,284,6823,1.4891917705535889,13,0.5828752517700195,0.2751922607421875,"[0.148111331061675, 0.03244712025536081, -0.015704631617364403]","[0.19663145307164925, 0.0016041652409407665, 0.006803097373344476]",none,0,The business has received a rating of 2.0 stars.
Qwen2.5-1.5B-Instruct_K3,284,6823,1.0421324968338013,15,1.0248777866363525,0.17427349090576172,"[0.37870912651220956, 0.15850704138477642, 0.1069088764488697]","[0.08326855956887205, 0.04844164164484634, 0.023218732653185727]",none,0,Customers have left negative reviews about the quality of the sandwiches and the service.
Qwen2.5-1.5B-Instruct_K3,284,6823,1.2159603834152222,26,0.258467435836792,0.18199819326400757,"[0.37929521032716507, -0.35672583817974485, -0.09370860978225]","[0.11935370359704113, 0.0690675387553221, 0.007194356774929334]",none,0,"One customer mentioned that the sandwiches were microwaved and tasted terrible, stating that it was the worst sandwich they had ever eaten."
Qwen2.5-1.5B-Instruct_K3,284,6823,0.8981430530548096,16,3.0805814266204834,0.333798885345459,"[0.1116728606284596, 3.4506624897476286, 0.43774661616043886]","[0.036733537390318816, 0.32132424715018715, 0.06461156508407839]",none,0,Another customer found three large thin black hairs in their sandwich and expressed their disgust.
Qwen2.5-1.5B-Instruct_K3,284,6823,1.5197612047195435,21,1.1817786693572998,0.22497926652431488,"[-0.1708598124040734, 1.1742752763841833, -0.07514757312518279]","[0.01001052296037198, 0.23637365687283732, 0.04671384811566289]",none,0,They mentioned that their own hair was tied up and there was no possibility that the hairs belonged to them.
Qwen2.5-1.5B-Instruct_K3,284,6823,1.676474690437317,12,0.4392174184322357,0.23882406949996948,"[-0.3175144618920361, -0.11870188762744267, 1.5175040463606517]","[0.0516562642151257, 0.054374950705096126, 0.2793439608067274]",none,0,The customer also suggested that the staff should wear hair nets.
Qwen2.5-1.5B-Instruct_K3,284,6823,1.2387958765029907,20,1.435807228088379,0.23038311302661896,"[-0.01575309702893719, 0.19594409050187095, 1.5087179427966475]","[0.014929204259533434, 0.02141471719951369, 0.19363326230086386]",none,0,Another customer mentioned that the quality of the sandwiches has declined and expressed frustration over a poorly made sandwich.
Qwen2.5-1.5B-Instruct_K3,284,6823,0.935321569442749,18,1.3704627752304077,0.20881862938404083,"[0.04186420604431381, 0.008355335668764181, 1.487236763143705]","[0.005064629200609893, 0.006061811212728369, 0.2029541932925996]",none,0,"When they called to express their frustration, they claim that the staff hung up on them."
Qwen2.5-1.5B-Instruct_K3,284,6823,0.5972772836685181,20,0.10183584690093994,0.014444278553128242,"[0.0486787491412116, -0.008902088083792137, 0.09492838246221993]","[0.003941678075790378, 0.002970081444529349, 0.006765979895141427]",none,0,"Based on the provided information, it seems that Ye Olde Butcher Shop has faced issues with the quality of their sandwiches and customer service, which has led to negative reviews from customers."
Qwen2.5-1.5B-Instruct_K3,285,9474,1.505600929260254,16,2.279294729232788,0.2684706151485443,"[0.7781827213621, 0.012817188991903095, 0.0340486553577648]","[0.12332513950423163, 0.003552220218267621, 0.0018367970100712228]",none,0,"Sushi Teri is a Japanese restaurant based in Goleta, California."
Qwen2.5-1.5B-Instruct_K3,285,9474,0.550115168094635,22,0.5134812593460083,0.08255492895841599,"[0.6346287452146168, -0.0055097631943267925, -0.02312829546380354]","[0.09345670914692826, 0.001514488426902393, 0.0016290070152600513]",none,0,The restaurant is open every day from 5:00 pm to 10:00 pm.
Qwen2.5-1.5B-Instruct_K3,285,9474,1.7510738372802734,17,0.8933793306350708,0.11421268433332443,"[0.9736172514145865, -0.01232604230822557, 0.015792892910266185]","[0.1052169958677362, 0.0024369505528792457, 0.0027722727782555226]",none,0,It offers both dine-in and takeout services and is also suitable for group dining.
Qwen2.5-1.5B-Instruct_K3,285,9474,1.1842221021652222,12,0.7093415856361389,0.11621270328760147,"[0.7179770234506577, 0.011856970600395774, -0.02910515871675064]","[0.11397312627256422, 0.0014016344040707434, 0.001892274425586038]",none,0,"Outdoor seating is available, but there's no Wi-Fi."
Qwen2.5-1.5B-Instruct_K3,285,9474,1.650370717048645,16,0.7274895906448364,0.11617989093065262,"[0.8175105111713492, 0.06603794317766187, -0.0077301401328213615]","[0.12705659594894314, 0.0015511444631215454, 0.0009442208590897394]",none,0,"Sushi Teri rates 3.0 stars overall, based on reviews."
Qwen2.5-1.5B-Instruct_K3,285,9474,2.025036096572876,29,0.7013229131698608,0.14363166689872742,"[0.21101619526021312, 0.21319504376854106, 0.055320525535880107]","[0.05644550223207951, 0.09144084694331657, 0.008152345592642288]",none,0,"Many customers commented positively on the nigiri sushi, with it being described as a 'go-to' and consistent in terms of size and quality."
Qwen2.5-1.5B-Instruct_K3,285,9474,0.9774299263954163,18,1.3636274337768555,0.21580158174037933,"[0.06176744075158543, -0.12174889416221252, 1.5539901873716089]","[0.017168684076700122, 0.03156454499900166, 0.2077512872055599]",none,0,"However, some customers were disappointed with the calamari appetizer and the real crab roll."
Qwen2.5-1.5B-Instruct_K3,285,9474,2.061318874359131,17,-0.350616991519928,0.07241163402795792,"[-0.17744747905389352, -0.02449374582947177, -0.11423493282157271]","[0.05466464546043426, 0.00729021768689991, 0.013928800932583673]",none,0,"The service has been described as both friendly and helpful, but also slow at times."
Qwen2.5-1.5B-Instruct_K3,285,9474,1.775236964225769,21,0.4448186755180359,0.11956576257944107,"[0.46654651517400497, 0.009207832858789646, -0.049363557889938375]","[0.12436332772189676, 0.002262172073057757, 0.004312854106171385]",none,0,"The restaurant's parking lot is convenient, but there is no valet, street, or garage parking available."
Qwen2.5-1.5B-Instruct_K3,286,9979,0.730747640132904,27,2.2254507541656494,0.28860631585121155,"[1.8426622577804934, -0.011694918621692018, -0.10055683269133119]","[0.26549147795972033, 0.007869402194281158, 0.0027362162346746656]",none,0,"Domino's Pizza is a local business located at 185 S Patterson Ave, Ste G in Goleta, CA."
Qwen2.5-1.5B-Instruct_K3,286,9979,0.7884920835494995,21,0.961893618106842,0.1516043096780777,"[0.9765650087257589, 0.002415360001794484, -0.019232008095146046]","[0.1534027259837915, 0.0014365570714343925, 0.0019883035143461064]",none,0,"The establishment offers a variety of food options including pizza, sandwiches, chicken wings, and other restaurant dishes."
Qwen2.5-1.5B-Instruct_K3,286,9979,1.070582628250122,34,0.18728654086589813,0.09389115124940872,"[0.22265052027069032, 0.007634342345548195, -0.022166281717064147]","[0.09537365860887803, 0.0006913526477339527, 0.001103740773474141]",none,0,"The business operates from 10:30 am to midnight from Monday to Thursday, and extends its hours until 1:00 am on Fridays and Saturdays."
Qwen2.5-1.5B-Instruct_K3,286,9979,0.4520047903060913,15,0.25831466913223267,0.05094175040721893,"[0.3240976160634697, 0.004946787575924342, -0.030300603757738524]","[0.05609399638148413, 0.000342008477324877, 0.000604203112959567]",none,0,"On Sundays, it operates from 10:30 am to midnight."
Qwen2.5-1.5B-Instruct_K3,286,9979,0.784587562084198,13,0.18885374069213867,0.09332684427499771,"[0.025348533491174188, 0.02202337556221979, 0.07226796812644282]","[0.019721158203677848, 0.0036435409013987597, 0.008016135457725025]",none,0,"According to customer reviews, the business has received mixed feedback."
Qwen2.5-1.5B-Instruct_K3,286,9979,2.4840943813323975,9,0.6388877034187317,0.0585661344230175,"[0.025216874149110582, 0.24930834190713036, 0.1301112100481987]","[0.03365994327598148, 0.015003036811119981, 0.014050197619427409]",none,0,Some customers have expressed dissatisfaction with their experiences.
Qwen2.5-1.5B-Instruct_K3,286,9979,1.3773183822631836,17,0.5566006898880005,0.11609148979187012,"[0.225677988219746, 0.00601334058549529, 0.44108690642272397]","[0.02295144577853053, 0.03354353794298624, 0.11558694044079483]",none,0,"Complaints include long wait times for delivery, inaccurate order preparation, and missing items."
Qwen2.5-1.5B-Instruct_K3,286,9979,0.9053643941879272,30,0.7567979693412781,0.08627577126026154,"[0.481866317987442, 0.39813464076857297, -0.021821469044031497]","[0.04776940874047189, 0.030432415209528094, 0.008044479028112998]",none,0,"One customer mentioned that the pizza took over an hour and a half to arrive, and the tracking system did not accurately reflect the status of the order."
Qwen2.5-1.5B-Instruct_K3,286,9979,1.684571385383606,12,0.81626296043396,0.15031500160694122,"[0.13707978980770955, 1.4641820049534242, -0.12333712897573908]","[0.029076717764837667, 0.17553935199975967, 0.03217430672278473]",none,0,Another customer complained about the food being undercooked and consistently late.
Qwen2.5-1.5B-Instruct_K3,286,9979,1.5574110746383667,20,0.3612586557865143,0.08782876282930374,"[-0.0688862796727335, -0.11521593715297059, 0.35349325668503295]","[0.013469942960682602, 0.03378538626262184, 0.02194692569009362]",none,0,"Despite these negative reviews, other customers have expressed their enjoyment of Domino's Pizza as a brand."
Qwen2.5-1.5B-Instruct_K3,287,5555,1.789624571800232,18,2.2335522174835205,0.2694309949874878,"[2.152897102965249, 0.01100472682770083, 0.003700333041100142]","[0.27318231034506524, 0.0006018703948535, 0.0027896148782626065]",none,0,"The Harbor Restaurant is a seafood and American traditional restaurant located in Santa Barbara, CA."
Qwen2.5-1.5B-Instruct_K3,287,5555,0.8302122354507446,28,0.7666564583778381,0.1752966344356537,"[0.964908935337527, 0.0012790066258665839, -0.007587182271111358]","[0.1764519516592762, 0.0017065924856751735, 0.0036552004758050316]",none,0,"According to customer reviews, the restaurant has a 3.5-star rating and offers outdoor seating, free Wi-Fi, and takes reservations."
Qwen2.5-1.5B-Instruct_K3,287,5555,1.3288322687149048,22,1.1753075122833252,0.23749051988124847,"[1.108403257906585, -0.02879767708496543, -0.023035691394775105]","[0.21807658555024484, 0.005735256302987001, 0.0031821489457206035]",none,0,"The restaurant is known for its attentive and personable service, with staff members like Aldo being particularly notable."
Qwen2.5-1.5B-Instruct_K3,287,5555,1.397601842880249,16,0.2676822245121002,0.10279085487127304,"[0.01203143560769604, 0.14884783917386812, 0.07787994973830337]","[0.0629418012856604, 0.04344214467224816, 0.012268810878381942]",none,0,"However, there have been some reports of slow service and issues with food quality."
Qwen2.5-1.5B-Instruct_K3,287,5555,1.3754420280456543,27,0.6000411510467529,0.12920305132865906,"[0.11307186877753271, 0.0073599034763497505, 0.6066491874728484]","[0.07122587468975157, 0.022442438747771857, 0.07634368978375294]",none,0,"One reviewer noted that their order took a long time to arrive, and another reviewer found their lamb dish to be tough and stringy."
Qwen2.5-1.5B-Instruct_K3,287,5555,2.4737725257873535,29,-0.4118853509426117,0.07676423341035843,"[-0.26644856760836333, -0.0487081598360513, -0.26595337685861964]","[0.038559882550983055, 0.030730362670134317, 0.031895525135668915]",none,0,"Despite these issues, many reviewers have praised the restaurant's friendly service and delicious food, particularly their bottomless mimosas and weekend brunch options."
Qwen2.5-1.5B-Instruct_K3,287,5555,0.8094476461410522,33,-0.0062029603868722916,0.028826938942074776,"[0.17560691158735842, -0.02455432389524848, -0.029818058025839353]","[0.025596830044777058, 0.0016264939030765108, 0.0023569133197725023]",none,0,"Overall, The Harbor Restaurant seems to be a popular spot for locals and visitors alike, offering a casual and relaxed dining experience with a focus on seafood and traditional American cuisine."
Qwen2.5-1.5B-Instruct_K3,288,6108,0.7407357692718506,34,1.8750402927398682,0.2808116376399994,"[1.279125620459287, 0.034424293551316675, -0.004579859564460896]","[0.22443098638370215, 0.0018175846948539026, 0.0019189594700054278]",none,0,"Mac's Fish and Chip Shop, located at 503 State St, Santa Barbara, CA, is a British-style seafood restaurant specializing in fish and chips."
Qwen2.5-1.5B-Instruct_K3,288,6108,1.4461556673049927,15,0.5203246474266052,0.09986766427755356,"[0.6721936926866571, -0.04210281483829022, -0.02683141144613425]","[0.11349608105762551, 0.005899718303165476, 0.0036124355290667156]",none,0,"It is open every day, with slightly longer hours on Fridays and Saturdays."
Qwen2.5-1.5B-Instruct_K3,288,6108,2.2931244373321533,12,1.008569359779358,0.14634782075881958,"[1.0540645221869152, -0.12258873631556828, -0.0991280327240626]","[0.1342512189100186, 0.006468358410832782, 0.009193245166291794]",none,0,"The restaurant offers a casual atmosphere, where groups are welcome."
Qwen2.5-1.5B-Instruct_K3,288,6108,1.7340035438537598,11,0.5788717269897461,0.18294905126094818,"[0.5236261304129254, -0.024810066785324703, -0.005117883736437017]","[0.16445444278757682, 0.0019281506769898856, 0.0025515774587719616]",none,0,Street parking is available and they offer takeout service.
Qwen2.5-1.5B-Instruct_K3,288,6108,1.3402246236801147,24,0.17680718004703522,0.11087144166231155,"[0.37104017335938505, -0.05459593357841186, -0.0564050078476915]","[0.10497837671005072, 0.008395635613254626, 0.0032905962627296503]",none,0,"However, Mac's Fish and Chip Shop does not accept reservations, doesn't offer outdoor seating, and has no WiFi."
Qwen2.5-1.5B-Instruct_K3,288,6108,1.071760654449463,13,0.5537742376327515,0.11508218944072723,"[0.47070534964307, -0.037666097582237296, -0.018542488356335804]","[0.10260843807974687, 0.003353014097412527, 0.0032058624578194914]",none,0,The restaurant has an overall rating of 3.5 stars.
Qwen2.5-1.5B-Instruct_K3,288,6108,1.720192790031433,27,1.2177337408065796,0.21443863213062286,"[0.7562509463341148, -0.19670124435624867, 1.019512142158217]","[0.09858908622387659, 0.03318375043912696, 0.13089573564145582]",none,0,"Customer reviews highlight their savory steak and potato pie and large portions, but also note an indifferent staff and lack of cleanliness in the restroom."
Qwen2.5-1.5B-Instruct_K3,288,6108,1.5365111827850342,10,0.9347190856933594,0.21653404831886292,"[0.1759942803531885, 0.6481939256191254, -0.03316958043724298]","[0.047194098494946955, 0.19310703743249177, 0.008552495227195322]",none,0,One review also mentions that the restaurant has since closed.
Qwen2.5-1.5B-Instruct_K3,289,370,1.572014331817627,36,1.0575604438781738,0.16583514213562012,"[0.7217979490962736, 0.01613375862274956, 0.019239451933572127]","[0.1330504753046979, 0.004936994521971074, 0.005426110544274504]",none,0,"A severe storm hit Sydney and surrounding areas, leaving over 250,000 homes and businesses without power and isolating 4,500 people."
Qwen2.5-1.5B-Instruct_K3,289,370,0.9334821701049805,24,1.2727829217910767,0.19506658613681793,"[1.2062817850637657, 0.2510599242713738, -0.009521069446312444]","[0.19576889533891517, 0.03409475203420698, 0.0028793952119319974]",none,0,"Destructive winds and flooding have caused four deaths and prompted over 13,000 calls for help."
Qwen2.5-1.5B-Instruct_K3,289,370,1.1327887773513794,20,1.223825454711914,0.22270719707012177,"[0.22904721720842644, 0.1926902128732763, 1.0248693383298815]","[0.0771964084036881, 0.11242807795570116, 0.10665519375033909]",none,0,"Schools and public transportation have been disrupted, and a local creek overflowed into a neighborhood, causing flooding."
Qwen2.5-1.5B-Instruct_K3,290,4702,1.6224535703659058,47,1.1787060499191284,0.20903204381465912,"[0.3508918161090325, 0.36426942900815196, 0.007458043159010444]","[0.0765876783322004, 0.0701454108474865, 0.004840696890649734]",none,0,"Here is a summary of the article within 92 words:

A federal appeals court rejected Kari Lake's lawsuit against the electronic voting system used in Arizona, stating that she failed to prove that her individual votes would be affected."
Qwen2.5-1.5B-Instruct_K3,290,4702,1.1585074663162231,26,0.588005006313324,0.19883713126182556,"[0.3517069366956163, 0.19331067852265102, -0.03359461526885683]","[0.15804911928559634, 0.021141809393183254, 0.0019891564822299957]",none,0,"This is the latest legal defeat for Lake, who is running for Senate after losing the 2022 gubernatorial election."
Qwen2.5-1.5B-Instruct_K3,290,4702,1.456847906112671,32,0.7684472799301147,0.17270222306251526,"[-0.19314657300446925, 0.9704422751133279, -0.0609808707765751]","[0.04202414193741788, 0.14491306718457508, 0.006727346421495639]",none,0,"The lawsuit aimed to address long lines at polling stations due to a printer error, but the court found that the issues did not impact the accuracy of the vote count."
Qwen2.5-1.5B-Instruct_K3,291,4176,0.9267718195915222,31,2.4430248737335205,0.25566279888153076,"[1.4746414395943452, 0.020982098043767168, 0.11532452119412952]","[0.1118145776437755, 0.0032308721319857852, 0.009023287470735076]",none,0,"Courtney Hope, who plays Sally Spectra in The Young and the Restless (Y&R), has denied rumors that she is leaving the show."
Qwen2.5-1.5B-Instruct_K3,291,4176,1.4026533365249634,22,0.8975494503974915,0.19491221010684967,"[0.9477545877241276, 0.0697965678588265, 0.048735927001954144]","[0.18436046020889824, 0.011939716124660745, 0.013831897043101808]",none,0,"A fan expressed sadness at her supposed departure on Instagram, to which Hope responded, ""I am not leaving."
Qwen2.5-1.5B-Instruct_K3,291,4176,1.0804039239883423,24,0.8713920712471008,0.2318645864725113,"[0.37829052548113395, 0.7416551155487241, 0.04955529200090799]","[0.1363007466967853, 0.1523169370205366, 0.024514208719532842]",none,0,"I am not going anywhere."" She explained her recent absence from the show was due to a vacation, not a departure."
Qwen2.5-1.5B-Instruct_K3,291,4176,0.39106321334838867,18,2.691873788833618,0.3078147768974304,"[0.10283736558631063, 2.12625888135517, 0.061853973729335446]","[0.013487145809146265, 0.23683523134807022, 0.006685412743435235]",none,0,She is now back on the show and preparing to open her fashion house in Genoa City.
Qwen2.5-1.5B-Instruct_K3,292,3190,1.3274704217910767,45,1.6242120265960693,0.19737404584884644,"[0.19032548261909848, 0.2913475292715399, 0.049394714754857384]","[0.04075532081903172, 0.055720392478229366, 0.005299486856953687]",none,0,"Here is a summary of the news article within 78 words:

Democrat Brandon Presley is challenging Republican Governor Tate Reeves in Mississippi, raising $7.9 million compared to Reeves' $5.1 million."
Qwen2.5-1.5B-Instruct_K3,292,3190,0.725433886051178,15,0.9345489740371704,0.1904219090938568,"[0.07734807465118744, 1.2132100267815986, 0.06406293340781606]","[0.028388176622229366, 0.18481624960762322, 0.0060964387229735925]",none,0,The Democratic Governors Association has contributed $3 million to Presley's campaign.
Qwen2.5-1.5B-Instruct_K3,292,3190,0.6846311688423157,25,1.6490751504898071,0.19674307107925415,"[0.5036040383492946, 0.032472255753236826, 0.4603761820780346]","[0.050170533309019445, 0.010101004201314935, 0.07384236786413112]",none,0,Presley's fundraising boost signals the possibility of flipping the governor's seat blue for the first time in nearly 20 years.
Qwen2.5-1.5B-Instruct_K3,293,3749,1.2814186811447144,42,1.623986005783081,0.24084898829460144,"[0.8051040936289133, 0.0503488057431371, 0.019993457716000626]","[0.13167093408093847, 0.011492465219435286, 0.010735065755928494]",none,0,"A new poll shows that Senator Kyrsten Sinema is struggling in the 2024 election, with Democratic challenger Ruben Gallego and Republican Kari Lake locked in a tight battle."
Qwen2.5-1.5B-Instruct_K3,293,3749,0.7104834318161011,43,0.5663744211196899,0.16193339228630066,"[0.6613539048356721, 0.03199230134007024, 0.024652364645724678]","[0.1540602034785881, 0.015877699711275037, 0.0072459834044401985]",none,0,"The poll found that Lake has a slight edge in a three-way race, with 37% of the vote, followed by Gallego with 33%, and Sinema trailing with 19%."
Qwen2.5-1.5B-Instruct_K3,293,3749,1.248643398284912,27,0.5175305604934692,0.16620130836963654,"[-0.08539692788367069, 0.5360380907484594, -0.06556479574107842]","[0.03625467967862682, 0.09857138990397979, 0.0045492149499624344]",none,0,"The poll suggests that Sinema's entry into the race has not helped her prospects, and she may be considering whether to continue her campaign."
Qwen2.5-1.5B-Instruct_K3,294,5046,1.4200599193572998,32,2.6835689544677734,0.37158772349357605,"[2.508978600788396, -0.054804528782369744, -0.06351658505741398]","[0.3069033063147799, 0.009637222135157941, 0.005627955877750779]",none,0,"""Recipes Bakery & Gifts: An Australian Coffee House"" is a popular local business located at 604 Santa Barbara St, Santa Barbara, CA."
Qwen2.5-1.5B-Instruct_K3,294,5046,1.247779130935669,27,1.2830709218978882,0.1818489134311676,"[1.252989890039586, 0.010352795224173827, -0.04106407194137352]","[0.17801144714205833, 0.003232733174526564, 0.001225625397337611]",none,0,"The establishment offers a wide variety of food options and is categorized under Breakfast & Brunch, Restaurants, Bakeries, and Australian food."
Qwen2.5-1.5B-Instruct_K3,294,5046,0.6960806846618652,24,0.7073378562927246,0.11742740869522095,"[0.7440812036899539, -0.003942287217266009, -0.031915320681719095]","[0.12085365680710917, 0.00024540137115517763, 0.000803409556363969]",none,0,"It operates from Tuesday to Saturday, opening at 7:30 and closing at 13:00."
Qwen2.5-1.5B-Instruct_K3,294,5046,1.902400016784668,19,1.3130948543548584,0.13556548953056335,"[1.1354891924604185, 0.07871577497816791, -0.0497829422697817]","[0.12788838890264742, 0.006936676978320496, 0.0034535499220701717]",none,0,The bakery provides outdoor seating and take-out options and is particularly noted for its street parking availability.
Qwen2.5-1.5B-Instruct_K3,294,5046,1.191658854484558,14,0.481747567653656,0.09798075258731842,"[0.5498038395973188, -0.010373458064610272, 0.022155893796090304]","[0.09304694239316243, 0.0019713652380265296, 0.004519343607528624]",none,0,The business has an impressive average rating of 4.5 stars.
Qwen2.5-1.5B-Instruct_K3,294,5046,0.8476598858833313,28,1.8362935781478882,0.21441690623760223,"[1.0929709090313346, 1.060222421256185, -0.03895641528633372]","[0.11209909147828512, 0.10564828150314806, 0.0126711206817315]",none,0,"Customers have highlighted its cinnamon roll French toast, quiche Lorraine, and jalapeño cheddar biscuit breakfast sandwich as exceptional dishes."
Qwen2.5-1.5B-Instruct_K3,294,5046,1.959803581237793,21,0.38977155089378357,0.10370272397994995,"[-0.03369973434980368, 0.25392591542610415, 0.3164142560387215]","[0.03716142171130005, 0.05333865498091871, 0.06565676077420471]",none,0,"Additionally, the establishment's home-baked goods and use of fresh ingredients have been highly appreciated by visitors."
Qwen2.5-1.5B-Instruct_K3,294,5046,2.4654550552368164,15,0.6196206212043762,0.09395697712898254,"[0.2637807140747706, 0.41249326765537264, 0.00931361565987269]","[0.023476536385715008, 0.06875419535305506, 0.006545021590621521]",none,0,"Along with its food, the charm of its Victorian setting is also often mentioned."
Qwen2.5-1.5B-Instruct_K3,295,3916,7.142675876617432,3,1.208713412284851,0.17300541698932648,"[0.6728386481602987, 0.15863652030626932, 0.052640825510025024]","[0.0747696509740005, 0.009221695751572648, 0.025079602375626564]",none,0,Sure!
Qwen2.5-1.5B-Instruct_K3,295,3916,1.1774373054504395,73,1.475771188735962,0.20685088634490967,"[1.0498714448953101, 0.003010292240741028, 0.0021552146606391284]","[0.15853580253791086, 0.008074364098706299, 0.005792659331391031]",none,0,"Here's the summary in 104 words:

Kelly Ripa celebrated her 53rd birthday on Live with Kelly and Mark, her husband Mark Consuelos greeted her with a risqué comment, ""I wore my birthday suit for you today."" They exchanged playful banter, and Kelly complimented Mark's suit, joking about her own birthday suit."
Qwen2.5-1.5B-Instruct_K3,295,3916,0.40200451016426086,17,0.796585738658905,0.15515699982643127,"[0.1862727916531559, 1.1484637195586829, 0.04449302018319406]","[0.026214206910160156, 0.13869141023058226, 0.0036324291402820563]",none,0,The couple has been married since 1996 and has three children together.
Qwen2.5-1.5B-Instruct_K3,295,3916,1.7410929203033447,26,0.9797409772872925,0.14208625257015228,"[0.33239578591802943, 0.03699669124706326, 0.6047076654011527]","[0.03357982687026169, 0.033332840452238506, 0.08695876849322723]",none,0,"They co-host the show together effortlessly, with an easygoing demeanor and a flirty dynamic that sets them apart from other talk shows."
Qwen2.5-1.5B-Instruct_K3,296,7031,1.2269680500030518,31,1.3024219274520874,0.2297804206609726,"[1.282008941499366, 0.09525027069931609, -0.025285845484411824]","[0.2140007066119588, 0.008829467749364994, 0.005109620968185834]",none,0,"New Baja Grill is a Mexican restaurant located in Goleta, CA, with a 4.0-star rating based on 3 customer reviews."
Qwen2.5-1.5B-Instruct_K3,296,7031,1.4707059860229492,17,1.61372709274292,0.19570417702198029,"[1.5879576386171668, 0.07379824788350721, 0.08771788591162905]","[0.1885265969664461, 0.0012313083557541284, 0.0023498939864807387]",none,0,"The restaurant offers indoor and outdoor seating, takeout, and good options for groups."
Qwen2.5-1.5B-Instruct_K3,296,7031,0.6034380793571472,23,1.5957623720169067,0.25055623054504395,"[1.635369855101643, 0.02126735327645134, -0.0035409416444093476]","[0.247669768737919, 0.0009876117727497765, 0.0017352085799129584]",none,0,"According to customer reviews, the torta de asada and salsa de aguacate are highly recommended dishes."
Qwen2.5-1.5B-Instruct_K3,296,7031,1.3613619804382324,19,0.6129201650619507,0.11667075008153915,"[-0.029628462653291582, 0.178793992598242, 0.0662118177724551]","[0.0408272345872846, 0.01692255244702928, 0.005045870442574453]",none,0,"However, there have been inconsistencies in the restaurant's closing hours, leading to frustration among customers."
Qwen2.5-1.5B-Instruct_K3,296,7031,2.2182726860046387,21,0.4781073033809662,0.14672453701496124,"[0.6197092596973691, -0.05974390606085459, -0.0011362797092823755]","[0.131505011359141, 0.0038936825322231187, 0.003930141604152075]",none,0,"Despite this, the overall ambiance is casual and welcoming, with no pretenses of being trendy or upscale."
Qwen2.5-1.5B-Instruct_K3,296,7031,1.6744024753570557,26,0.003947502002120018,0.04867003485560417,"[-0.14277670677382467, 0.1346975076406894, -0.07234367031777275]","[0.029736177290225478, 0.007115399523122243, 0.007149329513703369]",none,0,"While some customers have had great experiences at New Baja Grill, others have had disappointing encounters, resulting in a mixed bag of reviews."
Qwen2.5-1.5B-Instruct_K3,297,3222,1.889607548713684,29,2.1535258293151855,0.2765903174877167,"[1.10651930284301, -0.05831961778011614, 0.068613309548678]","[0.11700708661900817, 0.009835553372121122, 0.015090618071428315]",none,0,Week 10 of Big Brother 25 (BB25) sees Cameron Hardin nominated for eviction in a twist of events.
Qwen2.5-1.5B-Instruct_K3,297,3222,1.009525179862976,32,3.5312111377716064,0.37617382407188416,"[3.163594728735916, -0.020816379965253873, -0.04434912979854744]","[0.33092973479710963, 0.009868482850516003, 0.010151262480448509]",none,0,"Jag Bains won the Power of Veto competition and saved Felica Cannon, leading to Bowie Jane, the HOH, nominating Cameron as a replacement."
Qwen2.5-1.5B-Instruct_K3,297,3222,1.6704607009887695,21,2.630376100540161,0.2830718457698822,"[0.13863100852107718, 2.514232093379611, 0.07678516260126517]","[0.047264614480636305, 0.26051618105598856, 0.03163385464965055]",none,0,"Cameron's strategy has been to shield Cory and America Lopez, suggesting they will be targets once he leaves."
Qwen2.5-1.5B-Instruct_K3,297,3222,2.0016794204711914,17,0.4912717938423157,0.15206359326839447,"[-0.07972847209106583, -0.0007460209890268743, 0.4419501784997171]","[0.025138741510679265, 0.07793679419024985, 0.06273472438699494]",none,0,"Despite seeming likely to be evicted, Cameron continues to campaign for votes to stay."
Qwen2.5-1.5B-Instruct_K3,297,3222,1.2793182134628296,10,1.1124022006988525,0.16526779532432556,"[0.05718417782336473, -0.1803388215601444, 1.3726322785019875]","[0.011164619028568268, 0.03952025773469359, 0.16048706974834204]",none,0,He needs just four votes to remain in the game.
Qwen2.5-1.5B-Instruct_K3,298,7085,1.573509931564331,33,1.6155643463134766,0.21924550831317902,"[1.5265886731442262, 0.009879607441138378, -0.0032186097098129912]","[0.21308399021588478, 0.0031895097723863178, 0.002917766920084184]",none,0,"The Good Plow is a popular restaurant located in Carpinteria, California, known for its delicious salads, tasty American and Mexican cuisine, and cozy atmosphere."
Qwen2.5-1.5B-Instruct_K3,298,7085,1.314126968383789,26,-0.15595030784606934,0.06418104469776154,"[0.01803324407690245, 0.01376994843891365, 0.005541045218706131]","[0.05363663869376559, 0.0014073595300181717, 0.00128420178973425]",none,0,"With a 4.5-star rating and glowing customer reviews, this eatery is a must-visit for anyone in the area."
Qwen2.5-1.5B-Instruct_K3,298,7085,0.6504379510879517,30,0.2805902063846588,0.07647073268890381,"[0.32538926868692214, -0.006071153152879561, -0.008408233029755744]","[0.0775415248463484, 0.002736368808446817, 0.0007522423688821315]",none,0,"The restaurant's menu offers a variety of options, including plant-based and gluten-free dishes, making it an excellent choice for those with dietary restrictions."
Qwen2.5-1.5B-Instruct_K3,298,7085,1.2105802297592163,25,-0.03518817201256752,0.03307569399476051,"[-0.004418081678450108, 0.03654474243987352, 0.024659800805384293]","[0.02521793308100314, 0.00767614609820157, 0.0019584775456633]",none,0,"Customers rave about the freshness and quality of the ingredients, and the reasonable prices make it an affordable option for a casual meal out."
Qwen2.5-1.5B-Instruct_K3,298,7085,0.7374012470245361,16,-0.0005399137735366821,0.03259611874818802,"[-0.038033344884070175, 0.14015308884756905, -0.016425092018465648]","[0.020195572836755105, 0.006362124421542603, 0.0006340510742326444]",none,0,One of the standout features of The Good Plow is its welcoming atmosphere.
Qwen2.5-1.5B-Instruct_K3,298,7085,0.919598400592804,19,0.200353741645813,0.09753786027431488,"[0.18606195720521532, 0.2420336151605481, 0.015953951634161825]","[0.06866054117613442, 0.05661534814224691, 0.001826659892925052]",none,0,"The restaurant has a charming outdoor seating area, perfect for enjoying a meal on a sunny day."
Qwen2.5-1.5B-Instruct_K3,298,7085,0.8293378353118896,17,0.2127183973789215,0.06258513778448105,"[0.054129123906504366, 0.46547395166129824, 0.018614420064710323]","[0.03321822642768398, 0.08893033376789523, 0.0010204627322490094]",none,0,"Additionally, there is a play area for children, making it a great spot for families."
Qwen2.5-1.5B-Instruct_K3,298,7085,0.6793175935745239,28,-0.00999899860471487,0.028905648738145828,"[-0.08323656653614567, 0.08040342566555735, 0.005478249912503738]","[0.014085275229461505, 0.017062937893634, 0.001118756032197053]",none,0,"The service at The Good Plow is exceptional, with friendly and attentive staff who go above and beyond to ensure a pleasant dining experience."
Qwen2.5-1.5B-Instruct_K3,298,7085,0.8094740509986877,6,0.18579013645648956,0.03951994329690933,"[-0.015039037602643171, 0.037682684448858104, 0.04945534778138002]","[0.01349920502010112, 0.010485993853459755, 0.0012739663276685558]",none,0,"Customers have praised the staff for their warmth and hospitality, creating a cozy and inviting environment."
Qwen2.5-1.5B-Instruct_K3,299,2320,7.361125469207764,3,0.9039289951324463,0.16967622935771942,"[-0.2652117113272349, 0.07336508234341939, 0.04184843103090922]","[0.018521122517995536, 0.005119464787033697, 0.02533298342799147]",none,0,Sure!
Qwen2.5-1.5B-Instruct_K3,299,2320,1.0219017267227173,37,0.502000629901886,0.13435983657836914,"[0.5278746307270479, -0.010070313309591478, -0.007424847793314453]","[0.11895038873220581, 0.0006718615118968286, 0.0012268244638723776]",none,0,"Here's the summary in 96 words:

NASA's New Horizons spacecraft has sent back its first color image of Pluto, showing the dwarf planet and its largest moon Charon."
Qwen2.5-1.5B-Instruct_K3,299,2320,1.0816929340362549,11,0.5900065302848816,0.19854117929935455,"[0.6343345587903803, -0.04004958932372657, 0.041668050329793586]","[0.18026629022576593, 0.0077824931320885134, 0.001943064132319705]",none,0,Sharper images and more information will be coming soon.
Qwen2.5-1.5B-Instruct_K3,299,2320,0.6117762327194214,30,0.8203727006912231,0.13030177354812622,"[0.43334586207687004, 0.2831369845101411, 0.16465784586143856]","[0.0828074720454121, 0.0511425448907237, 0.024064660545398433]",none,0,"The spacecraft will make its closest approach to Pluto on July 14, providing new insights into the mysterious Kuiper Belt region of the solar system."
Qwen2.5-1.5B-Instruct_K3,299,2320,1.1106464862823486,26,1.0154309272766113,0.1658620685338974,"[0.09899129056555886, -0.010689485814492191, 0.932013533776626]","[0.029503021386473777, 0.037284845491884565, 0.1261500969547062]",none,0,"The mission promises to be an ""exploration bonanza"" with discovery of new details about Pluto's surface, atmosphere, and moons."
Qwen2.5-1.5B-Instruct_K3,300,7416,0.786119818687439,30,2.294574737548828,0.31170380115509033,"[1.4771094203771402, 0.007758054891291976, -0.01298701821948877]","[0.22368187828105873, 0.0001880161743751311, 0.002150454554776123]",none,0,"Taqueria El Buen Gusto is a highly-rated Mexican restaurant located at 836 N Milpas St, Santa Barbara, CA."
Qwen2.5-1.5B-Instruct_K3,300,7416,0.5954867601394653,27,0.5670069456100464,0.09175778180360794,"[0.5801626227841081, 0.013186219409143869, -0.018094711370024556]","[0.0954321600149881, 0.0003917224681626092, 0.002903474860199632]",none,0,"Specializing in tacos, it is open seven days a week from 8:00 AM to 9:00 PM."
Qwen2.5-1.5B-Instruct_K3,300,7416,1.3200807571411133,19,1.6037052869796753,0.17636863887310028,"[1.578576213190038, 0.0036632184300718733, 0.02272483416661424]","[0.18352739914859595, 0.001995034383532201, 0.0013468502016729346]",none,0,The restaurant does not offer valet or garage parking but does have street and lot parking available.
Qwen2.5-1.5B-Instruct_K3,300,7416,1.6321812868118286,16,0.7608346939086914,0.14763222634792328,"[0.7228106716065668, 0.013396337122685509, 0.02649926447247708]","[0.15000482635514345, 0.001698818674924496, 0.002488722688440248]",none,0,"Other amenities include takeout service, and it is also suitable for group dining."
Qwen2.5-1.5B-Instruct_K3,300,7416,1.1210840940475464,17,0.3645835816860199,0.11634896695613861,"[0.44648553066037816, 0.018478062014122876, -0.1011963044258985]","[0.12061354050092632, 0.00440884781343865, 0.002280350973973434]",none,0,"However, they do not accept reservations and do not offer outdoor seating or Wi-Fi."
Qwen2.5-1.5B-Instruct_K3,300,7416,1.3908206224441528,11,1.3630863428115845,0.13973374664783478,"[1.2097708500170319, -0.01077312074688631, -0.07066774448594515]","[0.13941557907541705, 0.0015585280173553429, 0.00217365087792261]",none,0,The ambience is described as divey and casual.
Qwen2.5-1.5B-Instruct_K3,300,7416,0.8248016834259033,12,0.9462202191352844,0.14003293216228485,"[0.9953601571420828, 0.023690203233854845, -0.025622153712902218]","[0.14861420666178068, 0.0011459021444200819, 0.00795315679486445]",none,0,The restaurant's business rating is 4.5 stars.
Qwen2.5-1.5B-Instruct_K3,300,7416,0.8813151717185974,26,2.044861316680908,0.21098950505256653,"[2.018815867602825, -0.02976770337912827, -0.014535497426270293]","[0.2051067109009287, 0.010267525208571616, 0.005298447278024609]",none,0,"Customers have praised the restaurant for its friendly staff, with specific recommendations for the wet super burrito and chorizo breakfast burrito."
Qwen2.5-1.5B-Instruct_K3,300,7416,1.1504498720169067,16,1.2098076343536377,0.17698121070861816,"[0.2869141429443971, 0.004951334477482305, 1.6820996568094415]","[0.054596384605929416, 0.00621744608715602, 0.1895649276111726]",none,0,The restaurant is also recognized as one of the best Mexican food joints on Milpas.
Qwen2.5-1.5B-Instruct_K3,301,8689,0.7311819791793823,26,2.2721357345581055,0.3367542028427124,"[1.2807336948563506, 0.011477004640395395, 0.0032807083032541694]","[0.21186467952569588, 0.0006586898023127875, 0.0009826387913388036]",none,0,"Montecito Village Grocery is a local business located at 1482 E Valley Rd in Santa Barbara, CA."
Qwen2.5-1.5B-Instruct_K3,301,8689,0.6729299426078796,34,1.5908714532852173,0.25878965854644775,"[1.7431440216151874, -0.01005125160466324, 0.009934062928069205]","[0.2621101662632421, 0.0008267715165071449, 0.001052538003748663]",none,0,"It offers a variety of products and services including specialty food, beer, wine & spirits, groceries, bakeries, restaurants, delis, butcher shops, and food."
Qwen2.5-1.5B-Instruct_K3,301,8689,0.6148909330368042,22,0.3050028681755066,0.060482170432806015,"[0.46685667215603066, -0.014299629369402695, -0.025174889561392112]","[0.07063275421158076, 0.0013593213103449257, 0.0015459376159790074]",none,0,The store operates from 7:00 AM to 8:00 PM every day of the week.
Qwen2.5-1.5B-Instruct_K3,301,8689,0.9825887084007263,12,0.09547825902700424,0.03697235882282257,"[0.0857160300565738, -0.027790717931566178, 0.47269711046677304]","[0.02391926561085711, 0.0008391069506027785, 0.024308416397010053]",none,0,Customers have mixed reviews about Montecito Village Grocery.
Qwen2.5-1.5B-Instruct_K3,301,8689,0.8602478504180908,31,1.4665602445602417,0.22016523778438568,"[1.4203968988618842, -0.06764154172513724, -0.027376440373407075]","[0.20949967289385724, 0.011026438956774185, 0.004280842704892782]",none,0,"One customer mentioned that it is a smaller store with less inventory compared to big chain groceries but is also less crowded, making it an easier place to shop."
Qwen2.5-1.5B-Instruct_K3,301,8689,0.6076364517211914,9,2.2126731872558594,0.2710341811180115,"[0.3298481134697795, 2.5732960916227765, 0.05444361698917217]","[0.054942845742011234, 0.2507205481330554, 0.005969397052669794]",none,0,They appreciated the ample parking and calm atmosphere.
Qwen2.5-1.5B-Instruct_K3,301,8689,0.9122031927108765,17,0.9084238409996033,0.21072982251644135,"[0.002275329555713517, 1.2266958262839847, -0.03819451134254718]","[0.0208186385797864, 0.2613862317829283, 0.011562188240478624]",none,0,"The wine selection was described as solid, with a focus on local and regional wines."
Qwen2.5-1.5B-Instruct_K3,301,8689,0.7467471957206726,9,1.2815696001052856,0.31185442209243774,"[0.08470767700055148, 0.18111054460314335, 1.5076276293774653]","[0.0211734845246004, 0.047363720031373506, 0.2604606528685609]",none,0,The cheese and deli section was also praised.
Qwen2.5-1.5B-Instruct_K3,301,8689,0.43476244807243347,17,1.0716402530670166,0.17546427249908447,"[-0.007429770230801831, -0.060488376875689615, 1.8866141712344817]","[0.015313659035147045, 0.01028548814794222, 0.20368135990255898]",none,0,"However, another customer had a negative experience, citing bad service and expired products."
Qwen2.5-1.5B-Instruct_K3,301,8689,1.5589251518249512,13,1.6792012453079224,0.16709350049495697,"[0.002543993706170183, 0.023655307192641955, 0.4070895890920208]","[0.016761562639238455, 0.014494165659506017, 0.10958574773618378]",none,0,"They suggested going to Von's, a competing grocery store, instead."
Qwen2.5-1.5B-Instruct_K3,301,8689,1.9314253330230713,10,0.08568356931209564,0.059769462794065475,"[-0.01420574432122521, -0.18512816405273042, 0.11170212025754153]","[0.020781375758997456, 0.012210814577338169, 0.054437532865267715]",none,0,"On the other hand, a positive review highlighted the store's unique offerings, such as European specialty items and quality food."
Qwen2.5-1.5B-Instruct_K3,302,3077,1.8604323863983154,15,1.59683358669281,0.17365789413452148,"[0.8415102068334818, 0.10652199021230141, 0.11644686131427685]","[0.08250369645344714, 0.009430713881738485, 0.013487980724312365]",none,0,"Aaron Hernandez, former NFL player, has been on trial for murder."
Qwen2.5-1.5B-Instruct_K3,302,3077,1.1111900806427002,26,0.8543186187744141,0.18031549453735352,"[0.2531519461794792, 0.317384219629905, 0.0646487142411598]","[0.07488785573766038, 0.05654495925801502, 0.006453307777589474]",none,0,"Despite the seriousness of the charges, he has been seen smiling, winking, and flirting with his fiancée in court."
Qwen2.5-1.5B-Instruct_K3,302,3077,1.211437463760376,28,1.4100645780563354,0.20141740143299103,"[0.04664306719912149, 0.4175473999933144, 1.1665162210951425]","[0.02479376055820077, 0.062160888457388604, 0.12196990735537838]",none,0,"He has also been observed looking at the family of the victim, Odin Lloyd, and locking eyes with Lloyd's mother, Ursula Ward."
Qwen2.5-1.5B-Instruct_K3,302,3077,1.814958095550537,32,0.9730114936828613,0.21541021764278412,"[0.18463912757817913, -0.10936889673030237, 0.7719096576585116]","[0.04491830786694695, 0.014998262054731315, 0.17932566583857912]",none,0,"When his fiancée testified, Hernandez paid close attention, and when New England Patriots owner Robert Kraft testified, Hernandez watched intently as Kraft described his clothing."
Qwen2.5-1.5B-Instruct_K3,302,3077,1.073814034461975,26,1.360600233078003,0.241887629032135,"[0.0023650475217996594, -0.016177059932558153, 1.2977620442397892]","[0.015598192311139987, 0.006102619699819256, 0.23394991082246774]",none,0,"On the final day of testimony, Hernandez seemed confident, smiling at his relatives, but did not look back as he exited the courtroom."
Qwen2.5-1.5B-Instruct_K3,303,4667,1.2332077026367188,30,2.190242052078247,0.3186604380607605,"[1.5510908087511779, 0.04282488504095454, 0.008045302077304466]","[0.21840513204721598, 0.0037977760153097505, 0.0044186436760696775]",none,0,"The Chicago City Council's Committee on Immigrant and Refugee Rights discussed the city's ""sanctuary city"" status amidst an influx of migrants."
Qwen2.5-1.5B-Instruct_K3,303,4667,0.7923749685287476,19,1.0992385149002075,0.27848121523857117,"[0.8221765840916258, 0.026463861764090036, 0.07969525524439584]","[0.23774886965800665, 0.009604739355061634, 0.007498027558061662]",none,0,Two aldermen plan to introduce a resolution that could lead to a referendum on the issue.
Qwen2.5-1.5B-Instruct_K3,303,4667,0.8946734666824341,33,2.285391330718994,0.3367525041103363,"[0.17547560872613263, 2.0685805053764135, 0.09798615346473084]","[0.04406822077434106, 0.29754314056900155, 0.016416331906827276]",none,0,"The city is struggling to accommodate migrants, with nearly 2,000 housed in police stations and 353 ambulance calls made from shelters and airports."
Qwen2.5-1.5B-Instruct_K3,303,4667,1.192266583442688,24,1.4110552072525024,0.26054683327674866,"[0.09529623141103609, 0.18487088104908858, 0.5767056053692841]","[0.04110404895754982, 0.06445350278121016, 0.1353276395295134]",none,0,"Governor JB Pritzker hopes other cities will voluntarily assist in managing the crisis, while acknowledging the need for more support."
Qwen2.5-1.5B-Instruct_K3,303,4667,1.6466768980026245,13,1.0503288507461548,0.1846075803041458,"[0.4501809218905132, 0.9870854760161959, 0.13500147001972296]","[0.040083990324721805, 0.11733086143906873, 0.02370769205922093]",none,0,The council is seeking solutions to address the crisis without descending into chaos.
Qwen2.5-1.5B-Instruct_K3,304,5388,1.0253822803497314,25,2.4757938385009766,0.2875369191169739,"[2.041590469777584, 0.0003323670558165759, 0.01887092555698473]","[0.26945872221142053, 0.0006391661894417666, 0.0006092969099381662]",none,0,"The Good Lion is a highly-rated cocktail bar located at 1212 State St in Santa Barbara, CA."
Qwen2.5-1.5B-Instruct_K3,304,5388,2.326340436935425,24,0.492534875869751,0.0997604951262474,"[0.6122351423594713, -0.060791689776427425, 0.009918038015409062]","[0.11162755469255596, 0.0068755796568211736, 0.0031584207002500384]",none,0,"It is known for its hipster and intimate ambience, and is open Tuesday to Sunday, primarily during the evenings."
Qwen2.5-1.5B-Instruct_K3,304,5388,1.7950668334960938,21,1.0588438510894775,0.15380194783210754,"[0.7903505368324529, 0.01293229568095523, -0.03028017877867179]","[0.1348212321269481, 0.004387419322093982, 0.010779814297555796]",none,0,"The bar offers street parking and is suitable for groups, but does not have Wi-Fi or live music."
Qwen2.5-1.5B-Instruct_K3,304,5388,1.4780954122543335,35,2.0696184635162354,0.2658146321773529,"[0.6075374944601208, 1.8586023376090453, -0.017657412120440443]","[0.07995102570566814, 0.2022235352961486, 0.02559096978982]",none,0,"The Good Lion is appreciated for its unique and impressive cocktail list, with drinks like 'Family Robinson' and 'Love it when you call me big Papa' receiving positive mentions."
Qwen2.5-1.5B-Instruct_K3,304,5388,1.0119186639785767,21,2.219111204147339,0.23881308734416962,"[0.20627523327996078, 0.0011756794049558397, 1.77520663426029]","[0.036529276999404135, 0.00698412755253858, 0.18138999965854705]",none,0,"It offers both indoor and outdoor seating, with additional seating added in the street due to vehicle traffic restrictions."
Qwen2.5-1.5B-Instruct_K3,304,5388,1.3808244466781616,25,0.17177797853946686,0.10690902918577194,"[-0.017097776296141093, -0.014020610380684957, 0.6087297819112427]","[0.017303009615934572, 0.002166016211410806, 0.1456032113402034]",none,0,"However, some customers have noted that the service can be slow, suggesting the addition of more bartenders to improve the overall experience."
Qwen2.5-1.5B-Instruct_K3,305,5713,0.6910240054130554,29,1.950516939163208,0.26660045981407166,"[1.91372300388998, 0.020305703638612237, 0.0195271401871337]","[0.23346896547495974, 0.00033754446199270267, 0.0011523649474303637]",none,0,"Kyle's Isla Vista is a local restaurant located at 900 Embarcadero Del Mar in Isla Vista, CA."
Qwen2.5-1.5B-Instruct_K3,305,5713,0.9059365391731262,24,1.3205628395080566,0.16620349884033203,"[1.2010430900560702, 0.04877808987521348, 0.051220159618878824]","[0.1553910831888364, 0.0010752761280663492, 0.0015945979594486441]",none,0,"The establishment offers a variety of food options including burgers, ice cream, frozen yogurt, and American (Traditional) cuisine."
Qwen2.5-1.5B-Instruct_K3,305,5713,1.1163623332977295,14,0.5426909327507019,0.13792181015014648,"[0.7106072790920734, 0.026976547445104058, -0.028024375438690186]","[0.12722909809755428, 0.0006518366811048638, 0.0012337627445049293]",none,0,The business provides free WiFi and outdoor seating for customers to enjoy their meals.
Qwen2.5-1.5B-Instruct_K3,305,5713,0.9857443571090698,21,0.20533278584480286,0.03508967161178589,"[0.08502260201480351, -0.009974039770462522, -0.0466964502038536]","[0.025479438825121697, 0.0005005515011475836, 0.0017142316997743972]",none,0,"However, based on customer reviews, it seems that Kyle's Isla Vista has received mixed feedback."
Qwen2.5-1.5B-Instruct_K3,305,5713,1.9706944227218628,9,0.3060188889503479,0.06500651687383652,"[-0.4195899913708369, 0.07349719769424862, 0.013893622491094802]","[0.06417690820267631, 0.0013217578849030866, 0.0024250636148887375]",none,0,Some customers have expressed disappointment with their experiences.
Qwen2.5-1.5B-Instruct_K3,305,5713,1.400282621383667,17,0.11768178641796112,0.1625164896249771,"[0.0735592281250908, 0.03736546351095004, 0.05560618053095823]","[0.16379954338463798, 0.0022124446251848774, 0.005765027407235834]",none,0,One customer mentioned that the food was overpriced and the fries were overcooked.
Qwen2.5-1.5B-Instruct_K3,305,5713,0.6730246543884277,19,1.2782927751541138,0.22598929703235626,"[1.2915140833325782, -0.08054965770325477, -0.07728532689476483]","[0.21298011447843715, 0.006486415030466512, 0.00453887634174814]",none,0,They also mentioned that the restaurant ran out of their bread and used store-bought bread instead.
Qwen2.5-1.5B-Instruct_K3,305,5713,0.33058375120162964,23,1.2974814176559448,0.18968872725963593,"[1.1507830345679237, 0.01814879776670948, -0.002356886378176727]","[0.16711404335523106, 0.009918358811507334, 0.0037901446811131755]",none,0,"Another customer had a negative experience with the chicken, stating that it was chewy, stringy, and tough."
Qwen2.5-1.5B-Instruct_K3,305,5713,1.390506625175476,12,1.1251976490020752,0.16980288922786713,"[0.5407565855033075, 1.3006557504607674, 0.07103341025625316]","[0.07949122243007878, 0.10466961483689374, 0.02958489521309578]",none,0,They also mentioned issues with the coating and lack of flavor.
Qwen2.5-1.5B-Instruct_K3,305,5713,1.764792561531067,22,-0.15973466634750366,0.08909895271062851,"[-0.1322362801461581, -0.20907660246352447, 0.5065801570480372]","[0.030836646827579403, 0.10948021260242574, 0.04797751302536116]",none,0,"Additionally, this customer noted that their order took a long time to be prepared and there was a lack of communication."
Qwen2.5-1.5B-Instruct_K3,305,5713,1.1239838600158691,10,0.6877137422561646,0.06275096535682678,"[0.7576718371361494, -0.04139257846400142, -0.04291159794665873]","[0.05640774367493577, 0.006529191351728514, 0.009865890483433759]",none,0,It is important to note that the review information provided highlights some negative aspects of the business.
Qwen2.5-1.5B-Instruct_K3,306,4929,1.0607714653015137,27,2.563000440597534,0.281311959028244,"[1.7527860493211376, 0.29937059487322887, -0.027695015308886975]","[0.1705717345450837, 0.025895702144255125, 0.0055129420213562395]",none,0,"Kin Bakeshop is a popular pop-up restaurant in Santa Barbara, California that specializes in unique and delicious mochi donuts."
Qwen2.5-1.5B-Instruct_K3,306,4929,1.0295368432998657,28,0.8548468947410583,0.16706667840480804,"[0.07075411579483314, -0.006530790773077959, 0.17684310622748203]","[0.03669431672551582, 0.006146345835929878, 0.008395222076996691]",none,0,"With a 5-star rating and numerous positive reviews, customers rave about the exceptional flavors and excellent customer service provided by the owner, Tommy."
Qwen2.5-1.5B-Instruct_K3,306,4929,1.0128501653671265,25,0.03964958339929581,0.06202292814850807,"[0.14240258551144508, 0.22346820252714678, -0.12240655334899202]","[0.023465957222515498, 0.023581415928570094, 0.01931787826042182]",none,0,"Reviewers particularly appreciate the attention to detail and creativity in the donut designs, as well as the friendly and welcoming atmosphere."
Qwen2.5-1.5B-Instruct_K3,306,4929,1.4850574731826782,33,1.1443157196044922,0.12902244925498962,"[0.040751047947472245, 0.48954095517877827, -0.0023291024492319784]","[0.04245401596204884, 0.048045395656972134, 0.008073050850450245]",none,0,"Despite selling out quickly, customers highly recommend trying to get a box, citing the high quality of the product and the positive impact it can have on a bad day."
Qwen2.5-1.5B-Instruct_K3,306,4929,0.6556475162506104,22,-0.041068777441978455,0.018280617892742157,"[0.0014477373229469363, -0.054431526053907546, 0.042715986800617015]","[0.005537899191705523, 0.003004564759391118, 0.0073184219857063745]",none,0,"Overall, Kin Bakeshop is a must-try destination for anyone looking for a sweet treat in Santa Barbara."
Qwen2.5-1.5B-Instruct_K3,307,636,1.438722014427185,24,1.578494906425476,0.2447522133588791,"[0.9800074702943675, -0.0352956012981546, 0.028868880677691777]","[0.11155267710546468, 0.006184738576583489, 0.0015132891816165284]",none,0,The Department of Justice (DOJ) has begun talks with the city of Ferguson to restructure the police department.
Qwen2.5-1.5B-Instruct_K3,307,636,2.116920232772827,26,0.1469784379005432,0.16585268080234528,"[0.3690815685997502, 0.008047024768669732, -0.04428217092152828]","[0.1558055837007347, 0.011917884079593932, 0.003253173363471153]",none,0,"The discussions follow a six month review by the DOJ, which was initiated by protests and activism after the police killing of Michael Brown."
Qwen2.5-1.5B-Instruct_K3,307,636,1.1968189477920532,47,1.1560301780700684,0.16742880642414093,"[0.9742119648850504, -0.005971549291837405, 0.0005783489459451843]","[0.14482502618363682, 0.02060901740857476, 0.0015827149675502331]",none,0,"The report from the DOJ condemned the Ferguson Police Department and court system for their discriminatory treatment of black citizens, including illegal traffic stops, arrests and the use of excessive force, as well as the levying of excessive court fines and fees."
Qwen2.5-1.5B-Instruct_K3,307,636,1.0951485633850098,18,0.4830525815486908,0.19833040237426758,"[-0.0688023014097578, 0.6871666104222337, -0.020241866635236267]","[0.07709477743547824, 0.16129299021041435, 0.004120320656511467]",none,0,The DOJ report also recommended new training for police officers and structural changes to the court system.
Qwen2.5-1.5B-Instruct_K3,307,636,1.289861798286438,15,1.839652180671692,0.30624184012413025,"[0.11091010220116004, -0.2053017872822238, 0.8451316232482592]","[0.030618815624135702, 0.03178908251987499, 0.08602827610448002]",none,0,The city council will now be 50% black after recent elections.
Qwen2.5-1.5B-Instruct_K3,307,636,2.4080140590667725,19,-0.26037973165512085,0.057067688554525375,"[-0.14648357909908027, 0.09147200705544827, -0.09148120260674898]","[0.02239656483786683, 0.024274962354722544, 0.02498299323456434]",none,0,The DOJ report suggested the possibility of disbanding the police department and integrating it with St.
Qwen2.5-1.5B-Instruct_K3,307,636,1.6358979940414429,3,-0.1072523221373558,0.030575180426239967,"[-0.03680217266082764, 0.02395103375116984, 0.20913382371266684]","[0.00938235285381476, 0.016917240029821794, 0.013685709486405054]",none,0,Louis County.
Qwen2.5-1.5B-Instruct_K3,307,636,2.0371031761169434,21,0.09783283621072769,0.02998722717165947,"[-0.011575311599742798, -0.05248774765502839, 0.04379074754459517]","[0.017497346531378015, 0.01039288995698804, 0.00444462688063227]",none,0,The Department of Justice is now in negotiation with Ferguson's leadership to determine the future shape of the police department.
Qwen2.5-1.5B-Instruct_K3,308,3726,1.4670950174331665,28,2.6549072265625,0.310394823551178,"[1.8422226029381688, -0.04194891835504677, 0.005865871515457651]","[0.2607790211321636, 0.003856568722799888, 0.0027115356727205964]",none,0,The Alamogordo Tigers Football team closed their season with a 5-5 record after beating Organ Mountain 27-0.
Qwen2.5-1.5B-Instruct_K3,308,3726,0.919018030166626,24,2.8538119792938232,0.34806811809539795,"[2.8899878400067487, 0.028937292552351817, -0.0009337180769459034]","[0.35384780855383724, 0.0022737273005380607, 0.0020703607204287286]",none,0,"A’Veion Valdez and Anthony Audette both had strong performances, each rushing for 144 yards."
Qwen2.5-1.5B-Instruct_K3,308,3726,0.47402599453926086,22,1.2201564311981201,0.24110263586044312,"[0.38003280803836376, 1.1050497496669942, 0.010721103789612905]","[0.07613696215610782, 0.15090095152316446, 0.0014022411732267674]",none,0,The Tigers are currently ranked 23rd in the state and tied for 3rd in the district.
Qwen2.5-1.5B-Instruct_K3,308,3726,1.056524634361267,48,1.4668086767196655,0.2648587226867676,"[0.13510990851621804, 1.0148870679743898, 0.687621068429659]","[0.037859183781506545, 0.12481105306687823, 0.13549163289449476]",none,0,"In other sports news, the Tularosa Lady Cats, Capitan Lady Chiefs, and Cloudcroft Lady Bears all won their respective volleyball matches, while the Tigers' boys and girls soccer teams lost to Las Cruces and Gadsden respectively."
Qwen2.5-1.5B-Instruct_K3,309,3470,0.9790940880775452,34,2.016186475753784,0.31515538692474365,"[0.39804177738808316, 0.04283509140291512, -0.0015758704590980949]","[0.1422769418469911, 0.005439960965328041, 0.005771388397961881]",none,0,"South Carolina State Parks is offering free admission to all 47 parks on Black Friday, November 24th, as part of the #OptOutside initiative."
Qwen2.5-1.5B-Instruct_K3,309,3470,0.28463014960289,24,1.4380836486816406,0.23759710788726807,"[0.05368531647354757, 1.4489687274059786, 0.04661062124190115]","[0.018253517138892523, 0.22356018246561385, 0.002420299208741502]",none,0,Hunting Island State Park in Beaufort will also be open with free admission from 6am to 6pm.
Qwen2.5-1.5B-Instruct_K3,309,3470,0.7201551795005798,17,0.4370693564414978,0.1651047021150589,"[-0.04304693797680289, 0.5417832599624115, -0.0012387061872098403]","[0.005366228150759365, 0.15748064520063482, 0.002166803130274489]",none,0,Visitors are encouraged to share their experiences on social media with the hashtag #OptOutsideSC.
Qwen2.5-1.5B-Instruct_K3,310,956,0.8232847452163696,40,1.1129348278045654,0.1929158717393875,"[0.8490690856106085, -0.022450649236907337, 0.03136396295285522]","[0.13101559779111085, 0.005757243530074163, 0.0024635272665790354]",none,0,"Actress Penelope Cruz has joined the cast of the upcoming sequel to ""Zoolander,"" ""Zoolander 2,"" which stars Ben Stiller as male model Derek Zoolander."
Qwen2.5-1.5B-Instruct_K3,310,956,1.0906805992126465,22,0.5861464142799377,0.17077557742595673,"[0.2503677276915617, 0.4559101207057459, -0.00835722824955486]","[0.06014934200952253, 0.0954492962461121, 0.006441565775312277]",none,0,The movie is set for a February 2016 release and features a cameo appearance by Owen Wilson.
Qwen2.5-1.5B-Instruct_K3,310,956,1.4838842153549194,15,1.2814046144485474,0.2235921174287796,"[1.3761870224649708, -0.03746043725986965, -0.06507370859423342]","[0.22862679213285447, 0.01825638419589571, 0.005568273720079257]",none,0,The duo surprised everyone by showing up at Paris Fashion Week to promote the film.
Qwen2.5-1.5B-Instruct_K3,311,2859,1.2858755588531494,26,1.5419834852218628,0.19981449842453003,"[0.7745865244651213, 0.02108060413425287, 0.03867688484220148]","[0.12755418308034466, 0.003050387332083259, 0.0027140378391910993]",none,0,"On Saturday, a massive 7.8 magnitude earthquake struck Nepal, causing avalanches on Mount Everest and killing several people."
Qwen2.5-1.5B-Instruct_K3,311,2859,1.1558858156204224,20,1.397666335105896,0.23438005149364471,"[1.3908922556503966, -0.047084649419502966, -0.03232390314474287]","[0.21590895905719662, 0.004249293938974575, 0.003061126038615214]",none,0,"Jon Reiter, a seasoned mountaineer, was shaken by the event but unharmed."
Qwen2.5-1.5B-Instruct_K3,311,2859,2.397570848464966,18,-0.7695371508598328,0.09059879183769226,"[-0.6690199428194319, -0.14001686322515322, -0.06975049380475361]","[0.07504584871882496, 0.011082995058889841, 0.0025102744915557196]",none,0,Reiter has climbed Everest three times before and was planning to attempt it again this year.
Qwen2.5-1.5B-Instruct_K3,311,2859,1.5209934711456299,18,0.2376246452331543,0.04259626194834709,"[0.0019343406569937037, 0.06477991596855442, -0.04445566357228219]","[0.02832103871090415, 0.004745120446892138, 0.0035024871749303405]",none,0,"However, the recent avalanches have raised concerns about the safety of climbers on the mountain."
Qwen2.5-1.5B-Instruct_K3,311,2859,0.8600245118141174,19,0.44107186794281006,0.16202673316001892,"[0.3308116397575328, -0.10023822805746213, -0.010963495710472526]","[0.10307083715145525, 0.03519224131780088, 0.00555271102310048]",none,0,"So far, 17 people have been killed on the mountain, including several foreign climbers."
Qwen2.5-1.5B-Instruct_K3,311,2859,0.4724311828613281,28,2.544053316116333,0.3402792513370514,"[2.4505170128811318, -0.05943336562686292, -0.005317525934255433]","[0.3233698546298131, 0.012982949283925547, 0.0023672695278355504]",none,0,The Indian Army's Everest Expedition evacuated the bodies of 13 mountaineers from a base camp who were preparing to scale the mountain.
Qwen2.5-1.5B-Instruct_K3,311,2859,2.4874513149261475,29,1.1071041822433472,0.18495088815689087,"[0.02309057637567407, -0.19262916083319176, 0.9926021156134084]","[0.03722905187570522, 0.009181571679430912, 0.16806060769233916]",none,0,"Local companies that organize climbs on Everest have reported deaths among their clients, including Dan Fredinburg, a Google executive and avid mountaineer."
Qwen2.5-1.5B-Instruct_K3,311,2859,3.5517852306365967,20,0.0012192695867270231,0.030444975942373276,"[-0.1042439367622137, -0.008218629099428654, -0.02140498422086239]","[0.01257861550548114, 0.014565561423660256, 0.013566922233439981]",none,0,"Eve Girawong, a base camp medic from New Jersey, was also killed in the avalanche."
Qwen2.5-1.5B-Instruct_K3,311,2859,1.2677112817764282,22,-0.005971312522888184,0.018529124557971954,"[0.01866732078699649, -0.028294300205412914, 0.011623968198281627]","[0.01434170787119497, 0.011358147219756243, 0.00892043309497901]",none,0,"Experienced climbers such as Jim Whittaker, who was the first American to reach the summit of Everest in 1963, have confirmed that climbers they know are safe but stranded above the icefall."
Qwen2.5-1.5B-Instruct_K3,312,3709,1.2811086177825928,27,1.938826084136963,0.24927185475826263,"[0.6689180591395901, -0.0058991636388883405, 0.038544261406328856]","[0.10025356215456432, 0.001134373623463708, 0.004465559182672559]",none,0,Mary Ann Johnson went missing in 1994 in Los Angeles in a baffling case that has puzzled investigators for decades.
Qwen2.5-1.5B-Instruct_K3,312,3709,0.43411985039711,23,2.0545241832733154,0.3206574320793152,"[2.1070322374934736, 0.014550281565828735, 0.030470647801057963]","[0.3036992802568104, 0.0013669350282626788, 0.001456497486623962]",none,0,"Days before Christmas, she was approached by three men who admitted they were paid $800 to harm her."
Qwen2.5-1.5B-Instruct_K3,312,3709,0.935080349445343,16,1.3843618631362915,0.1914788782596588,"[1.2064086449536262, 0.03667964495525666, 0.007926330736154341]","[0.18138017788442085, 0.003945989987926168, 0.003410477700327874]",none,0,"However, they chose not to hurt her and walked away, keeping the money."
Qwen2.5-1.5B-Instruct_K3,312,3709,0.39493533968925476,36,1.3344208002090454,0.2067365050315857,"[1.2652773588710664, 0.011180575887146283, 0.04734306427921019]","[0.18270767558007922, 0.016063718190694312, 0.008778670960960177]",none,0,"Mary Ann's last confirmed sighting was on January 19, 1994, when she told her colleagues she planned to meet her estranged husband the next day."
Qwen2.5-1.5B-Instruct_K3,312,3709,1.822439432144165,20,1.2547266483306885,0.2483007162809372,"[0.03392138322815299, 1.7089021537452935, -0.1698029801249504]","[0.07257967674522661, 0.24511115169152617, 0.021356002077482117]",none,0,"Her car was later found parked at a restaurant they co-owned, with no evidence indicating her whereabouts."
Qwen2.5-1.5B-Instruct_K3,312,3709,0.6507741808891296,21,2.0668232440948486,0.24876776337623596,"[0.3277299323789997, 2.0031877491024455, 0.1866461587408031]","[0.036466390243904676, 0.24673555999816882, 0.027871541842722808]",none,0,"Mary Ann is officially listed as an endangered missing person, and authorities have not named a person of interest."
Qwen2.5-1.5B-Instruct_K3,312,3709,0.41477978229522705,12,0.06267233937978745,0.10299018025398254,"[0.0008054770032686065, -0.005593216125513815, -0.03272924821915998]","[0.00903587707891044, 0.0063494621404818945, 0.0915696514772814]",none,0,Anyone with information is urged to contact the Los Angeles Police Department.
Qwen2.5-1.5B-Instruct_K3,313,2004,1.712166428565979,49,1.318381905555725,0.24752601981163025,"[0.9541743730708044, -0.042232300824846844, -0.05388859004181411]","[0.18138717654237183, 0.002351115951736277, 0.0018954328575648328]",none,0,"A new Consumer Reports study has found that Southwest Airlines offers the most tickets for airline rewards programmes, with 11.9 million tickets available, or 11.5% of 103.1 million total passenger seats."
Qwen2.5-1.5B-Instruct_K3,313,2004,0.6190263628959656,50,1.1008639335632324,0.19079405069351196,"[1.0516327876690774, -0.009363500580511754, -0.008443387372244615]","[0.17529044150956907, 0.004697326655632423, 0.0036083435753175765]",none,0,"Conversely, JetBlue was found to be the least generous of the five biggest US airlines, offering 892,000 one-way passenger tickets, or 4.5% of its total 19.7 million US seats."
Qwen2.5-1.5B-Instruct_K3,313,2004,0.9961118102073669,34,1.381264328956604,0.23762363195419312,"[1.4029451363158467, 0.005076777593999663, -0.01117177784223767]","[0.21466978933997727, 0.0035870641040673945, 0.0019609998376729303]",none,0,"Southwest's generous offering is due to its 'Every Seat is an Award Seat' policy, no blackout dates, and points that do not expire, according to a spokesperson."
Qwen2.5-1.5B-Instruct_K3,313,2004,1.5888020992279053,21,0.48359769582748413,0.16725130379199982,"[0.028940065630844662, -0.004656426963352021, 0.3167204351297447]","[0.037770663077632584, 0.04651691461358929, 0.061147761752917654]",none,0,The study also found that passengers using airline rewards programmes should be careful to get the best value for their miles.
Qwen2.5-1.5B-Instruct_K3,314,8932,6.992227077484131,3,-0.5327216982841492,0.3416101634502411,"[-1.08745276927948, 0.17804878950119019, -0.38404732942581177]","[0.13019046866490194, 0.0002972844328420858, 0.0276497388840653]",none,0,Sure!
Qwen2.5-1.5B-Instruct_K3,314,8932,0.7072572708129883,49,1.3265553712844849,0.16458305716514587,"[0.41382009309225914, 0.10365830547795797, 0.051910711892857335]","[0.06814873788969134, 0.020301078764810992, 0.007809094918515052]",none,0,"Here's an objective overview of Five & 1/4 based on the provided structured data:

Five & 1/4 is a wine bar located in Santa Barbara, California, offering a unique selection of old world wines and delicious small plates."
Qwen2.5-1.5B-Instruct_K3,314,8932,1.5164602994918823,24,0.16311319172382355,0.062222328037023544,"[-0.00482574209794014, -0.061677693372378904, 0.2703286752706238]","[0.02999518895088234, 0.013182682678499683, 0.03370248684223043]",none,0,"The cozy atmosphere, complete with French decor and vintage touches, makes it a perfect spot for intimate gatherings or casual dates."
Qwen2.5-1.5B-Instruct_K3,314,8932,1.2805922031402588,26,1.4163880348205566,0.1345670074224472,"[0.5829906861861394, -0.007844046698524974, 0.24914286478003936]","[0.04118456229123414, 0.005563108269222119, 0.03731589530791487]",none,0,"The friendly and knowledgeable hosts, Jeremy and Sayward, take pride in their carefully curated wine list and are happy to offer recommendations."
Qwen2.5-1.5B-Instruct_K3,314,8932,1.220253586769104,24,1.7906365394592285,0.18256406486034393,"[0.18914446845004326, 1.3202519032683426, -0.12413704112469759]","[0.019805454394713706, 0.11200384851805723, 0.034382333426080436]",none,0,"The menu features a variety of tasty options, including chickpea pancakes and warm cashews, all at affordable prices."
Qwen2.5-1.5B-Instruct_K3,314,8932,0.9970554709434509,24,0.15368299186229706,0.05022582411766052,"[0.07368246421253843, 0.16403850319674498, 0.06549227863356084]","[0.022383649034896536, 0.014966606822163442, 0.01791421895634926]",none,0,"With a focus on quality and value, Five & 1/4 is a hidden gem that is definitely worth discovering."
Qwen2.5-1.5B-Instruct_K3,314,8932,1.0660359859466553,23,0.03448692336678505,0.043121274560689926,"[0.10787139502138851, 0.0027535104597083537, 0.05414209058369085]","[0.023742940862111147, 0.004203559965637159, 0.01042851540831219]",none,0,"Based on customer reviews, the wine selection is exceptional, and the staff is friendly and passionate about what they do."
Qwen2.5-1.5B-Instruct_K3,314,8932,0.6964914798736572,21,-0.06169547513127327,0.009325318969786167,"[-0.012791070074811051, 0.03161823605235744, -0.021641539744277474]","[0.0032689078035229528, 0.0014114417872839286, 0.002610309237676726]",none,0,"Overall, Five & 1/4 is a charming and inviting spot for wine lovers and foodies alike."
Qwen2.5-1.5B-Instruct_K3,315,888,1.2694164514541626,16,2.3440561294555664,0.24569003283977509,"[0.8260118833495653, 0.11219590500695631, 0.113129330726224]","[0.1093339379367535, 0.011662652656923456, 0.006720232760471845]",none,0,Madonna kissed rapper Drake during a performance at the Coachella music festival.
Qwen2.5-1.5B-Instruct_K3,315,888,1.290743350982666,23,1.025726318359375,0.17336250841617584,"[1.053636526931887, -0.18767342262941858, 0.018704823866162613]","[0.13805188738700488, 0.037444558910742075, 0.005189099547746794]",none,0,"Drake, who initially appeared shocked by the kiss, later clarified on Instagram that he was thrilled to have kissed Madonna."
Qwen2.5-1.5B-Instruct_K3,315,888,1.429357886314392,29,0.7940099835395813,0.20990371704101562,"[0.10080643481643196, 1.093949712555984, -0.03791181008448897]","[0.056589035206657014, 0.20815358389618582, 0.0052937583317433845]",none,0,"The kiss occurred as Drake performed his song ""Madonna"" and Madonna, who was a guest performer, was wrapping up her song ""Human Nature""."
Qwen2.5-1.5B-Instruct_K3,316,3251,1.7987765073776245,22,1.3411580324172974,0.22544561326503754,"[0.9253270914076975, 0.009433429703263259, 0.08003820886584766]","[0.1784290770116389, 0.004208776967490477, 0.0077941366437838415]",none,0,"The eastern US will experience warm weather today and tomorrow, with temperatures reaching the lower 80s."
Qwen2.5-1.5B-Instruct_K3,316,3251,0.9665584564208984,30,1.853609323501587,0.20709460973739624,"[-0.03388211016281275, 1.6777993164716463, 0.033146518580421495]","[0.027128295147122117, 0.15870000493493233, 0.014678367457850072]",none,0,"However, a cold front will approach on Friday, bringing clouds and scattered showers, and slowing down due to Tropical Storm Philippe moving up the east coast."
Qwen2.5-1.5B-Instruct_K3,316,3251,0.9703678488731384,32,1.423163652420044,0.2622220516204834,"[-0.05411953534373026, 1.0262724210115266, 0.8680534053190456]","[0.011133739612111171, 0.16775083393076784, 0.18626730960663807]",none,0,"Showers will become more numerous overnight into Saturday, and the front will pass late in the day, bringing cooler air and the possibility of instability showers on Sunday."
Qwen2.5-1.5B-Instruct_K3,316,3251,0.47334805130958557,40,0.8504952192306519,0.18981419503688812,"[0.006371104765321434, 0.04385260925026842, 0.904518120749367]","[0.0061434173169914175, 0.01773573262200756, 0.18295547531463968]",none,0,"Highs on Sunday will be in the upper 50s to lower 60s, and next week will likely see at least a few days with daytime highs in the 50s."
Qwen2.5-1.5B-Instruct_K3,317,3788,1.0875201225280762,33,2.6976943016052246,0.3426101803779602,"[0.26033085319927934, 0.05672009960559962, 0.08634404588652118]","[0.03478367545823279, 0.03607263768684923, 0.008978098084891386]",none,0,"Aldi is offering major discounts on Thanksgiving goodies starting November 1, including cranberries, pecans, pumpkin pie, gravy, and other essential ingredients."
Qwen2.5-1.5B-Instruct_K3,317,3788,1.167172908782959,26,0.7997880578041077,0.2607279419898987,"[0.25743067383658713, 0.0007806619456250002, -0.04836701369965969]","[0.06817043258008937, 0.015164078533114907, 0.001969425058064189]",none,0,These discounts are in response to the recent 11.4% increase in grocery prices and will continue throughout the holiday season.
Qwen2.5-1.5B-Instruct_K3,317,3788,0.6153133511543274,32,1.4622182846069336,0.2753484845161438,"[0.13145827552494183, 0.04960884105249619, -0.025415743483300446]","[0.022945471107661763, 0.005934637678703503, 0.0044377935821771075]",none,0,"Customers can expect savings of up to 50% on over 70 items, and can even enjoy a classic Thanksgiving dessert for less than $4."
Qwen2.5-1.5B-Instruct_K3,317,3788,0.17270097136497498,18,1.8355615139007568,0.28233984112739563,"[0.0997510161328642, 0.04963251211140434, 0.04150797314105148]","[0.017967602494264965, 0.0023994056457310206, 0.004819793020809963]",none,0,These reduced holiday prices will be available from November 1 through 2024.
Qwen2.5-1.5B-Instruct_K3,317,3788,0.17131662368774414,22,1.1133018732070923,0.20766887068748474,"[0.006730748542726029, 0.06061844774343295, 0.7927014071683516]","[0.004830015315617816, 0.009133708857945066, 0.13989097273968748]",none,0,Aldi's commitment to providing budget-friendly options ensures that everyone can enjoy a delicious Thanksgiving meal without breaking the bank.
Qwen2.5-1.5B-Instruct_K3,318,8478,0.9185080528259277,42,1.557786464691162,0.23581154644489288,"[1.386242375057745, -0.023964797727463367, -0.056141714773129285]","[0.21827543235503116, 0.0010386421614659487, 0.0026697800598513696]",none,0,"La Tapatia is a Mexican restaurant located at 5764 Hollister Ave, Goleta, CA, which is open every day of the week from 7 am to 9 pm."
Qwen2.5-1.5B-Instruct_K3,318,8478,1.6589453220367432,25,0.9490969777107239,0.1329060196876526,"[0.9957575728744268, -0.09049739565351046, -0.0391009974188637]","[0.13377947086934, 0.002303267909319402, 0.0036498936281714124]",none,0,"It offers takeaway services and is suitable for group dining, however, it does not provide outdoor seating, WiFi, or reservations."
Qwen2.5-1.5B-Instruct_K3,318,8478,2.1953351497650146,13,0.6728800535202026,0.05413399636745453,"[0.42064585995215636, -0.01511725031126004, 0.08414912338440235]","[0.060705199013822354, 0.0073286543797271755, 0.0016442996163207751]",none,0,"Customers report mixed experiences, with average ratings of 3 stars."
Qwen2.5-1.5B-Instruct_K3,318,8478,1.4363428354263306,27,0.7608261704444885,0.12159315496683121,"[0.1999471306777128, 0.9030778647133114, -0.011711330550800389]","[0.06235002178066309, 0.12720922964217607, 0.0014765447821682082]",none,0,"Positive reviews highlight delicious food, notably burritos and handmade tortillas for tacos and quesadillas, as well as the friendly service."
Qwen2.5-1.5B-Instruct_K3,318,8478,1.4774529933929443,20,0.31776952743530273,0.10851766914129257,"[-0.03514292683003077, -0.11603889210946364, 0.28292361500498375]","[0.028677949654866097, 0.06139195192818079, 0.027063154982647573]",none,0,"However, some customers had negative experiences, reporting long waiting times and issues with cleanliness and food preparation."
Qwen2.5-1.5B-Instruct_K3,318,8478,1.5506895780563354,25,0.47821804881095886,0.11331846565008163,"[0.4237999593376298, 0.002346269785593904, 0.013190900384797715]","[0.11144189352176909, 0.0037804489520084418, 0.0016601851181644632]",none,0,"The restaurant does not seem to have a particular ambience, but it is often busy, suggesting it is a popular local spot."
Qwen2.5-1.5B-Instruct_K3,319,8064,1.4684373140335083,27,2.1604502201080322,0.352024108171463,"[1.3617091627588875, 0.027289681674490026, -0.041190518295883924]","[0.2495690546280095, 0.0011412095192284782, 0.002726599264073465]",none,0,"Lito's Take Out is a popular local eatery located at 514 E Haley St, Santa Barbara, CA."
Qwen2.5-1.5B-Instruct_K3,319,8064,1.2067480087280273,12,1.6196810007095337,0.14380928874015808,"[1.5740970596768118, -0.09430350568436552, -0.08530965171909581]","[0.15672656735296187, 0.0017092784098432883, 0.001298986962372813]",none,0,"This restaurant specializes in Mexican cuisine, seafood, and desserts."
Qwen2.5-1.5B-Instruct_K3,319,8064,1.1086745262145996,21,1.2496083974838257,0.14429552853107452,"[1.1231864395589841, -0.015733513186378764, -0.024335926420982496]","[0.14155200660553374, 0.0005622919756723107, 0.0006783851843511543]",none,0,"It operates from 6:30 to 15:00, seven days a week."
Qwen2.5-1.5B-Instruct_K3,319,8064,0.8844746947288513,21,0.6447893381118774,0.17648674547672272,"[0.6915670684760525, 0.012533886840433947, 0.005755074370037099]","[0.18128792485471681, 0.002785136662301587, 0.001872473785577237]",none,0,"Street parking is available, but they do not have a garage, parking lot, or valet service."
Qwen2.5-1.5B-Instruct_K3,319,8064,1.2743415832519531,14,0.3759923577308655,0.15678998827934265,"[0.34537738430247245, -0.008096994058308025, -0.06302939681544169]","[0.15716569341852196, 0.00040093842364642896, 0.0009954045833881406]",none,0,The restaurant does not take reservations and is not suitable for large groups.
Qwen2.5-1.5B-Instruct_K3,319,8064,1.4116991758346558,12,1.1262482404708862,0.14598336815834045,"[1.1665204380842624, 0.0006540877119126284, 0.05316027129674694]","[0.15259834317475907, 0.002404127812284903, 0.0032782654689510102]",none,0,It does not offer WiFi and the ambience is casual.
Qwen2.5-1.5B-Instruct_K3,319,8064,1.0205007791519165,14,0.1912865936756134,0.09061586856842041,"[0.21604543046227523, -0.04461737083121469, -0.03568344018588375]","[0.0681302187980951, 0.010895438743838375, 0.007099979455184828]",none,0,Lito's Take Out has an average rating of 4 stars.
Qwen2.5-1.5B-Instruct_K3,319,8064,1.7118576765060425,28,1.438903570175171,0.19335348904132843,"[0.11623989341231729, 0.353989364766416, 0.759814611571658]","[0.03214689689593797, 0.03976122045345879, 0.08436305649320275]",none,0,"Customers especially commend their breakfast burritos, mentioning the potato, eggs, and chorizo burrito as one of the best in southern California."
Qwen2.5-1.5B-Instruct_K3,319,8064,2.8700780868530273,10,0.9041751623153687,0.11329121887683868,"[1.3219378219917417, -0.07685369073878974, -0.34529411178082225]","[0.10154561464150902, 0.005047879503035801, 0.01255871441862837]",none,0,Some guests have pointed out occasional errors in order fulfillment.
Qwen2.5-1.5B-Instruct_K3,320,5635,0.7427653074264526,30,2.439540386199951,0.33687537908554077,"[2.441664277451734, 0.008474326423796204, -0.008137191101074375]","[0.34004743229597806, 0.0006835885937410542, 0.0005176560366711177]",none,0,"La Guerrerita Mexican Food is a local business located at 5698 Hollister Ave, Ste A in Goleta, CA."
Qwen2.5-1.5B-Instruct_K3,320,5635,0.6954289078712463,12,0.8680546283721924,0.16544502973556519,"[0.8743532970547676, 0.0005887650768272579, -0.0007252610327365497]","[0.16472739167511463, 0.0009713986933093111, 0.00041337054123384104]",none,0,It is a Mexican restaurant that also serves breakfast and brunch.
Qwen2.5-1.5B-Instruct_K3,320,5635,0.3557905852794647,24,0.36504313349723816,0.08454108238220215,"[0.47818566015666875, 0.005550200176761185, -0.016753185496440892]","[0.09445140396117797, 0.0020207461561009645, 0.0005003094099092683]",none,0,The restaurant is open from 7:00 AM to 11:00 PM every day of the week.
Qwen2.5-1.5B-Instruct_K3,320,5635,1.2889362573623657,20,0.282769113779068,0.08847053349018097,"[0.39396239358757157, 0.04183867650208413, -0.026865295943207457]","[0.08225078584000585, 0.005042161262653622, 0.0009926009774133605]",none,0,Customers have praised the owners of La Guerrerita Mexican Food for their hospitality and welcoming attitude.
Qwen2.5-1.5B-Instruct_K3,320,5635,1.1085479259490967,13,0.5946930646896362,0.11470773816108704,"[0.4216231420063056, -0.14072551026653785, 0.0956930796472499]","[0.09492155825361036, 0.05535379127384378, 0.0023964776236635563]",none,0,The food at the restaurant has been described as amazing and delicious.
Qwen2.5-1.5B-Instruct_K3,320,5635,0.9085776209831238,24,1.3606504201889038,0.18685579299926758,"[1.2133892244382878, 0.6829330378291161, -0.00022386776959137933]","[0.13885187201594817, 0.0951639871028765, 0.0010493871718253445]",none,0,"One customer highly recommends trying the Piñata Burrito, which is not on the regular menu but can be requested."
Qwen2.5-1.5B-Instruct_K3,320,5635,2.125147581100464,13,-0.05155258998274803,0.10606220364570618,"[0.07663649085588986, 0.33647757522199895, -0.08149283101430718]","[0.04303176864716708, 0.10467573382152295, 0.009175612257308785]",none,0,The owners are accommodating and willing to make special dishes for their customers.
Qwen2.5-1.5B-Instruct_K3,320,5635,1.3102927207946777,12,1.1871683597564697,0.1251000016927719,"[1.0186262375015456, 0.14219376385881333, 0.06175139312290412]","[0.11210596813180018, 0.014303376834694367, 0.002030465871087017]",none,0,The restaurant has outdoor seating and is suitable for groups.
Qwen2.5-1.5B-Instruct_K3,320,5635,1.0176331996917725,10,0.9833323359489441,0.19301313161849976,"[1.0250797897577286, -0.07119642049074174, -0.016521410271525382]","[0.1894022837281227, 0.004821629740763456, 0.0008429095149040222]",none,0,They also accept reservations and offer takeout services.
Qwen2.5-1.5B-Instruct_K3,320,5635,0.8214412927627563,8,0.8100078701972961,0.12826475501060486,"[1.0318904785312952, -0.06538979386050414, -0.017093139268126833]","[0.16180623079139878, 0.012429762972246294, 0.0010052418479062908]",none,0,"However, they do not provide WiFi."
Qwen2.5-1.5B-Instruct_K3,320,5635,0.922579288482666,10,1.1117337942123413,0.10209400951862335,"[1.076848266692832, 0.06226892036675054, -0.03183522274357529]","[0.0906093120604055, 0.0025962803184526708, 0.0004277376768555996]",none,0,The ambience of the restaurant is described as casual.
Qwen2.5-1.5B-Instruct_K3,320,5635,0.9689385294914246,24,-0.0760115459561348,0.04056213051080704,"[-0.07391296781832087, 0.012772404957341147, -0.00830492108333658]","[0.02203269959000694, 0.006237692687364256, 0.0011670548772659828]",none,0,"Overall, La Guerrerita Mexican Food has received positive reviews from customers who appreciate the friendly owners and the quality of the food."
Qwen2.5-1.5B-Instruct_K3,321,6331,0.7253275513648987,26,3.1121747493743896,0.3537639081478119,"[2.1919926605366458, 0.012089903051254134, -0.024853900072160356]","[0.3128164137731521, 0.0010143627009623602, 0.001145921890068936]",none,0,"Hiwi Tropical Fusion is a local business located at 6555 Pardall Rd in Goleta, California."
Qwen2.5-1.5B-Instruct_K3,321,6331,0.896859347820282,22,1.657216191291809,0.22225479781627655,"[1.82400430770411, 0.07205839450166836, 0.027487103880213744]","[0.22174936987184166, 0.004901508943186689, 0.0021965735779138577]",none,0,"The establishment offers a variety of food options, including Hawaiian, gluten-free, and American (New) cuisine."
Qwen2.5-1.5B-Instruct_K3,321,6331,1.8233816623687744,14,0.8296176195144653,0.2107706516981125,"[0.8318101420632696, 0.06036672925776137, -0.029532197131110088]","[0.2094172517494631, 0.005494278819242027, 0.0008699640384293161]",none,0,"Customers can also enjoy coffee, tea, and breakfast or brunch items."
Qwen2.5-1.5B-Instruct_K3,321,6331,0.6532652974128723,61,0.1829034984111786,0.06357493251562119,"[0.20940084681861945, -0.023849582799752557, -0.010257261312081475]","[0.060340571193032926, 0.0012169208873673164, 0.0010479770842285227]",none,0,"The business operates from 8:30 am to 11:00 pm from Monday to Wednesday, 8:00 am to 2:00 pm on Thursday, and from 8:00 am to 11:00 pm on Friday and Saturday."
Qwen2.5-1.5B-Instruct_K3,321,6331,0.5390540361404419,22,0.06582632660865784,0.04314526170492172,"[0.12181788214101372, -0.02341375967493646, -0.01565446871625847]","[0.04380067023330722, 0.0008526359813639705, 0.0009910021567391555]",none,0,"On Sundays, they open from 10:00 am to 10:00 pm."
Qwen2.5-1.5B-Instruct_K3,321,6331,1.9869904518127441,13,0.4471217691898346,0.15831981599330902,"[0.25329996530826276, -0.12323692211738, -0.035944842375241794]","[0.1256847086434181, 0.018874534566958364, 0.0020337698582667285]",none,0,"The business has a casual ambiance, with a trendy atmosphere."
Qwen2.5-1.5B-Instruct_K3,321,6331,1.1534241437911987,17,0.15729185938835144,0.07391378283500671,"[0.15935916891869376, 0.15871070500682383, -0.012235334471744649]","[0.06937492674435763, 0.014982379534665276, 0.0014787521561576047]",none,0,"It provides outdoor seating, making it a great place to relax and enjoy a meal."
Qwen2.5-1.5B-Instruct_K3,321,6331,1.4561578035354614,14,0.39559289813041687,0.1432100534439087,"[0.41634830453663846, 0.12852707872298197, 0.09134808454525357]","[0.10984603167186638, 0.011635461287353013, 0.0026464018748129092]",none,0,Customers can also take advantage of the free WiFi and takeout services.
Qwen2.5-1.5B-Instruct_K3,321,6331,1.8723864555358887,11,0.3745587170124054,0.10531581193208694,"[0.5008190761092753, 0.2717964966571096, -0.008951845783237579]","[0.11820924127294513, 0.016122880216652324, 0.008873787260282288]",none,0,Hiwi Tropical Fusion is suitable for groups and offers a parking option on the street.
Qwen2.5-1.5B-Instruct_K3,322,170,1.3821982145309448,19,1.4512678384780884,0.20049066841602325,"[0.8965158458603056, -0.02399158630961258, -0.05762169591616839]","[0.12244615187917493, 0.0022191932232664456, 0.006438248508091324]",none,0,Nearly 300 schoolgirls were kidnapped by a jihadist group in Nigeria last year.
Qwen2.5-1.5B-Instruct_K3,322,170,0.8843335509300232,14,1.0673950910568237,0.14905036985874176,"[1.0748335814901762, 0.046548664037670405, 0.02511018488023962]","[0.16181511219058717, 0.0030578398738206098, 0.003313466869128336]",none,0,"The girls, who had just finished school, were never seen again."
Qwen2.5-1.5B-Instruct_K3,322,170,1.2515931129455566,19,0.3897893726825714,0.12369440495967865,"[0.0769862472569864, 0.4406438218245871, -0.0010100990582845714]","[0.05521762305503025, 0.07330653631537357, 0.00874920688128393]",none,0,The kidnapping sparked international outrage and led to the #BringBackOurGirls hashtag on social media.
Qwen2.5-1.5B-Instruct_K3,322,170,1.3479052782058716,12,-0.1305915117263794,0.07736469060182571,"[-0.19622844271361828, -0.0644612832305332, -0.26894210496296483]","[0.04059128925049057, 0.01257597164415832, 0.048369633531062085]",none,0,"Despite efforts to rescue the girls, none have been returned."
Qwen2.5-1.5B-Instruct_K3,322,170,0.9880391955375671,24,0.6174997687339783,0.11157739162445068,"[0.015141203070318928, 0.07383014227008289, 0.7908301033361719]","[0.02189383076802187, 0.0039929266802077494, 0.10984415620850048]",none,0,"The incoming president of Nigeria, Muhammadu Buhari, has promised to wipe out the group responsible for the kidnapping."
Qwen2.5-1.5B-Instruct_K3,322,170,1.172317385673523,16,0.9365624785423279,0.1663842350244522,"[0.13500154208213644, 0.007628500876535327, 0.8443359187028818]","[0.02078156914262763, 0.0048269912361291745, 0.17237374924513915]",none,0,"However, the situation remains dire, with many children displaced and continuing human rights abuses."
Qwen2.5-1.5B-Instruct_K3,323,8784,0.8032518625259399,59,2.3611340522766113,0.30794280767440796,"[2.3675333615653886, -0.011027192983157751, -0.03293690934386031]","[0.2996089075050974, 0.001084973652196655, 0.0016274874293202882]",none,0,"Santa Barbara Wine Spa, located at 29 W Micheltorena St, Santa Barbara, CA, is a local business offering a unique blend of services spanning across Active Life, Pizza, Beauty & Spas, Restaurants, Day Spas, Golf, and Health & Medical categories."
Qwen2.5-1.5B-Instruct_K3,323,8784,0.7011198997497559,40,0.4697974622249603,0.10780186951160431,"[0.45114919314946744, 0.007013027233097091, 0.008056129954911739]","[0.10874948801074424, 0.0005432735769282715, 0.0007171877229410484]",none,0,"The spa operates between 11:00 and 21:00 from Monday to Friday, and 12:00 to 17:00 over the weekend."
Qwen2.5-1.5B-Instruct_K3,323,8784,1.4927934408187866,10,2.1384267807006836,0.2293255776166916,"[1.9687370002269744, -0.030315788090229036, -0.03235256597399712]","[0.23408093638718128, 0.0019461034273263067, 0.002950500760925934]",none,0,The establishment offers free WiFi and accepts restaurant reservations.
Qwen2.5-1.5B-Instruct_K3,323,8784,1.281622052192688,18,0.5918548107147217,0.11034026741981506,"[0.19350172751001082, 0.15202151973092745, 0.04429035299361001]","[0.07803257669729646, 0.005964363934285504, 0.012000429357821455]",none,0,"However, it has a mixed reputation with an average rating of 3.5 stars."
Qwen2.5-1.5B-Instruct_K3,323,8784,2.2360901832580566,26,0.6826247572898865,0.1899947077035904,"[0.1943280493410734, -0.007593069368830094, 0.14112854204498804]","[0.06508794295726918, 0.017198819302183647, 0.016299946653956655]",none,0,"Some customers have raised concerns about the business's reliability, citing instances of closure without notice and non-refunded pre-paid service packages."
Qwen2.5-1.5B-Instruct_K3,323,8784,1.4300671815872192,16,0.7168465256690979,0.16411158442497253,"[0.07684026821516454, 0.45135701945400797, -0.03562069834151771]","[0.022604877232879517, 0.07967847185500432, 0.00691899808771268]",none,0,There are also complaints about the difficulty of getting into contact with the spa's management.
Qwen2.5-1.5B-Instruct_K3,324,8502,0.9067184925079346,27,2.6479241847991943,0.35989996790885925,"[2.3706321453468666, 0.037131854563051965, 0.00020242112192068749]","[0.3346585919218207, 0.0023408145045998984, 0.0013766979227006636]",none,0,"Haggen Food & Pharmacy is a grocery store located at 163 S Turnpike Rd, Goleta, CA."
Qwen2.5-1.5B-Instruct_K3,324,8502,0.5099012851715088,26,2.3306517601013184,0.27035385370254517,"[2.3268071381876676, 0.004773239154649043, 0.020820012111541403]","[0.2921587304713634, 0.0007455462462398434, 0.0004676804326340271]",none,0,"The store falls under various categories including Food, Specialty Food, Grocery, Delis, Bakeries, Restaurants, and Health Markets."
Qwen2.5-1.5B-Instruct_K3,324,8502,0.9308260679244995,20,0.5325343012809753,0.13993890583515167,"[0.5580979391350411, 0.11631555630629009, 0.06020877673508949]","[0.1275214442968718, 0.008548356943629187, 0.005115379896540162]",none,0,"However, the business has received an overall rating of 1.5 stars based on customer reviews."
Qwen2.5-1.5B-Instruct_K3,324,8502,1.3609702587127686,17,0.9704504609107971,0.16128356754779816,"[1.4455303790814735, 0.05951986705151606, -0.03079529672429678]","[0.16481419214430978, 0.015564256236035256, 0.0035752313159424804]",none,0,"Customers have complained about the quality of products, with one reviewer mentioning stale ice cream."
Qwen2.5-1.5B-Instruct_K3,324,8502,1.3475627899169922,28,0.5494986772537231,0.1495998352766037,"[0.09600716972561583, 0.15922450579390507, 0.5036547774914847]","[0.043884072082746126, 0.03422078631697799, 0.13173598329214695]",none,0,"Additionally, customers are displeased with the high prices for non-organic food and the fact that the store does not offer take-out services."
Qwen2.5-1.5B-Instruct_K3,324,8502,1.4660574197769165,16,0.6449662446975708,0.1180565282702446,"[0.10845084534958005, 1.151723901857622, -0.2272779629965953]","[0.08881009339893353, 0.08394897789912648, 0.01969280045977939]",none,0,There are also complaints about the store's decision to lay off long-term employees.
Qwen2.5-1.5B-Instruct_K3,324,8502,1.6628742218017578,14,0.7964929938316345,0.21285639703273773,"[1.1348854374123871, -0.07763777963867012, -0.18092131990540242]","[0.22106429524345522, 0.010006665552282357, 0.009668003964277107]",none,0,The store does not provide Wi-Fi and does not allow for restaurant reservations.
Qwen2.5-1.5B-Instruct_K3,325,4223,1.2396949529647827,25,1.1888633966445923,0.1633794903755188,"[0.6777228495571762, 0.07051359160221182, 0.1605677810125053]","[0.07574861870496534, 0.007357680509558122, 0.015057079629041254]",none,0,"Daylight saving time starts on November 5th, 2023, at 2 am local time."
Qwen2.5-1.5B-Instruct_K3,325,4223,0.4011790454387665,18,0.6835368871688843,0.14766311645507812,"[0.25042094890442157, 0.03082998949361758, 0.0687438265950833]","[0.059049582083793614, 0.011480923746098092, 0.008495978230914462]",none,0,"Clocks will be set back by an hour, giving people an extra hour of sleep."
Qwen2.5-1.5B-Instruct_K3,325,4223,1.3963890075683594,14,2.0973048210144043,0.2550034821033478,"[0.22418092883058957, -0.06320258253253996, 0.6525770131764668]","[0.04731065515807131, 0.02307705005867839, 0.04481869418460909]",none,0,This biannual event affects most Americans but not all states and territories.
Qwen2.5-1.5B-Instruct_K3,325,4223,1.0889960527420044,28,0.9343201518058777,0.14118625223636627,"[0.14927392367514716, 0.04197139825503525, -0.007865851742930577]","[0.030508340842970938, 0.01671331512874222, 0.016581534243446834]",none,0,"In March 2024, clocks will ""spring forward"" an hour, losing an hour of sleep, to extend summer evening daylight."
Qwen2.5-1.5B-Instruct_K3,326,4344,0.8782771229743958,32,2.79113507270813,0.38267338275909424,"[1.544433954868964, 0.05075866357310588, 0.10089128017784788]","[0.22767667358129984, 0.0036245282735478668, 0.009164932399258419]",none,0,"Marie Chantal Delly, a mother-of-four from Florida, disappeared mysteriously in 2010 after her shift at a Naples Walmart."
Qwen2.5-1.5B-Instruct_K3,326,4344,1.045644760131836,19,2.981102466583252,0.3360483646392822,"[2.5084620574489236, 0.02376142887576287, 0.030693439242129802]","[0.24502676162917755, 0.006879927059535954, 0.003873006577601987]",none,0,"She was dropped off by her husband, Mathnauld Dareus, and never seen again."
Qwen2.5-1.5B-Instruct_K3,326,4344,1.638195514678955,17,1.5308893918991089,0.31625524163246155,"[1.3707123626680935, 0.019568787339855644, 0.022345877362086493]","[0.2856191530385438, 0.014193040840730057, 0.0057613345630028664]",none,0,She had requested the following day off for a child's doctor appointment but never attended.
Qwen2.5-1.5B-Instruct_K3,326,4344,1.4148056507110596,16,1.8961217403411865,0.30727478861808777,"[0.26816560524321176, 2.638864811946405, 0.07521373153804234]","[0.06299532899373617, 0.3154769636976198, 0.007952403245639061]",none,0,"Delly had previously taken breaks during marital difficulties, but always informed her family."
Qwen2.5-1.5B-Instruct_K3,326,4344,1.1835424900054932,10,0.9511359930038452,0.23605987429618835,"[0.055022690910845995, 1.1143915332853793, 0.009003121429122985]","[0.06096922180149704, 0.19426737800240518, 0.008621677625342272]",none,0,Her husband is not ruled out as a suspect.
Qwen2.5-1.5B-Instruct_K3,326,4344,1.2296925783157349,30,1.1019189357757568,0.24344106018543243,"[-0.0033574889406736475, -0.08463213092303097, 1.3783220009267096]","[0.020959564996943906, 0.02785739380733503, 0.22842050433391706]",none,0,The case took a twist when it was revealed Dareus moved to Orlando shortly after her disappearance and was later convicted of first-degree murder in a separate incident.
Qwen2.5-1.5B-Instruct_K3,327,3301,1.1555291414260864,23,2.2482755184173584,0.3257230222225189,"[1.0480303452375508, 0.05919386749282358, 0.04727962329596504]","[0.21507754050957295, 0.0035344881314062072, 0.010775633500642194]",none,0,"In 1984, 13-year-old Kelly Harris disappeared mysteriously in Jackson, Michigan."
Qwen2.5-1.5B-Instruct_K3,327,3301,0.3194776475429535,20,2.4484260082244873,0.3067018389701843,"[1.5775727238913533, -0.03220860254805302, 0.017328499018913136]","[0.19838153277523815, 0.014465711781849678, 0.0041526667457219444]",none,0,"Her stepfather, Leonard Hugall, confessed to her tragic death 22 years later."
Qwen2.5-1.5B-Instruct_K3,327,3301,0.620332658290863,19,1.3701881170272827,0.24518652260303497,"[1.231623320080536, 0.09474624469337294, 0.04198555977669266]","[0.20623297724829937, 0.0467262629477357, 0.006651346948022987]",none,0,Hugall was a person of interest due to his history of child molestation and violence.
Qwen2.5-1.5B-Instruct_K3,327,3301,0.7019457221031189,13,0.9294626712799072,0.2555006742477417,"[0.26902054641686846, 1.0523448704312055, -0.041507094329062966]","[0.09391001410292049, 0.2914280077899233, 0.005868275399629615]",none,0,He was convicted for other crimes in 1993.
Qwen2.5-1.5B-Instruct_K3,327,3301,0.32969921827316284,24,1.074729561805725,0.16604287922382355,"[0.062362179172623655, 1.2727861422220788, -0.011840432277419191]","[0.014590023307543257, 0.1798881797130889, 0.002217143997431966]",none,0,"In 2006, Hugall finally confessed to luring, kidnapping, assaulting, and murdering Kelly."
Qwen2.5-1.5B-Instruct_K3,327,3301,0.7097010612487793,23,1.3934805393218994,0.24385717511177063,"[0.015912930740223204, 1.353517253316291, -0.047502098625678314]","[0.024944978082717367, 0.23215209289074942, 0.01234603625143]",none,0,"However, her remains have not been found, and Hugall's claims about where he buried her were unsuccessful."
Qwen2.5-1.5B-Instruct_K3,327,3301,1.0691128969192505,24,0.6427924036979675,0.12789642810821533,"[0.11070945820150276, 0.24077092949301004, 0.6642930295007924]","[0.015004060614349632, 0.03789298922250358, 0.09399563260376453]",none,0,"The case remains open, and authorities are asking for any information that could help bring justice and closure to Kelly's grieving family."
Qwen2.5-1.5B-Instruct_K3,328,720,1.818761944770813,21,1.7887380123138428,0.2637234032154083,"[0.43931770387072383, -0.007269773319075327, 0.036721933545777574]","[0.0905010378500308, 0.0009466603224566262, 0.001357108551798904]",none,0,The 2015 MTV Movie Awards were characterized by a number of highlights and misfires.
Qwen2.5-1.5B-Instruct_K3,328,720,1.4583046436309814,20,1.8163343667984009,0.26616889238357544,"[1.5749520133744226, -0.048769214808999095, 0.01776573466922855]","[0.22156649835960707, 0.0024018321906623895, 0.0025160399048672843]",none,0,"The highlights included host Amy Schumer's opening video segment, which was full of hilarious and inventive moments."
Qwen2.5-1.5B-Instruct_K3,328,720,1.9988127946853638,18,0.7086751461029053,0.17180734872817993,"[0.7657166305903552, -0.14411244636964207, -0.12310029593774946]","[0.16387897896735618, 0.01622876015062502, 0.008379769846214913]",none,0,"Additionally, Schumer's monologue was a hit, with jokes about herself and various celebrities."
Qwen2.5-1.5B-Instruct_K3,328,720,2.046328067779541,21,0.5121861696243286,0.14510075747966766,"[0.6767121897261988, 0.02029872666250975, -0.03279427786487975]","[0.1578956122005669, 0.00782595838128535, 0.0029064106549705165]",none,0,Channing Tatum also brought entertainment to the night by dancing on stage after being prompted by Jennifer Lopez.
Qwen2.5-1.5B-Instruct_K3,328,720,0.6572141647338867,51,1.7960731983184814,0.21741552650928497,"[0.5101595896302665, 1.4027558813072663, -0.05160855928946652]","[0.07510860477980434, 0.1707294604842918, 0.025290483554934413]",none,0,"Other notable moments included Rebel Wilson's censored joke, Fall Out Boy's performance with Fetty Wap, Charli XCX, Ty Dolla $ign & Tinashe's performance, and Kevin Hart's acceptance of the Comedic Genius Award."
Qwen2.5-1.5B-Instruct_K3,328,720,1.061841368675232,15,0.3228529691696167,0.0758834034204483,"[-0.1712740975955967, -0.04606882726535939, 0.2038484211255612]","[0.01912399535193193, 0.0030524999597976907, 0.031757383547483184]",none,0,"On the other hand, there were a few misfires throughout the night."
Qwen2.5-1.5B-Instruct_K3,328,720,1.634139895439148,17,3.1068062782287598,0.2905223071575165,"[0.0032798099953866124, -0.010450012089516831, 2.465529517041218]","[0.03206257085471808, 0.009965502795319695, 0.22905342684594765]",none,0,Schumer's archery fail ruined a gag with Jimmy Kimmel and was naturally awkward.
Qwen2.5-1.5B-Instruct_K3,328,720,1.7655407190322876,23,0.45917361974716187,0.1704445630311966,"[-0.13443953320940794, -0.10801978557023888, 0.6052123503987272]","[0.012221268676655753, 0.0077558688420031495, 0.16026675341957186]",none,0,"Her joke about ""Gone Girl"" was also slightly off and received a lukewarm reaction from the audience."
Qwen2.5-1.5B-Instruct_K3,328,720,1.4434975385665894,14,-0.14689016342163086,0.05684253200888634,"[-0.08605803931797189, -0.29313872184138745, -0.06666400569624134]","[0.02084206009333554, 0.017080530980430404, 0.04263360012256661]",none,0,Shailene Woodley's acceptance speech for the Trailblazer award was confusing and seemed to lose its charm halfway through.
Qwen2.5-1.5B-Instruct_K3,329,7722,1.15415620803833,49,1.590096116065979,0.26242953538894653,"[1.3361496741506889, -0.01817101469751666, -0.018896411624229253]","[0.20640860588143684, 0.004647017965953405, 0.0017390291064815274]",none,0,"Renaud's Patisserie & Bistro, located at 3315 State St, Santa Barbara, CA, is a renowned French Café offering a wide range of foods including breakfast, brunch, sandwiches, and bakery items."
Qwen2.5-1.5B-Instruct_K3,329,7722,1.633224606513977,18,0.16732197999954224,0.05380292981863022,"[0.3735192709136754, -0.007792620845268377, 0.00011169653670448397]","[0.05963529741832948, 0.005446719569893806, 0.0006993313520272042]",none,0,"The bistro is open every day of the week, with slightly shorter hours on Sundays."
Qwen2.5-1.5B-Instruct_K3,329,7722,1.5207417011260986,23,0.8042117953300476,0.12231302261352539,"[0.8825563975690823, -0.07108624768823021, -0.0005427936073671015]","[0.11658125664309962, 0.011466870433196164, 0.0014555889347592631]",none,0,"It offers a casual yet classy ambience, with free Wi-Fi, outdoor seating, and is suitable for groups."
Qwen2.5-1.5B-Instruct_K3,329,7722,3.044523000717163,13,-0.025025784969329834,0.14317192137241364,"[0.06619384426337022, -0.03826334270147177, 0.004895038902759552]","[0.15205556376335713, 0.005946765743339291, 0.0033095562293265876]",none,0,"Customers are responsible for their own parking, with a lot available."
Qwen2.5-1.5B-Instruct_K3,329,7722,0.8745039701461792,38,1.3050744533538818,0.1428762525320053,"[0.35374226290255856, 1.1032518160203788, 0.020638329098460417]","[0.03002900712880917, 0.10354205280488689, 0.011605329467733919]",none,0,"Based on customer reviews, the patisserie is highly praised for its croissant egg breakfast sandwich and Galette Des Rois (King's Cake), a special dessert for Epiphany."
Qwen2.5-1.5B-Instruct_K3,329,7722,1.7933027744293213,20,0.009637827053666115,0.09835631400346756,"[-0.3105478706493159, 0.4170537350772065, -0.11795255971992447]","[0.019582105551307905, 0.07188569227764674, 0.005726095053044134]",none,0,"The staff is commended for their friendliness, and the quick service is appreciated by the customers."
Qwen2.5-1.5B-Instruct_K3,329,7722,0.7509210109710693,20,0.8004721403121948,0.07561586797237396,"[0.9678146322592511, 0.01062694386291696, 0.009122528697298548]","[0.11769739812280022, 0.004507730061823168, 0.00137220109336198]",none,0,Renaud's Patisserie & Bistro has an impressive business star rating of 4.5.
Qwen2.5-1.5B-Instruct_K3,330,3019,1.3777521848678589,27,2.106752395629883,0.3295555114746094,"[0.9364546331732223, 0.02850978489085618, 0.05579638050403446]","[0.1697002669550582, 0.00567147026190974, 0.005997883019585128]",none,0,"Walter Scott, who was killed by a South Carolina police officer, was a father of four and a former Coast Guard member."
Qwen2.5-1.5B-Instruct_K3,330,3019,1.00690758228302,15,1.2992693185806274,0.25700193643569946,"[1.237203762680292, -0.10074726913201933, -0.031203857533788928]","[0.2184263343301912, 0.007269239892775658, 0.004354135399141038]",none,0,Scott's brother described him as outgoing and loved by everyone in the community.
Qwen2.5-1.5B-Instruct_K3,330,3019,0.6190423369407654,33,1.104230523109436,0.18944711983203888,"[1.0180920185803464, 0.023704753923387518, -0.00380281482519036]","[0.17333178931541182, 0.003797645109752025, 0.0012473191052081208]",none,0,"Scott owed over $18,000 in child support payments at the time of his death and had not made a payment since 2012."
Qwen2.5-1.5B-Instruct_K3,330,3019,1.1289927959442139,20,1.348468542098999,0.22758010029792786,"[0.2524625260033645, 1.4084110021851302, -0.028460715125220304]","[0.07904748568398645, 0.18912775730502746, 0.0030135823799582796]",none,0,"However, his lawyers emphasized that his legal history was not violent and he was not a dangerous person."
Qwen2.5-1.5B-Instruct_K3,330,3019,0.8856858611106873,34,1.4689598083496094,0.2780707776546478,"[0.6204314286838138, 1.1119305871153997, 0.009963395138316521]","[0.12029556923495394, 0.14704996963989878, 0.002314764959601903]",none,0,Scott was pulled over by Officer Michael Slager for a faulty brake light and was shot after allegedly not complying with the officer's demands and trying to grab his stun gun.
Qwen2.5-1.5B-Instruct_K3,330,3019,0.38083264231681824,8,0.7182514667510986,0.17314374446868896,"[0.28425790571054677, 0.5817003630363615, 0.026054703474073904]","[0.030958103272496373, 0.15346518962542177, 0.0036664625972377962]",none,0,Slager has been charged with murder.
Qwen2.5-1.5B-Instruct_K3,330,3019,1.3312010765075684,18,1.5649635791778564,0.20910462737083435,"[0.3635645248501128, 0.3072789387717623, 1.361138023086015]","[0.027040442225294708, 0.050563841074108495, 0.13446804181995495]",none,0,"The family, traumatized by the incident, had recently celebrated their parents' wedding anniversary together."
Qwen2.5-1.5B-Instruct_K3,331,563,1.2946475744247437,25,0.7077288031578064,0.09223668277263641,"[0.49815255060384517, 0.027065764466242398, 0.037990448821219616]","[0.07617041711215279, 0.0021604674631271335, 0.0042170225205336465]",none,0,Dzhokhar Tsarnaev has been found guilty on all 30 counts related to the Boston Marathon bombing.
Qwen2.5-1.5B-Instruct_K3,331,563,0.7421057820320129,26,1.0627636909484863,0.2005450427532196,"[0.9788125885937077, 0.03968447600737608, 0.04688862308998628]","[0.1812192985537247, 0.004156917478107621, 0.0032939904554391084]",none,0,"He is now eligible for the death penalty, and the trial will move into a penalty phase where the jury will decide his fate."
Qwen2.5-1.5B-Instruct_K3,331,563,1.3460609912872314,38,0.9006704092025757,0.17291758954524994,"[0.13356173891550402, 0.8315306051590596, 0.02953211576505055]","[0.0414410348870852, 0.139493849007139, 0.0060519309684851025]",none,0,"His defense attorney, Judy Clarke, had argued that Tsarnaev's older brother was the mastermind behind the plot, but the prosecution presented a strong case, calling 92 witnesses."
Qwen2.5-1.5B-Instruct_K3,331,563,0.8348612785339355,31,0.6819533109664917,0.12427150458097458,"[-0.0035600605093174136, 0.44013267868039324, 0.034525672602344015]","[0.01720813315078416, 0.06800692139020084, 0.03701176414653349]",none,0,"Legal experts say that Clarke faces an uphill battle in convincing the jury to spare Tsarnaev's life, given the severity of the crime and the evidence presented."
Qwen2.5-1.5B-Instruct_K3,332,6636,0.8350850939750671,32,2.5966081619262695,0.3280538022518158,"[2.449252836944879, 0.009594835157940906, 0.01227440576292338]","[0.3044243296359923, 0.0005945114887975222, 0.0003296671891912517]",none,0,"Ca’Dario - Montecito is a seafood and Italian restaurant located at 1187 Coast Village Rd, Montecito, CA."
Qwen2.5-1.5B-Instruct_K3,332,6636,2.0905661582946777,25,0.7439739108085632,0.1680908054113388,"[0.6247947025299072, -0.06928701329976321, -0.0596935461461544]","[0.16484899818897247, 0.004595218983886298, 0.0018221277637076128]",none,0,"With a 4-star business rating, this restaurant also offers pizza and features a wine bar, nightlife, and outdoor seating."
Qwen2.5-1.5B-Instruct_K3,332,6636,1.2361243963241577,25,0.16317620873451233,0.060237061232328415,"[0.21821414371021092, -0.05029981413856149, 0.0032440398924518375]","[0.06617581511847676, 0.002003137698429782, 0.0007095843282149872]",none,0,"They are open from 4 pm to 9 pm or 10 pm, depending on the day of the week."
Qwen2.5-1.5B-Instruct_K3,332,6636,1.493788719177246,19,1.1823151111602783,0.15201258659362793,"[1.1951089485695487, -0.0854049383809692, -0.04832814320137626]","[0.15629352893876403, 0.006388816722105012, 0.002917540615032378]",none,0,"Although there is no information about parking, WiFi, or music, the restaurant offers take-out service."
Qwen2.5-1.5B-Instruct_K3,332,6636,2.095551013946533,7,1.5380605459213257,0.12368273735046387,"[0.9988240684781756, 0.1385367512702942, -0.032670519181660244]","[0.08344605352197375, 0.007919756429536002, 0.001383680060306298]",none,0,Customer reviews suggest mixed experiences.
Qwen2.5-1.5B-Instruct_K3,332,6636,1.0153344869613647,51,1.5617773532867432,0.24125149846076965,"[1.5323566223678426, 0.16707735571513943, -0.002362167705626359]","[0.21604788379342016, 0.015800689201267693, 0.002036625792238827]",none,0,"Some customers were disappointed with their take-out orders, such as the 20 oz veal chop which was described as having little meat and being tough, and the Linguine Vongole (Clam Pasta) which was reportedly soggy upon arrival."
Qwen2.5-1.5B-Instruct_K3,332,6636,0.9299160242080688,28,1.5474107265472412,0.2098325937986374,"[0.10516277499950125, 1.7093497002315416, -0.03356252019063634]","[0.02240841271796918, 0.211712460627658, 0.0027821630204272196]",none,0,"However, other customers praised the frittata Mista, fried scallops, and Bolognese for their taste and portion sizes."
Qwen2.5-1.5B-Instruct_K3,332,6636,0.7772975564002991,13,2.9196653366088867,0.2669437825679779,"[0.1666791766435311, 1.4802211015686715, 2.190246755699403]","[0.013035022663635014, 0.12464590797465182, 0.16008218391747364]",none,0,"The truffle pizza and tortino dessert received lukewarm reviews, while the fried zucchini blossoms were described negatively."
Qwen2.5-1.5B-Instruct_K3,333,4104,1.5077852010726929,35,1.7398090362548828,0.27911993861198425,"[1.154330739398886, 0.01682022479279632, -0.06066801459861121]","[0.20438068518373517, 0.023019607052499072, 0.006959052010383208]",none,0,"During the filming of a documentary on bison, a buffalo was struck by lightning in Colorado, leading to her death and the subsequent killing of her calf by local predators."
Qwen2.5-1.5B-Instruct_K3,333,4104,0.8769516348838806,39,2.1260898113250732,0.3137817978858948,"[0.06636783709780922, 1.3203740028548054, 0.2314487782093168]","[0.019436543260028954, 0.19448059805962167, 0.03716617584813647]",none,0,"The behind-the-scenes footage is part of a multi-year project by Meet My Neighbor Productions, a nonprofit, documenting bison ranches, Native American reservations, and parks across the US and Canada."
Qwen2.5-1.5B-Instruct_K3,333,4104,0.7106728553771973,33,1.9185360670089722,0.2853659391403198,"[1.45258657416189, 0.3178283604308187, -0.043561336655136874]","[0.16896754154920368, 0.09521294117690338, 0.006095463628047114]",none,0,"The documentary, ""Native the Prodigies of an Icon,"" highlights the struggles of maintaining bison populations and is set to be released in 2025."
Qwen2.5-1.5B-Instruct_K3,334,1739,1.117010474205017,45,1.3330233097076416,0.1919029802083969,"[0.8618638199695852, -0.01380548174007951, 0.0025586712697986515]","[0.14772437738946692, 0.0013469268699938968, 0.0018259191366976463]",none,0,"The defense team for Dzhokhar ""Jahar"" Tsarnaev, who was convicted on all 30 counts related to the Boston Marathon bombings, is now focusing on sparing him from a death sentence."
Qwen2.5-1.5B-Instruct_K3,334,1739,0.9291636943817139,29,1.275819182395935,0.17821960151195526,"[0.818462700228526, 0.06048708699444401, 0.008663078913302561]","[0.11716871757179716, 0.022847632813186816, 0.01913592570482361]",none,0,"They are portraying Jahar as a follower who was influenced by his older brother, Tamerlan, who was described as harsh and overbearing."
Qwen2.5-1.5B-Instruct_K3,334,1739,1.4418524503707886,33,1.4414067268371582,0.2026825249195099,"[0.2153199154922869, 1.379537016771406, 0.18350278175443457]","[0.04906754553438518, 0.1601240580413298, 0.016294667866356412]",none,0,"The defense showed photographs demonstrating the size difference between the brothers and highlighting Jahar's cooperation with paramedics after his capture, in contrast to Tamerlan's resistance."
Qwen2.5-1.5B-Instruct_K3,334,1739,2.1772334575653076,27,-0.4986265301704407,0.1297977715730667,"[-0.3142584640173246, -0.18808151184660987, -0.038501967159660394]","[0.10063091908705246, 0.01931546223500778, 0.035331636487710594]",none,0,"Jahar's former teachers testified that he was a smart, sweet, and hardworking student who was well-liked by his peers."
Qwen2.5-1.5B-Instruct_K3,334,1739,2.0626323223114014,32,-0.18321606516838074,0.052860163152217865,"[-0.19529203890124336, -0.08793513725049706, -0.018599863239614933]","[0.04687962977504867, 0.00498099542971886, 0.00367612612569701]",none,0,"His friends from high school and college also testified that he was loyal, fun, and laid-back, and that he did not discuss politics or religion with them."
Qwen2.5-1.5B-Instruct_K3,334,1739,0.9763568639755249,34,0.3258243799209595,0.06413966417312622,"[0.0838192054985912, 0.07029862265981404, 0.27466340014507296]","[0.01913358484432927, 0.006122394235820812, 0.04439425431676045]",none,0,"The defense asserts that Jahar would not have participated in the bombings if it weren't for Tamerlan's influence, and that he is not as culpable as his brother."
Qwen2.5-1.5B-Instruct_K3,335,1054,7.760690689086914,3,0.8528578281402588,0.12528152763843536,"[0.6608597834904989, 0.24612347284952799, 0.0275881290435791]","[0.033633249307361744, 0.009525628294795752, 0.008173763189309588]",none,0,Sure!
Qwen2.5-1.5B-Instruct_K3,335,1054,0.854682207107544,38,1.145241379737854,0.19855022430419922,"[1.0364628253676194, 0.004226960831913043, 0.015974629594941354]","[0.1790937935935577, 0.003131560185965411, 0.00247736673810251]",none,0,"Here's the summary in 65 words:

Brazilian police arrested the Workers' Party treasurer, Joao Vaccari Neto, for corruption and money laundering in the Petrobras scandal."
Qwen2.5-1.5B-Instruct_K3,335,1054,1.1917529106140137,31,1.2773056030273438,0.18913350999355316,"[0.42163328015181656, 0.7280929215100308, 0.025231074895160535]","[0.07831344213627744, 0.10585369895585656, 0.0029987597386978804]",none,0,"Vaccari denies wrongdoing, but the investigation brought the scandal closer to President Dilma Rousseff, who was chairwoman of Petrobras during the alleged corruption."
Qwen2.5-1.5B-Instruct_K3,335,1054,1.4593567848205566,22,0.9231864809989929,0.2065565437078476,"[-0.11447456602284299, -0.21168582724191187, 1.7530358041126006]","[0.01156590179390481, 0.03789733185800773, 0.19270210424978854]",none,0,"Protests against Rousseff continue, with half a million participants on Sunday, though turnout was lower than previous weeks."
Qwen2.5-1.5B-Instruct_K3,336,6919,0.8781862854957581,25,2.8079397678375244,0.33917683362960815,"[2.509707364141941, 0.020477427034638822, 0.0012242397086811253]","[0.3182099937275052, 0.0005109601064486924, 0.0005988526228702539]",none,0,"Frankland's Crab is a local business located at 1295 Coast Village Rd in Santa Barbara, CA."
Qwen2.5-1.5B-Instruct_K3,336,6919,0.8391381502151489,21,1.9731590747833252,0.2508207857608795,"[1.836540194315603, -0.007332878847851784, -0.016759357006386772]","[0.2380148466819221, 0.001931642907883153, 0.001347232278779605]",none,0,"It offers a variety of food options including desserts, seafood, salads, live/raw food, and sandwiches."
Qwen2.5-1.5B-Instruct_K3,336,6919,2.222357988357544,12,0.7087306380271912,0.16618689894676208,"[0.7955680340528488, -0.04610022890847176, -0.08152213048500319]","[0.1633647515748938, 0.00350191881216233, 0.001312913944578516]",none,0,The business also has a cocktail bar and is open for nightlife.
Qwen2.5-1.5B-Instruct_K3,336,6919,0.7047221660614014,25,0.4916239082813263,0.10906419157981873,"[0.4854989627393661, -0.016942536378264775, 0.00799957392977376]","[0.10046925535454648, 0.0013137365309546568, 0.0007208138981832235]",none,0,The business operates from 12:00 PM to 8:30 PM every day of the week.
Qwen2.5-1.5B-Instruct_K3,336,6919,1.060330867767334,10,0.8825750350952148,0.19728706777095795,"[0.9394656583666802, 0.0019052127841860055, 0.020626741647720336]","[0.18639344163239002, 0.002547374112327816, 0.001174916129821213]",none,0,It offers free WiFi and has outdoor seating available.
Qwen2.5-1.5B-Instruct_K3,336,6919,1.1859169006347656,11,0.8106111288070679,0.16722726821899414,"[0.563685414465991, -0.007794771004806866, 0.03804876587607644]","[0.1406209854917093, 0.0020326399138535967, 0.0016024926933989098]",none,0,Customers can also take out their orders from the restaurant.
Qwen2.5-1.5B-Instruct_K3,336,6919,1.8840739727020264,11,0.46094810962677,0.11237581074237823,"[0.4652580509639599, -0.06550685292115138, -0.001775982808877333]","[0.11596844580278477, 0.0014379394396593686, 0.0011763068165619602]",none,0,The business is suitable for groups and has valet parking.
Qwen2.5-1.5B-Instruct_K3,336,6919,0.904636025428772,15,0.12920540571212769,0.0501282662153244,"[0.004337716971834501, 0.09253970462207993, 0.0001292367543404301]","[0.026604860095540063, 0.024281313002256867, 0.0007238963919462549]",none,0,"Based on customer reviews, Frankland's Crab has received mixed feedback."
Qwen2.5-1.5B-Instruct_K3,336,6919,0.8069113492965698,13,0.549906849861145,0.13452132046222687,"[0.2827177603657429, 0.00571730225167882, 0.04080366736833149]","[0.0993270526568477, 0.012593464174380222, 0.0039138477916891975]",none,0,The overall rating of the business is 3.5 stars.
Qwen2.5-1.5B-Instruct_K3,336,6919,1.3078802824020386,15,0.29408493638038635,0.07860279083251953,"[0.1645007148074607, 0.0675569435969616, -0.014281726535409689]","[0.050025598685412356, 0.01616694831463974, 0.0032475579233505413]",none,0,Some customers have expressed disappointment with the quality and portion size of the food.
Qwen2.5-1.5B-Instruct_K3,336,6919,0.9910230040550232,21,1.6810181140899658,0.24360066652297974,"[1.6305347698785009, -0.12056921202678322, -0.0026350546312252326]","[0.20415700209282694, 0.029173475932024996, 0.003266564891386484]",none,0,One customer mentioned that the lobster sandwich had very few lobster pieces and the corn had a fishy taste.
Qwen2.5-1.5B-Instruct_K3,336,6919,1.1777915954589844,7,0.6781836152076721,0.12155546993017197,"[0.8001292305333274, -0.08379180942262922, -0.021227021302495683]","[0.08204346017113753, 0.0359049998889012, 0.006058778580544251]",none,0,The prices were also considered high.
Qwen2.5-1.5B-Instruct_K3,336,6919,0.6467968821525574,14,1.2851800918579102,0.13259801268577576,"[0.16794657830905635, 0.9422354909953096, 0.5539477609789694]","[0.019556371573084368, 0.075517895501004, 0.07974244103672033]",none,0,"However, another customer had a good experience and enjoyed the lobster sandwich and chowder."
Qwen2.5-1.5B-Instruct_K3,337,997,0.9881303310394287,36,2.1575117111206055,0.23607665300369263,"[1.1496635999727813, 0.10737648725140995, 0.12102396624686662]","[0.11292109989603381, 0.008840858774015537, 0.007960046747459475]",none,0,"Valerie Braham, the widow of Philippe Braham who was killed in the terror attacks in Paris, spoke at Israel's Memorial Day commemoration for bereaved family members."
Qwen2.5-1.5B-Instruct_K3,337,997,1.2911882400512695,27,1.5708577632904053,0.23036354780197144,"[1.6564069561341226, -0.16722704324800158, 0.039897372270826494]","[0.21561643369366518, 0.029184093736855883, 0.006101028843372829]",none,0,She expressed her understanding of the pain felt by those who have lost loved ones and shared her belief that the victims protect them from above.
Qwen2.5-1.5B-Instruct_K3,337,997,0.9038936495780945,24,1.3304978609085083,0.2578362226486206,"[1.2403443390285247, -0.0032706394589088936, 0.08008733542980433]","[0.25373452215414244, 0.006099926434780893, 0.005508343497680812]",none,0,"French Prime Minister Manuel Valls announced that French authorities had foiled a terror plot, emphasizing their commitment to preventing attacks."
Qwen2.5-1.5B-Instruct_K3,337,997,1.1257997751235962,18,0.7643192410469055,0.23988628387451172,"[0.20424596980511625, -0.3340017121164338, 0.82192549750491]","[0.10039684740796576, 0.10959284532256358, 0.15471445420823532]",none,0,"Braham, along with the parents of another victim, attended the memorial service in Jerusalem."
Qwen2.5-1.5B-Instruct_K3,337,997,1.600061058998108,15,1.198073148727417,0.18297593295574188,"[0.3230614228713421, 0.08666722593240289, 0.7174871040338379]","[0.06585338776692992, 0.05194812887397878, 0.09890555836439792]",none,0,The recent attacks in Copenhagen also weighed heavily on the minds of mourners.
Qwen2.5-1.5B-Instruct_K3,337,997,1.4108635187149048,23,2.0847885608673096,0.30980369448661804,"[0.26720636338248605, 0.03787118285459735, 2.519007514374528]","[0.019722744279019738, 0.008463184343198642, 0.31864904506105435]",none,0,Braham expressed her fear of easily executed attacks outside of war and her desire to move her family from Paris to Israel.
Qwen2.5-1.5B-Instruct_K3,338,9984,0.7951911687850952,42,3.002271890640259,0.3586861491203308,"[2.6944213958243686, 0.008595993096432289, 0.0075422888197257025]","[0.3390928833914153, 0.0005026276676885356, 0.001231534643560887]",none,0,"Highway Karaoke and Fresh Tea is a casual and trendy local business located at 7127 Hollister Ave, Ste 23, University Plaza Shopping Ctr in Goleta, CA."
Qwen2.5-1.5B-Instruct_K3,338,9984,0.48668915033340454,25,2.1237010955810547,0.2618972957134247,"[2.085363917076029, -0.013651328655905673, -0.016312296374962898]","[0.26160072718048466, 0.0003367122844730375, 0.0004075202779222309]",none,0,"This establishment falls under the categories of Juice Bars & Smoothies, Bubble Tea, Nightlife, Karaoke, and Food."
Qwen2.5-1.5B-Instruct_K3,338,9984,0.9341056942939758,15,1.2270731925964355,0.13935118913650513,"[1.370388573097686, 0.03568138644138041, 0.011938401371783888]","[0.14839747347868978, 0.0017662197273239145, 0.000980114376579877]",none,0,"It offers free WiFi, takeout options, and is suitable for groups."
Qwen2.5-1.5B-Instruct_K3,338,9984,0.961726188659668,37,0.4842362701892853,0.12480318546295166,"[0.47585500386304447, 0.040586958961334, 0.021268996627465665]","[0.12831129504539185, 0.0006151199386172142, 0.0007236873161949965]",none,0,"The business operates from 11:30 to 23:30 from Monday to Thursday and Sunday, and up to 1:30 on Fridays and Saturdays."
Qwen2.5-1.5B-Instruct_K3,338,9984,0.9607247114181519,13,0.7495737671852112,0.12693654000759125,"[0.7520352236639994, -0.0020474471563759903, 0.019320523948408663]","[0.13851648307620332, 0.0008035637614774224, 0.0012891668754421587]",none,0,The business has an overall rating of 4.0 stars.
Qwen2.5-1.5B-Instruct_K3,338,9984,2.0563764572143555,26,1.909385085105896,0.20020630955696106,"[0.28753241039745403, -0.15716889871104145, 1.5473500527612207]","[0.0831085337359372, 0.00696828444398534, 0.1438293407058364]",none,0,"Customers appreciate the Asian style private karaoke rooms decorated with Hello Kitty, citing a good sound system and ample English song choices."
Qwen2.5-1.5B-Instruct_K3,338,9984,2.6536920070648193,19,-0.38955774903297424,0.11060048639774323,"[-0.3557631399813353, 0.17268037622776128, -0.25685362409383644]","[0.10824129976543573, 0.02304192688619591, 0.02734121596504816]",none,0,"However, there have been issues with finding specific songs and the absence of Korean and Japanese songs."
Qwen2.5-1.5B-Instruct_K3,338,9984,2.2934117317199707,16,0.7008446455001831,0.0830058678984642,"[0.6743231977743562, 0.0467921400522755, -0.09000585959438467]","[0.07613420693678563, 0.008390573169130278, 0.013319250967697371]",none,0,"The bubble tea is generally enjoyed, though one customer found the boba unpredictable."
Qwen2.5-1.5B-Instruct_K3,338,9984,3.0583250522613525,7,-0.08612782508134842,0.07519754022359848,"[-0.2929782569408417, -0.009189248085021973, 0.16031501974378312]","[0.04753882364769067, 0.005012462597473392, 0.03382776078901121]",none,0,"There was an unfortunate incident of the business being closed unexpectedly on a Friday evening, causing disappointment among a group of friends."
Qwen2.5-1.5B-Instruct_K3,339,4063,1.306133508682251,7,4.943573951721191,0.3472127914428711,"[2.3185072349650517, 0.11606568520489548, 0.06222494096229119]","[0.23778822366148233, 0.004461715130413982, 0.007047278276461709]",none,0,Attorney General John M.
Qwen2.5-1.5B-Instruct_K3,339,4063,0.48726075887680054,27,1.9849989414215088,0.32448679208755493,"[1.4101604611733582, -0.042640817914313324, 0.02317438846350544]","[0.22374157232223768, 0.002445026553476526, 0.004604714073745224]",none,0,Formella has joined a coalition of 27 attorneys general in demanding that the federal government fix unlawful immigration policies and secure the border.
Qwen2.5-1.5B-Instruct_K3,339,4063,1.2485880851745605,9,0.7810373902320862,0.18266476690769196,"[0.4807036104094651, -0.12024339253548533, -0.02147121774032712]","[0.11461605061776936, 0.004646488984387058, 0.022771575148605432]",none,0,They are specifically calling for the U.S.
Qwen2.5-1.5B-Instruct_K3,339,4063,0.3586149215698242,23,1.7794713973999023,0.25656241178512573,"[0.7998969152569139, 0.004248954122416486, 0.06925242923521972]","[0.17118271245248173, 0.00439264935125943, 0.00661187584693548]",none,0,Department of Homeland Security (DHS) to amend its policies to prohibit the mass release of inadmissible immigrants.
Qwen2.5-1.5B-Instruct_K3,339,4063,0.6647582054138184,23,1.9342316389083862,0.24708296358585358,"[2.307532117554017, 0.20450311441383115, -0.023314683604400234]","[0.22401026140268304, 0.01448045087849622, 0.0197931812716809]",none,0,Formella argues that the current border security posture has resulted in a surge of over seven million inadmissible immigrants.
Qwen2.5-1.5B-Instruct_K3,339,4063,0.9676364660263062,26,1.1060973405838013,0.296121209859848,"[-0.0396500589466506, 0.7744549903765031, -0.037498936470631]","[0.0438350343872746, 0.2205532811783629, 0.006417775599927084]",none,0,"However, the announcement has been criticized by the chairman of the New Hampshire Democratic Party, who believes it is a cynical political move."
Qwen2.5-1.5B-Instruct_K3,339,4063,0.40966951847076416,18,1.8280296325683594,0.2666708827018738,"[0.11336305234989494, -0.045203952538663036, 2.420632373910242]","[0.03325865900791945, 0.006945297945427519, 0.2510562549432507]",none,0,The coalition has submitted a Petition for Rulemaking to amend DHS's catch-and-release policies.
Qwen2.5-1.5B-Instruct_K3,340,2166,2.09789776802063,42,0.6226950883865356,0.20186074078083038,"[0.2114791874427326, -0.13768574247036927, -0.05315702607982703]","[0.06610972376629001, 0.05056985276886345, 0.046255491454574096]",none,0,"The recent riots in Baltimore have led to a unique situation for Major League Baseball, with two games between the Baltimore Orioles and the Chicago White Sox having been cancelled and the third game played in an empty stadium."
Qwen2.5-1.5B-Instruct_K3,340,2166,2.476749897003174,40,-0.1494002640247345,0.05642278864979744,"[-0.1599463030695915, -0.05777150369394803, -0.11318387428837014]","[0.030184873738107854, 0.006753894743167166, 0.023363735229821714]",none,0,"The Orioles' next series against Tampa Bay Rays has been moved to Florida; the team's home stadium, Camden Yards, is situated in the centre of Baltimore, in the midst of the riots."
Qwen2.5-1.5B-Instruct_K3,340,2166,2.31984281539917,35,0.17562657594680786,0.07134843617677689,"[0.10200720727443695, -0.06784229576587678, 0.05019459703138896]","[0.024972034628236932, 0.015782697195286997, 0.027653247676789762]",none,0,"The article suggests that the riots and the Orioles' games highlight the social and racial issues in America, with less than 10% of baseball players or fans being black."
Qwen2.5-1.5B-Instruct_K3,340,2166,2.8600871562957764,31,0.2642492651939392,0.05182989686727524,"[0.2684110191560561, 0.0285207218220157, -0.057211039888281974]","[0.022443301868700093, 0.006109979079243907, 0.022503502980520527]",none,0,"The author suggests that baseball's nostalgic feel and its old-time stadiums do not sit well with African-Americans, whose memories of the old times are not positive."
Qwen2.5-1.5B-Instruct_K3,340,2166,2.616525650024414,29,0.022858545184135437,0.02687644585967064,"[0.003494798096904435, 0.06734491033521722, -0.0336714743030386]","[0.004613996835579546, 0.0049624367584328866, 0.01649067416518188]",none,0,"However, the author suggests that despite the issues at hand, America still believes that sport matters, whether there is anyone there to watch it or not."
Qwen2.5-1.5B-Instruct_K3,341,1327,1.3439528942108154,19,1.8531662225723267,0.25661540031433105,"[0.9698137873232267, 0.02192040156315718, 0.09706381960820995]","[0.1944709997999445, 0.0010542530474259891, 0.005110352273552627]",none,0,The arrest and death of Freddie Gray in Baltimore has sparked protests and allegations of police brutality.
Qwen2.5-1.5B-Instruct_K3,341,1327,0.3092980682849884,19,2.4041411876678467,0.3117384910583496,"[2.0451747094844714, 0.01021664093633789, 0.00680116303249777]","[0.30155803802067804, 0.0011150237498297525, 0.0004779019648977785]",none,0,Gray was arrested on a weapons charge in a high-crime area of Baltimore known for drugs.
Qwen2.5-1.5B-Instruct_K3,341,1327,0.5868950486183167,23,1.9027130603790283,0.29947134852409363,"[1.9737505186576922, -0.012118125634594395, 0.016192194911918308]","[0.28828271500495484, 0.005559480362738055, 0.0027449955162499305]",none,0,"According to police, Gray ""gave up without the use of force"" and was placed inside a police van."
Qwen2.5-1.5B-Instruct_K3,341,1327,0.26268213987350464,16,1.605810523033142,0.22636374831199646,"[0.9940940839587711, 0.019907113844965352, -0.036653095463407226]","[0.17593171051703393, 0.011622769978473002, 0.005705540190774627]",none,0,"When he was taken out of the van, he could not talk or breathe."
Qwen2.5-1.5B-Instruct_K3,341,1327,0.8798061609268188,17,1.4343147277832031,0.21201378107070923,"[0.8070107777602971, 0.48418061383862926, 0.04361689865489846]","[0.10640622647256617, 0.06856641897636831, 0.006072144390065446]",none,0,The cause of his severe spinal cord injury that led to his death is still unknown.
Qwen2.5-1.5B-Instruct_K3,341,1327,1.5344802141189575,36,1.3040132522583008,0.25407490134239197,"[-0.09723783566409515, 1.2708333283921496, 0.08395089732301939]","[0.03522240312627724, 0.24742809988998082, 0.008009552224797921]",none,0,"Court documents allege that Gray was carrying a switchblade, but his family's attorney argues that he had a legal-sized pocket knife and that police never saw the knife before chasing Gray."
Qwen2.5-1.5B-Instruct_K3,341,1327,1.0149362087249756,20,0.9419811367988586,0.2428574562072754,"[0.029690182519698283, -0.06102218954329146, 1.1084571837622206]","[0.018713002069111438, 0.01188592499997867, 0.2435598819894949]",none,0,"Cell phone videos show officers dragging Gray, who is handcuffed, to a van while he screams."
Qwen2.5-1.5B-Instruct_K3,341,1327,0.6573053598403931,20,2.6333253383636475,0.3111938536167145,"[0.10131105894979556, -0.06273286835858123, 2.5404295119455353]","[0.006268681708182911, 0.005840268557164308, 0.30217452826322244]",none,0,"Officers placed more restraints on him inside the van, and surveillance video recorded him conscious and talking."
Qwen2.5-1.5B-Instruct_K3,341,1327,0.9168733358383179,11,1.0824339389801025,0.21999020874500275,"[-0.025954193558308445, -0.08445727996034046, 1.1823036454046483]","[0.01041768859669322, 0.013353020029812384, 0.22950929539563897]",none,0,"However, between 8:54 a.m."
Qwen2.5-1.5B-Instruct_K3,341,1327,1.1500056982040405,15,0.518985390663147,0.15505164861679077,"[-0.04714287638974687, -0.03788988191712027, 0.5295278147483865]","[0.007286429950424159, 0.008962684652215103, 0.144254393549636]",none,0,"and 9:24 a.m., something happened that remains unclear."
Qwen2.5-1.5B-Instruct_K3,341,1327,1.5224921703338623,4,0.23908674716949463,0.05953530594706535,"[-0.050334940548054874, 0.013797543535474688, 0.04197245615068823]","[0.008776839601523534, 0.02122030199279834, 0.04599902362679131]",none,0,"In response to Gray's death, six police officers have been suspended, but it is not certain if they were the only officers involved or if they used force against Gray."
Qwen2.5-1.5B-Instruct_K3,342,1746,1.0324982404708862,34,0.7711692452430725,0.1577765792608261,"[0.5038848952150575, 0.0031366132666067535, 0.03264720769777127]","[0.12740422660429912, 0.002563804946656573, 0.005287755811182519]",none,0,"South Africa celebrated Freedom Day on April 27, marking the country's first democratic elections in 1994 and the election of Nelson Mandela as president."
Qwen2.5-1.5B-Instruct_K3,342,1746,1.9003336429595947,10,0.3237249255180359,0.18119317293167114,"[0.5217428340925835, -0.03717695850646123, -0.09285097311949357]","[0.16952338442351902, 0.0074120540926742255, 0.0040980497818964064]",none,0,The event is seen as the end of apartheid.
Qwen2.5-1.5B-Instruct_K3,342,1746,1.1657413244247437,24,1.9216537475585938,0.2561473548412323,"[1.2338133093556582, 0.7210763600596692, -0.019743222491039585]","[0.158545280979259, 0.07390115684696259, 0.004041280756003592]",none,0,"This year's celebrations were marked by anti-immigrant attacks and messages of hope on Twitter, including from Indian PM Narendra Modi."
Qwen2.5-1.5B-Instruct_K3,343,179,1.2240703105926514,40,1.5791594982147217,0.21931037306785583,"[0.6076663661850035, 0.06000844449627039, 0.04445420554293378]","[0.09167026292511764, 0.010376713262792237, 0.0016732787986917686]",none,0,A mother has been charged with attempted murder and other counts after she left her 21-year-old quadriplegic son in the woods for days while she visited her boyfriend in Maryland.
Qwen2.5-1.5B-Instruct_K3,343,179,0.6390544176101685,37,2.204242467880249,0.3122641444206238,"[1.3308366705235597, 0.8382039329074826, 0.030553539261549106]","[0.1801647232795084, 0.13098162551132436, 0.004968162484773701]",none,0,"The man was found lying in leaves, covered in a blanket with a Bible and a wheelchair nearby, and was suffering from dehydration, malnutrition, and a cut that raised infection concerns."
Qwen2.5-1.5B-Instruct_K3,343,179,0.48497074842453003,60,1.740859866142273,0.24542056024074554,"[1.214533355190239, 0.0204214138139605, -0.014093090229872965]","[0.1946579213541554, 0.007734784637762715, 0.003247351546727373]",none,0,"The mother, Nyia Parler, 41, was taken into custody in Maryland and will be extradited to Philadelphia to face charges once she completes an unspecified ""treatment."" The charges against Parler include aggravated assault, simple assault, recklessly endangering another person, and related offenses."
Qwen2.5-1.5B-Instruct_K3,343,179,1.3954817056655884,34,0.6665541529655457,0.1455269306898117,"[0.024646573703969752, 0.0775161253883492, 0.5254347388641717]","[0.041473206685944154, 0.01899231170250794, 0.10239991318581394]",none,0,"The police were able to identify Parler as the mother through text messages between her and her aunt, in which Parler claimed that her son was with her in Maryland."
Qwen2.5-1.5B-Instruct_K3,343,179,2.309915781021118,29,0.057329483330249786,0.12541228532791138,"[-0.15921746081284224, -0.03182832663032027, 0.06353174588855773]","[0.0347797791870609, 0.01998041153396653, 0.09560961395372315]",none,0,"The police have stated that the boyfriend was not aware of the situation, and that Parler's sisters have tried to obtain guardianship of the man."
Qwen2.5-1.5B-Instruct_K3,344,5394,0.6804060339927673,31,2.5486302375793457,0.30896952748298645,"[2.543945484178802, 0.009163665512694992, 0.001005276926838222]","[0.3017906998171501, 0.000511337504769193, 0.0007005693159660422]",none,0,"Olio Pizzeria is an Italian restaurant and bar located at 11 W Victoria St, Ste 21, Santa Barbara, CA."
Qwen2.5-1.5B-Instruct_K3,344,5394,1.8812185525894165,10,0.7143286466598511,0.1327928602695465,"[0.6172141062328592, 0.019685891788685694, -0.002477415432804264]","[0.11821246450999752, 0.002006690016423818, 0.0011762181726226117]",none,0,It specializes in pizza and offers a nightlife experience.
Qwen2.5-1.5B-Instruct_K3,344,5394,2.284238338470459,15,0.19798904657363892,0.10226244479417801,"[0.32415604492028555, -0.025425860037406284, -0.009844758609930674]","[0.12357731821636359, 0.003159091408694318, 0.0008164574016215435]",none,0,"The establishment is open Tuesday to Sunday, from late afternoon to late evening."
Qwen2.5-1.5B-Instruct_K3,344,5394,1.5323024988174438,19,1.1842631101608276,0.14688290655612946,"[1.1473487493042882, -0.03359926039794166, 0.02207688231474573]","[0.1358603375326646, 0.004415079380506589, 0.0013352524669914458]",none,0,"Notable attributes include free WiFi, outdoor seating, take-out service, and suitability for groups."
Qwen2.5-1.5B-Instruct_K3,344,5394,1.931822419166565,13,0.9099826812744141,0.20765739679336548,"[0.7881263826902096, -0.10630150941702035, -0.05513233279522795]","[0.18750177624707037, 0.0024407896800347282, 0.0007878580839203026]",none,0,"Street and lot parking are available, and it accepts restaurant reservations."
Qwen2.5-1.5B-Instruct_K3,344,5394,2.749957799911499,6,1.3816148042678833,0.15439440310001373,"[1.3882653330607961, 0.05320122046396136, -0.06163202280489107]","[0.15219918952304093, 0.0013000339296619738, 0.0017847853966183418]",none,0,The ambiance is classified as classy.
Qwen2.5-1.5B-Instruct_K3,344,5394,2.251507520675659,10,0.8087331652641296,0.05354364961385727,"[0.032017595646902916, 0.13559470561885972, 0.10624645142961527]","[0.04012338634347543, 0.008608981267389026, 0.0016414964772593521]",none,0,"However, customer reviews suggest areas for improvement."
Qwen2.5-1.5B-Instruct_K3,344,5394,0.9213544726371765,32,1.2481176853179932,0.15542912483215332,"[0.6150127783458856, 0.035171835051073685, 0.00177548352166923]","[0.09164756276484809, 0.01239711166800106, 0.0014626375551554105]",none,0,"Olio Pizzeria has a business star rating of 4.0, but recent reviews have criticized the service, particularly the conduct of the hostess."
Qwen2.5-1.5B-Instruct_K3,344,5394,2.0866992473602295,18,0.7371513247489929,0.09102298319339752,"[0.13517944160533565, 0.44646739789338125, 0.2959592744700785]","[0.06413917734477713, 0.15179885078812244, 0.017054822590703605]",none,0,"Customers have had issues with perceived rudeness and poor seating arrangements, particularly during colder weather."
Qwen2.5-1.5B-Instruct_K3,344,5394,1.5419275760650635,21,0.6144174933433533,0.13514527678489685,"[0.10244565403887204, 0.027543867627779644, 0.7231504466562044]","[0.021502891985056477, 0.02547690195275382, 0.13883868873208052]",none,0,"The food quality is generally praised, although there is a specific complaint about a salad ingredient not being fresh."
Qwen2.5-1.5B-Instruct_K3,344,5394,1.8231956958770752,10,0.12215171009302139,0.022745171561837196,"[-0.09628141934517771, 0.13836506402585655, -0.04052250124514103]","[0.024068103823810815, 0.010244490885088452, 0.004635654192861693]",none,0,"Despite these criticisms, customers still find the food enjoyable."
Qwen2.5-1.5B-Instruct_K3,345,2139,1.2139713764190674,36,1.6456947326660156,0.2569175064563751,"[0.8718026725303692, -0.016827864723584045, 0.028966143721643474]","[0.1465414282170564, 0.0023170674145186845, 0.0007679598456320491]",none,0,"In a recent appeal court decision, Judge Jeffrey Sutton of the 6th US Circuit Court of Appeals in Cincinnati was the sole judge to uphold state bans on same-sex marriage."
Qwen2.5-1.5B-Instruct_K3,345,2139,1.0882678031921387,27,0.9981775879859924,0.1866150051355362,"[0.8825510779322401, 0.015126787807578998, 0.00976588022658015]","[0.14496769569544726, 0.007945734826353988, 0.003463286909057691]",none,0,"This decision goes against a wave of judicial rulings striking down such bans, and could potentially influence the upcoming Supreme Court case on the matter."
Qwen2.5-1.5B-Instruct_K3,345,2139,1.1652753353118896,29,0.5213137269020081,0.1352255940437317,"[0.037619772816657945, 0.2053586627213196, 0.1982619307308251]","[0.01983780904945355, 0.08940739084327388, 0.025476228655767548]",none,0,"Sutton's opinion emphasizes the importance of allowing the democratic process to determine the definition of marriage, rather than imposing a constitutional right to same-sex marriage."
Qwen2.5-1.5B-Instruct_K3,345,2139,1.388576626777649,25,0.24737076461315155,0.09406019002199173,"[-0.14488370854574895, 0.10739913269346289, 0.24810050975545891]","[0.015085364600924436, 0.03676525613982221, 0.07296448775945351]",none,0,"However, critics argue that this approach disregards the harm faced by same-sex couples and the Constitution's protection of individual rights."
Qwen2.5-1.5B-Instruct_K3,345,2139,1.5034749507904053,43,0.46654537320137024,0.11284930258989334,"[0.05538238977964664, 0.3178322961226344, -0.035664177151819215]","[0.056177677515945615, 0.06238781991263284, 0.006978153572871697]",none,0,"The decision has drawn attention for its unconventional approach, with some seeing it as a potential roadmap for states seeking to uphold their bans, while others view it as an outlier that will not carry much weight in the legal landscape."
Qwen2.5-1.5B-Instruct_K3,346,2212,1.5030819177627563,19,0.6682817339897156,0.080763079226017,"[0.14044284728649808, 0.007177502811445217, 0.023954963323807244]","[0.01713972940955213, 0.0020833221196402234, 0.004085721277844736]",none,0,"Here is a summary of the article in 200 words or less:

Dr."
Qwen2.5-1.5B-Instruct_K3,346,2212,0.2719801366329193,38,1.9351950883865356,0.2329304814338684,"[1.7519635830455962, 0.004172160698592626, 0.0038216118612724947]","[0.20440072014408592, 0.0018970451787607232, 0.001017675412845464]",none,0,"Mehmet Oz, a cardiothoracic surgeon and celebrity talk show host, faced criticism from a group of colleagues who accused him of pushing ""quack treatments"" for personal financial gain."
Qwen2.5-1.5B-Instruct_K3,346,2212,0.36495956778526306,4,-0.03971729427576065,0.03411883860826492,"[-0.16114311058117892, -0.0769755726614676, -0.02144908430364012]","[0.027539548860204377, 0.004423274420418011, 0.0012865984582504097]",none,0,"However, Dr."
Qwen2.5-1.5B-Instruct_K3,346,2212,1.5291495323181152,24,0.5981327891349792,0.15621934831142426,"[-0.24930614873301238, -0.17432547197677195, 0.8581276952851719]","[0.052343526976377085, 0.043967968144746315, 0.07042064870832594]",none,0,"Oz defended himself by pointing out the conflicts of interest of some of his critics, who had ties to the GMO industry."
Qwen2.5-1.5B-Instruct_K3,346,2212,1.5452313423156738,17,-0.10742649435997009,0.14940257370471954,"[0.0996913265912821, 0.026819175427697378, -0.14554586493314298]","[0.022256419894374095, 0.013935244364213705, 0.11457029872519128]",none,0,He also highlighted the lack of scientific support for some of the criticisms leveled against him.
Qwen2.5-1.5B-Instruct_K3,346,2212,0.5796670317649841,6,-0.18914790451526642,0.027010329067707062,"[-0.13210718165161475, -0.03091518937677999, -0.030472432925307658]","[0.0068043458875308716, 0.002996768227527961, 0.0031589538314923025]",none,0,"Despite the backlash, Dr."
Qwen2.5-1.5B-Instruct_K3,346,2212,1.3517569303512573,22,0.8411268591880798,0.2266080528497696,"[-0.19418277058073066, 0.6355320588071746, -0.015274158213287592]","[0.0820071435962084, 0.1746662243134448, 0.01021139542998836]",none,0,"Oz's media empire remains intact, with his show continuing to air and his university and hospital standing by him."
Qwen2.5-1.5B-Instruct_K3,346,2212,1.0531837940216064,20,0.07654689252376556,0.06053757667541504,"[-0.04359511929797009, -0.09270451161282836, 0.19029289679747308]","[0.024352507650655754, 0.013066583685122169, 0.02274619082047593]",none,0,The controversy has raised questions about the role of academics in the media and the potential for conflicts of interest.
Qwen2.5-1.5B-Instruct_K3,347,148,1.7372889518737793,27,2.117570161819458,0.26073703169822693,"[1.3869969106227573, 0.06611840773473011, 0.06829071120052875]","[0.21688892432548865, 0.0018448742108813786, 0.0016971999597175185]",none,0,"A Delaware family, including two teenage boys, fell ill while on vacation in the US Virgin Islands, possibly due to pesticide exposure."
Qwen2.5-1.5B-Instruct_K3,347,148,0.7428745031356812,15,0.8255895376205444,0.16600707173347473,"[0.9383788620432217, -0.023272410097221533, -0.040272218423585096]","[0.16541727933411796, 0.002005260988031902, 0.0012400637291041978]",none,0,"The father is in stable condition, while the boys remain in critical condition."
Qwen2.5-1.5B-Instruct_K3,347,148,1.019469141960144,10,0.5224149227142334,0.26036834716796875,"[0.5006453841924667, -0.0440073033911176, -0.14242875615600498]","[0.2139484578743577, 0.003269667126778586, 0.006666428754624576]",none,0,The family was staying at a villa in St.
Qwen2.5-1.5B-Instruct_K3,347,148,1.0973812341690063,23,1.028886079788208,0.181540846824646,"[1.124311362576681, 0.06288385887356802, -0.11174663921587047]","[0.17899160295359173, 0.003952136608544181, 0.01597269292217448]",none,0,"John when they became sick, and paramedics were called after the father was found unconscious and the boys had seizures."
Qwen2.5-1.5B-Instruct_K3,347,148,0.5415577292442322,22,1.1461611986160278,0.19939392805099487,"[0.22868610053476665, 0.7678134717317665, 0.03796257802464838]","[0.06258286012168603, 0.13697981476275345, 0.00444870708973352]",none,0,"Tests revealed the presence of methyl bromide, a pesticide that is restricted in the US due to its toxicity."
Qwen2.5-1.5B-Instruct_K3,347,148,0.47661474347114563,18,1.4741402864456177,0.21488790214061737,"[0.14189538035013052, 0.07581541073780802, 1.1514783459956055]","[0.024632789030066406, 0.012540648153352171, 0.18218355601559072]",none,0,The EPA is investigating whether the family was exposed during a fumigation at the resort.
Qwen2.5-1.5B-Instruct_K3,347,148,1.6386148929595947,34,0.44831472635269165,0.20647357404232025,"[0.6571399260531453, 0.05686918058239933, -0.1805773457765955]","[0.2007126287995454, 0.01264622693124091, 0.02556107290271658]",none,0,"The family's attorney says they have confidence in the medical professionals and are hopeful for a full recovery, but many questions remain about how the pesticide was used in a residential area."
Qwen2.5-1.5B-Instruct_K3,348,1218,1.336675763130188,30,1.2367526292800903,0.23911426961421967,"[0.8467210355214775, -0.056801101588644085, 0.06711762412451208]","[0.1787048771007297, 0.007752392406776683, 0.004389123956207186]",none,0,"Four workers have died and 45 were injured, with two in critical condition, in a massive oil rig fire off the coast of Mexico."
Qwen2.5-1.5B-Instruct_K3,348,1218,0.8541820049285889,37,2.230776309967041,0.241477832198143,"[1.293747737672478, 1.19894011316727, 0.01811116482848455]","[0.1277561064585776, 0.12230283766896448, 0.002623401191112247]",none,0,"The blaze, on the Abkatun Permanente platform in the Gulf of Mexico's Campeche Sound, was eventually extinguished after 10 boats battled the flames for hours."
Qwen2.5-1.5B-Instruct_K3,349,2083,1.1325892210006714,36,2.039287567138672,0.25616663694381714,"[0.8539585122827904, -0.013749213248666415, 0.026758891027561224]","[0.11984963174714064, 0.002541844447841236, 0.002515512387042741]",none,0,"Ben Affleck requested that producers of the PBS show ""Finding Your Roots"" remove any mention of his slave-owning ancestor from an episode that looked at his family history."
Qwen2.5-1.5B-Instruct_K3,349,2083,0.693950355052948,31,0.874993622303009,0.20274893939495087,"[0.7046638468643998, 0.007824360693135649, -0.022069675631061523]","[0.14986362260314337, 0.005219833750611395, 0.002445628204756553]",none,0,"The show's producer, Harvard professor Henry Louis Gates Jr., apparently agreed to the request, and the episode aired without any reference to Affleck's ancestor."
Qwen2.5-1.5B-Instruct_K3,349,2083,1.199704885482788,23,2.0128376483917236,0.2822149395942688,"[1.6117052923148985, 0.04086055169856358, 0.020440151391085237]","[0.20880279246810698, 0.006277067067774466, 0.0024189007761319576]",none,0,This request only became publicly known recently after the release of hacked emails between Gates and Sony Pictures chief Michael Lynton.
Qwen2.5-1.5B-Instruct_K3,349,2083,1.029266595840454,20,1.6491562128067017,0.17238940298557281,"[1.016657246631803, 0.8840025926008821, -0.06254609774355231]","[0.11520085649638076, 0.06862764966069505, 0.009636160950545047]",none,0,"Affleck admitted to urging Gates to remove the reference, stating that he was embarrassed by the thought."
Qwen2.5-1.5B-Instruct_K3,349,2083,0.5450465083122253,22,1.1453747749328613,0.2047593742609024,"[0.18951400409936137, 1.3263431995837065, 0.09108513420352954]","[0.05989266846870578, 0.21465699376142827, 0.009326671126784576]",none,0,"Gates has denied that his decision was influenced by Affleck's request, but it seems likely that it was."
Qwen2.5-1.5B-Instruct_K3,349,2083,0.5055716633796692,16,1.9190990924835205,0.39422231912612915,"[0.03466108973225346, 1.8913840372115374, 0.0693413879344007]","[0.01006926334957825, 0.367199488915503, 0.0023197532685088618]",none,0,PBS has launched an internal review to determine if the show violated its editorial standards.
Qwen2.5-1.5B-Instruct_K3,349,2083,0.2811805307865143,31,2.0632312297821045,0.29318439960479736,"[0.03243918266980472, 0.6308348983287532, 1.3237383470829716]","[0.00926239727323447, 0.10172308163640581, 0.13568544869158652]",none,0,"""Finding Your Roots"" is an entertainment program, not an investigative news show, and much of the material is provided directly by the celebrity being profiled."
Qwen2.5-1.5B-Instruct_K3,349,2083,0.79325270652771,13,1.986591100692749,0.30394667387008667,"[0.2133473377818973, 0.27176147721967514, 2.473281445327582]","[0.02863714870556158, 0.033057874811255224, 0.3296622901006441]",none,0,Affleck did not strong-arm the producers or make any threats.
Qwen2.5-1.5B-Instruct_K3,349,2083,1.8007314205169678,8,0.5639649629592896,0.1734389364719391,"[0.042521466041307576, -0.10159371001282125, 0.1589655452394254]","[0.08628596370175146, 0.11523431284135555, 0.039227755087388516]",none,0,"It is noted that Affleck's request was understandable, given his progressive causes and the potential for the information to be used against him in the future."
Qwen2.5-1.5B-Instruct_K3,350,652,7.022190093994141,3,1.57827889919281,0.31572163105010986,"[0.054845194021860756, 0.5250179370244344, 0.24178723494211832]","[0.05750736532111963, 0.015099243726581335, 0.03483648877590895]",none,0,Sure!
Qwen2.5-1.5B-Instruct_K3,350,652,1.6623599529266357,43,1.9453648328781128,0.2387593537569046,"[0.608435537060655, 0.3631732461238476, 0.04382563257198388]","[0.07571631684231232, 0.0633567846213504, 0.024848505501410708]",none,0,"Here's the summary in 37 words:

7-Eleven hosts Bring-Your-Own-Cup Slurpee Day on Sat., $1.49 fills any sanitary cup, promoting creative cup choices."
Qwen2.5-1.5B-Instruct_K3,351,2797,1.018617033958435,36,2.007305383682251,0.2657838463783264,"[1.1690748334222008, 0.018174846879749868, -0.015342265650057621]","[0.14956091336918892, 0.004896903860715914, 0.004299087338646738]",none,0,"Nine members of a criminal syndicate have been indicted for stealing and illegally trafficking liquor from two Kentucky distilleries, including the rare and expensive Pappy Van Winkle bourbon."
Qwen2.5-1.5B-Instruct_K3,351,2797,0.8318202495574951,36,0.9903689622879028,0.1860291212797165,"[0.8860659264610149, -0.022264113681962447, -0.0334851554287828]","[0.16635960011464906, 0.005992501381350558, 0.006082048306017403]",none,0,"The theft of 65 cases of Pappy Van Winkle in 2013 was believed to be an inside job, and the investigation had gone cold until now."
Qwen2.5-1.5B-Instruct_K3,351,2797,1.05329430103302,28,1.962855577468872,0.2908800542354584,"[0.00024519382986909477, 1.6519183870072343, 0.010193845129094825]","[0.026233897753424378, 0.19885548674158468, 0.0029054350415879276]",none,0,"The alleged ringleader of the operation is a loading dock worker at Buffalo Trace Distillery named Gilbert ""Toby"" Curtsinger."
Qwen2.5-1.5B-Instruct_K3,351,2797,0.8733317852020264,19,1.3702667951583862,0.23729035258293152,"[0.2160711550034313, 1.0265636038690757, 0.08623596606469762]","[0.04759615119090947, 0.20418072849842198, 0.012192618327593377]",none,0,"Five barrels of stolen bourbon were found on his property, but no Pappy Van Winkle."
Qwen2.5-1.5B-Instruct_K3,351,2797,0.7229943871498108,18,1.7209280729293823,0.26298007369041443,"[0.3165988058446803, 0.03779299941056201, 1.8423143569598324]","[0.05977512935406695, 0.05171405826735685, 0.23283871253633492]",none,0,Curtsinger is accused of distributing the stolen bourbon through his connections in a softball league.
Qwen2.5-1.5B-Instruct_K3,351,2797,1.0079200267791748,24,2.229170083999634,0.22144480049610138,"[0.5864535565106053, 0.08562818107702697, 1.344734847833024]","[0.0887370004178365, 0.00472486265164207, 0.1142211560980589]",none,0,"The investigation was praised by Franklin County Sheriff Pat Melton, who became emotional at a press conference announcing the indictments."
Qwen2.5-1.5B-Instruct_K3,351,2797,0.5549173951148987,26,1.0907807350158691,0.1922663003206253,"[-0.01282392744556441, 0.0840114461147655, 0.9942505143293462]","[0.008047286770280292, 0.005388436537484809, 0.17081134189468755]",none,0,"Several hundred thousand dollars' worth of recovered booze, including cases of Pappy Van Winkle, were returned to the distilleries."
Qwen2.5-1.5B-Instruct_K3,352,5658,1.0862492322921753,26,2.1832945346832275,0.30289456248283386,"[1.2612610745306414, 0.02028848486224888, -0.01170330685888005]","[0.17486318625676106, 0.0029502778364189908, 0.0007474701517804323]",none,0,"Shintori Sushi Factory is a local restaurant in Santa Barbara, CA located at 3001 State St."
Qwen2.5-1.5B-Instruct_K3,352,5658,1.149361252784729,31,1.1528687477111816,0.1925601214170456,"[1.2121669041113026, -0.05344235525333187, -0.005461137080982875]","[0.20719777193716576, 0.003026830635959751, 0.0008240028586435015]",none,0,"The establishment specializes in Japanese cuisine, specifically sushi, and is classified under the categories of Restaurants, Sushi Bars, Food, Specialty Food, and Japanese."
Qwen2.5-1.5B-Instruct_K3,352,5658,1.2641162872314453,42,0.09369209408760071,0.06645460426807404,"[0.15847593725283377, 0.01008688478387263, 0.029992357739242186]","[0.08640438503131181, 0.0023197213036090553, 0.001038018362453927]",none,0,"Operating from 4:30 pm to 9:30 pm on weekdays and 5 pm to 9:30 pm on weekends, the restaurant is recognized for its classy yet casual ambiance."
Qwen2.5-1.5B-Instruct_K3,352,5658,1.5119893550872803,20,1.563216209411621,0.15203917026519775,"[1.5564563342370092, 0.07623418607981876, -0.05369256566045806]","[0.14217209613416343, 0.003398416284881023, 0.0009668875868101168]",none,0,"It offers street parking and take-out services but does not provide WiFi, outdoor seating, or reservations."
Qwen2.5-1.5B-Instruct_K3,352,5658,1.2842921018600464,13,0.4753088653087616,0.09176875650882721,"[0.5284512457796015, 0.18248977742265338, 0.006399972646389729]","[0.10072610133255903, 0.008088225630322436, 0.0009391398673939805]",none,0,The restaurant has an average rating of 3.5 stars.
Qwen2.5-1.5B-Instruct_K3,352,5658,1.3136554956436157,20,1.605163812637329,0.19132857024669647,"[1.6737451566383243, 0.05967968858249151, -0.04581831400114424]","[0.20160022731870414, 0.012197774008939177, 0.00264637610008549]",none,0,"Positive reviews praise the large, delicious sushi rolls, freshness of the fish, and excellent Udon."
Qwen2.5-1.5B-Instruct_K3,352,5658,2.336498498916626,16,0.9501081705093384,0.13743856549263,"[1.0015138117596507, -0.15887145418673754, 0.053065578918904066]","[0.13817233894951642, 0.02656789530374226, 0.00596911423781421]",none,0,"The accommodating staff, who ask customers about their spice preference, also receive appreciation."
Qwen2.5-1.5B-Instruct_K3,352,5658,1.8207435607910156,30,1.1862804889678955,0.1991937905550003,"[-0.015493342378128242, -0.04848443179028739, 1.1601878714129876]","[0.03190561501984727, 0.04529397820200908, 0.1653931745616755]",none,0,"However, a negative review criticizes the restaurant for its use of overpowering flavors such as sesame leaf and salsa, and an abundance of ginger in dishes."
Qwen2.5-1.5B-Instruct_K3,353,4873,0.760927677154541,28,2.2953667640686035,0.3084043860435486,"[1.8009348634555604, -0.0019131898486323604, 0.0012795880003458088]","[0.27627613918334, 0.0008560841777247268, 0.0015103014960849187]",none,0,"Beachside Bar-Cafe is a local business located at 5905 Sandspit Rd, Goleta, CA."
Qwen2.5-1.5B-Instruct_K3,353,4873,1.0681921243667603,17,1.330366611480713,0.1812756508588791,"[1.3296897710636533, 0.002586801361758262, -0.014932839325731894]","[0.18999808868401863, 0.0010900348755272075, 0.0010047857328158096]",none,0,It is a restaurant and bar that specializes in American (New) cuisine and seafood.
Qwen2.5-1.5B-Instruct_K3,353,4873,0.6017528176307678,29,0.19728507101535797,0.08413352817296982,"[0.2321175612762153, -0.014710916937913461, 0.0026714779456785344]","[0.08383344906956311, 0.0010959999147560054, 0.0007968576706836192]",none,0,The establishment offers outdoor seating and is open from 11:30 AM to 9:00 PM every day of the week.
Qwen2.5-1.5B-Instruct_K3,353,4873,0.9999227523803711,12,0.5887818932533264,0.13282965123653412,"[0.70719256469359, 0.031573280638743505, 0.03453061148078026]","[0.1254087609316533, 0.0018356455170760455, 0.0016341851127587386]",none,0,The business has a rating of 3.5 stars.
Qwen2.5-1.5B-Instruct_K3,353,4873,1.1255136728286743,10,0.44240742921829224,0.08176861703395844,"[0.3636653035879135, 0.056428926438093184, 0.07847893238067627]","[0.06111890962347388, 0.007251726527465507, 0.0074687864864245055]",none,0,Customers have left positive reviews about the restaurant.
Qwen2.5-1.5B-Instruct_K3,353,4873,0.8423648476600647,35,1.8505083322525024,0.22526316344738007,"[1.4857674754376473, 0.1295921576903181, -0.008505404944662587]","[0.19957433610275724, 0.01936670782770916, 0.0023235488918398263]",none,0,One customer expressed their support for Beachside Bar-Cafe and encouraged others to help keep it open by committing to spending $100.00 a month in purchases.
Qwen2.5-1.5B-Instruct_K3,353,4873,0.9203792810440063,21,1.7472898960113525,0.2031155526638031,"[0.07966990556035723, 1.2140362929730188, 0.24632389080666361]","[0.02798761361433814, 0.1190374516604823, 0.040910316489836465]",none,0,"Another customer praised the quality of the delivered meal, specifically mentioning the King crab, vegetables, and salad."
Qwen2.5-1.5B-Instruct_K3,353,4873,0.9672370553016663,12,0.5231534838676453,0.09777949005365372,"[-0.0006630308926105499, 0.4186823625738422, 0.6556531665846705]","[0.026469560669890296, 0.0519384387541019, 0.08747719020660345]",none,0,They were pleased with the freshness and taste of the food.
Qwen2.5-1.5B-Instruct_K3,353,4873,2.561605215072632,15,-0.22548137605190277,0.07879437506198883,"[-0.018589712663864097, 0.11553080537026593, 0.08211801760868791]","[0.06874878668847183, 0.01274109559446212, 0.010133218976382826]",none,0,"However, there have been some minor criticisms regarding the take-out process."
Qwen2.5-1.5B-Instruct_K3,353,4873,3.4833805561065674,21,-0.12509189546108246,0.04351940378546715,"[-0.03948772219674928, 0.03573175528574558, -0.07060682028532028]","[0.031433156257705944, 0.005976648596299042, 0.002816926024457817]",none,0,"Customers mentioned that the ramp for placing orders is not wide enough for good social distancing, and the staff seemed understaffed, resulting in longer wait times."
Qwen2.5-1.5B-Instruct_K3,354,5016,0.903465747833252,41,1.867045521736145,0.18934383988380432,"[1.9098826706721432, -0.009879174644616219, 0.008489746168579143]","[0.19293456006943882, 0.001201517811631586, 0.0022096418186448516]",none,0,"Padaro Beach Grill is a highly-rated restaurant in Carpinteria, California, offering a wide range of cuisines including traditional American, seafood, burgers, tacos, sandwiches, Mexican, and more."
Qwen2.5-1.5B-Instruct_K3,354,5016,1.3246599435806274,26,0.797328531742096,0.14242202043533325,"[0.9185844604463245, -0.07142681721933723, 0.033560126896540726]","[0.13598148203723562, 0.011710923697793217, 0.0023107206710663445]",none,0,"Open from Tuesday to Sunday, the restaurant is appreciated for its delicious food, especially the burgers, sandwiches, and sweet potato fries."
Qwen2.5-1.5B-Instruct_K3,354,5016,1.832134485244751,19,0.5159904360771179,0.13340039551258087,"[0.6107395340345407, -0.07539964918243258, -0.00973146702898176]","[0.11532876586639568, 0.02696962915491129, 0.005613327164227437]",none,0,"Despite being perceived as slightly pricey, customers still recommend the restaurant for its great food and views."
Qwen2.5-1.5B-Instruct_K3,354,5016,1.0413424968719482,17,0.9147769212722778,0.16285499930381775,"[0.8504601261400453, -0.006513385927332018, 0.013807072910233675]","[0.14288763819272657, 0.010569723918599587, 0.0017320267325511155]",none,0,"The restaurant offers outdoor seating, free Wi-Fi, and is good for group dining."
Qwen2.5-1.5B-Instruct_K3,354,5016,1.7507888078689575,11,0.1449519842863083,0.2100381851196289,"[0.26949361264599825, -0.11542705081732989, -0.039315692159685896]","[0.1934643208422296, 0.004615010956782003, 0.0009936651205593575]",none,0,"The service, however, is reported to be inconsistent."
Qwen2.5-1.5B-Instruct_K3,354,5016,2.4958908557891846,17,0.18232198059558868,0.20753492414951324,"[0.24080784092931187, -0.18324203000349157, -0.1287795640528202]","[0.18497741222381592, 0.011943225668373463, 0.005591764661777929]",none,0,The restaurant does not offer parking in a garage or lot but has street parking available.
Qwen2.5-1.5B-Instruct_K3,354,5016,1.6188209056854248,26,1.192061424255371,0.17392989993095398,"[0.26416737453725475, 1.3967065934736569, 0.023884413038523726]","[0.05357884085522248, 0.15432416509765273, 0.00198201631932394]",none,0,"It is described as casual yet classy, with a beautiful ambiance, particularly noted for its outdoor seating near the ocean and warm fire pits."
Qwen2.5-1.5B-Instruct_K3,355,2855,1.1156530380249023,40,0.9940736889839172,0.1949736773967743,"[0.6052022789488547, -0.011534122903503885, 0.016678558055718894]","[0.12635947774688247, 0.0017591635342284917, 0.0013899472338096074]",none,0,Ousted Egyptian President Mohamed Morsy has been sentenced to 20 years in prison for charges of violence and inciting violence during protests outside the presidential palace in 2012.
Qwen2.5-1.5B-Instruct_K3,355,2855,0.6251822113990784,29,0.2556922137737274,0.07086052000522614,"[0.4590265570152732, -0.0037927858770828984, 0.013544824058201278]","[0.09084749175840913, 0.0016426700216419672, 0.0019155475175331315]",none,0,"Morsy, who was the country's first democratically elected leader, was deposed in a military coup in 2013."
Qwen2.5-1.5B-Instruct_K3,355,2855,0.7325242161750793,28,1.6751203536987305,0.22304153442382812,"[1.600441061733623, 0.09184275308455524, 0.04726132955823102]","[0.21918931327568966, 0.019820391764937995, 0.002864363985155803]",none,0,"His Freedom and Justice Party has called the trial a ""travesty of justice,"" while civil plaintiff lawyers have expressed satisfaction with the verdict."
Qwen2.5-1.5B-Instruct_K3,355,2855,1.529166340827942,13,-0.03623503819108009,0.10189405828714371,"[-0.03641562564791037, -0.12596023979131132, 0.09728698408266959]","[0.05021293285202633, 0.011160978838773872, 0.09288104899860627]",none,0,Morsy's defense team has vowed to appeal the conviction.
Qwen2.5-1.5B-Instruct_K3,355,2855,1.774342656135559,42,-0.14174120128154755,0.04553953930735588,"[-0.08998617986634642, -0.05569818438410342, -0.06322345395229993]","[0.033451329355449116, 0.011775680570798116, 0.008157391398896152]",none,0,"This is the first trial Morsy has faced since his removal from power, and he is also standing trial in three other cases, including two on charges of espionage and one on charges of insulting the judiciary."
Qwen2.5-1.5B-Instruct_K3,355,2855,1.6905691623687744,21,0.26050281524658203,0.05092999339103699,"[0.24142388272143545, 0.04807523815404801, 0.030656520809446062]","[0.024101476872428543, 0.019615605359874843, 0.004542008636538715]",none,0,"The trials have raised concerns about political interference in the judicial process, with some arguing that the outcome is predetermined."
Qwen2.5-1.5B-Instruct_K3,356,2262,2.4994707107543945,24,1.3384298086166382,0.16512025892734528,"[0.025501572594900306, 0.4551474786615775, 0.0008961307757999748]","[0.0281100963990563, 0.04232688560629564, 0.008871890262222829]",none,0,"The US's decision to back Saudi Arabia's air strikes in Yemen is misguided, according to this op-ed piece."
Qwen2.5-1.5B-Instruct_K3,356,2262,0.569973349571228,26,1.9068982601165771,0.27685388922691345,"[2.1151393809212515, 0.08694079640554264, 0.02917022763778312]","[0.2983819544628764, 0.005260531179190436, 0.002620256190609255]",none,0,&nbsp;The Saudi goal is to prevent the rise of any popularly supported government in the region that seeks self-determination.
Qwen2.5-1.5B-Instruct_K3,356,2262,0.7239899039268494,56,2.1563720703125,0.3111729025840759,"[0.04167320058695623, 2.239960335476748, -0.02829913275698865]","[0.027631844553200478, 0.30194778556902485, 0.002381131962449347]",none,0,"&nbsp;Although the Houthi movement's rhetoric is anti-American, they have not targeted any American interests and when the US embassy left Sanaa in January, the Houthis reportedly said they would round up all the cars and deliver them to a UN representative in Yemen."
Qwen2.5-1.5B-Instruct_K3,356,2262,0.21042443811893463,36,3.27726674079895,0.3917330503463745,"[0.09296962949964735, 0.08832014200743288, 3.477489975694981]","[0.01309016955201514, 0.0266205804494651, 0.3862057785121983]",none,0,"However, the US policy has adopted the Saudi-Gulf narrative on Yemen, effectively placing Saudi ambitions to control Yemen above previous American priorities like destroying the safe haven for al Qaeda there."
Qwen2.5-1.5B-Instruct_K3,356,2262,0.30839988589286804,17,2.002422571182251,0.2823808193206787,"[-0.030922735385555664, -0.17200947104378, 1.9875759862445515]","[0.0038127595963648193, 0.007743091524389456, 0.27664240611278834]",none,0,"&nbsp;Indeed, the Obama administration appears to have abandoned Yemen to Saudi machinations."
Qwen2.5-1.5B-Instruct_K3,357,8013,1.6392968893051147,25,2.0846335887908936,0.28793564438819885,"[1.9518651807308196, 0.011017693961039186, -0.0485264539369382]","[0.2097002515383065, 0.0006168659504328388, 0.002863003362872405]",none,0,"Yona Redz is a local restaurant located in Santa Barbara, California, serving up authentic Latin American and Mexican cuisine."
Qwen2.5-1.5B-Instruct_K3,357,8013,1.5515735149383545,23,0.22251617908477783,0.06773784011602402,"[0.2732766292705808, -0.009758543696396215, -0.0031611303237023885]","[0.06275945909463031, 0.0009314627006717827, 0.006502448796289212]",none,0,The establishment has a rating of 4.5 stars and receives excellent reviews for its food quality and customer service.
Qwen2.5-1.5B-Instruct_K3,357,8013,1.3212109804153442,22,0.9668159484863281,0.13822215795516968,"[0.1909547814734238, 0.05163004375274547, 0.2509774275055282]","[0.062135496580925646, 0.005056916291943542, 0.04910595391629613]",none,0,"Customers particularly enjoy the delicious birria tacos and micheladas, as well as the cozy outdoor seating area."
Qwen2.5-1.5B-Instruct_K3,357,8013,2.339367628097534,28,-0.0825720876455307,0.10316001623868942,"[-0.030466276354023387, -0.01813750926937376, -0.027317824640444348]","[0.07857584837308552, 0.0011770019404398876, 0.0068132232585672425]",none,0,"While some patrons have noted that the menu items are not strictly traditional Mexico-style, they appreciate the unique twists and flavors added by the chef."
Qwen2.5-1.5B-Instruct_K3,357,8013,0.91614830493927,27,0.9275935292243958,0.13038204610347748,"[0.22902773989739622, -0.007654066169548228, 0.6744540084500504]","[0.06183282108964637, 0.0010456335720829412, 0.06730588681282959]",none,0,"The business offers free parking in the back and has a relaxed, casual atmosphere, making it a great spot for both locals and tourists."
Qwen2.5-1.5B-Instruct_K3,357,8013,1.155152678489685,24,0.016716578975319862,0.012734897434711456,"[-0.01240390330349328, -0.010521084645461087, -0.029546999067027475]","[0.010376367351454974, 7.770073174621454e-05, 0.001043968438580123]",none,0,"Overall, Yona Redz appears to be a popular choice for those seeking a memorable dining experience with excellent food and service."
Qwen2.5-1.5B-Instruct_K3,358,1092,0.7365942597389221,25,1.1789021492004395,0.20982830226421356,"[0.4236364866429358, -0.03735599572188221, 0.023629061519750395]","[0.10231409803323914, 0.00877093784914905, 0.0033136417039168007]",none,0,Israeli Prime Minister Benjamin Netanyahu has been granted an additional two weeks to form a government by President Reuven Rivlin.
Qwen2.5-1.5B-Instruct_K3,358,1092,1.4524176120758057,16,1.2400068044662476,0.2928012013435364,"[0.488606161379721, 1.0962859415449202, -0.0385544776218012]","[0.07216221473936457, 0.23007431643782184, 0.0025493897237538476]",none,0,Netanyahu requested the extension to ensure the government's stability and to discuss key issues.
Qwen2.5-1.5B-Instruct_K3,358,1092,0.42019909620285034,15,1.3296970129013062,0.2238340824842453,"[0.010730823668806504, 1.4915280317810053, 0.004511120255726079]","[0.015463403384395254, 0.22482151482642318, 0.0011865070264131343]",none,0,Israeli law stipulates that he must form his government within 42 days.
Qwen2.5-1.5B-Instruct_K3,359,8521,0.5896281003952026,30,2.4980692863464355,0.3125433921813965,"[2.458210576574008, 0.008355115924253672, -0.0003264456461086714]","[0.30577762440467876, 0.0012124255516861619, 0.0014092530046355023]",none,0,"Brass Bear Brewing & Bistro is a local business located at 28 Anacapa St, Ste E in Santa Barbara, CA."
Qwen2.5-1.5B-Instruct_K3,359,8521,0.45762184262275696,41,2.325228691101074,0.26139724254608154,"[2.28321213195691, -0.001275267801691193, 0.00503898712783511]","[0.25305419299352583, 0.0007571505621111034, 0.0007141563817407498]",none,0,"It offers a variety of experiences, including wineries, food, breweries, nightlife, bars, arts & entertainment, champagne bars, pubs, American (New) cuisine, brewpubs, and restaurants."
Qwen2.5-1.5B-Instruct_K3,359,8521,1.5015709400177002,13,0.030234264209866524,0.1170576885342598,"[0.03477078683387775, 0.03522688219807325, 0.0556741989746045]","[0.09791862577773057, 0.004615688193675501, 0.0011048678967864151]",none,0,The business has received an average rating of 4.5 stars.
Qwen2.5-1.5B-Instruct_K3,359,8521,1.4383124113082886,15,0.6593055725097656,0.12601274251937866,"[0.6438681458860326, 0.12822743721771984, -0.07643739466244975]","[0.08544684790334335, 0.04089601409017026, 0.002550357494722751]",none,0,Customers have praised the establishment for its good beer and friendly bartenders.
Qwen2.5-1.5B-Instruct_K3,359,8521,1.8633842468261719,14,0.8349035978317261,0.12424623966217041,"[1.2456894388555415, 0.3730021970612662, 0.08083786349743605]","[0.10450501184511397, 0.09364995110913046, 0.006418507150166468]",none,0,One customer mentioned enjoying their IPA and the pleasant atmosphere on the patio.
Qwen2.5-1.5B-Instruct_K3,359,8521,0.7198277711868286,28,1.8565484285354614,0.23456767201423645,"[0.2007813363904591, 0.2870545185323863, 1.7402822078604783]","[0.021999714107810826, 0.03212317725872741, 0.22243502593898615]",none,0,"Another customer appreciated the helpfulness of the staff, particularly a young lady named Oli, who provided a tour and assisted with event planning."
Qwen2.5-1.5B-Instruct_K3,359,8521,2.212002754211426,33,-0.24698223173618317,0.051818009465932846,"[-0.1842053450319244, -0.030414838958181048, -0.12753939549475035]","[0.02011130546103838, 0.007052054240644297, 0.01848232013371516]",none,0,"The food at Brass Bear Brewing & Bistro has also received positive feedback, with one customer highlighting the flavorful chipotle sauce on the shrimp and the cozy outdoor seating area."
Qwen2.5-1.5B-Instruct_K3,359,8521,0.7461473345756531,22,0.7129495143890381,0.11957912892103195,"[0.728123781306005, 0.02182664641821413, 0.048691537743665816]","[0.11023482104194086, 0.006840940142203842, 0.007834614400611496]",none,0,"In terms of amenities, the business offers free WiFi, outdoor seating, and the option to make reservations."
Qwen2.5-1.5B-Instruct_K3,359,8521,1.6570355892181396,4,0.2580466866493225,0.05165935680270195,"[0.27064739167690277, 0.25417764484882355, 0.05412636697292328]","[0.05133315594866872, 0.003029477084055543, 0.003728785057319328]",none,0,It also has parking available on the street and in a nearby lot.
Qwen2.5-1.5B-Instruct_K3,360,1282,1.2984946966171265,38,1.4991960525512695,0.19833362102508545,"[1.3469229832377383, 0.002492448259880276, -0.0034838689913924193]","[0.1724055111167098, 0.003872563355475665, 0.001971482031398122]",none,0,"Here is a summary of the article in 200 words:

Lieutenant Colonel John Schwemmer is on his sixth tour in Iraq, training Iraqi soldiers for the sixth time."
Qwen2.5-1.5B-Instruct_K3,360,1282,0.3805399537086487,10,1.5247713327407837,0.2147546112537384,"[1.4330018822103738, 0.010417605843394994, -0.026170311402529477]","[0.19277673312462867, 0.0031626374846382534, 0.002022834680883534]",none,0,"This time, he feels that the U.S."
Qwen2.5-1.5B-Instruct_K3,360,1282,1.0886174440383911,17,1.5664477348327637,0.2834460735321045,"[1.3238932227387148, -0.027677451191908297, -0.08345393583123736]","[0.23861791007220745, 0.00897912830217084, 0.006246897693285171]",none,0,"military is getting it right, but they are not alone in the fight against ISIS."
Qwen2.5-1.5B-Instruct_K3,360,1282,0.6970160007476807,31,1.2129182815551758,0.2436748445034027,"[0.6491761058418741, 0.16722688917493103, -0.04283116280895492]","[0.14794541512345594, 0.10742052878436154, 0.0101573909777794]",none,0,"Dozens of foreigners, including Americans, have volunteered to take the fight to ISIS, and some have joined the YPG, a Kurdish militia in Syria."
Qwen2.5-1.5B-Instruct_K3,360,1282,1.3384190797805786,5,-0.7021454572677612,0.20581845939159393,"[-0.4576848430559039, 0.13568053338676692, -0.6921955422963947]","[0.07143032378517092, 0.034899305527869726, 0.22352647108782547]",none,0,While the U.S.
Qwen2.5-1.5B-Instruct_K3,360,1282,1.9828534126281738,24,1.1933989524841309,0.24718546867370605,"[-0.10180174250854179, 1.1635168294111888, 0.008217769912638081]","[0.05676284121727804, 0.1847458820217677, 0.04849234649676267]",none,0,"military is confident in their support of the forces battling ISIS, some organizations have set up recruitment drives online for foreign fighters."
Qwen2.5-1.5B-Instruct_K3,360,1282,0.6273459792137146,37,1.5371395349502563,0.2093440145254135,"[0.08684223152207828, 0.24160352346449587, 1.811046628485201]","[0.01044741691050542, 0.02327720103196928, 0.21525574750648957]",none,0,"However, not all those opposing ISIS welcome foreign fighters, with the Peshmerga, the military wing of the Kurdish Regional Government, saying they don't need or want foreign fighters."
Qwen2.5-1.5B-Instruct_K3,360,1282,1.3929105997085571,33,1.7672001123428345,0.29514920711517334,"[-0.04311864773626439, 0.034645952787038616, 1.4301913347462136]","[0.015534790837067923, 0.04933484468914905, 0.23692211389072437]",none,0,"Some volunteers, like Ian Bradbury, have established training bodies to support those on the front lines, and believe that internal capacity building is the key to long-term stability."
Qwen2.5-1.5B-Instruct_K3,361,2467,1.0155616998672485,38,1.678938865661621,0.2588059604167938,"[1.2681514767709334, 0.03939521567448728, -0.002279016815009527]","[0.20994505146824705, 0.004351787337279683, 0.0009343076327587895]",none,0,"A group of 117 migrants, primarily from sub-Saharan Africa, arrived in the port of Augusta, Sicily after being rescued by a tugboat off the coast of Libya."
Qwen2.5-1.5B-Instruct_K3,361,2467,1.3729310035705566,12,1.1881335973739624,0.18687033653259277,"[1.3269917391007766, -0.07738571420334968, -0.06371107688664779]","[0.19714870992750852, 0.008060796959385405, 0.004486107572830633]",none,0,The migrants had been traveling in two barely seaworthy boats.
Qwen2.5-1.5B-Instruct_K3,361,2467,1.1851673126220703,37,1.0312122106552124,0.19129756093025208,"[0.9068035547766281, -0.023029351224878966, -0.027631973191927426]","[0.1562459350617074, 0.008180059203470124, 0.002861751874635305]",none,0,"This arrival comes amidst news that up to 400 migrants were lost at sea, adding to the increasing death toll among those fleeing conflict and poverty in Africa and the Middle East."
Qwen2.5-1.5B-Instruct_K3,361,2467,0.5465328693389893,30,1.0658104419708252,0.1750495284795761,"[1.1819003580138088, 0.03378367253814455, 0.03185688746010176]","[0.19260306395590304, 0.006391650013992489, 0.0020542641425322474]",none,0,"So far this year, around 900 people have died making the journey, and last year at least 3,200 died."
Qwen2.5-1.5B-Instruct_K3,361,2467,0.3575058877468109,32,0.50236976146698,0.12797865271568298,"[0.5749325826864151, 0.0017781558885303639, -0.002043010836885628]","[0.13790855117167666, 0.007153682448000964, 0.0019579986781801395]",none,0,"Since 2000, almost 22,000 people have died attempting to cross the Mediterranean, according to the International Organization for Migration."
Qwen2.5-1.5B-Instruct_K3,361,2467,0.7117480039596558,36,0.7966344952583313,0.20600765943527222,"[0.2385620471933281, 0.9386029001705336, -0.029648717603701396]","[0.06831642027363058, 0.18672905197369496, 0.0038164414048383025]",none,0,"Despite the dangers, the flow of migrants does not appear to be slowing down, with nearly 10,000 migrants arriving on Italian shores in the past few days."
Qwen2.5-1.5B-Instruct_K3,361,2467,0.6455260515213013,15,1.676842451095581,0.35656601190567017,"[0.02556704046798283, 1.464476815858658, 0.00592001068874121]","[0.03321171542027059, 0.33291357012900186, 0.0093878949393968]",none,0,"The group in Augusta included 31 women, mostly from Nigeria and Gambia."
Qwen2.5-1.5B-Instruct_K3,362,2988,1.3698776960372925,57,1.0753308534622192,0.21170669794082642,"[0.8322597467340529, -0.001476589543336447, -0.030938081373869067]","[0.16133142531422587, 0.004958757886149151, 0.003522862836561807]",none,0,"Ferguson, Missouri has elected two black candidates to its city council, making the six-member council 50% black; the city's population of 21,000 is 70% black, however, the council and police force have been predominantly white."
Qwen2.5-1.5B-Instruct_K3,362,2988,2.005995512008667,47,-0.38565218448638916,0.08173473924398422,"[-0.24396194379400224, -0.01342682011841618, -0.016829481670395174]","[0.06416827791094584, 0.014182314352592101, 0.0031382135428991223]",none,0,The election of the two black representatives is a first for the city and is seen as a potential turning point after the shooting of Michael Brown by a white police officer last year sparked violent protests and shed light on racial tension in the city.
Qwen2.5-1.5B-Instruct_K3,362,2988,0.665134608745575,14,2.6641600131988525,0.2909792959690094,"[0.01873118199208485, 2.885799665968599, -0.018267257962309356]","[0.016244143355704312, 0.2941121353235628, 0.004023532830615295]",none,0,"The former police chief, Tommy Jackson, resigned after a U.S."
Qwen2.5-1.5B-Instruct_K3,362,2988,0.5522708892822266,22,1.1133917570114136,0.25913721323013306,"[-0.10434893040986605, 1.189969797164932, -0.05209586956202243]","[0.003951243269387884, 0.2502676212104482, 0.001661350501446567]",none,0,Department of Justice (DOJ) report found systemic discrimination against African-Americans in law enforcement and the municipal court.
Qwen2.5-1.5B-Instruct_K3,362,2988,1.5554546117782593,46,1.1607710123062134,0.24208517372608185,"[-0.025846567093495927, -0.014215766052391542, 1.1497907071657802]","[0.008772596987831133, 0.013029194035840666, 0.2249970584348573]",none,0,"The council will have to find alternative sources of revenue to replace the $3 million or so lost from money generated by traffic tickets and fines, as the DOJ also found that Ferguson issued fines and traffic tickets to generate revenue for the city."
Qwen2.5-1.5B-Instruct_K3,363,6577,0.9607510566711426,25,1.9812462329864502,0.2999438941478729,"[1.980415757894516, -0.055409408248378894]","[0.275358391078189, 0.0026535098702515827]",none,0,"Subway is a local restaurant located at 1936 State St, Ste B in Santa Barbara, CA."
Qwen2.5-1.5B-Instruct_K3,363,6577,0.7930821180343628,15,0.6523459553718567,0.14199848473072052,"[0.5544155648288628, -0.005774168580925713]","[0.10803018801573974, 0.0034948600352436186]",none,0,It is a fast food establishment that specializes in sandwiches and deli items.
Qwen2.5-1.5B-Instruct_K3,363,6577,0.22257189452648163,40,0.3762619197368622,0.07281447947025299,"[0.4174972473520938, -0.02228147232592619]","[0.07677169719349877, 0.0006694847755696287]",none,0,The restaurant is open from 8:00 AM to 10:00 PM on weekdays and from 10:00 AM to 10:00 PM on weekends.
Qwen2.5-1.5B-Instruct_K3,363,6577,1.7404688596725464,12,-0.03350159153342247,0.08267216384410858,"[0.26242429794122774, 0.08971799910068512]","[0.034033064963296056, 0.03286982591574391]",none,0,Customers have mentioned a few key points in their reviews.
Qwen2.5-1.5B-Instruct_K3,363,6577,0.8924211859703064,63,1.4941037893295288,0.2408575713634491,"[1.5005043461320124, -0.04244513001026101]","[0.23999759182888306, 0.013791442156726617]",none,0,"One customer had a negative experience with their meatball sub, describing it as a ""dadaesque attack on the logic of how to make a meatball sub."" Another customer had a generally positive experience but mentioned that the cashier did not accept their gift card and they had to pay with a credit card instead."
Qwen2.5-1.5B-Instruct_K3,363,6577,0.7436055541038513,13,1.5422344207763672,0.2505354583263397,"[0.5180650047460893, 2.773117302988584]","[0.05957104467233876, 0.2615181162165335]",none,0,They also found the whole wheat bread to be a little dry.
Qwen2.5-1.5B-Instruct_K3,363,6577,0.8952947854995728,32,0.9082616567611694,0.20174193382263184,"[-0.06348152205100632, 1.0909889582544565]","[0.018533384841703082, 0.2082093892604462]",none,0,"A third customer found the chicken breast sandwich to be good and the staff courteous, but mentioned that they had to wait 25 minutes to place their order and may not return to this location."
Qwen2.5-1.5B-Instruct_K3,364,3724,1.6164348125457764,22,2.384432792663574,0.20686160027980804,"[1.8908274002923546, 0.01221149998838717, 0.015542441215736537]","[0.13708209168544272, 0.004313093927030629, 0.0062230055332551356]",none,0,"Here is a summary of the news article within 69 words:

Former Frostburg dentist Jordan R."
Qwen2.5-1.5B-Instruct_K3,364,3724,1.1260535717010498,23,1.8495874404907227,0.293470174074173,"[0.5495508044411469, 0.4510932966709927, 0.04409329963875833]","[0.10133071727898862, 0.10426577588694509, 0.012389252536608004]",none,0,Hobel is barred from prescribing controlled substances after a consent decree with the US government due to alleged illegal opioid prescriptions.
Qwen2.5-1.5B-Instruct_K3,364,3724,0.7724965810775757,22,1.2762523889541626,0.32969582080841064,"[0.04867868532429301, 1.375464127200592, -0.001973698065822563]","[0.014336334129108185, 0.3117846687918328, 0.010266693591967685]",none,0,Hobel allegedly prescribed controlled substances without a valid medical reason and misused the DEA registration numbers of his colleagues.
Qwen2.5-1.5B-Instruct_K3,364,3724,1.7082551717758179,7,1.109904170036316,0.134367898106575,"[0.0080671241240842, 1.6140012687870435, 0.29217713439304915]","[0.009672229727064925, 0.1080177321231791, 0.06223195683560334]",none,0,He denies the government's allegations.
Qwen2.5-1.5B-Instruct_K3,364,3724,0.5891598463058472,14,1.3339731693267822,0.19750523567199707,"[0.11955523746109975, 0.07332246394487031, 1.2811475457469246]","[0.008128619686593603, 0.035570087603576085, 0.1807972214621267]",none,0,The consent decree prohibits Hobel from seeking reinstatement of his DEA registration.
Qwen2.5-1.5B-Instruct_K3,365,6619,0.6674453020095825,28,2.32436203956604,0.3002365529537201,"[2.258793245136206, -0.01588551802316423, 0.01096116470398556]","[0.2661289349863572, 0.0016420660484897098, 0.0007762559935063759]",none,0,"Helena Avenue Bakery is a local business located at 131 Anacapa St, Ste C in Santa Barbara, California."
Qwen2.5-1.5B-Instruct_K3,365,6619,0.6740705370903015,24,1.3813282251358032,0.19633322954177856,"[1.2410645009599648, -0.04212933960980081, -0.005184692104270046]","[0.16467482251694796, 0.004394847275397258, 0.0022803838510678056]",none,0,"It offers a variety of food options including salads, coffee, tea, breakfast, brunch, sandwiches, and baked goods."
Qwen2.5-1.5B-Instruct_K3,365,6619,1.750311017036438,18,0.3202267289161682,0.13457852602005005,"[0.3521592907038414, 0.008108466647374572, 0.07671068030524314]","[0.09230708418827918, 0.020738310247787065, 0.00472376219777399]",none,0,The bakery has received positive reviews from customers who have praised its ambience and cute atmosphere.
Qwen2.5-1.5B-Instruct_K3,365,6619,0.8753327131271362,20,1.1341158151626587,0.16314895451068878,"[1.281889499456156, -0.025890971505214112, -0.0014619509212934645]","[0.11906162491650321, 0.016761792485669957, 0.005965426273948538]",none,0,"One customer mentioned that they loved the area and the ambience, and they plan to visit again."
Qwen2.5-1.5B-Instruct_K3,365,6619,0.9848765730857849,28,1.738223671913147,0.24882706999778748,"[1.8266479999490133, -0.027083845926126417, -0.012450478592070015]","[0.2215684994288105, 0.005664425689352929, 0.0032919200444153163]",none,0,"They specifically enjoyed the Smoked Pastrami Reuben on Seeded Rye, although they found the mustard to be a bit overwhelming."
Qwen2.5-1.5B-Instruct_K3,365,6619,0.8436072468757629,21,2.6132853031158447,0.27944883704185486,"[0.056054630932132046, 3.1405880115926266, 0.039914919451499976]","[0.03615901740046129, 0.27646168347703115, 0.010295240852066118]",none,0,Another customer appreciated the cool Santa Barbara feel and enjoyed the Farmers Market sandwich and the challah French toast.
Qwen2.5-1.5B-Instruct_K3,365,6619,0.9951111674308777,13,1.0327054262161255,0.22628749907016754,"[0.1749073309967151, 1.2401311294390605, 0.04127477811506161]","[0.03403501982729022, 0.18365537102978963, 0.04342032343783313]",none,0,They also mentioned that the bakery has a dog-friendly outdoor patio.
Qwen2.5-1.5B-Instruct_K3,365,6619,1.6825041770935059,19,0.5182659029960632,0.1460379958152771,"[0.15909174023085812, 0.02077967734504981, 1.0581511382601763]","[0.0202174596473158, 0.036634830437067556, 0.15839354526159646]",none,0,A third customer praised the quality of the BLT sandwich but found it to be slightly expensive.
Qwen2.5-1.5B-Instruct_K3,365,6619,2.321810007095337,11,-0.4263332486152649,0.10434040427207947,"[-0.28780224241993646, -0.24665117670189252, -0.38665898076512595]","[0.04715239589991556, 0.035779113066382706, 0.09554586720398882]",none,0,They also mentioned that the service was great and efficient.
Qwen2.5-1.5B-Instruct_K3,365,6619,0.7795138359069824,12,0.780096709728241,0.1343526840209961,"[0.7420695321634412, 0.2269992245710455, -0.024953487067250535]","[0.08590842945462403, 0.023950136092025787, 0.013171418728158338]",none,0,The bakery has a rating of 4.0 stars.
Qwen2.5-1.5B-Instruct_K3,365,6619,0.675590455532074,6,-0.13581839203834534,0.010196080431342125,"[0.03076253017449441, -0.09788387482209752, -0.04319335398031399]","[0.008200506163727065, 0.0015486834333084214, 0.00010050964313753259]",none,0,"Overall, Helena Avenue Bakery offers a charming atmosphere and a range of tasty food options for locals and visitors to enjoy in Santa Barbara."
Qwen2.5-1.5B-Instruct_K3,366,1206,1.6226105690002441,26,2.014118194580078,0.23959599435329437,"[0.6671920827246735, 0.010131705410703244, 0.03465791447745058]","[0.0486623220232288, 0.006343902864470097, 0.0031081605123688405]",none,0,"An American couple's pet cat, Felix, went missing after their Etihad Airways flight from Abu Dhabi to New York City."
Qwen2.5-1.5B-Instruct_K3,366,1206,1.3062490224838257,27,1.7150908708572388,0.2574431300163269,"[1.0099869704184432, 0.7101652068129085, 0.0181875187791539]","[0.10066168837942381, 0.08155668669469715, 0.009273205509762865]",none,0,Jennifer Stewart and Joseph Naaman had booked their two-year-old cat on the same flight as part of their job relocation to the USA.
Qwen2.5-1.5B-Instruct_K3,366,1206,1.0169758796691895,23,1.285180687904358,0.23055599629878998,"[0.9375952994046004, 0.16451368278459363, 0.04314698610940705]","[0.1940492373769698, 0.011700558931688252, 0.00423718951186975]",none,0,"On arrival, they were told by a cargo manager that Felix's carrier had been crushed and the cat was missing."
Qwen2.5-1.5B-Instruct_K3,366,1206,1.1984477043151855,22,0.8478813171386719,0.17796443402767181,"[0.037392746862678905, 0.7652884513287393, -0.023249141478862093]","[0.012984089064389082, 0.14395104284884042, 0.012782011363826356]",none,0,Etihad Airways is investigating the incident and has enlisted the aid of third-party specialists to help find the cat.
Qwen2.5-1.5B-Instruct_K3,366,1206,1.0358952283859253,44,0.9990012645721436,0.20290589332580566,"[0.03991991844875222, 0.015521115684681386, 1.0922676711475519]","[0.004809603734336385, 0.004435107532189745, 0.20270698037921359]",none,0,This is not the first time a pet has gone missing at JFK; in 2011 a cat escaped before an American Airlines flight and was found two months later in a malnourished and injured state.
Qwen2.5-1.5B-Instruct_K3,366,1206,0.8735499382019043,29,1.1785669326782227,0.20059873163700104,"[0.05516255897936358, 1.1428128774430284, -0.12114392923499039]","[0.005660947757111648, 0.19830105164099082, 0.010302256703850248]",none,0,"Etihad Airways claims that the loss of pets during air travel is ""extremely rare"", and they transported over 200 pets last year."
Qwen2.5-1.5B-Instruct_K3,367,3120,0.6073666214942932,51,2.371164321899414,0.2785949409008026,"[1.932781329672948, -0.010168608112543748, -0.008926438258426702]","[0.23450924525483666, 0.00254383542138456, 0.0016607564379870275]",none,0,"Iran's President has hailed the proposed international deal on his country's nuclear program, vowing that Iran will stick to its promises, and assuming other countries live up to their end of the bargain, become a more active, engaged player in world affairs."
Qwen2.5-1.5B-Instruct_K3,367,3120,0.3814341723918915,45,2.2480430603027344,0.35388851165771484,"[2.098911741678603, 0.006922476496401942, -0.019453489660453568]","[0.33682696938178397, 0.0014893475684352275, 0.0021963028572119787]",none,0,"President Hassan Rouhani said that his government kept its word to Iranians when negotiating the framework deal, which was agreed upon last Thursday and sets parameters for talks that could lead to a comprehensive deal by a June 30 deadline."
Qwen2.5-1.5B-Instruct_K3,367,3120,0.10943862050771713,20,2.634568691253662,0.3977227807044983,"[2.7123893250711264, 0.02727903154445812, 0.023084744416701143]","[0.3900482785073109, 0.006059614657146994, 0.0013342023938776038]",none,0,Chief among them is that Iran would keep at least some centrifuges and no longer face international sanctions.
Qwen2.5-1.5B-Instruct_K3,367,3120,0.2724030613899231,38,2.266897201538086,0.34340700507164,"[0.2461343528174391, 2.589534390190812, 0.005504236174218883]","[0.049766331091536574, 0.35515769918588613, 0.0033591761362033955]",none,0,"The deal is non-negotiable for Iran, with Rouhani saying the deal shows his government's commitment to removing a major obstacle for business by addressing the world's worries about its nuclear program."
Qwen2.5-1.5B-Instruct_K3,368,407,0.9484527111053467,36,1.9852006435394287,0.31144970655441284,"[0.9179066890030501, 0.05481866197543342, 0.05011071356893303]","[0.19959129963515604, 0.004014984529424639, 0.008329067079627193]",none,0,"The headstone of Hillary Clinton's father, Hugh Rodham, was found tipped over in a cemetery in Scranton, Pennsylvania, just days after Clinton announced her presidential run."
Qwen2.5-1.5B-Instruct_K3,368,407,1.5364216566085815,16,0.8685222268104553,0.24365225434303284,"[-0.03403981775045395, 0.8000570783042349, 0.35569701943313703]","[0.06826765478763264, 0.13156429640002898, 0.044876064763229806]",none,0,"Police are investigating the possible vandalism, but some suspect a connection to Clinton's announcement."
Qwen2.5-1.5B-Instruct_K3,369,4039,1.541533350944519,34,1.181053638458252,0.24214544892311096,"[0.06790611178749874, 0.02131639923385699, -0.003284650668319955]","[0.06055365155887504, 0.003128875716351545, 0.007874515972095169]",none,0,"Mahanoy Area High School's football team, the Bears, defeated Tri-Valley with a score of 27-20 in a close game."
Qwen2.5-1.5B-Instruct_K3,369,4039,1.4260412454605103,19,0.588640570640564,0.07983051985502243,"[0.6784954039949777, -0.05474854872323034, 0.07879534184949559]","[0.04956407599664951, 0.005301235173838474, 0.005441133984444796]",none,0,"The lead changed multiple times throughout the game, with Mahanoy Area ultimately securing the victory."
Qwen2.5-1.5B-Instruct_K3,369,4039,0.7771345376968384,22,1.9782387018203735,0.23674117028713226,"[0.9109412557075054, 1.1790214374784476, -0.002275063468749233]","[0.11575252075338292, 0.09389518704102526, 0.005107620069896835]",none,0,Senior running back Colm McGroarty and junior quarterback Levi Terry played key roles in the Bears' win.
Qwen2.5-1.5B-Instruct_K3,369,4039,0.6662027835845947,26,0.6871882677078247,0.09648644179105759,"[0.028698320485650932, 0.01865659558615544, 0.8690553994124457]","[0.004476799696931266, 0.0018979143692376965, 0.1096905874762928]",none,0,"With this victory, Mahanoy improves to a 2-6 record while Tri-Valley falls to 4-4."
Qwen2.5-1.5B-Instruct_K3,370,3150,3.125520706176758,28,0.6554105877876282,0.1517225056886673,"[0.102505162358284, 0.0540782596383776, -0.010733281927449363]","[0.02342762991195611, 0.01265590846534386, 0.003905448131263256]",none,0,"A reporter for CNN has gone undercover to expose the child trafficking trade in Nigeria, using the cover story of looking for children to foster."
Qwen2.5-1.5B-Instruct_K3,370,3150,1.9822074174880981,26,1.2146756649017334,0.15584322810173035,"[0.6214948506810918, 0.03643300990538242, 0.0033339312156805624]","[0.07206307272337234, 0.015290018463789377, 0.00575620605041667]",none,0,"A man was found to be selling children from an unofficial camp for displaced people, where people fleeing Boko Haram have taken refuge."
Qwen2.5-1.5B-Instruct_K3,370,3150,1.7800148725509644,33,0.9251333475112915,0.17042317986488342,"[-0.030939943753323998, -0.0005764412256239941, 0.6881567407399416]","[0.00842505206641032, 0.029381095275339525, 0.14131654165402957]",none,0,"He offered the reporter a three-year-old child, or perhaps a twelve-year-old who could look after the younger child, for a donation of $500."
Qwen2.5-1.5B-Instruct_K3,370,3150,0.9722583889961243,27,1.1706314086914062,0.1841084212064743,"[0.10739442636366692, 1.4984965953346412, 0.05294312185314656]","[0.009613348567317761, 0.2017577926576282, 0.0014618249326169327]",none,0,"Despite measures by the Nigerian government to punish human traffickers, there are still 8 million children involved in forced labour in the country."
Qwen2.5-1.5B-Instruct_K3,370,3150,0.377841979265213,23,1.2458781003952026,0.2028421312570572,"[0.032921994873860334, 1.283895276340089, 0.012587861411979564]","[0.0026286082414947527, 0.20189159593681563, 0.0010908172258624568]",none,0,The Global Slavery Index says that Nigeria has the highest number of people in modern slavery of any sub-Saharan country.
Qwen2.5-1.5B-Instruct_K3,370,3150,1.025557279586792,24,1.6324599981307983,0.22224505245685577,"[0.004344935157860164, 1.67960475361906, -0.02627938198565971]","[0.003406587699752587, 0.22312428599798295, 0.0021158159992372325]",none,0,"The Nigerian anti-trafficking agency, Naptip, is rated highly but is overwhelmed by the scale of the problem."
Qwen2.5-1.5B-Instruct_K3,371,1704,1.242097020149231,26,1.533655047416687,0.26004475355148315,"[0.8747385306498752, 0.04580286947580484, 0.021499416468521722]","[0.15443877587900856, 0.00823078281330079, 0.0019095995765103279]",none,0,"Anti-immigrant violence in South Africa is on the rise, causing thousands of immigrants to seek refuge in police stations and shelters."
Qwen2.5-1.5B-Instruct_K3,371,1704,0.7329775094985962,37,2.191239356994629,0.3073258697986603,"[2.23086309562171, -0.0403876723664104, -0.05826619270562111]","[0.30053927772071287, 0.00324445078086142, 0.0019898143550378606]",none,0,"The cause of the violence is unclear, with some blaming inflammatory comments about foreign nationals from the Zulu king and others attributing it to a labour dispute between locals and foreigners in March."
Qwen2.5-1.5B-Instruct_K3,371,1704,1.0095040798187256,13,1.1700934171676636,0.22901831567287445,"[1.1513380595984368, -0.15921797741500016, -0.04040350749542435]","[0.20507673713235328, 0.009779576728620808, 0.0014997308800537633]",none,0,Unemployment in impoverished areas is also believed to be a factor.
Qwen2.5-1.5B-Instruct_K3,371,1704,1.2694483995437622,21,0.6976027488708496,0.18323373794555664,"[0.39494469655411585, 0.1998367358797363, 0.07297857846355155]","[0.09779182464505236, 0.044506807250270085, 0.005651961352235784]",none,0,Immigrants who make their living in South Africa are afraid to go to work for fear of being attacked.
Qwen2.5-1.5B-Instruct_K3,371,1704,1.3649624586105347,31,1.004948377609253,0.2670392394065857,"[-0.009225677853053992, 1.0289530460728613, 0.007384152448550242]","[0.04375291925618747, 0.2714778523284387, 0.004275062602403068]",none,0,The violence has led to South African President Jacob Zuma postponing an overseas trip and the country's Defense Minister deploying troops to areas where violence is rampant.
Qwen2.5-1.5B-Instruct_K3,371,1704,1.616539716720581,22,0.7465887665748596,0.2118062824010849,"[-0.032942996275695885, 0.8741479434750297, -0.5002541990781372]","[0.0422128920591521, 0.17504765035118908, 0.04981970933361233]",none,0,Immigrants feel the government has been slow to respond and that more arrests and sentences for perpetrators of violence are needed.
Qwen2.5-1.5B-Instruct_K3,372,2500,1.1504721641540527,41,1.089656114578247,0.17655989527702332,"[0.6951710801264953, -0.023777728068369735, -0.015746136071733995]","[0.10780006408525124, 0.003376278960109719, 0.001784657204009308]",none,0,"Here is a summary of the article in 152 words:

A video has been released of the shooting of a police officer in Boston last month, which resulted in the killing of the gunman."
Qwen2.5-1.5B-Instruct_K3,372,2500,0.1986747682094574,21,2.417048454284668,0.2756940424442291,"[1.491378490951666, 0.01315216674300332, -0.008689687629937128]","[0.17223135721152566, 0.0016474137724972458, 0.0005686060780395305]",none,0,"The officer, John Moynihan, is white, while the gunman, Angelo West, was black."
Qwen2.5-1.5B-Instruct_K3,372,2500,1.409887671470642,27,1.3831982612609863,0.23491880297660828,"[0.866782341428377, 0.062428746342279566, 0.06380628903948322]","[0.18892079119191127, 0.011011444600794843, 0.00819779135409354]",none,0,"The shooting has raised concerns in the community, but local leaders are calling for calm and emphasizing that the officers were forced to return fire."
Qwen2.5-1.5B-Instruct_K3,372,2500,0.54123854637146,25,1.3806519508361816,0.27691686153411865,"[0.08139417523998418, 1.2785432333904645, -0.041828633754848854]","[0.0716462079863777, 0.1913105733430075, 0.0033387187480911963]",none,0,Moynihan is a former Army Ranger who was honored at the White House for his heroism after the Boston Marathon bombing.
Qwen2.5-1.5B-Instruct_K3,372,2500,1.0165343284606934,21,1.329175591468811,0.2680765688419342,"[-0.04007439065441888, -0.04646478343195105, 1.4087816679051943]","[0.030643031137775063, 0.10291178527188008, 0.1492784677428149]",none,0,"He was shot in the face and survived, and two passengers in the car were arrested on unrelated charges."
Qwen2.5-1.5B-Instruct_K3,372,2500,0.9756224751472473,12,1.1998966932296753,0.20112960040569305,"[1.2492517995803307, -0.09922159180011174, -0.015553945935001442]","[0.15847140428377315, 0.005264435378876442, 0.009078375097487879]",none,0,The release of the video is seen as a move towards transparency.
Qwen2.5-1.5B-Instruct_K3,373,4827,1.2432475090026855,51,0.9702789187431335,0.18770667910575867,"[0.7836265818196254, 0.025800072049989076, 0.017527082907878033]","[0.16002419823993763, 0.001368882183763457, 0.001604272440201884]",none,0,"Based on the provided structured data, here is an objective overview of Sizzler:

Sizzler is a local restaurant located in Goleta, California, serving various cuisines such as Steakhouse, Seafood, American (Traditional), and Restaurants."
Qwen2.5-1.5B-Instruct_K3,373,4827,2.34132981300354,31,0.7160748839378357,0.15706004202365875,"[0.48519809863905866, -0.04116648024993934, -0.12408661056202443]","[0.10564550810865894, 0.0731527057770996, 0.007047813238368543]",none,0,"Although their food used to be good according to past reviews, recent visits have resulted in subpar quality, including reheated chicken dishes and unpleasant tasting salads."
Qwen2.5-1.5B-Instruct_K3,373,4827,0.9885351657867432,15,0.6713191270828247,0.15553715825080872,"[-0.01655853260672302, 0.9412645354694784, 0.06593076599213722]","[0.015849437512694447, 0.18115531305363675, 0.0017261315292974662]",none,0,"Additionally, the restrooms are described as disgusting and unhygienic."
Qwen2.5-1.5B-Instruct_K3,373,4827,1.3806517124176025,19,0.19784493744373322,0.11711107939481735,"[0.07448634600165717, 0.11343308597861324, 0.2956580240241142]","[0.027988609727081462, 0.025538414187107457, 0.11883992137989714]",none,0,"Despite this, Sizzler remains popular among locals, particularly for its affordable prices and desserts."
Qwen2.5-1.5B-Instruct_K3,373,4827,1.8217726945877075,29,0.369873046875,0.08200100064277649,"[0.01393316885122627, -0.15687402491193067, 0.20235268004756202]","[0.0066781847338908285, 0.017753236563290274, 0.0407760689262714]",none,0,"However, recent reviewers have expressed disappointment and frustration with the decline in food quality, prompting some to seek refunds and warning others to avoid the restaurant altogether."
Qwen2.5-1.5B-Instruct_K3,374,1183,2.2007172107696533,19,2.8703882694244385,0.3080800473690033,"[1.6270237383187602, 0.03817974459870081, 0.13964775877416527]","[0.1647095314447621, 0.007929883287847349, 0.010529503650583425]",none,0,Famous musicians performing the American national anthem can either become national heroes or national disgraces.
Qwen2.5-1.5B-Instruct_K3,374,1183,0.8067814111709595,33,1.8769325017929077,0.23226326704025269,"[1.8175905380494166, 0.2584734392691892, 0.0003283910890317974]","[0.22315764502656582, 0.013469982646008495, 0.006972855700896065]",none,0,"Mötley Crüe's Vince Neil recently reminded us of the dangers of tackling the anthem, as he butchered the song before a Las Vegas football game."
Qwen2.5-1.5B-Instruct_K3,374,1183,1.2649980783462524,31,1.4411413669586182,0.2558439373970032,"[0.09692004852132091, 1.2031401736932177, -0.006951526282899713]","[0.055559182078615134, 0.22672107452601795, 0.004291006385198758]",none,0,"Whitney Houston set the modern standard for the anthem at Super Bowl XXV, while Roseanne Barr received a negative reception and criticism from President George H.W."
Qwen2.5-1.5B-Instruct_K3,374,1183,0.7987303733825684,5,1.669429063796997,0.21679790318012238,"[0.2345986545085907, 0.10991771817207337, 1.0864511281251907]","[0.05531295984983444, 0.11551251709461212, 0.08733324641361832]",none,0,Bush for her rendition.
Qwen2.5-1.5B-Instruct_K3,374,1183,0.8826857209205627,46,1.3571876287460327,0.23444011807441711,"[0.06942441117401002, 0.15809095019237604, 1.2404195409022656]","[0.027131348812600743, 0.024521317182377614, 0.20435388046066888]",none,0,"Jimi Hendrix's psychedelic take on the anthem at Woodstock was controversial but beloved, and Michael Bolton's rendition at the American League Championship Series in 2003 was criticized for his overly wrought performance and forgetting the words."
Qwen2.5-1.5B-Instruct_K3,375,1470,0.7784395217895508,28,2.343491315841675,0.2755538523197174,"[1.758824905620973, -0.008093915658069559, 0.03402505903607432]","[0.24156105099349848, 0.005969355848624299, 0.003892886493486815]",none,0,"Geoffrey Lewis, a prolific character actor who appeared opposite frequent collaborator Clint Eastwood, has died at age 79."
Qwen2.5-1.5B-Instruct_K3,375,1470,0.15802592039108276,33,1.3472049236297607,0.23110464215278625,"[1.4416392678875567, 0.00692056040992556, 0.008926372714651017]","[0.23148502568696902, 0.00667294420480685, 0.0025458679694280004]",none,0,"Lewis, the father of Oscar-nominated actress Juliette Lewis, began his long association with Eastwood in ""High Plains Drifter"" (1973)."
Qwen2.5-1.5B-Instruct_K3,375,1470,0.03364194929599762,59,1.0533097982406616,0.16497473418712616,"[1.0666926840469573, 0.021857435417949368, -0.00590561202946801]","[0.16889777716761598, 0.006164868650267766, 0.0005830973357572059]",none,0,"He also appeared with the actor in ""Thunderbolt and Lightfoot"" (1974), ""Bronco Billy"" (1980), ""Pink Cadillac"" (1989) and ""Midnight in the Garden of Good and Evil"" (1997)."
Qwen2.5-1.5B-Instruct_K3,375,1470,0.11523930728435516,23,3.237377643585205,0.3831094801425934,"[0.40426652114325884, 3.4901581778717428, 0.02423552768192641]","[0.04646594922071571, 0.39454478855528263, 0.0004567247537737706]",none,0,"Lewis scored a Golden Globe nomination for playing bartender Earl Tucker on the 1980s CBS sitcom ""Flo."""
Qwen2.5-1.5B-Instruct_K3,376,2640,1.4496756792068481,23,2.335261821746826,0.23150846362113953,"[0.780801431397381, 0.023442004842724164, 0.23496154137461892]","[0.0982710940449539, 0.0026960929184813563, 0.014233937451891783]",none,0,"Singleton Moms is a US-based non-profit group providing practical, financial and emotional support to single parents with cancer."
Qwen2.5-1.5B-Instruct_K3,376,2640,0.7291573882102966,35,1.292712926864624,0.25644320249557495,"[0.48579832389472616, 0.10033669815519326, -0.022923385009718394]","[0.10698553854693144, 0.04482417076093108, 0.004960551579370076]",none,0,"The group was founded in 2006 by Jody Farley-Berens, after her childhood friend, a single mother of four, died of breast cancer."
Qwen2.5-1.5B-Instruct_K3,376,2640,0.46877238154411316,19,1.4723552465438843,0.16200275719165802,"[1.2754822961134396, 0.054319725440827346, 0.02324558055414328]","[0.16663778740698226, 0.0028050526571908115, 0.002772550704728354]",none,0,"Since then, Singleton Moms has assisted more than 300 parents in the Phoenix area."
Qwen2.5-1.5B-Instruct_K3,376,2640,0.5543670058250427,35,2.1553008556365967,0.3022632896900177,"[-0.1024300822376972, -0.01406799925742754, 2.2181836833080784]","[0.015622127434549578, 0.006420160916198776, 0.2871482174073987]",none,0,"Farley-Berens said: “We focus on day-to-day support -- financial assistance, housecleaning, prepared meals, supplies for the home, kids' events."
Qwen2.5-1.5B-Instruct_K3,376,2640,1.8544543981552124,41,0.6224693655967712,0.13418860733509064,"[-0.07077967024851227, -0.08493465129726158, 0.6992580452138876]","[0.027760018232184824, 0.009652623136655786, 0.10705844137999343]",none,0,"It's that old-fashioned mentality of neighbours helping neighbours.” She added that about 80% of the parents supported by the group are stage 4, which means that battling cancer is their full-time job."
Qwen2.5-1.5B-Instruct_K3,377,642,0.9017715454101562,34,2.127457618713379,0.24757497012615204,"[0.7625299986273817, 0.021880965129479162, 0.09205742345297682]","[0.12115114344701663, 0.006323617409875356, 0.008370119072210132]",none,0,"Elizabeth Sedway, a cancer patient, was removed from an Alaska Airlines flight from Hawaii to California because she did not have a doctor's note permitting her to fly."
Qwen2.5-1.5B-Instruct_K3,377,642,1.0985125303268433,33,1.1671056747436523,0.2513854503631592,"[0.01433826113233491, 1.2002884834717296, 0.18332109137433386]","[0.025024812351175846, 0.23703323695720732, 0.017868958560825376]",none,0,"Sedway, who was in Hawaii to celebrate her wedding anniversary, was asked by an airline employee about her health after she was seen sitting in the handicapped section."
Qwen2.5-1.5B-Instruct_K3,377,642,0.8172136545181274,19,1.0741552114486694,0.19056732952594757,"[0.06764128054553446, 1.1357642794150467, 0.26150775080742805]","[0.008733418708863227, 0.15770764264743775, 0.0332404442859498]",none,0,"When she mentioned that she sometimes felt weak, the airline decided to remove her from the flight."
Qwen2.5-1.5B-Instruct_K3,377,642,1.2557988166809082,20,1.422703504562378,0.2925662398338318,"[0.027947028959169985, -0.04214078565128147, 1.7288505256175994]","[0.011955657085491112, 0.017891942695132456, 0.21656283186748623]",none,0,"The airline has since apologized for the incident, refunded her family's tickets and paid for their overnight accommodation."
Qwen2.5-1.5B-Instruct_K3,378,9686,1.362004280090332,27,1.9925521612167358,0.25619617104530334,"[1.7157778357742008, 0.0015825041995817123, -0.017909879036340972]","[0.22006252014802563, 0.0010841655019467671, 0.0018542727593276814]",none,0,"Pueblo Pollo is a restaurant located in Santa Barbara, California, that serves New Mexican, Mexican, and fast food cuisine."
Qwen2.5-1.5B-Instruct_K3,378,9686,0.9151038527488708,14,0.954276978969574,0.12524425983428955,"[1.0090219365831996, -0.01772019587016465, -0.003979011952261706]","[0.13748684455640614, 0.0009904776752916536, 0.0008619366879299507]",none,0,"The business operates from Monday to Sunday, with varying hours each day."
Qwen2.5-1.5B-Instruct_K3,378,9686,2.215078830718994,14,0.3760330080986023,0.15518103539943695,"[0.18025016678231104, -0.027755086443253925, -0.04936924842851503]","[0.15931638370135, 0.0018308126699204358, 0.0010474799044979072]",none,0,"Customers can choose between outdoor seating, takeout, and delivery options."
Qwen2.5-1.5B-Instruct_K3,378,9686,1.680863380432129,16,-0.27091139554977417,0.047914452850818634,"[-0.16440809932328193, 0.004237827485667367, 0.0026786931166498107]","[0.04199342013498608, 0.0012150816857285918, 0.0007596164657002191]",none,0,Free Wi-Fi is available for customers who wish to work or browse online while dining.
Qwen2.5-1.5B-Instruct_K3,378,9686,0.9974613189697266,17,0.3949965834617615,0.04067300260066986,"[0.24091750427899516, 0.032959981096028323, -0.00998635001621337]","[0.023985411794877322, 0.0033362365569076626, 0.0029277043408446743]",none,0,"Based on customer reviews, it appears that Pueblo Pollo has mixed reviews."
Qwen2.5-1.5B-Instruct_K3,378,9686,1.0184533596038818,34,0.530152440071106,0.12869970500469208,"[0.45618705154190725, 0.016322087768190507, 0.00990456543989721]","[0.08443445248536484, 0.013960014056215771, 0.003621216619577313]",none,0,"Some customers have praised the restaurant for its tasty food and reasonable prices, while others have criticized the quality of the food, with lukewarm sides and overcooked chicken."
Qwen2.5-1.5B-Instruct_K3,378,9686,1.4540352821350098,27,0.7917803525924683,0.14774292707443237,"[0.6610170235691368, -0.03915253047051482, -0.0239254332806956]","[0.13926335007179794, 0.007819333973842461, 0.006484127100874402]",none,0,"Additionally, customers have noted that the portions of rice seem small and that the restaurant may struggle to maintain freshness and quality of its food."
Qwen2.5-1.5B-Instruct_K3,378,9686,0.8229162693023682,32,0.2761683166027069,0.02542751654982567,"[0.15957287544777188, 0.0023766480881057817, 0.0004417490542820701]","[0.017231935615351635, 0.0009267844709455186, 0.0013126254613737842]",none,0,"Overall, while Pueblo Pollo offers decent food options at affordable prices, it may not be the best choice for customers looking for high-quality, freshly prepared meals."
Qwen2.5-1.5B-Instruct_K3,379,7122,0.8319916129112244,37,1.9186519384384155,0.2882586419582367,"[1.6607792070564167, 0.03584984333719075, 0.017975351994234213]","[0.26343550007102845, 0.0013137441001301365, 0.0006674669716999602]",none,0,"Santa Barbara Chicken Ranch, located at 149 N Fairview Ave in Goleta, CA, is a casual restaurant offering a variety of barbeque and Mexican dishes."
Qwen2.5-1.5B-Instruct_K3,379,7122,1.2567095756530762,17,-0.11369078606367111,0.05621996894478798,"[-0.045857798118103185, -0.052346687858597064, 0.018768255614411505]","[0.06363500121861922, 0.0019554545863781293, 0.00035019525843856225]",none,0,"It operates from 11 am to 9 pm, seven days a week."
Qwen2.5-1.5B-Instruct_K3,379,7122,1.4771772623062134,20,1.1518993377685547,0.17622029781341553,"[1.248711372667458, -0.01949389482360857, -0.006455997095690691]","[0.18824606730631785, 0.006991260296240398, 0.0012674915518346096]",none,0,"The establishment provides outdoor seating and is suitable for groups, but it does not offer WiFi or reservations."
Qwen2.5-1.5B-Instruct_K3,379,7122,1.2196749448776245,22,0.8276852965354919,0.13386927545070648,"[0.7563523547723889, 0.024498544858281755, 0.02858420597410507]","[0.1279900369329632, 0.0016070840757927065, 0.0015008523788150217]",none,0,"Parking is available in a lot, but there is no street parking, validated parking, or valet service."
Qwen2.5-1.5B-Instruct_K3,379,7122,0.993248462677002,12,0.20375172793865204,0.131437748670578,"[0.3251494026432435, 0.03438436793415652, 0.002912392277115335]","[0.14452081390966973, 0.002012835933290565, 0.0005495465017967641]",none,0,It has an average rating of 3.5 stars.
Qwen2.5-1.5B-Instruct_K3,379,7122,1.5194222927093506,16,0.3494241237640381,0.15914487838745117,"[0.30625664349645376, 0.14451934333283134, 0.05058355367054901]","[0.17699167637329083, 0.01417448469835847, 0.0013523582040413373]",none,0,"Customers have praised the restaurant's great customer service, friendly staff, and cleanliness."
Qwen2.5-1.5B-Instruct_K3,379,7122,1.0311803817749023,23,0.8128100633621216,0.15552106499671936,"[0.06210647734184496, 0.5587121889946739, 0.018508591660540096]","[0.03127208174120587, 0.08779886381133743, 0.03882895677521031]",none,0,"Some have found the food to be good, especially their burritos, rice, beans, and salsas."
Qwen2.5-1.5B-Instruct_K3,379,7122,0.8640424609184265,19,1.1935089826583862,0.16252687573432922,"[0.1421933987229223, 0.09414657321892599, 1.0807262220379064]","[0.022268743336792938, 0.042631540973185396, 0.12485937714141553]",none,0,"However, some customers have noted that the chicken can be greasy and the tri-tip bland."
Qwen2.5-1.5B-Instruct_K3,379,7122,1.3125518560409546,7,0.5905090570449829,0.15066644549369812,"[0.6298615378992898, -0.12171804213098117, 0.03221646270581654]","[0.1391340544713395, 0.01351604111758726, 0.004768583457916975]",none,0,The restaurant also offers take-out services.
Qwen2.5-1.5B-Instruct_K3,380,2154,1.3123642206192017,48,2.2265985012054443,0.2822026014328003,"[1.5480236285499511, -0.009930106858519139, 0.040907143680063505]","[0.2268529532213203, 0.00929036357921594, 0.006683022934583486]",none,0,"The Kenyan government has identified Mohamed Mohamud, also known by aliases Dulyadin and Gamadhere, as the mastermind behind the terrorist attack on a university last week, which killed 147 people."
Qwen2.5-1.5B-Instruct_K3,380,2154,0.18041908740997314,21,0.7202484607696533,0.12277839332818985,"[0.6961011365929153, 0.011712829083470362, 0.0010574520279728208]","[0.12642581213696671, 0.0018511643158796059, 0.00021736084647186327]",none,0,"Al-Shabaab, an al Qaeda-linked militant group based in Somalia, claimed responsibility for the attack."
Qwen2.5-1.5B-Instruct_K3,380,2154,0.40895476937294006,24,2.204800605773926,0.2858322858810425,"[2.2093812370925057, 0.044611574005557486, -0.028625996358641714]","[0.28677572427598835, 0.0047320158350459, 0.00043673878661347015]",none,0,"Mohamud is credited with having an extensive terrorist network within Kenya, and is in charge of external operations against Kenya."
Qwen2.5-1.5B-Instruct_K3,380,2154,0.20430171489715576,19,2.204068183898926,0.31492114067077637,"[2.2491260899941583, 0.020241344091597346, 0.010237203196658428]","[0.3104348919816977, 0.0015248168995514646, 0.00029496863827728844]",none,0,He is also the regional commander within Al-Shabaab in charge of the Juba region.
Qwen2.5-1.5B-Instruct_K3,380,2154,0.10572998225688934,23,2.36669659614563,0.3532356917858124,"[2.416236320470014, -0.03879306904934271, -0.008851079527116583]","[0.3650849981830739, 0.003691219112763223, 0.0003494491153679005]",none,0,"In this role, he commands the militia along the border and is responsible for cross-border incursions in the country."
Qwen2.5-1.5B-Instruct_K3,380,2154,0.2887364625930786,32,1.4629994630813599,0.2778572142124176,"[1.4917140546749579, -0.05102873018529408, -0.015693386387368946]","[0.2741406531058601, 0.03728085118448243, 0.0013605308177793152]",none,0,"His network extends within the Dadaab refugee camp, the world's biggest refugee camp, which is home to thousands of people, according to the United Nations."
Qwen2.5-1.5B-Instruct_K3,380,2154,0.27145206928253174,33,0.583515465259552,0.1479092538356781,"[0.6240912781707293, 0.01843529666009338, -0.004614579632481874]","[0.1465435851577874, 0.007381793654119381, 0.0006321668023963325]",none,0,"The Kenyan government is offering a reward of 20 million Kenyan shillings ($215,000) for information leading to his capture."
Qwen2.5-1.5B-Instruct_K3,381,9006,1.121454119682312,27,2.319063425064087,0.31876838207244873,"[1.9989061372147665, 0.0029586355001945913, -0.03222369668488951]","[0.26705416329894904, 0.0004226850697806286, 0.0017896693194180207]",none,0,"Reds Bin 211 is a popular local business situated at 211 Helena Ave, Santa Barbara, CA."
Qwen2.5-1.5B-Instruct_K3,381,9006,0.5422431230545044,30,1.7543206214904785,0.20101012289524078,"[1.8121728900070593, 0.007726704632174611, -0.011261727987584891]","[0.1956774908650914, 0.0006877538920813701, 0.0019196471947225291]",none,0,"The establishment offers a variety of services including food, bars, tapas bars, restaurants, pubs, wine bars, nightlife, and coffee & tea."
Qwen2.5-1.5B-Instruct_K3,381,9006,1.809781551361084,26,0.2412591576576233,0.09682974219322205,"[0.2716706804931164, 0.023682096955151513, -0.021424521512996692]","[0.09714288253766987, 0.0005762845180470322, 0.001282676203957705]",none,0,Its operating hours typically range from 3 pm - 1 am on weekdays and 1 pm - 1 am over weekends.
Qwen2.5-1.5B-Instruct_K3,381,9006,1.9296189546585083,24,0.332097589969635,0.11436397582292557,"[0.1572397064883262, -0.05036114881901691, -0.01116801790582637]","[0.08977749095841621, 0.0014496013755168253, 0.0007334639497760994]",none,0,"While there's no provision for valet services, customers have the option of parking on the street or in a lot."
Qwen2.5-1.5B-Instruct_K3,381,9006,1.7807539701461792,27,0.9452463984489441,0.1488427221775055,"[0.8874309671335612, 0.03150316437259554, 0.01889789442962124]","[0.1385300694080932, 0.0010662167209947828, 0.0019005868105047604]",none,0,"The ambience has been described as 'hipster' and the establishment offers free WiFi, outdoor seating, and is also suitable for groups."
Qwen2.5-1.5B-Instruct_K3,381,9006,1.8399699926376343,12,0.44580957293510437,0.1257716566324234,"[0.48741317202317685, -0.091932143062877, -0.06006937468676673]","[0.1278848034028973, 0.003445859024661028, 0.0015276707372322562]",none,0,"However, they do not offer takeout services or reservations."
Qwen2.5-1.5B-Instruct_K3,381,9006,0.9479697346687317,28,0.41952022910118103,0.07349692285060883,"[0.2312481925832149, 0.30434024715304986, 0.042182743501143705]","[0.03692238807211977, 0.035892422906353465, 0.01138932020841464]",none,0,"Reds Bin 211 has received mixed reviews from customers, with praise for its relaxed vibe, great cocktails, and friendly bartenders."
Qwen2.5-1.5B-Instruct_K3,381,9006,1.253152847290039,14,1.2368009090423584,0.24594639241695404,"[1.2572686415431755, 0.11658436645354543, -0.04119069408625364]","[0.23996090812475554, 0.00505670795558087, 0.0022934773546044846]",none,0,Some customers have raised concerns about the service of alcohol to underage individuals.
Qwen2.5-1.5B-Instruct_K3,381,9006,0.6807548403739929,12,0.6759057641029358,0.15092168748378754,"[0.49195800981639576, 0.02652630691106121, -0.013351669341015318]","[0.11518095748033375, 0.0009339248067684972, 0.0010228319388261298]",none,0,The business has an average rating of 4.0 stars.
Qwen2.5-1.5B-Instruct_K3,382,852,0.750792920589447,36,1.597441554069519,0.22928783297538757,"[1.254262853711326, 0.024822681669320446, 0.02132098380631457]","[0.19223830040815906, 0.0021384447708720066, 0.003427627444428557]",none,0,"Abdirahman Sheik Mohamud, a naturalised US citizen, has pleaded not guilty to federal charges of providing material support to terrorists and lying to the FBI."
Qwen2.5-1.5B-Instruct_K3,382,852,0.8185008764266968,25,1.6305235624313354,0.29447266459465027,"[0.748503294175025, -0.0028325641684932633, 0.0065301190066384155]","[0.18028712850384182, 0.020684536598382694, 0.004516831525979797]",none,0,"Mohamud allegedly went to Syria for terrorist training and was planning to return to the US to kill Americans, particularly soldiers."
Qwen2.5-1.5B-Instruct_K3,382,852,1.9018718004226685,17,1.2036373615264893,0.28863343596458435,"[-0.05961575753548566, 1.5244346366209143, 0.0038887813468189802]","[0.050140172119855005, 0.32906107993467765, 0.007511200004955754]",none,0,"He planned to attack a military facility, with a prison as his back-up plan."
Qwen2.5-1.5B-Instruct_K3,382,852,0.40314212441444397,21,1.826662540435791,0.28225454688072205,"[-0.04510038552273597, 2.229314986616373, -0.07713520796581481]","[0.03129161941719109, 0.3011600379610345, 0.0092396526237865]",none,0,"His brother, Aden, died fighting for al-Nusra Front, al-Qaeda's largest affiliate in Syria."
Qwen2.5-1.5B-Instruct_K3,383,1342,7.075150966644287,3,1.211773157119751,0.14867566525936127,"[0.47202420234680176, 0.32759737968444824, 0.16152874628702799]","[0.02866000480328997, 0.020434559555724263, 0.020237339039643604]",none,0,Sure!
Qwen2.5-1.5B-Instruct_K3,383,1342,0.9218221306800842,35,0.9212474226951599,0.19390486180782318,"[0.33819226143041303, 0.04398938754010422, 0.012499834497037097]","[0.09753558990171639, 0.003574888461556368, 0.0012829133019801122]",none,0,"Here's the summary in 114 words:

Copenhagen's new neighborhood, Carlsberg City, is emerging on the site of the former Carlsberg brewery."
Qwen2.5-1.5B-Instruct_K3,383,1342,0.7279418110847473,31,0.9586634635925293,0.22612734138965607,"[1.123760410289481, 0.006497607203850601, 0.035087405758414174]","[0.2286096219794408, 0.0033916563067959353, 0.0016565141753755684]",none,0,"The development includes 600,000 square meters of residential, commercial, and cultural space, with prices below average for major European cities."
Qwen2.5-1.5B-Instruct_K3,383,1342,1.1962631940841675,39,2.036811351776123,0.24250788986682892,"[0.017267725230398448, 1.1284456474626121, 1.1469507909718324]","[0.04068729128494525, 0.1188620603402983, 0.13417810305148892]",none,0,"The area has been alive with temporary renters and activities since the financial crisis, and Carlsberg will remain a part of the neighborhood with a tourist center expected to draw half-a-million visitors annually."
Qwen2.5-1.5B-Instruct_K3,383,1342,0.5184417366981506,25,1.369215965270996,0.20013679563999176,"[0.00016628059571303312, 0.026637383833058265, 1.1973282130777807]","[0.008380901775012432, 0.007259114629363239, 0.15916169596594046]",none,0,"To Danes, Carlsberg is more than just a beer, it's a symbol of art, science, and culture."
Qwen2.5-1.5B-Instruct_K3,384,8617,1.0824787616729736,24,1.9135812520980835,0.29467064142227173,"[1.8974420105417569, 0.01062409502033764, -0.04816627849817223]","[0.2620974517194554, 0.0005175762444169507, 0.001840951590393954]",none,0,"The Roundhouse is a local restaurant located at 633 E Cabrillo Blvd in Santa Barbara, CA."
Qwen2.5-1.5B-Instruct_K3,384,8617,0.3009435832500458,18,1.8684098720550537,0.24650424718856812,"[1.8378956252369487, 0.014756657242792749, -0.008631955556438697]","[0.25112456214830875, 0.0005156990872995001, 0.0009275094445955448]",none,0,"It falls under the categories of Restaurants, Breakfast & Brunch, and American (Traditional)."
Qwen2.5-1.5B-Instruct_K3,384,8617,1.3980909585952759,10,1.057839274406433,0.20990660786628723,"[1.0278861850500107, -0.10814366254489868, -0.08512578092049808]","[0.20619249455630778, 0.003069381519162562, 0.002864367475558538]",none,0,The restaurant offers reservations and has outdoor seating available.
Qwen2.5-1.5B-Instruct_K3,384,8617,0.7181777358055115,12,1.0336118936538696,0.2041674256324768,"[1.0684835750046962, -0.011234944080266965, -0.01793656374835943]","[0.19908900641894434, 0.0017064490409855655, 0.0035019100780099657]",none,0,It also provides takeout options and is suitable for groups.
Qwen2.5-1.5B-Instruct_K3,384,8617,0.7760188579559326,11,1.078814148902893,0.21784768998622894,"[0.9959105378524824, 0.013460404530633241, -0.031040046935562383]","[0.18038950805467638, 0.0005308588055909654, 0.0017886285999834813]",none,0,The business has a rating of 2.5 stars.
Qwen2.5-1.5B-Instruct_K3,384,8617,1.4255282878875732,11,0.0013935132883489132,0.06185883656144142,"[0.40111312176370784, 0.009349081745478377, -0.07934486736319907]","[0.039690213333828564, 0.0012350330647553744, 0.008402657448362499]",none,0,Customers have left mixed reviews about The Roundhouse.
Qwen2.5-1.5B-Instruct_K3,384,8617,1.237856388092041,18,1.9243855476379395,0.2688019871711731,"[1.9768075148264568, 0.0008865836490359572, -0.013749914528388116]","[0.2871869134509729, 0.0030014181102160364, 0.007237804541849376]",none,0,"One customer mentioned the high prices, even with a discount for being a Hilton Gold member."
Qwen2.5-1.5B-Instruct_K3,384,8617,1.4557254314422607,20,0.4980575144290924,0.12852796912193298,"[0.580019296053797, -0.1804660979658365, 0.033054358698427676]","[0.11863526927772909, 0.0362814734573476, 0.011421657516621053]",none,0,They expressed dissatisfaction with the cost of their meal and stated that they would not be returning for breakfast.
Qwen2.5-1.5B-Instruct_K3,384,8617,0.8274601101875305,14,0.8629452586174011,0.14554163813591003,"[0.836758377163538, 0.1527053877445204, 0.008565945284707206]","[0.12046903107381825, 0.041470784135266774, 0.014737782552921479]",none,0,"Another customer praised the views from the restaurant, but criticized the service."
Qwen2.5-1.5B-Instruct_K3,384,8617,0.8323850035667419,22,1.1720092296600342,0.14858919382095337,"[0.6795491202025336, 1.4943922094363105, 0.09754133368022105]","[0.0832989702685154, 0.13342804136151576, 0.037229610021065375]",none,0,"They mentioned a lack of attention from the server, mistakes in their order, and dirty utensils and glasses."
Qwen2.5-1.5B-Instruct_K3,384,8617,1.2832527160644531,32,1.5244046449661255,0.17025461792945862,"[0.04296811499807518, 0.11875012952805264, 1.791744640970137]","[0.035681564462720416, 0.006634759207372554, 0.1756624841291341]",none,0,"The food received mixed reviews, with one customer finding their Eggs Benedict okay, while another mentioned issues with the muffin texture and thick ham in their Eggs Benedict."
Qwen2.5-1.5B-Instruct_K3,384,8617,0.29475080966949463,8,2.560670852661133,0.326976478099823,"[0.28567120077786967, 0.2031976587313693, 2.3254899331368506]","[0.04675226915423991, 0.02166600806003771, 0.27459376328624785]",none,0,The pricing was described as typical for a hotel restaurant but slightly higher compared to regular restaurants.
Qwen2.5-1.5B-Instruct_K3,385,2922,0.971337616443634,29,1.684241771697998,0.24065235257148743,"[1.1471233058014307, 0.04289809254636378, 0.03617748121052563]","[0.19571603043807734, 0.006638451010860144, 0.005677501097289709]",none,0,ISIS has released more than 200 Yazidis who were captured when the terrorist group took over their towns in Northern Iraq last summer.
Qwen2.5-1.5B-Instruct_K3,385,2922,0.9996914267539978,38,1.2826638221740723,0.2065284550189972,"[1.3024467257844088, -0.004233107299401844, -0.0061188004796541035]","[0.20458721569124655, 0.002232651166431466, 0.001435838338895373]",none,0,"The released people were primarily women and children, along with the elderly and sick; they were received by Peshmerga, who sent them to the Kurdish regional capital, Irbil."
Qwen2.5-1.5B-Instruct_K3,385,2922,1.037330985069275,20,1.5078175067901611,0.2661655843257904,"[1.4787409416399897, 0.02216418413736392, 0.016341687008389272]","[0.2576499262126163, 0.003938192404893926, 0.0017053826595656574]",none,0,"The reason for their release is unclear, but it was coordinated with the help of Arab tribal leaders."
Qwen2.5-1.5B-Instruct_K3,385,2922,0.9127700924873352,33,0.6572583317756653,0.1490473747253418,"[0.19950999639871897, 0.7521595493713958, 0.004348617542718509]","[0.05235736012091917, 0.1568313843778345, 0.0030216304273146693]",none,0,"The Yazidis, a minority group with a pre-Islamic religion that draws on Christianity, Judaism, and Zoroastrianism, have faced significant persecution from ISIS."
Qwen2.5-1.5B-Instruct_K3,386,5839,1.1542097330093384,15,1.8587706089019775,0.22327998280525208,"[0.8916521039092913, -0.0012857681217913826, 0.04428477116161957]","[0.10432844997849315, 0.003528321362621985, 0.0037998021231032907]",none,0,"California Wine Festival is a local business located in Santa Barbara, CA."
Qwen2.5-1.5B-Instruct_K3,386,5839,0.5853738188743591,25,1.805293321609497,0.27009570598602295,"[1.8728469226357993, -0.01701868203246704, -0.004532456956840178]","[0.26261536303325556, 0.0005028639452984862, 0.00025862205665021064]",none,0,"It falls under multiple categories including Wineries, Food, Restaurants, Arts & Entertainment, Festivals, and Food Stands."
Qwen2.5-1.5B-Instruct_K3,386,5839,0.8121725916862488,32,1.1312862634658813,0.16233840584754944,"[0.7981618412381977, 0.06420571828333266, 0.006328282134838048]","[0.10700521339560964, 0.012634065666615513, 0.0034755279968714525]",none,0,The festival takes place on the beach during the summertime and offers a variety of wines not only from Santa Barbara County but also from other producers around the state.
Qwen2.5-1.5B-Instruct_K3,386,5839,1.0219863653182983,23,0.6826081871986389,0.10094273835420609,"[0.11721471030993955, 0.6334103590539282, -0.019450824859592576]","[0.02929842000341286, 0.07700210921874041, 0.002087549815472733]",none,0,"According to a customer review, the festival provides a convenient location on the beach, which contributes to its success."
Qwen2.5-1.5B-Instruct_K3,386,5839,1.185864806175232,27,1.492842674255371,0.21782976388931274,"[0.02093937939477015, 1.7697067345649917, 0.023708928395299828]","[0.009752135625199622, 0.23644264295176576, 0.0016724725330984963]",none,0,"However, it can get crowded, so it is recommended to purchase early entry tickets to have some quiet time to explore the wineries."
Qwen2.5-1.5B-Instruct_K3,386,5839,0.4612988531589508,22,1.2133158445358276,0.18082402646541595,"[0.041905241399283776, 1.176806417209181, 0.009167413311925802]","[0.0070086513640655376, 0.16792359487259423, 0.001253747430713371]",none,0,"While there is food available at the event, it is not abundant, so it is advisable to eat beforehand."
Qwen2.5-1.5B-Instruct_K3,386,5839,1.615951657295227,22,1.0780491828918457,0.20803354680538177,"[-0.014076589621915693, 1.2709255422232673, 0.09078410636787092]","[0.018159663092629588, 0.20409772300097923, 0.005751811589458488]",none,0,"The festival is held outdoors, usually under bright and sunny weather, so attendees are advised to wear sunscreen or hats."
Qwen2.5-1.5B-Instruct_K3,386,5839,1.2837570905685425,22,1.0408953428268433,0.1737271398305893,"[0.06993341704285493, 0.9612085244390817, 0.05554742447764676]","[0.01280617689140358, 0.1382534290420484, 0.01046608746981354]",none,0,"Another reviewer expressed satisfaction with the festival, mentioning that there were plenty of food and other vendor options available."
Qwen2.5-1.5B-Instruct_K3,386,5839,1.8848744630813599,12,1.2168554067611694,0.2419293373823166,"[0.18414131924510002, 0.5891728537778059, 0.971360307186842]","[0.01086663052168054, 0.14079508914922675, 0.1381365448081245]",none,0,"They mentioned that not everyone can be satisfied, but they are looking forward to attending the festival again in July."
Qwen2.5-1.5B-Instruct_K3,387,2768,1.0332636833190918,34,1.1495977640151978,0.16639626026153564,"[0.4678573227583376, -0.01442598097920007, -0.014809916081824614]","[0.08397968892111027, 0.0014687840148526982, 0.0009773810868008534]",none,0,"The Solar Impulse 2, an experimental solar-powered plane attempting to fly around the world without using any fuel, has been grounded due to bad weather in China."
Qwen2.5-1.5B-Instruct_K3,387,2768,1.369389533996582,33,0.7846482992172241,0.24193818867206573,"[0.6440104395574466, -0.020157302235902258, -0.011018307054076682]","[0.22372183093279036, 0.003804947395992437, 0.001656202488833735]",none,0,"The plane, which was set to make a brief stop in the country, has instead stayed put for over two weeks, testing the patience of the pilots and crew."
Qwen2.5-1.5B-Instruct_K3,387,2768,0.7266681790351868,29,1.1584261655807495,0.16572615504264832,"[1.1125808943686244, 0.12859471471629463, 0.02021749302805582]","[0.1677859278834462, 0.00820001035367176, 0.0017719080337530676]",none,0,"This setback has occurred just a quarter of the way through the journey that will cover about 35,000 kilometers over five months."
Qwen2.5-1.5B-Instruct_K3,387,2768,0.8432696461677551,33,0.8363962769508362,0.18850494921207428,"[0.9181311077605422, -0.0017749661259944278, 0.10419652292105666]","[0.18914942055406217, 0.00895425237053077, 0.011203818234731223]",none,0,"The Solar Impulse 2 takes off in Abu Dhabi on March 9th, and has successfully flown through several countries, including Oman, India, and Myanmar."
Qwen2.5-1.5B-Instruct_K3,387,2768,1.1656190156936646,44,1.0417665243148804,0.19400258362293243,"[-0.00987260503808846, 1.133813416114208, -0.013653171922297506]","[0.028796748314810182, 0.18888935768151524, 0.002596532707367513]",none,0,"However, due to its massive size, the aircraft requires near perfect weather conditions to fly, including cross winds of less than 4 knots or about 7 kilometers per hour, which are not present in the current conditions."
Qwen2.5-1.5B-Instruct_K3,387,2768,1.467541217803955,15,0.3361315429210663,0.08585040271282196,"[-0.0007424485559264819, 0.3359432114288211, 0.0844869416517516]","[0.021232706816711775, 0.03828034649292628, 0.008296534418089625]",none,0,"Despite this delay, the team remains optimistic and eager to continue the journey."
Qwen2.5-1.5B-Instruct_K3,387,2768,1.7183398008346558,12,0.7115612030029297,0.17357714474201202,"[-0.15576932268838087, 0.13003814298038682, 0.2919844289620717]","[0.030524929325717192, 0.11619102015780906, 0.02668385680105227]",none,0,"If the winds improve soon, they hope to take off from Chongqing, China and make their way across the Pacific to Hawaii."
Qwen2.5-1.5B-Instruct_K3,388,4745,0.9886252880096436,41,1.996328592300415,0.23476074635982513,"[0.7551061342363959, 0.012394083657610038, 0.11755369790102477]","[0.12444634748900316, 0.002809482516864791, 0.008572863663721918]",none,0,"On October 18, surfers and thrill-seekers flocked to California's Maverick's surf spot as Super Typhoon Bolaven generated massive waves up to 18 feet high."
Qwen2.5-1.5B-Instruct_K3,388,4745,0.8345581293106079,25,2.3778107166290283,0.2971322238445282,"[1.938038002224639, -0.025775502836331725, 0.009643630970967933]","[0.214553690336179, 0.003986062699877948, 0.00831599388635368]",none,0,"The Mav's crew, known for their dedication to big wave riding, waste no time responding to the ocean's call."
Qwen2.5-1.5B-Instruct_K3,388,4745,0.8300508260726929,39,0.9576389789581299,0.21715988218784332,"[0.08794029850417782, 0.6268902931942415, 0.6291883239808345]","[0.04781600220417204, 0.09382278564653636, 0.09464601848604814]",none,0,"Super Typhoon Bolaven rapidly intensified from a category one to a category five hurricane, unleashing winds of up to 180 mph and generating waves that rewarded surfers with an unforgettable experience."
Qwen2.5-1.5B-Instruct_K3,389,1997,1.1962330341339111,38,1.164128303527832,0.23354622721672058,"[0.5456648436068606, 0.01962310513236413, 0.007934764603927951]","[0.12670250585161788, 0.004090123056441466, 0.0010108904808284454]",none,0,"The USS Independence, a former US Navy aircraft carrier, has been found at the bottom of the Pacific Ocean, off the coast of California, looking remarkably intact after 64 years."
Qwen2.5-1.5B-Instruct_K3,389,1997,0.7880585789680481,26,1.1941088438034058,0.24897488951683044,"[0.9989912503560145, 0.0354624132691802, -0.005831151269376278]","[0.1863827040103318, 0.03678167669568211, 0.00630254915579415]",none,0,"The ship, which survived a Japanese torpedo strike and two atomic bomb blasts, was located using an underwater drone equipped with sonar."
Qwen2.5-1.5B-Instruct_K3,389,1997,1.172149419784546,20,1.1431541442871094,0.26024001836776733,"[1.1441843589534983, -0.01852649535189812, -0.020785923289213314]","[0.20959840650466505, 0.028545225918770713, 0.0017703303476125144]",none,0,The drone's sonar images show an airplane still sitting on one of the ship's elevators.
Qwen2.5-1.5B-Instruct_K3,389,1997,1.6145257949829102,24,0.8854923248291016,0.19867642223834991,"[0.8830322707132533, 0.043630491364955525, -0.062272734280355735]","[0.17866274662537762, 0.022133860772993213, 0.004457867267731785]",none,0,"The Independence sits upright with a slight list to starboard, and no signs of radioactive contamination were detected during the survey."
Qwen2.5-1.5B-Instruct_K3,389,1997,0.41002294421195984,30,1.1482014656066895,0.15909166634082794,"[0.21017871776821268, 0.7484300122579498, 0.32976944034956734]","[0.029104193247409663, 0.0783067549972311, 0.0577804387627225]",none,0,"The ship played a significant role in World War II, earning eight battle stars, and was later used in atomic bomb tests at Bikini Atoll."
Qwen2.5-1.5B-Instruct_K3,389,1997,1.2301796674728394,24,0.9172806739807129,0.1829419583082199,"[-0.1322807523533811, 1.1315858602289761, -0.0663235178423444]","[0.018628442257106432, 0.15988777943634128, 0.002941687014672567]",none,0,"The discovery is a testament to the skill and industrial might of the ""greatest generation"" that built and operated the ship."
Qwen2.5-1.5B-Instruct_K3,390,3057,7.54115629196167,3,0.626524031162262,0.08740884810686111,"[0.06644882758458455, -0.14488001664479574, 0.027979214986165363]","[0.009118691455417624, 0.005046582513993296, 0.0029219964053481817]",none,0,Sure!
Qwen2.5-1.5B-Instruct_K3,390,3057,0.42969122529029846,37,2.15533709526062,0.22346016764640808,"[1.231774561154354, 0.007055622831791658, 0.031368018684096985]","[0.14179657303860937, 0.0010148829878867342, 0.0005980742378142168]",none,0,"Here's a summary of the article in 200 words:

Brian Rogers and Caitlin McGuire own the Breckenridge Cannabis Club, a recreational marijuana dispensary in Colorado."
Qwen2.5-1.5B-Instruct_K3,390,3057,0.6307466626167297,34,0.7693238258361816,0.15403208136558533,"[0.6893277700529485, 0.09858900468345703, 0.05487370308387921]","[0.1457644952005674, 0.008430418208227345, 0.002833806762845621]",none,0,"When Colorado legalized recreational marijuana in 2014, their business skyrocketed, bringing in $47,000 in sales on the first day alone."
Qwen2.5-1.5B-Instruct_K3,390,3057,1.5024105310440063,19,0.47698503732681274,0.14709152281284332,"[-0.006895470228444442, -0.17592896227640603, 0.7427201490658932]","[0.06888519761330252, 0.08547409765451089, 0.09503473667597231]",none,0,"However, the couple faces challenges as they navigate the illegal status of marijuana at the federal level."
Qwen2.5-1.5B-Instruct_K3,390,3057,1.883100986480713,21,0.12623202800750732,0.05016999691724777,"[-0.009849416979012034, -0.04525675784264292, 0.10995415864246232]","[0.020968329699133478, 0.006445964909202996, 0.035888736856923925]",none,0,"They must operate as a cash-only business, making it difficult to pay staff, suppliers, and taxes."
Qwen2.5-1.5B-Instruct_K3,390,3057,1.3818212747573853,25,0.23445186018943787,0.0787583589553833,"[0.07156455686781556, 0.05987266425509006, 0.2876651608431712]","[0.016265285687986762, 0.015110242730770551, 0.0619907523044094]",none,0,"Despite these challenges, they remain optimistic about the future of the industry and hope to prove that cannabis and capitalism can coexist."
Qwen2.5-1.5B-Instruct_K3,390,3057,0.5729280114173889,12,2.651637554168701,0.30988261103630066,"[0.2956106136214582, 3.115792208661636, 0.023025801837491144]","[0.013593692109450236, 0.32791849569184706, 0.0031859336644366465]",none,0,"Their story is featured in the CNN series ""High Profits."""
Qwen2.5-1.5B-Instruct_K3,391,1915,1.1668801307678223,30,2.6813180446624756,0.3213837742805481,"[1.4805015904208025, 0.025985623011123, 0.055359920645908764]","[0.18918857195676536, 0.003932395798862369, 0.004103286637625085]",none,0,"Venezuelan man Maickel Melamed, who suffers from muscular dystrophy, completed the Boston Marathon just before 5 a.m."
Qwen2.5-1.5B-Instruct_K3,391,1915,0.7944879531860352,3,1.5954104661941528,0.2858193814754486,"[1.2466786901156108, -0.050464888413747154, -0.06530368079741795]","[0.2495823303858439, 0.01749694316337506, 0.018687729122272383]",none,0,on Tuesday.
Qwen2.5-1.5B-Instruct_K3,391,1915,0.6676644086837769,10,1.1559836864471436,0.20868730545043945,"[1.1290103107690812, 0.06512594744563102, -0.015079149976372719]","[0.16922064833343028, 0.022133780317381023, 0.007181311830936466]",none,0,He was the last participant to finish the race.
Qwen2.5-1.5B-Instruct_K3,391,1915,0.7765012383460999,19,1.1031101942062378,0.18917813897132874,"[0.10560861524017558, 0.18532371010381835, 1.0486219262347252]","[0.04283963039133117, 0.04459344467444213, 0.13835377656689138]",none,0,Melamed's perseverance and dedication were celebrated by crowds at the finish line and on social media.
Qwen2.5-1.5B-Instruct_K3,391,1915,0.45496973395347595,18,1.3388100862503052,0.24090078473091125,"[0.11295253768538613, 1.7205877923033768, -0.0009968865659983647]","[0.0133556563848395, 0.25065457255259893, 0.0069936743903890415]",none,0,"He has previously completed marathons in Chicago, New York, Berlin, and Tokyo."
Qwen2.5-1.5B-Instruct_K3,391,1915,0.43724340200424194,32,1.228366732597351,0.16798493266105652,"[0.057603105066903026, 0.025083610847616455, 1.0949188195370425]","[0.010401794854628221, 0.0050634434583578525, 0.1652610191124495]",none,0,This year's Boston Marathon took place less than two weeks after the guilty verdict of Dzhokhar Tsarnaev for the 2013 Boston bombings.
Qwen2.5-1.5B-Instruct_K3,392,3180,1.1184077262878418,44,2.539107084274292,0.36128589510917664,"[1.520766139442871, 0.053338552402346355, 0.04894056882048145]","[0.1870666055604705, 0.007432232685694373, 0.011054137144268143]",none,0,"In the upcoming week of The Bold and the Beautiful, Deacon Sharpe pleads with John 'Finn' Finnegan to give his birth mother, Sheila Carter, another chance, revealing his relationship with her."
Qwen2.5-1.5B-Instruct_K3,392,3180,1.1609259843826294,21,1.7896426916122437,0.25692254304885864,"[1.1158662581722074, 0.4332666737025734, 0.13573675553197972]","[0.16934841613346224, 0.054802115690520056, 0.00729581712912044]",none,0,"Meanwhile, Finn shares this secret with Hope Logan, who is shocked by her father's connection to Sheila."
Qwen2.5-1.5B-Instruct_K3,392,3180,0.9578642845153809,17,1.7945737838745117,0.26655253767967224,"[0.17070025088693963, 1.6727373176318532, 0.05054480854243379]","[0.04550079347895649, 0.2608148941373442, 0.010094092644971612]",none,0,"Sheila, unsure about marrying Deacon, worries it could affect his relationship with Hope."
Qwen2.5-1.5B-Instruct_K3,392,3180,1.5620245933532715,13,1.3765417337417603,0.2678360939025879,"[0.10047207901684138, 0.9679488860643827, -0.019094095278817873]","[0.04322468572242472, 0.2575656393399605, 0.006329217750485091]",none,0,"The revelation leaves Hope seeking advice from her mother, Brooke Logan."
Qwen2.5-1.5B-Instruct_K3,392,3180,1.0900448560714722,14,0.4757544696331024,0.08093190938234329,"[0.10712533227134761, 0.24729992911930562, 0.0840621854715989]","[0.023384124077698028, 0.042139529383315937, 0.01626552843980075]",none,0,The storyline raises questions about the future of Deacon and Sheila's relationship.
Qwen2.5-1.5B-Instruct_K3,393,7855,1.0579725503921509,34,1.8106133937835693,0.27993616461753845,"[1.636548601276659, 0.014234344962112707, -0.025033632293423792]","[0.23707411713857093, 0.0004569370841790367, 0.002369081872966289]",none,0,"Rudy's Mexican Restaurant & Take Out, located at 811 State St in Santa Barbara, CA, is a local business that specializes in Mexican cuisine."
Qwen2.5-1.5B-Instruct_K3,393,7855,1.2764118909835815,16,0.2919344902038574,0.10100439190864563,"[0.3942448196467012, -0.005469477686347091, -0.13311187777617306]","[0.08580265005730325, 0.0006594301321882767, 0.0043710368599079175]",none,0,The restaurant has received an average rating of 3.5 stars from customers.
Qwen2.5-1.5B-Instruct_K3,393,7855,1.3847788572311401,20,0.6173744797706604,0.08105304092168808,"[0.6108769732876681, 0.01007250934599142, 0.07191323318656942]","[0.07217087459075629, 0.0017760291948548002, 0.003952098032959839]",none,0,"According to the provided structured data, Rudy's offers take-out services and has outdoor seating available."
Qwen2.5-1.5B-Instruct_K3,393,7855,1.6359087228775024,21,0.6906688213348389,0.18357908725738525,"[0.7616528914465258, -0.13460956014196632, -0.07567002367951707]","[0.1908310786848666, 0.004013198894258927, 0.004390299917304219]",none,0,The restaurant is also suitable for groups and has parking options available on the street and in a nearby lot.
Qwen2.5-1.5B-Instruct_K3,393,7855,1.9103968143463135,13,0.7298516631126404,0.09026442468166351,"[0.7178499430234436, 0.03613038861658424, 0.020982278569135815]","[0.0920120965305474, 0.001489156130026878, 0.0013603597878430334]",none,0,"However, valet parking and parking in a garage are not offered."
Qwen2.5-1.5B-Instruct_K3,393,7855,2.306399345397949,11,0.3481886684894562,0.04816786199808121,"[-0.013547853990034624, -0.01653474433855577, 0.08728183873675087]","[0.0153061591448601, 0.0014337373299481856, 0.004017888536592099]",none,0,Customers have mentioned several menu items in their reviews.
Qwen2.5-1.5B-Instruct_K3,393,7855,1.0746171474456787,31,1.5131133794784546,0.1661451756954193,"[1.1183037265774705, 0.0388701651991728, -0.14443529072741512]","[0.12137265391309836, 0.00202957494860078, 0.02167858626877029]",none,0,"The Energy Burrito with chicken is a popular choice, although some have noted that the consistency of the food can be inconsistent, occasionally being bland or dry."
Qwen2.5-1.5B-Instruct_K3,393,7855,1.159793496131897,19,1.1597036123275757,0.23250634968280792,"[1.205699233350491, 0.08971187604229751, -0.04838779730198439]","[0.21068239288471982, 0.0064072520562191175, 0.0028372919557867996]",none,0,The shrimp quesadilla has been described as being too cheesy and greasy for some tastes.
Qwen2.5-1.5B-Instruct_K3,393,7855,0.8378943204879761,13,0.491273432970047,0.19182215631008148,"[-0.024108947380087696, 1.0795946441408328, 0.01423171833224702]","[0.04354761892822213, 0.2015390313898269, 0.008182575528215134]",none,0,"However, the salsa bar has been praised for its freshness and variety."
Qwen2.5-1.5B-Instruct_K3,393,7855,0.8472417593002319,22,0.01877499185502529,0.020003657788038254,"[0.11788119588419993, 0.024444599886175474, -0.025479572521031845]","[0.024017848964841836, 0.004960213895499651, 0.0018884453382978254]",none,0,"Overall, Rudy's Mexican Restaurant & Take Out offers a range of Mexican dishes, with some standout items and a well-regarded salsa bar."
Qwen2.5-1.5B-Instruct_K3,394,7266,0.41783222556114197,30,2.1106514930725098,0.27653318643569946,"[1.9779123731850026, 0.016939865879855156, 0.007543308746486825]","[0.26027683633292326, 0.0010967276116749267, 0.0018257683006140724]",none,0,"Taqueria El Buen Gusto is a Mexican restaurant located at 4835 Carpinteria Ave, Carpinteria, CA."
Qwen2.5-1.5B-Instruct_K3,394,7266,0.4131962060928345,19,0.6782448291778564,0.11033125966787338,"[0.6960685502241464, -0.038043640590713995, -0.046086884657262614]","[0.1098184503038953, 0.00305877679694863, 0.002018067568207315]",none,0,It is open every day from 9:00 to 21:00.
Qwen2.5-1.5B-Instruct_K3,394,7266,1.7510254383087158,13,0.955775797367096,0.1437513679265976,"[0.7498712923664314, -0.08428792967102848, -0.02920166292012884]","[0.14555477136029646, 0.0016403977833061407, 0.003022606955990061]",none,0,"The restaurant does not provide WiFi, outdoor seating, or parking."
Qwen2.5-1.5B-Instruct_K3,394,7266,1.3996671438217163,12,0.6544080972671509,0.1489754468202591,"[0.7125472455503162, -0.006147675484802069, -0.05157153937580006]","[0.14988383007463804, 0.002049822379433408, 0.0018646328130671463]",none,0,"However, it caters to groups and offers takeaway services."
Qwen2.5-1.5B-Instruct_K3,394,7266,1.5648655891418457,16,0.18565206229686737,0.09572890400886536,"[0.033574463304830715, -0.02341544163209619, -0.06056850790628232]","[0.09062837655073963, 0.0016485523717904016, 0.005665728569738349]",none,0,"The ambiance is casual, making it a good choice for an informal dining experience."
Qwen2.5-1.5B-Instruct_K3,394,7266,1.115510106086731,13,0.7975053191184998,0.14048045873641968,"[0.42971243924246383, -0.08515687046859127, 0.011430754254643734]","[0.09018220057567725, 0.0042438756127711925, 0.0066813469983082125]",none,0,The restaurant has an average rating of 4.0 stars.
Qwen2.5-1.5B-Instruct_K3,394,7266,1.296879529953003,52,1.33338463306427,0.19719518721103668,"[0.3918088773800544, 0.8043909424541023, 0.34206431873127047]","[0.057740271609617366, 0.09753196254741645, 0.04541785004156159]",none,0,"Although some reviewers had negative comments about the restaurant being closed down due to health department issues and the usage of styrofoam plates, others appreciated the friendly service, promptness, and the taste of their dishes, such as the sopé, chips and salsa."
Qwen2.5-1.5B-Instruct_K3,395,6839,1.539279818534851,29,1.6619503498077393,0.23443137109279633,"[1.0216198597486725, 0.4350708501226799, -0.029521537193494592]","[0.15627116012810488, 0.033009673692845354, 0.0043827429735521384]",none,0,"Adama Vegan Comfort Cuisine is a now-closed restaurant located in Santa Barbara, CA, that specialized in vegan and gluten-free comfort food."
Qwen2.5-1.5B-Instruct_K3,395,6839,2.0093679428100586,18,1.254059076309204,0.15568874776363373,"[1.2728627673867676, 0.18691963899052805, -0.15976564032543036]","[0.13225033749929732, 0.048993908020848825, 0.014973424995130498]",none,0,"The restaurant had a retro atmosphere and offered outdoor seating, take-out, and free WiFi."
Qwen2.5-1.5B-Instruct_K3,395,6839,1.2141060829162598,21,0.8101001977920532,0.10233519971370697,"[0.8613413761417005, -0.0743617896247694, 0.327810282665485]","[0.08022019058123642, 0.03464530341337498, 0.034671949380697786]",none,0,"According to customer reviews, the food was delicious and unique, with a highlight being their homemade gelato."
Qwen2.5-1.5B-Instruct_K3,395,6839,1.2322015762329102,27,0.8188767433166504,0.17100495100021362,"[0.08277726827859792, 1.0602103428100236, 0.011730718113270725]","[0.0631035905335685, 0.10264169966029402, 0.027599830822206666]",none,0,"One reviewer particularly enjoyed the quiche, which was described as ""sooooo good!"" The restaurant also offered a variety of vegetarian options."
Qwen2.5-1.5B-Instruct_K3,395,6839,0.794157087802887,30,1.0908238887786865,0.13160443305969238,"[0.06259568223479922, 0.011167504162888994, 1.4817528563687423]","[0.009836288717516102, 0.0032171513351670457, 0.1695447246839952]",none,0,"However, some customers found the portions to be small and the prices to be high, with one reviewer leaving feeling hungry despite spending over $30."
Qwen2.5-1.5B-Instruct_K3,395,6839,1.2517213821411133,20,0.9708390235900879,0.15036897361278534,"[-0.13071476174518465, -0.061825725995004174, 1.1053915170952677]","[0.019767956415307708, 0.003611747214017669, 0.14227842607651836]",none,0,"The service was reported to be decent, with one reviewer noting that their waitress was new but helpful."
Qwen2.5-1.5B-Instruct_K3,395,6839,1.4855973720550537,27,0.06388675421476364,0.0360235758125782,"[0.010076437058970626, 0.1195498842637419, -0.0017444944705520928]","[0.014308377235305344, 0.015483516033129861, 0.007389497050133463]",none,0,"Overall, Adama Vegan Comfort Cuisine appeared to be a cozy and unique dining spot, well-suited for a casual meal or date night."
Qwen2.5-1.5B-Instruct_K3,396,1352,1.1279879808425903,23,1.4474507570266724,0.22688807547092438,"[1.3788102065167471, -0.025765654069128566, -0.018468137054182793]","[0.22122780109424164, 0.0007569869688307771, 0.0010689561081463858]",none,0,"UNICEF has finally delivered 16 tons of medical supplies to Yemen's capital, Sanaa."
Qwen2.5-1.5B-Instruct_K3,396,1352,1.2090929746627808,22,0.730068027973175,0.13757295906543732,"[0.7674158224412664, -0.0013763229736386247, 0.017207393684326566]","[0.12965560719550756, 0.0013988237764020926, 0.0012347996679305982]",none,0,"The supplies will help provide aid to 80,000 innocent individuals affected by the ongoing conflict."
Qwen2.5-1.5B-Instruct_K3,396,1352,0.6909404397010803,19,1.6244256496429443,0.2557260990142822,"[1.6481219483049292, 0.01241193450129542, 0.011052763159999526]","[0.259516087605765, 0.0010973645219469052, 0.0012375825783812232]",none,0,"The humanitarian situation is worsening, with limited access to water, basic sanitation, and healthcare services."
Qwen2.5-1.5B-Instruct_K3,396,1352,0.5922139883041382,23,1.4104814529418945,0.2371368259191513,"[1.4384813472886733, 0.022274842086794113, 0.0333016166615459]","[0.23896415468777338, 0.0011632022055002144, 0.0011823954720976753]",none,0,"The supplies will include antibiotics, bandages, syringes, IV sets, and micronutrients for children."
Qwen2.5-1.5B-Instruct_K3,396,1352,0.6704661250114441,30,1.4244617223739624,0.2624794542789459,"[0.1346305026090704, 1.6122654751408845, 0.019980612949681623]","[0.043868897355908605, 0.258326238564526, 0.00345206117822651]",none,0,"The UNHCR reports that 900 refugees from Yemen have arrived in the Horn of Africa, with many more trying to make the journey."
Qwen2.5-1.5B-Instruct_K3,396,1352,1.377461552619934,26,0.36677244305610657,0.16058772802352905,"[-0.010841240120218852, 0.3694077843370346, -0.06404472625889376]","[0.047394518778673955, 0.1542665534775901, 0.018839126411736427]",none,0,"However, the UNHCR warns that the dangers of sea crossings in the region remain high, with a potential loss of life."
Qwen2.5-1.5B-Instruct_K3,396,1352,0.7419000864028931,34,1.3101003170013428,0.26035377383232117,"[0.10066090879434555, 0.018638371256255434, 1.4217421184293926]","[0.017726810898312472, 0.021396406517263076, 0.25254606866442103]",none,0,"The WHO reports that at least 643 people have been killed in Yemen since the fighting began, and this number is likely to increase as additional cases are verified."
Qwen2.5-1.5B-Instruct_K3,396,1352,0.9659932255744934,23,0.7324467301368713,0.15169520676136017,"[0.3813373793948457, -0.010436735842908409, -0.02563742128372921]","[0.07633824978211123, 0.023199057972286264, 0.06022765903316727]",none,0,"The conflict has resulted in a significant toll on children and families, with limited access to basic necessities like food, water, and shelter."
Qwen2.5-1.5B-Instruct_K3,397,990,1.3798582553863525,32,2.858762741088867,0.31595295667648315,"[0.9704402471306821, 0.1754544963121134, 0.07466702393344349]","[0.11871353573974375, 0.026627251476540437, 0.006189432012391194]",none,0,"A family's visit to Omaha's Henry Doorly Zoo in Nebraska turned terrifying when a gorilla named Kijoto charged the exhibit window, cracking it."
Qwen2.5-1.5B-Instruct_K3,397,990,0.7861973643302917,24,1.6777938604354858,0.21164433658123016,"[1.4767498378447879, 0.19494912764624436, 0.018413997536754323]","[0.19810039778288532, 0.01933681790909721, 0.004198860301661019]",none,0,"The incident, caught on video and viewed over 1 million times on Reddit, followed a fight between the gorillas."
Qwen2.5-1.5B-Instruct_K3,397,990,0.9593842625617981,24,1.4704231023788452,0.25781315565109253,"[-0.006194058154354328, 1.7298428913536554, 0.05066817616257898]","[0.027727881850523772, 0.2439356474045932, 0.008051803946353372]",none,0,"Despite the scare, zoo officials insist the public was never in danger due to the window's multiple layers of glass and acrylic."
Qwen2.5-1.5B-Instruct_K3,398,3907,1.1094006299972534,27,2.342420816421509,0.32140305638313293,"[1.471994349936183, -0.050273377922874514, 0.053336144569685634]","[0.20628871381719632, 0.003002048010982974, 0.00656489381425571]",none,0,The football team at Nantucket earned its first win of the season with a 19-6 victory over Tech Boston.
Qwen2.5-1.5B-Instruct_K3,398,3907,0.9731158018112183,28,1.2032550573349,0.18461942672729492,"[1.3119084410635489, -0.08987927849999064, -0.046447038370908036]","[0.17471490620768496, 0.014346406487993997, 0.005143058097278949]",none,0,"The team scored three unanswered touchdowns in the second half of the game, despite the rainy conditions making it difficult to hold on to the football."
Qwen2.5-1.5B-Instruct_K3,398,3907,0.7342876195907593,26,0.6462987661361694,0.10826913267374039,"[0.6944773326227173, 0.09320431424664723, -0.013190629197179778]","[0.13529448869480104, 0.011481660187006727, 0.005198304189043221]",none,0,"Tech Boston initially opened the scoring in the first quarter, but Nantucket's defense held strong for the rest of the game."
Qwen2.5-1.5B-Instruct_K3,398,3907,0.9346372485160828,32,0.8397115468978882,0.17007902264595032,"[0.013471286015374062, 1.010334886116425, 0.028615731981858517]","[0.04319576717648488, 0.19951022902410998, 0.007522561965302543]",none,0,"Nantucket's first score came from an 11-yard touchdown reception, followed by a six-yard touchdown run and a 30-yard touchdown run."
Qwen2.5-1.5B-Instruct_K3,398,3907,0.8237411379814148,19,2.2361533641815186,0.261531800031662,"[0.40687526174320066, 0.10315833849587139, 2.3233068734901425]","[0.057411405450885036, 0.011023431495885916, 0.25721506919638304]",none,0,"Although Nantucket is currently outside the playoff picture, they will face Dennis-Yarmouth next."
Qwen2.5-1.5B-Instruct_K3,399,2926,7.823516368865967,3,0.44153785705566406,0.1547742336988449,"[0.45100579659144086, 0.16053632895151773, -0.05453920364379883]","[0.03773183835437521, 0.015769581552982952, 0.02085832754770915]",none,0,Sure!
Qwen2.5-1.5B-Instruct_K3,399,2926,0.9300754070281982,30,1.026467204093933,0.1456628292798996,"[0.6892779180314392, 0.013928182622476016, 0.040611964770020374]","[0.12684164960713437, 0.002586771927368166, 0.0015056045398978313]",none,0,"Here's the summary within 96 words:

ISIS released over 200 Yazidi hostages, mostly women and children, in northern Iraq."
Qwen2.5-1.5B-Instruct_K3,399,2926,1.2881430387496948,23,1.2213221788406372,0.20962126553058624,"[1.2015042475060276, -0.027004570176359266, 0.019042573188451806]","[0.18475607620633167, 0.020459479093599086, 0.0017138806468447792]",none,0,The release was coordinated by Arab tribal leaders and marked the second such release since the terror group's attacks last summer.
Qwen2.5-1.5B-Instruct_K3,399,2926,0.49259430170059204,23,1.7258219718933105,0.2151220738887787,"[1.7549541065742706, -0.021111800962740825, 0.019860300634362553]","[0.22124784125512437, 0.0030170604169759817, 0.0018507186347352692]",none,0,"The Yazidis were received by Peshmerga forces and taken to the Kurdish regional capital, Irbil."
Qwen2.5-1.5B-Instruct_K3,399,2926,1.4719054698944092,25,0.2332668900489807,0.09837451577186584,"[0.20984650522470474, 0.19548979375511408, -0.01929163231048733]","[0.07619261793792248, 0.0497705618920736, 0.018799086814688053]",none,0,"The exact reason for the release is unclear, but it comes as the Iraqi government and an international coalition continue to fight against ISIS."
