model,resp_id,orig_idx,domain,mean_surprisal,n_ans,gap,jsd_noctx,chunk_drops,chunk_jsds,label
ragbench_Qwen2.5-1.5B-Instruct,0,0,finqa,0.6581854224205017,200,0.17869140207767487,0.051051486283540726,"[0.03915691899400372, 0.014753780306709813, -0.003723368325879619, 0.07682671920051234, 0.010096825611462919]","[0.01673670712461046, 0.004423225487181242, 0.00162504904174142, 0.012690132863666293, 0.0003836376120361251]",1
ragbench_Qwen2.5-1.5B-Instruct,1,1,pubmedqa,0.8667625188827515,101,1.2921444177627563,0.17432430386543274,"[0.38805075316415943, 0.5823735288431365, 0.02042234262328991, 0.29366154565907143, 0.038085206440806214]","[0.08907561059516238, 0.07276905465406489, 0.005283398616051253, 0.0316071990070973, 0.006883544968033984]",1
ragbench_Qwen2.5-1.5B-Instruct,2,2,finqa,0.7526662945747375,36,0.2048642486333847,0.0353873148560524,"[0.03980133620360801, 0.022387833949829253, 0.08480017112338424, -0.014897071688210417, 0.018593617206483434]","[0.00340775623078255, 0.0011473244567557434, 0.01881604724576391, 0.0007733958913560299, 0.0009637683316220268]",1
ragbench_Qwen2.5-1.5B-Instruct,3,3,pubmedqa,1.337119221687317,159,1.5440073013305664,0.22365188598632812,"[0.5546252134863036, 0.448293203697668, 0.2367689571845449, 0.30463548919523986]","[0.07225183298275321, 0.07625499614270363, 0.04729406331848379, 0.041974718849087794]",1
ragbench_Qwen2.5-1.5B-Instruct,4,4,pubmedqa,0.8234898447990417,200,0.6412695050239563,0.12693089246749878,"[0.3100522478760408, 0.26690438811110373, 0.011623875425158019, -0.05267914271487257, -0.026082488372674958]","[0.04725953541314415, 0.04259286482147696, 0.006571345627404046, 0.013197811807780102, 0.002753567453354693]",1
ragbench_Qwen2.5-1.5B-Instruct,5,5,finqa,0.6038680076599121,200,0.4666997492313385,0.09150192886590958,"[-0.023178673653039824, 0.010741247454275253, 0.38539975039292357, -0.007852190026860627]","[0.002376469635117644, 0.002947176770836535, 0.07752619658497636, 0.0006902653424057803]",1
ragbench_Qwen2.5-1.5B-Instruct,6,6,pubmedqa,0.9652737379074097,200,1.0118517875671387,0.1301533728837967,"[0.2034868181620186, -0.01803878982377114, 0.4252112593908191, 0.007688845567905674, 0.37521171068779724]","[0.03554872476964704, 0.007355403877808761, 0.04890526934729582, 0.0038082051700647312, 0.045902467408827564]",1
ragbench_Qwen2.5-1.5B-Instruct,7,7,pubmedqa,0.61546790599823,80,0.6777370572090149,0.13444912433624268,"[0.7459676002130436, -0.01956117666661612, 0.0046883639537782075, 0.006670974452208611]","[0.12279651074800313, 0.005969189418660292, 0.0023621092620301097, 0.0023374301525112885]",1
ragbench_Qwen2.5-1.5B-Instruct,8,8,pubmedqa,1.1814717054367065,200,1.0046906471252441,0.1734161376953125,"[0.013463296487959724, 0.437431631518175, 0.07619153304016209, 0.3087407423626382, 0.00661223368100309]","[0.02288000775667065, 0.08864861621168017, 0.020834805376603073, 0.04504843923871226, 0.004989852641806855]",1
ragbench_Qwen2.5-1.5B-Instruct,9,9,techqa,1.2528257369995117,200,0.05869600921869278,0.027664609253406525,"[0.007845061601226461, -0.004381142022809854, -0.0025929892094700337, -0.008446020763017259, 0.005908514892416861]","[0.011529753509524454, 0.0014893389227962927, 0.0014935834121678226, 0.0033983160432654812, 0.0028411736734574333]",1
ragbench_Qwen2.5-1.5B-Instruct,10,10,finqa,0.5501648187637329,90,0.15582291781902313,0.0559893399477005,"[0.18487660545872334, 0.019444706562798172, 0.017972421618449315, 0.02109813831575593, 0.10735780758930358]","[0.0293589839020642, 0.0007986194130138655, 0.0007094614729080856, 0.0008263353832736205, 0.026267220313682553]",1
ragbench_Qwen2.5-1.5B-Instruct,11,11,finqa,0.9715219736099243,22,0.3420916795730591,0.10114588588476181,"[0.0651496615186757, 0.6152552480988643, 0.05705717685090018, 0.023956805654796135, 0.03035153728044613]","[0.03697463233656994, 0.08282311593319491, 0.0031263218952930897, 0.001379687798703344, 0.0015676977577227676]",1
ragbench_Qwen2.5-1.5B-Instruct,12,12,pubmedqa,0.7281597256660461,93,1.6131948232650757,0.2175034135580063,"[0.7000021898003138, 0.47711503566292823, 0.01284466226821013, 0.3785160274497313]","[0.09563625142590676, 0.06465461927943887, 0.010323599498388538, 0.0629386823278531]",1
ragbench_Qwen2.5-1.5B-Instruct,13,13,pubmedqa,1.252741813659668,200,0.7334120869636536,0.11122961342334747,"[0.1483993046414389, 0.08709779454577302, 0.2752658322270463, 0.07432754013445333]","[0.04045031079218425, 0.016983670575460366, 0.03434984698214038, 0.012098678543183859]",1
ragbench_Qwen2.5-1.5B-Instruct,14,14,finqa,0.917690098285675,200,0.16507896780967712,0.04517132788896561,"[0.002165027302562521, 0.0040996472173719664, 0.0026075742120337964, 0.007442517501185648, 0.11671912424844777]","[0.0052909565085106185, 0.0022748524237216116, 0.0023483086917733685, 0.003877804168404353, 0.03200011937730288]",1
ragbench_Qwen2.5-1.5B-Instruct,15,15,hotpotqa,0.4440388083457947,29,0.2737236022949219,0.11876963078975677,"[0.02669192544209213, -0.025558095833197323, 0.020910505265733105, 0.25635595528402866, -0.008080905362319379]","[0.006087471470701483, 0.005119758266675553, 0.028784262006961946, 0.06976778752910158, 0.0018753398097832643]",1
ragbench_Qwen2.5-1.5B-Instruct,16,16,pubmedqa,1.3520020246505737,125,1.0910342931747437,0.15960358083248138,"[0.6349186172909104, 0.023145626433484723, 0.3691819218564196, 0.2710981414904236]","[0.08988566345750587, 0.011952426819609173, 0.054559250317117405, 0.028545480472210328]",1
ragbench_Qwen2.5-1.5B-Instruct,17,17,pubmedqa,0.5776264667510986,200,1.1542534828186035,0.22132521867752075,"[0.47135172152579996, 0.6802999203377805, 0.1830263812323507, 0.01940292522086139]","[0.09034615671572865, 0.12044536439467897, 0.024669533776962, 0.00391689850646701]",1
ragbench_Qwen2.5-1.5B-Instruct,18,18,pubmedqa,1.0392696857452393,86,0.8982609510421753,0.18070751428604126,"[0.9619000065198221, -0.05044877263130835, -0.027158095707168182, -0.026727380426257507, -0.028869806661968735]","[0.15126181456412235, 0.010455161829783554, 0.004062672705321529, 0.003835540650183622, 0.0022642802093773315]",1
ragbench_Qwen2.5-1.5B-Instruct,19,19,finqa,0.7664456367492676,115,0.5453682541847229,0.09740860015153885,"[0.5409174737294012, -0.001954421424180391, -0.002181616655181405, -0.005837259369044383]","[0.08995576904000067, 0.000963319636945886, 0.0007520107447817282, 0.0008028317758504746]",1
ragbench_Qwen2.5-1.5B-Instruct,20,20,pubmedqa,0.9009580612182617,103,0.7347495555877686,0.14334508776664734,"[0.2618953607822585, -0.02166431519172804, -0.04141920469376411, 0.6171687653408408, 0.009229461870721298]","[0.044298481557337475, 0.010593664348954883, 0.010920753238975005, 0.07317434600460346, 0.011510948525848328]",1
ragbench_Qwen2.5-1.5B-Instruct,21,21,pubmedqa,0.7948780655860901,127,1.1775785684585571,0.17176523804664612,"[0.31312947528440543, 0.5055782602851415, -0.001595870860867093, 0.0019507362738977463, -0.025143624235373342]","[0.04402885073520195, 0.07627921536028971, 0.0033810843822010216, 0.0042306982908537315, 0.0022719008465226197]",1
ragbench_Qwen2.5-1.5B-Instruct,22,22,pubmedqa,1.0480766296386719,155,0.669072687625885,0.11230413615703583,"[0.05139020186043713, 0.12441444488592952, -0.009118886948156234, 0.5117228911428517]","[0.029496688670224102, 0.016200334732012094, 0.00818940335816524, 0.07219119800391625]",1
ragbench_Qwen2.5-1.5B-Instruct,23,23,pubmedqa,0.6581600904464722,200,1.1297105550765991,0.18397565186023712,"[0.3401316295899365, -0.010835027583570564, 0.404372929249477, 0.5176823888823628]","[0.04882465500090152, 0.014408871000780704, 0.0596952520157954, 0.07213000237702914]",1
ragbench_Qwen2.5-1.5B-Instruct,24,24,techqa,0.5937021374702454,113,0.09386476129293442,0.01646469719707966,"[-0.043816773648966904, -0.015859832612767227, 0.006200497489035357, -0.014676579060795652, -0.025226569158328743]","[0.005170722360730906, 0.0037640410749535864, 0.00435012865806714, 0.0022780517761015716, 0.004619528460821069]",1
ragbench_Qwen2.5-1.5B-Instruct,25,25,techqa,1.0038952827453613,94,0.2599967420101166,0.031760238111019135,"[0.03680951887306637, 0.062023617698635444, 0.004522209233179657, 0.06936721575131857, -0.00556859639626519]","[0.0055768853921939416, 0.002451492150689568, 0.0008846402751244307, 0.012333489948614298, 0.0019793856556867334]",1
ragbench_Qwen2.5-1.5B-Instruct,26,26,pubmedqa,0.9976906180381775,104,0.5250446796417236,0.09405704587697983,"[0.3039973773192934, 0.04938203559116626, 0.0009630744719708253, 0.04080442527188447, 0.19897715296529292]","[0.04183258204108908, 0.009468634990831299, 0.005613313169653462, 0.006698927706638167, 0.020867223531910967]",1
ragbench_Qwen2.5-1.5B-Instruct,27,27,pubmedqa,0.8444346785545349,142,1.6964287757873535,0.26103800535202026,"[-0.02503044622096375, -0.02769027773936447, 0.7622854317387656, 0.49099634928841585, 0.6793849974902949]","[0.008382367418399029, 0.010056257849798935, 0.10144981228323162, 0.06999188319660672, 0.08730587310958887]",1
ragbench_Qwen2.5-1.5B-Instruct,28,28,techqa,1.4429271221160889,200,0.20548152923583984,0.029082832857966423,"[-0.0021372443622749413, 0.0014715465084373135, 0.0007636146599179483, -0.0025731215650739614, 0.15308999074546592]","[0.0009163754316034555, 0.00030723330599755625, 0.0004160677937996127, 0.0004376961726717354, 0.026308429235296558]",1
ragbench_Qwen2.5-1.5B-Instruct,29,29,techqa,1.5949727296829224,139,0.3858409821987152,0.10210519284009933,"[0.03793351235180185, 0.0993776788284011, 0.034972655853782675, 0.008061529629358381]","[0.02854632361877954, 0.014864649559427175, 0.010342269182897657, 0.005733962268073146]",1
ragbench_Qwen2.5-1.5B-Instruct,30,30,finqa,0.47034749388694763,103,0.20786985754966736,0.07490658760070801,"[0.0163894675171426, 0.036864532405134806, 0.010827577958956927, 0.004730515934117418, 0.19184757449718004]","[0.0013402349175967716, 0.008402637902226232, 0.000786413391368057, 0.00145034220385457, 0.06461167739844888]",1
ragbench_Qwen2.5-1.5B-Instruct,31,31,pubmedqa,0.8885012865066528,200,1.2516295909881592,0.16885337233543396,"[0.4553252560297949, 0.3608364051445955, 0.3028551350055943, 0.28809136983776396]","[0.06700392297992795, 0.05045651492092592, 0.03945033351306364, 0.030351959843246873]",1
ragbench_Qwen2.5-1.5B-Instruct,32,32,finqa,0.5486315488815308,123,0.4388711750507355,0.09703453630208969,"[0.19112085945976365, 0.09188616114645827, 0.09604454399120123, 0.004224357247701058, 0.0009771932406399018]","[0.03693256715512597, 0.005764432400210952, 0.02673409016365031, 0.0008861975359240987, 0.0006166215738805832]",1
ragbench_Qwen2.5-1.5B-Instruct,33,33,pubmedqa,0.7069638967514038,200,0.6679229736328125,0.14648698270320892,"[-0.03566685302630617, 0.5927350882107043, 0.061672425732948566, -0.009472790972454277]","[0.010092354782238147, 0.12323074231446346, 0.012132052765377743, 0.0024349287516096042]",1
ragbench_Qwen2.5-1.5B-Instruct,34,34,techqa,1.4589210748672485,200,0.1728099286556244,0.0661415159702301,"[0.040638977093186666, -0.010702994183352814, 0.033479991356346946, 0.024814572001047565, -0.016175509052016254]","[0.013000356457057194, 0.0077557842465089165, 0.022888650189530076, 0.00791007325093453, 0.008483560324080184]",1
ragbench_Qwen2.5-1.5B-Instruct,35,35,pubmedqa,1.0456219911575317,200,0.7450172901153564,0.14346341788768768,"[0.403804751241405, 0.1871767515847114, 0.04965313118855932, 0.19025272423921535]","[0.05875444569982619, 0.037451664939881085, 0.011962774664708995, 0.032148876725379194]",1
ragbench_Qwen2.5-1.5B-Instruct,36,36,pubmedqa,1.3160020112991333,73,0.4459085464477539,0.10977840423583984,"[0.11021567594330257, 0.12603998730815244, 0.042745877704196696, -0.016091084543913833]","[0.0400661533457786, 0.020461600905406385, 0.009883772645239349, 0.006746664205270182]",1
ragbench_Qwen2.5-1.5B-Instruct,37,37,pubmedqa,1.1217290163040161,51,0.37600791454315186,0.12973779439926147,"[0.15809730813825632, 0.106386741697112, -0.11004196843136657, 0.03540798849353807]","[0.10342225968557552, 0.0059830803401160785, 0.021464660217959567, 0.008571342266371155]",1
ragbench_Qwen2.5-1.5B-Instruct,38,38,finqa,0.8185408711433411,34,0.975365161895752,0.1299087256193161,"[0.04188413108043759, 0.7485523609879344, 0.02407250881440311, 0.0646478463195843, 0.05470273381358899]","[0.004469423918343008, 0.12749927527564817, 0.0009298793598822933, 0.0016157038900614146, 0.0013158379588108962]",1
ragbench_Qwen2.5-1.5B-Instruct,39,39,pubmedqa,0.7522521018981934,200,0.8840957880020142,0.17357473075389862,"[0.4381181645664401, 0.19172405328119396, 0.1854516105244994, 0.06403233455542988, 0.010260400328999709]","[0.09663580517757225, 0.04415159477516269, 0.030093564514223844, 0.007726410645593802, 0.0018119486634714478]",1
ragbench_Qwen2.5-1.5B-Instruct,40,40,finqa,0.6129172444343567,147,0.43154677748680115,0.09583365172147751,"[-0.009495367010295151, -0.006920634790053648, 0.43461673110463994, 0.006576500206432882, 0.0017709170163217175]","[0.002175395856626378, 0.0026105379052406303, 0.07792801274987966, 0.0022711872149514052, 0.0014707038732600696]",1
ragbench_Qwen2.5-1.5B-Instruct,41,41,hotpotqa,0.9315404891967773,63,1.048169732093811,0.14844581484794617,"[0.0633720046466878, 0.320730545335368, 0.8407111465404875, 0.07714603316676474]","[0.004991736767722375, 0.05304614662674112, 0.09667903126931393, 0.005057763315147352]",1
ragbench_Qwen2.5-1.5B-Instruct,42,42,pubmedqa,1.1027860641479492,200,0.6336377859115601,0.13745242357254028,"[0.4265602440997358, 0.29294733720728516, 0.017102853726120484, 0.01927081525371648]","[0.07492745346417504, 0.04253116222022015, 0.0056834670948035714, 0.0024576888995337053]",1
ragbench_Qwen2.5-1.5B-Instruct,43,43,pubmedqa,0.6737280488014221,103,0.5066678524017334,0.10333950817584991,"[0.35842267020632224, -0.004683401275156802, 0.1609715646811682, -0.016892665477376858, -0.004601406242554797]","[0.062227925808644155, 0.007672801739561532, 0.037192925317834476, 0.005385784849751018, 0.0057762164053404685]",1
ragbench_Qwen2.5-1.5B-Instruct,44,44,pubmedqa,0.7146410942077637,143,0.6476117968559265,0.11477673053741455,"[0.3468169601415529, 0.09023457871942085, 0.23693748741836962, -0.012530383178763564, 0.020762524991661955]","[0.041343202950614895, 0.033579783657502034, 0.04219755612751529, 0.002834710549129766, 0.0016105395671224608]",1
ragbench_Qwen2.5-1.5B-Instruct,45,45,pubmedqa,0.7830970883369446,200,1.8833317756652832,0.2773092985153198,"[0.17262093181644048, 0.40524815657553065, 0.7103397811547575, 0.4122278869767183, -0.0044007830713565]","[0.025342143217301754, 0.07276458246282687, 0.10897415236438611, 0.06298756103684049, 0.0028828661359898786]",1
ragbench_Qwen2.5-1.5B-Instruct,46,46,pubmedqa,0.9514247179031372,73,0.8314809799194336,0.15344101190567017,"[0.19819070039519351, 0.25831193256706136, 0.007411407795358467, 0.10071566786465086, -0.003161005809145311]","[0.04441589064820666, 0.050261132354520184, 0.010755058797844757, 0.014712893909854096, 0.00316902254409111]",1
ragbench_Qwen2.5-1.5B-Instruct,47,47,finqa,0.5431006550788879,200,0.14033986628055573,0.05303094908595085,"[0.05288108018941557, 0.09257275610588409, -0.0191430982978369, -0.016930488745368847]","[0.02797707397821931, 0.03142298700814706, 0.0011456506940069034, 0.00036917684451282185]",1
ragbench_Qwen2.5-1.5B-Instruct,48,48,pubmedqa,0.4712018668651581,200,0.9591715931892395,0.14395657181739807,"[-0.00574680728688353, 0.9732057198179314, 0.021690618458337953, 0.005275151431583964, -0.000856007620409116]","[0.005556156964888248, 0.13864256773808586, 0.005044926440923625, 0.0023620865074529007, 0.002989382067838928]",1
ragbench_Qwen2.5-1.5B-Instruct,49,49,pubmedqa,0.5542110204696655,200,0.7263931035995483,0.1390133500099182,"[0.15607009842201391, 0.38281557392347737, 0.08356034009377539, 0.020042682089026015, 0.005532659000246553]","[0.034992215098488405, 0.07896195449478541, 0.011490863415868625, 0.004258370286605171, 0.0023710769798690025]",1
ragbench_Qwen2.5-1.5B-Instruct,50,50,covidqa,1.861539602279663,36,0.6434268951416016,0.1060304343700409,[0.45945244870704804],[0.07663734456248979],1
ragbench_Qwen2.5-1.5B-Instruct,51,51,finqa,1.0847842693328857,89,0.046661071479320526,0.049983035773038864,"[-0.01886248093198058, -0.04825776725433724, 0.13773585242376887, -0.02105772339218879, -0.0288893427571494]","[0.001706227092421961, 0.005712759962851409, 0.05924738961434077, 0.0016175772047116869, 0.0014018445296132638]",1
ragbench_Qwen2.5-1.5B-Instruct,52,52,hotpotqa,1.2793580293655396,28,1.190387487411499,0.15134957432746887,"[0.17277264261636965, 0.05382838528592921, 0.1158251662413282, 1.3021285374623923, 0.08082150893824291]","[0.025469642586277326, 0.005483500099103367, 0.00731613001551068, 0.1291471631065763, 0.015581998787248657]",1
ragbench_Qwen2.5-1.5B-Instruct,53,53,pubmedqa,0.9756109118461609,62,0.9371525049209595,0.17027513682842255,"[0.7220904551837931, -0.0008600499345448043, -0.01161065415513921, -0.0027401368758341225]","[0.11764172674444243, 0.002499008885394922, 0.003071295200939975, 0.005486762465699533]",1
ragbench_Qwen2.5-1.5B-Instruct,54,54,techqa,1.0279109477996826,200,0.07524493336677551,0.023705748841166496,"[-0.0034184663733867636, -0.014784032942457089, -0.01316326678315363, 0.0027805581744905794, -0.0063475817811377054]","[0.0045454465692427, 0.0026538324507046694, 0.003930821944618401, 0.003051642266597696, 0.0013581213404071945]",1
ragbench_Qwen2.5-1.5B-Instruct,55,55,pubmedqa,0.8217328190803528,104,1.4735842943191528,0.22094787657260895,"[0.6429967707387312, 0.01225487221760729, 0.3607912168845797, 0.006322401970954581, 0.011585460487113917]","[0.10280785366891748, 0.011820375884098575, 0.05630014186285674, 0.005643975486951656, 0.002817618774424401]",1
ragbench_Qwen2.5-1.5B-Instruct,56,56,pubmedqa,1.1629246473312378,112,1.1356457471847534,0.1677885800600052,"[0.4994344588940964, -0.05262037802774598, 0.0029209166923363583, 0.2765904850895465]","[0.06999095619266729, 0.010448619290253727, 0.012105003190409747, 0.0342819078437872]",1
ragbench_Qwen2.5-1.5B-Instruct,57,57,hotpotqa,0.8184643983840942,28,0.019412769004702568,0.06415276229381561,"[0.03402534877958325, 0.34166099481470674, 0.033533673834296805, 0.025635499349066646, 0.022024376712579397]","[0.008067443765833713, 0.06282537313841122, 0.0019301904975798883, 0.002341534028380871, 0.001523107058673645]",1
ragbench_Qwen2.5-1.5B-Instruct,58,58,hotpotqa,1.0705991983413696,21,0.1300743967294693,0.05913553759455681,"[-0.04213993099013654, -0.021842139660813182, 0.01334490642849622, -0.0689468517930003, -0.03032068273889655]","[0.008603256095176178, 0.00874606302969975, 0.018278123361791847, 0.008483797355027144, 0.014280680160438698]",1
ragbench_Qwen2.5-1.5B-Instruct,59,59,pubmedqa,1.0236444473266602,135,0.8644868731498718,0.19922757148742676,"[-0.04507985620036413, 0.1935049111546067, 0.4793169416312594, 0.24404710154491047, 0.02392803234286947]","[0.00734106375000844, 0.04372505728616253, 0.10172802216878625, 0.05316956987973703, 0.008074781581044759]",1
ragbench_Qwen2.5-1.5B-Instruct,60,60,finqa,0.6316360831260681,175,0.20162393152713776,0.04633085057139397,"[-0.007410268338776405, -0.0084368834950614, -0.002381830505781701, 0.17681714432713697, -0.011963081395063324]","[0.0007210827299661559, 0.0007644111466105739, 0.0005263141462326562, 0.033646154859443736, 0.0009466350147798559]",1
ragbench_Qwen2.5-1.5B-Instruct,61,61,pubmedqa,0.8681261539459229,90,0.7380106449127197,0.12503431737422943,"[0.5380038279389106, 0.17415978182700528, 0.07884890794896175, 0.010884945851394908]","[0.07430470272453138, 0.033777868108038296, 0.007122245876073229, 0.005877836980500936]",1
ragbench_Qwen2.5-1.5B-Instruct,62,62,pubmedqa,1.0271918773651123,200,0.5395826101303101,0.115966796875,"[0.15760163786560155, 0.3874482431988167, 0.026914073027966195, -0.02489053897679014, -0.009759479568558618]","[0.03648754490148463, 0.06146643389847107, 0.007180709308558004, 0.007214997216191517, 0.0037607291393281094]",1
ragbench_Qwen2.5-1.5B-Instruct,63,63,pubmedqa,0.9692679047584534,88,0.6357833743095398,0.1269540935754776,"[0.48209173748205103, -0.031134886059502067, 0.01673295502259655, -0.009643856518297607, 0.05456653303870822]","[0.05162691470282836, 0.009461721937423078, 0.011165142371612773, 0.033806265996096645, 0.01868939358205004]",1
ragbench_Qwen2.5-1.5B-Instruct,64,64,pubmedqa,1.0049357414245605,141,0.5933123230934143,0.11280615627765656,"[0.1655435583109704, 0.08954117269346454, 0.12197962568601634, -0.023092121643819304, -0.0005018880114130942]","[0.020256351464761516, 0.0195434615744305, 0.0160601110032963, 0.003186128364952265, 0.0024726219343453463]",1
ragbench_Qwen2.5-1.5B-Instruct,65,65,pubmedqa,0.5916499495506287,186,1.0563920736312866,0.16351895034313202,"[0.5123095522656131, -0.0013912292205867087, 0.31287185231982556, 0.25775124758539303, 0.011541401174102881]","[0.08209282201480528, 0.0032603224952113268, 0.04213192062347692, 0.033966075525974096, 0.0019425717356588742]",1
ragbench_Qwen2.5-1.5B-Instruct,66,66,pubmedqa,1.1221182346343994,115,0.5068182945251465,0.1035720631480217,"[0.015490411756326981, 0.43431235634796633, -0.03735177521230071, -0.023927168833020204, -0.019375780717819393]","[0.012772641382340341, 0.06137093977813122, 0.0035066287836334423, 0.003037483816748561, 0.004140449285127585]",1
ragbench_Qwen2.5-1.5B-Instruct,67,67,pubmedqa,1.0096203088760376,148,0.7651562094688416,0.16102534532546997,"[0.4048840354327427, 0.05522996485896055, 0.27267822225171645, 0.02532258159464535]","[0.08915024758732243, 0.021948505817881377, 0.038238218302542856, 0.005789467303981357]",1
ragbench_Qwen2.5-1.5B-Instruct,68,68,pubmedqa,0.6759324669837952,200,1.1245862245559692,0.2228584736585617,"[0.01186050797070493, 0.2731231712247245, 0.6397336846149483, 0.07235446971935744]","[0.005948365193017935, 0.040646688226387936, 0.13599183754354668, 0.011616293480172714]",1
ragbench_Qwen2.5-1.5B-Instruct,69,69,hotpotqa,0.8222789168357849,23,-0.04511011019349098,0.016090882942080498,"[0.010346029229328016, -0.009373383122099609, 0.021850864617195126, -0.01182361365665755]","[0.005909028441514554, 0.002842904232787315, 0.0013254142113065309, 0.0020967983169444065]",1
ragbench_Qwen2.5-1.5B-Instruct,70,70,finqa,0.737881600856781,95,0.42822372913360596,0.09117868542671204,"[-0.01330052708849268, -0.024215425018170016, -0.003588294024929813, 0.19543224344957993, 0.010295537882757343]","[0.005659786365066266, 0.0012638183243447992, 0.0018214583735797125, 0.0597491849658393, 0.0027279070636510774]",1
ragbench_Qwen2.5-1.5B-Instruct,71,71,techqa,1.4092656373977661,118,0.09491836279630661,0.02239018864929676,"[0.030411389819168324, 0.01514435580313949, 0.013677483757622682, -0.003415412101367688]","[0.004890460590402406, 0.003289752231526484, 0.002186651561987842, 0.0008917211592115054]",1
ragbench_Qwen2.5-1.5B-Instruct,72,72,pubmedqa,0.7916731834411621,199,0.7259076237678528,0.1416051983833313,"[0.0003531994749385801, 0.16708196400386852, 0.2373389622989863, 0.23481072546964535, 0.14023012229572304]","[0.00800398758932764, 0.04197011129323223, 0.03485262091331097, 0.04069201996331257, 0.03380969193791313]",1
ragbench_Qwen2.5-1.5B-Instruct,73,73,pubmedqa,0.8052883148193359,48,0.5471940636634827,0.08255476504564285,"[0.32010409154954306, 0.2786346166757762, 0.048296892689956884, 0.033020834457744286, 0.027661113287758592]","[0.0353257739596368, 0.013782073611958564, 0.006674813113685711, 0.001562914794041396, 0.002050970158776977]",1
ragbench_Qwen2.5-1.5B-Instruct,74,74,pubmedqa,0.9977470636367798,200,1.1552131175994873,0.18817073106765747,"[0.34254862788438456, 0.2991021013867203, 0.19904139709809443, 0.013793770762481472, 0.12017154475684493]","[0.0547760429702366, 0.05881342401180398, 0.03316736843695715, 0.008407212356170533, 0.0212326582007217]",1
ragbench_Qwen2.5-1.5B-Instruct,75,75,pubmedqa,0.6694824695587158,200,0.6835536956787109,0.13068731129169464,"[0.26582827545131865, 0.1956689093492142, 0.21375471419728825, 0.016583337510848537]","[0.05369111647117038, 0.037588039777837354, 0.03391453219969978, 0.00684294204600981]",1
ragbench_Qwen2.5-1.5B-Instruct,76,76,pubmedqa,0.6943727135658264,200,1.1302725076675415,0.1871090680360794,"[0.8547189366061844, 0.29190595072606756, -0.005579248542399568, 0.0020450822018869986, 0.00046890957384789546]","[0.1468628788491479, 0.039124001783672695, 0.0038282982127386942, 0.0032677516519695614, 0.0014616010904636135]",1
ragbench_Qwen2.5-1.5B-Instruct,77,77,techqa,1.2742594480514526,200,0.08503836393356323,0.0379883348941803,"[0.016715913317582362, -0.006939301014328976, 0.026097356592151753, -0.006169938632617686, -0.007189741518734536]","[0.003418014390580275, 0.0009647500349798577, 0.007819703168332453, 0.0026556217182373844, 0.003814602406715899]",1
ragbench_Qwen2.5-1.5B-Instruct,78,78,finqa,0.5171105861663818,142,0.20378072559833527,0.0440242663025856,"[-0.021125033273104325, 0.2061689228177694, -0.0079887710063675, -0.013663325604053606, -0.014724283664527705]","[0.0013676478975988505, 0.034600862320943636, 0.002519147035609998, 0.0005550897128457331, 0.0011043228033820686]",1
ragbench_Qwen2.5-1.5B-Instruct,79,79,pubmedqa,1.271347999572754,113,0.37929025292396545,0.06081977114081383,"[0.12571658930474905, 0.00506554180061957, 0.1021021392027766, -0.004473931498187568, 0.15692406397081754]","[0.01210338590478875, 0.003182852378705145, 0.007306860236247704, 0.001813785579147648, 0.014292265014265806]",1
ragbench_Qwen2.5-1.5B-Instruct,80,80,pubmedqa,0.6438693404197693,200,0.927823007106781,0.181925430893898,"[0.31158968009973703, 0.12797865620179777, 0.5600755069845286, 0.0007775297718268348, -0.00021745212150165117]","[0.07017564511000898, 0.03216402542311972, 0.09733707768070392, 0.0017739699643092876, 0.0016609980646612144]",1
ragbench_Qwen2.5-1.5B-Instruct,81,81,pubmedqa,0.9898462891578674,200,0.9877174496650696,0.15664318203926086,"[0.6955763439606335, 0.001960909949025904, -0.003155079880023095, 0.0020391807042324218, 0.2581638436818218]","[0.11502079395440973, 0.0035409209843551893, 0.0034190030536181706, 0.0039057556444360843, 0.03623171654925503]",1
ragbench_Qwen2.5-1.5B-Instruct,82,82,techqa,1.6123498678207397,200,0.5881012082099915,0.11161289364099503,"[0.33809845657963705, 0.01437532024164284, 0.024355709589526667, 0.0011903839957039964, 0.0013256109006078987]","[0.07513438640946901, 0.017012908743470802, 0.015685134586258018, 0.005781165433164688, 0.0031931850153654297]",1
ragbench_Qwen2.5-1.5B-Instruct,83,83,pubmedqa,0.5344363451004028,200,1.318515419960022,0.19452354311943054,"[0.6588343461319323, 0.43608384583949317, 0.01368322333158261, -0.0008504533664299174]","[0.10186371804999955, 0.08353252020729007, 0.0060568097401667575, 0.003791082396037604]",1
ragbench_Qwen2.5-1.5B-Instruct,84,84,pubmedqa,0.7151614427566528,200,0.8226560950279236,0.14791426062583923,"[0.4247501364161292, -0.006068559281249009, 0.2377460631780957, 0.14273288445956495, -0.022979743672447057]","[0.08062065014370216, 0.0109253599591095, 0.02809155339873655, 0.026604702286781502, 0.0019999866926783127]",1
ragbench_Qwen2.5-1.5B-Instruct,85,85,pubmedqa,1.1443006992340088,135,0.45844024419784546,0.07189468294382095,"[0.028038300719991742, 0.4106666756169202, 0.010343553931946829]","[0.010842535555591476, 0.05127377128674197, 0.006568376703009317]",1
ragbench_Qwen2.5-1.5B-Instruct,86,86,pubmedqa,0.7542157173156738,92,0.7274777889251709,0.12011085450649261,"[0.6868343460364733, 0.028934864933563877, 0.028522238703266607, 0.0488443063234938, 0.022000338834157883]","[0.08743655785227566, 0.0038194898521814818, 0.004351429503531179, 0.004486921352193988, 0.002913429155443821]",1
ragbench_Qwen2.5-1.5B-Instruct,87,87,finqa,1.2423628568649292,29,0.004014691337943077,0.0714571624994278,"[-0.0814972312423222, 0.0808144779745409, -0.05260323718351268, -0.03337369131547568, -0.08468150732331761]","[0.00515521083417329, 0.06551309894908187, 0.0014054545899617897, 0.0007026752595469714, 0.002904760492552229]",1
ragbench_Qwen2.5-1.5B-Instruct,88,88,finqa,0.523730993270874,44,0.2688572108745575,0.0717754065990448,"[-0.01760053325731612, -0.0044342772778236395, -0.015649006795916357, 0.30033825819167637, -0.011142132437664093]","[0.0009311992079778457, 0.0009341463059087118, 0.0009184565429175058, 0.077550997284743, 0.0012280299170881067]",1
ragbench_Qwen2.5-1.5B-Instruct,89,89,pubmedqa,0.7321085333824158,200,0.87363600730896,0.1513819545507431,"[0.534200153088982, -0.0067791389580732185, 0.13601567924911306, 0.03166289795903623, 0.11375934781593515]","[0.08295649702207061, 0.00916135266822831, 0.03253163140192359, 0.01096828914454166, 0.019589251793927998]",1
ragbench_Qwen2.5-1.5B-Instruct,90,90,pubmedqa,0.899379551410675,200,0.7637950778007507,0.1364840567111969,"[0.19998483441771783, 0.0045521293896314315, 0.1745773654725008, 0.26274204814502694, 0.02651614169095268]","[0.03659014986835267, 0.013680892030793644, 0.025214647239122846, 0.050643465731965306, 0.004709008575991369]",1
ragbench_Qwen2.5-1.5B-Instruct,91,91,pubmedqa,0.47452512383461,144,1.577562928199768,0.208041250705719,"[0.6195805200576766, 0.00581849350874819, 0.2988227428635126, 0.8922597414513151]","[0.06913443275083214, 0.005488073035968889, 0.04361433988277725, 0.11403190545391823]",1
ragbench_Qwen2.5-1.5B-Instruct,92,92,finqa,1.2870856523513794,49,0.2391497939825058,0.09966541081666946,"[-0.05382692938258756, -0.04365317400299541, 0.01743647816055254, -0.037955237147093146, 0.20717173135382874]","[0.01280566151962844, 0.008813390229181319, 0.019671143712152606, 0.020102179754794215, 0.07922096073420506]",1
ragbench_Qwen2.5-1.5B-Instruct,93,93,pubmedqa,0.6535927057266235,102,1.054756999015808,0.2238108366727829,"[0.9680149578846207, -0.044154773188088435, -0.04381391327365682, -0.004643743624798698, 0.00465056670812175]","[0.18486769649390744, 0.02326358331243546, 0.004631403638028556, 0.0060594549609974966, 0.0063278652055407565]",1
ragbench_Qwen2.5-1.5B-Instruct,94,94,techqa,1.2104030847549438,200,-0.034381356090307236,0.014584510587155819,"[0.005051282913436808, 0.008607116542348194, 0.009524237134919532, 0.020187230010369605, -0.011164483854108766]","[0.0021595215955886714, 0.001295141806765514, 0.001514011563287312, 0.002203600696784349, 0.0037635549547462687]",1
ragbench_Qwen2.5-1.5B-Instruct,95,95,pubmedqa,0.9042671918869019,82,1.2584470510482788,0.19420234858989716,"[0.6146703502664622, 0.298444054903318, 0.4549252483402597, -0.059357386014254165, -0.05057180805138936]","[0.10276162202766398, 0.05365260214275567, 0.04815531893621513, 0.007704687328233687, 0.005359669396252629]",1
ragbench_Qwen2.5-1.5B-Instruct,96,96,hotpotqa,0.7504948973655701,45,0.6260512471199036,0.11334677040576935,"[0.4815611678473134, 0.2854987921400203, 0.05505571896210313, 0.020624601198748375, 0.08383592677451411]","[0.08444768019269557, 0.0347833766366269, 0.008051586341182176, 0.007095872451767112, 0.011085822804150464]",1
ragbench_Qwen2.5-1.5B-Instruct,97,97,pubmedqa,1.016473412513733,200,1.0368276834487915,0.14281179010868073,"[0.19165085240908128, 0.23241192596791563, 0.3549500211588014, 0.16937723478977829]","[0.037573151734814875, 0.028344599775392706, 0.042314625957531396, 0.030000683594651852]",1
ragbench_Qwen2.5-1.5B-Instruct,98,98,delucionqa,0.7311680912971497,166,1.6943175792694092,0.2525942325592041,"[-0.008668214812488773, -0.021854253105082162, 0.3372322198053761, 0.46555485919741907, -0.0025314317778015335]","[0.010292737622605783, 0.0056426032713660455, 0.05121098134993329, 0.05174001296111109, 0.003244277439709223]",1
ragbench_Qwen2.5-1.5B-Instruct,99,99,techqa,0.9424417614936829,200,0.07536415755748749,0.035613104701042175,"[0.07364785786727567, -0.014292712464961142, -0.006039510153513561, -0.008196087095479926, -0.00903584659526075]","[0.017416747854673672, 0.0030370890391827744, 0.001587403243862866, 0.0012709287763881605, 0.005557096471079035]",1
ragbench_Qwen2.5-1.5B-Instruct,100,100,pubmedqa,1.3808119297027588,85,0.37126657366752625,0.11550084501504898,"[0.14423430938511636, 0.015215461595011328, -0.007820088361383088, 0.006703718561552437, 0.00378970343282323]","[0.03269945396081853, 0.009959240939632337, 0.004692843783918226, 0.014508362281389964, 0.0026138333841171355]",1
ragbench_Qwen2.5-1.5B-Instruct,101,101,pubmedqa,0.8395525217056274,86,0.8770983219146729,0.1759430319070816,"[-0.050955486467003985, -0.07287957830834954, 0.7628258002315877, -0.043451465636767245]","[0.005048180086129878, 0.010820539853115695, 0.1346689875758295, 0.006369305559094287]",1
ragbench_Qwen2.5-1.5B-Instruct,102,102,pubmedqa,0.727367639541626,132,1.354832410812378,0.1972728669643402,"[0.6925256221196846, 0.40719195637675976, 0.38994352773568586, 0.03134630804018974, 0.04987930284751528]","[0.08960177312020833, 0.07630357232286077, 0.04990439911294126, 0.004050649825521765, 0.004087222598775694]",1
ragbench_Qwen2.5-1.5B-Instruct,103,103,techqa,0.7745729684829712,55,0.05434704199433327,0.03347233310341835,"[0.007856287786985789, 0.008582348195026995, -0.013626749841370673, 0.013383095091541525, 0.02491372327382454]","[0.002616290060162059, 0.0015681096465124773, 0.01617497408983168, 0.00843560244539028, 0.003522807235754044]",1
ragbench_Qwen2.5-1.5B-Instruct,104,104,pubmedqa,0.7724527716636658,135,0.7647983431816101,0.11716370284557343,"[0.08119508561466217, 0.22123170194226144, 0.03567042461034665, 0.2736546004675785, 0.0002464616794272674]","[0.022382753261428242, 0.017979504440144203, 0.005765837326071713, 0.042363221769636646, 0.0055802297142991866]",1
ragbench_Qwen2.5-1.5B-Instruct,105,105,pubmedqa,0.9012959003448486,94,1.2113087177276611,0.22030040621757507,"[-0.008258622529246303, -0.014448493502254195, -0.020091332263039843, 1.2319524979363083, -0.039888350561592775]","[0.00490561542960692, 0.0021860202747416044, 0.005288575174524474, 0.19396910298258443, 0.005787730813870952]",1
ragbench_Qwen2.5-1.5B-Instruct,106,106,pubmedqa,1.2059273719787598,155,0.4463217556476593,0.09529706090688705,"[0.07510428531597514, 0.03523764048704064, -0.018516604065466194, 0.2314443332947433, -0.006009896596688782]","[0.038161962509587415, 0.01003885722825498, 0.015901575815039638, 0.02608365470809257, 0.004742323757043854]",1
ragbench_Qwen2.5-1.5B-Instruct,107,107,techqa,1.0404260158538818,200,0.0215366892516613,0.011815072037279606,"[0.0033328956938521513, 0.0018229184245092255, 0.00039719019492622464, -0.001987987516872636, 0.0060936005789972115]","[0.002277791974114365, 0.0002921208163428446, 0.0004807471306818911, 0.00038784779806306347, 0.0007512541061866784]",1
ragbench_Qwen2.5-1.5B-Instruct,108,108,pubmedqa,1.1809347867965698,45,0.7883244752883911,0.15029457211494446,"[0.7302228538234986, 0.04200260465711633, 0.0757865424136172]","[0.12092369846759034, 0.006159472557208624, 0.009134949373166517]",1
ragbench_Qwen2.5-1.5B-Instruct,109,109,pubmedqa,0.7831246256828308,200,1.203211784362793,0.1638527661561966,"[0.6292779228569634, 0.28228188882547445, 0.2601904143614286, 0.09235330865954211, 0.11756405413765152]","[0.07713988691305758, 0.04364800891986121, 0.03640842833078978, 0.012429342774875493, 0.012663898326793798]",1
ragbench_Qwen2.5-1.5B-Instruct,110,110,delucionqa,0.8829831480979919,76,2.1905250549316406,0.2892864942550659,"[1.2222995862135384, 0.20439134462733483, 0.009576222437556825, 0.026893063484940763, 0.008111136298794008]","[0.17857207859167315, 0.029212744624850392, 0.0054285245850146085, 0.0033291961413452796, 0.003360876785253565]",1
ragbench_Qwen2.5-1.5B-Instruct,111,111,finqa,0.5336569547653198,136,0.38644713163375854,0.07192235440015793,"[0.0849190934359887, 0.15676762486372595, -0.003132315859689323, -0.012602961493565304, -0.005063570103449338]","[0.018884351696013702, 0.0246639848295198, 0.0034088228641689466, 0.0004871410828942778, 0.000961352972570286]",1
ragbench_Qwen2.5-1.5B-Instruct,112,112,pubmedqa,0.5263185501098633,122,0.75063556432724,0.12786924839019775,"[0.029474336608696743, 0.5494734863246687, 0.02659564359850056, 0.2669864854111945, 0.00583134919765382]","[0.0037343443733184396, 0.06155363890008227, 0.0021608501732525392, 0.06346319139801368, 0.004347524307720095]",1
ragbench_Qwen2.5-1.5B-Instruct,113,113,pubmedqa,0.6036202907562256,200,0.7131274938583374,0.13004007935523987,"[0.06871978996372469, 0.521086408955816, 0.2280203984491786, -0.017347958226264913]","[0.01984787499867073, 0.08867097350227594, 0.032038676389150984, 0.0031895930801142036]",1
ragbench_Qwen2.5-1.5B-Instruct,114,114,pubmedqa,0.9452536702156067,200,0.7611952424049377,0.12286853790283203,"[0.3497439777070923, 0.2680738716120635, 0.006140780998576929, 0.004892442452382681]","[0.05168182127369367, 0.0428361268003755, 0.006066560235514693, 0.0029192283527662254]",1
ragbench_Qwen2.5-1.5B-Instruct,115,115,pubmedqa,1.0236976146697998,179,0.6612868905067444,0.1323891282081604,"[0.01640566287883125, 0.5273527042632881, -0.017734621737908223, 0.0195416605233706]","[0.012925918841773886, 0.10789933058546808, 0.0069607476379959935, 0.0036757878592427093]",1
ragbench_Qwen2.5-1.5B-Instruct,116,116,finqa,0.7709963321685791,189,0.4407344460487366,0.10058345645666122,"[0.2529417089122011, -0.0010605345926191024, 0.11038812723771155, -0.013103326978192921, -0.004573163766537387]","[0.055692159429091954, 0.0060384477733167186, 0.0190078969761332, 0.0008809656792472817, 0.0005662702934746905]",1
ragbench_Qwen2.5-1.5B-Instruct,117,117,pubmedqa,1.2605246305465698,113,0.6039668321609497,0.0967126339673996,"[0.10126785912343138, 0.046264198189242337, 0.030814045445327568, 0.13646036169317827, 0.0642182364074395]","[0.027126850992006606, 0.016929327130515853, 0.005027021995756961, 0.02482396199417029, 0.007958572880090843]",1
ragbench_Qwen2.5-1.5B-Instruct,118,118,techqa,0.8637632727622986,56,0.01451830379664898,0.03393600136041641,"[-0.020621746480791053, -0.062066947745506695, -0.008213193727296389, -0.010883354547169282]","[0.006754958168750237, 0.021842116822323225, 0.0007649644723264666, 0.004358575028987843]",1
ragbench_Qwen2.5-1.5B-Instruct,119,119,pubmedqa,1.1518259048461914,200,0.8270674347877502,0.13601934909820557,"[0.18612638812432578, 0.2731486966423154, 0.46894523187392223, 0.0015255544710339563, -0.014218624748946241]","[0.0375976076640859, 0.035088635501987826, 0.0677084374737013, 0.004436782363277132, 0.004640131742559958]",1
ragbench_Qwen2.5-1.5B-Instruct,120,120,covidqa,0.8318000435829163,68,0.871917188167572,0.17729589343070984,"[0.010418418410073868, 0.8343102925791754, 0.008992653638602754, 0.024790029215022085]","[0.003991602454813487, 0.14421445277252373, 0.003224921809461989, 0.004312541121083434]",1
ragbench_Qwen2.5-1.5B-Instruct,121,121,pubmedqa,0.5843412280082703,200,1.1004871129989624,0.15740972757339478,"[0.03646398254653377, 0.2930451264440148, 0.09632061898089148, 0.7478580710934577]","[0.01195486858673128, 0.042802771986488325, 0.017942051284867196, 0.10366369005595728]",1
ragbench_Qwen2.5-1.5B-Instruct,122,122,pubmedqa,0.6973488330841064,200,0.85011887550354,0.15781258046627045,"[0.47915018390407454, 0.15429778334748676, 0.3173954156354256]","[0.08704331927012056, 0.03566594483378533, 0.044307110077749616]",1
ragbench_Qwen2.5-1.5B-Instruct,123,123,covidqa,1.1758068799972534,123,2.166325092315674,0.27351948618888855,"[0.03824133312726123, 0.3378931161437137, -0.06804758906030182, 0.606259152711033, 1.097814530995352]","[0.011491474477989828, 0.05136577797653524, 0.00915666748188845, 0.0826256791879943, 0.12017814663996304]",1
ragbench_Qwen2.5-1.5B-Instruct,124,124,pubmedqa,0.8168482780456543,200,1.302186131477356,0.19519968330860138,"[0.7146815935412928, -0.02140419003499499, 0.367822781636699, 0.001011773449930331, 0.2683296544929999]","[0.11005564872909716, 0.005107444069421589, 0.043545396633303285, 0.006275866861651007, 0.03711695782849055]",1
ragbench_Qwen2.5-1.5B-Instruct,125,125,pubmedqa,0.8661746382713318,200,1.2343016862869263,0.16288059949874878,"[0.17179282315236832, 0.2754831439813904, 0.6193773918749775, 0.18806670191958574, -0.021880643296988182]","[0.021647520576538282, 0.03902808828635742, 0.0791749783139123, 0.02963966229694435, 0.0016417349707517558]",1
ragbench_Qwen2.5-1.5B-Instruct,126,126,pubmedqa,1.1775007247924805,97,0.6689597964286804,0.0987328365445137,"[0.13265697810107813, 0.20905119612840437, 0.19987704086352168, 0.07901479898121347, 0.009190640355031457]","[0.018698536125830154, 0.03296727901043759, 0.025792824651412367, 0.017810573531712733, 0.0025480447993085874]",1
ragbench_Qwen2.5-1.5B-Instruct,127,127,pubmedqa,0.96848464012146,200,0.5491856932640076,0.11931516975164413,"[0.212136152007931, 0.005016990010857967, 0.1361086860848843, 0.19491036107316745, 0.02190829204373017]","[0.04578902066127281, 0.01296018267640017, 0.017634992888761757, 0.026204446468737395, 0.011039238757057425]",1
ragbench_Qwen2.5-1.5B-Instruct,128,128,covidqa,0.5276533961296082,24,0.6697412133216858,0.14312846958637238,"[0.012087397412869905, -0.03886484583138857, 0.1424372154010598, -0.04678125561622437]","[0.0051832747344443915, 0.001087286100978228, 0.015653538083322854, 0.013158907046508498]",1
ragbench_Qwen2.5-1.5B-Instruct,129,129,techqa,1.2584114074707031,200,-0.02629169449210167,0.011356314644217491,"[0.008226341884865178, 0.01070341363004104, 0.011521344901416342, 0.011871325100235025, -0.012742232774156719]","[0.0018636520609030783, 0.0009878506777891971, 0.0007927731480880596, 0.0014076467503734591, 0.004165809618703271]",1
ragbench_Qwen2.5-1.5B-Instruct,130,130,pubmedqa,0.7447913885116577,200,1.0690463781356812,0.17035233974456787,"[0.2734256344690689, 0.7818236947654291, 0.11196595993291027, 0.10340782254327507, 0.014623767621444302]","[0.0379518353265718, 0.12077784606067406, 0.018429010305085328, 0.013979493100239538, 0.003047110955453407]",1
ragbench_Qwen2.5-1.5B-Instruct,131,131,pubmedqa,0.5619157552719116,99,0.9449278712272644,0.14906643331050873,"[0.8970953972521356, 0.334154295743174, -0.01155161513832175, 0.01122024600154377, 0.00906717155985668]","[0.1291838283359101, 0.030279329161241316, 0.0021092389337414403, 0.0018561805721554316, 0.0015466256228941057]",1
ragbench_Qwen2.5-1.5B-Instruct,132,132,techqa,1.402408242225647,200,0.021044885739684105,0.04208368808031082,"[-0.02543417666356845, -0.03818667025117975, -0.045896566258263646, -0.027638450917190766, -0.024093677862679214]","[0.008379579508797192, 0.016971682457311347, 0.0033775380477042917, 0.004138411228844063, 0.00298872015321173]",1
ragbench_Qwen2.5-1.5B-Instruct,133,133,techqa,1.100682020187378,200,0.7123546004295349,0.1397472620010376,"[0.20975070785128083, 0.10429494099108524, -0.01832292877903001, 0.0059935022697573, -0.0041666267936261644]","[0.04480485213556989, 0.04592249997539426, 0.00870005271202757, 0.007203341479795, 0.007341029378179229]",1
ragbench_Qwen2.5-1.5B-Instruct,134,134,pubmedqa,0.4448489546775818,199,1.5046552419662476,0.23760350048542023,"[0.3564502363701535, 0.006943971229154145, 0.42047459596333786, 0.8831166404762769]","[0.0532438838783892, 0.004400210348952123, 0.06579059798101594, 0.13101213506587386]",1
ragbench_Qwen2.5-1.5B-Instruct,135,135,pubmedqa,1.1767535209655762,84,0.6000679135322571,0.12009180337190628,"[-0.04887897719239239, 0.15015408011833556, 0.017862447831876557, 0.4215704447779206, -0.002440495349934021]","[0.014136158216945745, 0.017160014496064878, 0.002236079992367005, 0.06722218320783686, 0.004833516480343427]",1
ragbench_Qwen2.5-1.5B-Instruct,136,136,finqa,1.628805160522461,26,-0.10026800632476807,0.04212518781423569,"[-0.038633263387824766, -0.05620269257745419, -0.06892223302901794, -0.11515180196819039]","[0.0035200226097563594, 0.0027911036008670355, 0.023704330131854825, 0.01948536045365647]",1
ragbench_Qwen2.5-1.5B-Instruct,137,137,pubmedqa,0.9055795669555664,37,0.6944414377212524,0.15114416182041168,"[0.6209334599776855, -0.010658128178063733, -0.008610440475987727, -0.010871884312429166]","[0.14695682911386374, 0.003713245948798996, 0.0015596134516995504, 0.0007664044755055417]",1
ragbench_Qwen2.5-1.5B-Instruct,138,138,finqa,0.6949672102928162,181,0.17253760993480682,0.055448658764362335,"[-0.004165344441907164, 0.18086129613447813, -0.0008866862154512529, 0.0028561785508566307, 0.00845469281247566]","[0.0006206720963262553, 0.04512548857967014, 0.0005904921177367548, 0.0007114716358070149, 0.0008755154630592047]",1
ragbench_Qwen2.5-1.5B-Instruct,139,139,pubmedqa,1.327625036239624,84,0.45234575867652893,0.08137843757867813,"[0.1235114294005939, 0.23116322068549217, 0.019514082124526936, -0.006439153271944606]","[0.023343916457566394, 0.026680082927448258, 0.012279484354507774, 0.004231214463929579]",1
ragbench_Qwen2.5-1.5B-Instruct,140,140,pubmedqa,0.5406734347343445,200,0.9631965756416321,0.17700517177581787,"[0.6126420430672215, 0.15700363209275678, 0.2693626172378072, 0.006363291349763926, -0.009375631524070513]","[0.11169474962073579, 0.03634185894376706, 0.04030092282573957, 0.003297073340312835, 0.0046861172884258015]",1
ragbench_Qwen2.5-1.5B-Instruct,141,141,techqa,0.7275850176811218,200,0.03283140808343887,0.014025765471160412,"[-0.023046128667065204, 0.008455619569972442, 0.0024726373691987646, 0.0005745426790826968, -0.004447228353897117]","[0.002826972330827857, 0.0023225934964274586, 0.001980057790199794, 0.000992763005258439, 0.0012840936002695002]",1
ragbench_Qwen2.5-1.5B-Instruct,142,142,pubmedqa,0.7166635990142822,150,0.8680348992347717,0.17941805720329285,"[0.45046303720230374, 0.5242554272651857, 0.00915605514995074, -0.0017218685406419354]","[0.08147968946064826, 0.098661198090176, 0.0025076426791097125, 0.0020480839723572802]",1
ragbench_Qwen2.5-1.5B-Instruct,143,143,finqa,0.5501403212547302,200,0.17681851983070374,0.04750659316778183,"[0.22619386507554737, -0.013697122407229471, -0.011192657449300895, -0.014356378356851565, -0.011293246363252366]","[0.04815009562783217, 0.0005989547458527512, 0.000988432024355319, 0.0012033439905087561, 0.0006133393593844972]",1
ragbench_Qwen2.5-1.5B-Instruct,144,144,pubmedqa,0.6185255646705627,200,0.9377226233482361,0.16538067162036896,"[0.5662366747859573, 0.14249580734654954, 0.23526890462780103]","[0.09619067749201168, 0.027832449286777104, 0.0375750826006141]",1
ragbench_Qwen2.5-1.5B-Instruct,145,145,pubmedqa,1.475032925605774,79,0.47921809554100037,0.08736686408519745,"[0.24422768873515865, 0.018365290156527662, 0.016890661696701892, 0.016230080715771852, 0.2477625091416508]","[0.041647138482599246, 0.018316378472737205, 0.011595161695468021, 0.007015739609117067, 0.025483277125488257]",1
ragbench_Qwen2.5-1.5B-Instruct,146,146,finqa,0.882625162601471,74,0.41766494512557983,0.09727000445127487,"[0.3855194518471615, 0.06018547107924934, 0.05202287575937933, 0.06301994268810754, 0.057959945952658215]","[0.08428057130741591, 0.00716597052574626, 0.007764649006749342, 0.008056957659833316, 0.013423211677395802]",1
ragbench_Qwen2.5-1.5B-Instruct,147,147,pubmedqa,0.7770939469337463,200,0.8268736004829407,0.174260675907135,"[0.22456879623676396, 0.22905022911762501, 0.08991809813284704, 0.07601515403647909, 0.23580457547608433]","[0.04480342046983983, 0.039745592187581245, 0.03586302547212952, 0.02298280354542009, 0.033169005175311614]",1
ragbench_Qwen2.5-1.5B-Instruct,148,148,pubmedqa,0.7849544882774353,134,0.4699424207210541,0.10300983488559723,"[0.24154993468056762, 0.04661169196608706, 0.021281339758224473, 0.0015622451538248826, -0.016116858393545194]","[0.04274776538030949, 0.030466763455804305, 0.004246003009689435, 0.00215081657524571, 0.0032415286507264944]",1
ragbench_Qwen2.5-1.5B-Instruct,149,149,covidqa,0.6065501570701599,85,2.437680721282959,0.3080717623233795,"[0.04461670055506522, 0.6371490932439509, 0.04327301653634897, 0.398232654452573, -0.002910114366450751]","[0.004498622360747905, 0.09000204471153933, 0.006429531605977659, 0.052307353324303064, 0.0005604035785475336]",1
ragbench_Qwen2.5-1.5B-Instruct,150,150,finqa,1.471467137336731,25,-0.017824476584792137,0.09533806890249252,"[0.1110811989591457, 0.04949249228229746, 0.03083086828701198, 0.019961078907363115, 0.0015031187096610666]","[0.06851985855522798, 0.003864428007182141, 0.002657620030531689, 0.001644603688364441, 0.00150979658770666]",1
ragbench_Qwen2.5-1.5B-Instruct,151,151,pubmedqa,0.9826069474220276,200,0.7163465023040771,0.13150513172149658,"[0.028453959846294053, 0.4719582577814663, -0.017788473685027954, 0.16434245499870456, 0.007288140382029269]","[0.009531445792087574, 0.08673104375492471, 0.010376933985612737, 0.034130386349856344, 0.004639086534747765]",1
ragbench_Qwen2.5-1.5B-Instruct,152,152,pubmedqa,0.8969119787216187,200,0.9068003296852112,0.1486310511827469,"[0.19887678166618059, 0.5896268123078068, 0.06616019395722787, -0.02136729680729047, -0.007934883758589422]","[0.06011398590949764, 0.08722088550833512, 0.005143173544155104, 0.0030960135774242125, 0.002549325915234917]",1
ragbench_Qwen2.5-1.5B-Instruct,153,153,pubmedqa,0.732926607131958,200,1.3583614826202393,0.2060350477695465,"[0.6765075453214422, 0.6663632565375747, 0.01608116163676641, 0.01470147242601115]","[0.1032498809953745, 0.09882143042855664, 0.005484805378157063, 0.0046177167651508455]",1
ragbench_Qwen2.5-1.5B-Instruct,154,154,techqa,1.1571649312973022,200,0.7568809390068054,0.1259966641664505,"[-0.03908724716040524, 0.21385457432808835, 0.06506181107895827, 0.21080485538536778, -0.014184438419979415]","[0.010895988984699442, 0.022848759922949283, 0.016674642292553016, 0.046380323206711295, 0.002466981267564279]",1
ragbench_Qwen2.5-1.5B-Instruct,155,155,finqa,0.7194513082504272,67,0.23631766438484192,0.09404458105564117,"[0.008966857519674283, 0.05597191257987364, 0.27425037529592916, 0.007895983733543466, -0.000151488999230722]","[0.0043044230019133, 0.018731813809300044, 0.08333171337682825, 0.003296628975500534, 0.0021223396224198028]",1
ragbench_Qwen2.5-1.5B-Instruct,156,156,pubmedqa,1.39113187789917,93,0.5085920691490173,0.1338261067867279,"[0.011714282059328588, 0.4117465019445918, 0.035146197878089216, 0.02650588637989522, 0.017692174017347205]","[0.03521559761113059, 0.05865613295678016, 0.016927734405002684, 0.004757152374572088, 0.0038596405703089894]",1
ragbench_Qwen2.5-1.5B-Instruct,157,157,pubmedqa,0.7860453128814697,134,1.2755680084228516,0.1922866553068161,"[0.5567399401161989, 0.3281803409098309, 0.24884133411357123, 0.5499515180960785]","[0.08661524549456016, 0.06164029990687755, 0.036430472801238546, 0.06960875976017729]",1
ragbench_Qwen2.5-1.5B-Instruct,158,158,covidqa,1.0292850732803345,18,-0.10449010878801346,0.10752555727958679,"[0.331232749024985, -0.021182484325619397, -0.007921020574586792, 0.05505180276074068, -0.000351653066698216]","[0.08700548971582833, 0.0012692793065159297, 0.0013937549005460267, 0.0014759634246609545, 0.0017263196172905282]",1
ragbench_Qwen2.5-1.5B-Instruct,159,159,pubmedqa,0.707888126373291,200,0.44957730174064636,0.09956249594688416,"[0.10982438759882542, 0.18011340546924073, 0.12383104119911266, 0.005367210630937791, -0.010289690070625994]","[0.031379475547189166, 0.021427701863214903, 0.0287567609928265, 0.0033707371738359447, 0.0035026189120634043]",1
ragbench_Qwen2.5-1.5B-Instruct,160,160,pubmedqa,0.7643736004829407,200,1.1974910497665405,0.19104711711406708,"[0.25519035081815444, 0.4043621196052936, 0.5451479921464124, -0.005212454312400041]","[0.03927755446253421, 0.06505514610149418, 0.08774143750738965, 0.0042731313206572355]",1
ragbench_Qwen2.5-1.5B-Instruct,161,161,pubmedqa,0.6266624927520752,117,0.6742786765098572,0.14832143485546112,"[-0.03453158325266921, 0.37265288088629417, 0.22042979245222738, -0.03316929466839214, -0.025330481203193495]","[0.006899299749507086, 0.07619919669593467, 0.03311751687186919, 0.004613978682189255, 0.002243959695269406]",1
ragbench_Qwen2.5-1.5B-Instruct,162,162,covidqa,1.0905715227127075,46,0.9794910550117493,0.11310649663209915,"[0.02326199086794235, -0.01977220556237507, 0.0002796951801270631, -0.01254636499541685, 0.9603111026248687]","[0.0020552431539193135, 0.002415332264213841, 0.0009736223074597823, 0.0010041910116332592, 0.09437684764875189]",1
ragbench_Qwen2.5-1.5B-Instruct,163,163,techqa,1.1536890268325806,195,0.03669464588165283,0.020577533170580864,"[-0.010206000469308772, -0.00931833747897774, -0.019621462173071428, -0.0037808746535283252, -0.006835280159924505]","[0.0031552160192035946, 0.0008470710773152836, 0.005910953312524306, 0.002955339263040931, 0.001313596561069575]",1
ragbench_Qwen2.5-1.5B-Instruct,164,164,pubmedqa,0.6430032253265381,200,0.8409125804901123,0.15682049095630646,"[-0.010441554730429204, 0.09079341125068736, 0.5860923090091404, 0.01338293955363099, -0.0004235798302670446]","[0.005897976112096685, 0.013683138358026507, 0.11781526186319585, 0.0034286045066155425, 0.0015741926359584557]",1
ragbench_Qwen2.5-1.5B-Instruct,165,165,pubmedqa,0.8592885732650757,115,0.31259384751319885,0.07143646478652954,"[0.29058213991502074, -0.020291761192376488, -0.0038939529412079102, -0.015953810645639707]","[0.06060516014660209, 0.005479279803066044, 0.008239220326124142, 0.0038157589186409804]",1
ragbench_Qwen2.5-1.5B-Instruct,166,166,pubmedqa,0.9077246785163879,200,1.0688518285751343,0.1765098124742508,"[0.5661975730568293, 0.5030791617983777, 0.0794443459719173, 0.0014857822908970774, 0.0037511286194808237]","[0.08795004889175687, 0.0779007295045389, 0.014002890211723127, 0.002246568204561896, 0.0034019968785103318]",1
ragbench_Qwen2.5-1.5B-Instruct,167,167,finqa,0.4161885976791382,82,0.410603404045105,0.09517994523048401,"[-0.0033410856559751155, -0.005572085403838817, 0.5100974445684953, 0.009030882320336409, 0.011117703363724347]","[0.0034924878338870604, 0.0019788653354682103, 0.09048384794267463, 0.0002525724977221613, 0.00034520382141293076]",1
ragbench_Qwen2.5-1.5B-Instruct,168,168,pubmedqa,0.9048358798027039,200,1.1794099807739258,0.17993350327014923,"[0.08702899774525179, 1.0676487762865066, -0.04403943235294974, 0.00047572720514665434]","[0.030775253486639908, 0.1322912811226696, 0.006600496974081347, 0.005912349963168282]",1
ragbench_Qwen2.5-1.5B-Instruct,169,169,techqa,1.0015156269073486,200,0.04835135117173195,0.009779024869203568,"[-0.018513660712055752, -0.02163242976300353, 0.009746991991191863, -0.010681388382404294, -0.02048438926086874]","[0.003422470837705305, 0.002010230138924669, 0.002694074027479587, 0.0042129234568086815, 0.0031908206161759267]",1
ragbench_Qwen2.5-1.5B-Instruct,170,170,pubmedqa,1.110809087753296,51,0.0849260464310646,0.06045238673686981,"[-0.03808798253600139, -0.03814848657612838, 0.007800579400710002, 0.02153421932334644]","[0.010690646106227445, 0.003292811848123789, 0.0036598926175123976, 0.0035211735964376023]",1
ragbench_Qwen2.5-1.5B-Instruct,171,171,techqa,0.6459959149360657,141,1.3596563339233398,0.20669926702976227,"[1.2149080670267347, 0.019461202522471462, 0.03872516870014387, 0.02067839111545422, 0.021771302865343723]","[0.19108566936667956, 0.00416610149706438, 0.005788152020359899, 0.0032149307393008974, 0.002611472025615248]",1
ragbench_Qwen2.5-1.5B-Instruct,172,172,pubmedqa,0.6896743774414062,106,0.7656521797180176,0.10045605897903442,"[0.37556519396729415, 0.23387303504324672, 0.03466952227199291, 0.02506536283811897, -0.004566515636115821]","[0.054895053792736376, 0.040324527447348116, 0.004188696572228993, 0.002429290717675964, 0.0020644130075898664]",1
ragbench_Qwen2.5-1.5B-Instruct,173,173,pubmedqa,0.7085728645324707,200,0.9705395698547363,0.16891533136367798,"[0.5977450015567343, -0.007235557683940357, 0.1726028125247956, 0.1616487355303468, 0.14195134252340352]","[0.07350465134795396, 0.007636038672676211, 0.02551303486706175, 0.02332000736584149, 0.025267700826746273]",1
ragbench_Qwen2.5-1.5B-Instruct,174,174,pubmedqa,0.7158492803573608,194,0.6523340344429016,0.10310044884681702,"[0.5073238698255421, 0.17729051695108466, 0.011321783986374774, 0.00012178452617953572, -0.01274040141504927]","[0.07681526238431813, 0.026982273030789372, 0.004813843839469536, 0.0036075595145627507, 0.0023143322720363254]",1
ragbench_Qwen2.5-1.5B-Instruct,175,175,pubmedqa,0.8983393907546997,200,0.9965881109237671,0.15972524881362915,"[0.335638263641099, 0.37968516924792084, 0.32500721216786815, -0.00641313028034233]","[0.061723754504812975, 0.055224511650190634, 0.04200131145089827, 0.0033932204720017014]",1
ragbench_Qwen2.5-1.5B-Instruct,176,176,techqa,1.1849462985992432,200,0.38645830750465393,0.07253330200910568,"[-0.007230642676543084, 0.03399468705007962, 0.34784523830447256, -0.0288904266948839, -0.00047597210821493264]","[0.003848817908317699, 0.007268255437604303, 0.04988208624017016, 0.007871083574404381, 0.003333226798971509]",1
ragbench_Qwen2.5-1.5B-Instruct,177,177,pubmedqa,0.9737913608551025,174,1.6003656387329102,0.22852349281311035,"[0.4333254547012143, 0.8574552951504929, 0.3981046291645694, -0.011105780640744358, -0.015877762405418105]","[0.07329730807364948, 0.10510839669705552, 0.05725728388725846, 0.0024094355587435277, 0.002221309398767044]",1
ragbench_Qwen2.5-1.5B-Instruct,178,178,pubmedqa,0.9259437918663025,92,0.6291164755821228,0.11923865973949432,"[0.03216254238138746, -0.02169308565574916, 0.5760969782101746, -0.01978961545648872, -0.026919840435460213]","[0.01809756671216001, 0.010637958587957116, 0.08053157900906063, 0.0034211490603380944, 0.002460014176917508]",1
ragbench_Qwen2.5-1.5B-Instruct,179,179,pubmedqa,0.8269636034965515,200,1.2749547958374023,0.2284209430217743,"[0.4145388532641323, 0.7441360717234465, 0.19802092671166066, -0.004241427831358351, 0.005278109129503719]","[0.06667995508579395, 0.13950524210690987, 0.02990688059232909, 0.002875829793090645, 0.002565306101990856]",1
ragbench_Qwen2.5-1.5B-Instruct,180,180,pubmedqa,0.733417272567749,200,0.5352367162704468,0.12347313016653061,"[0.24075714987527846, 0.3042190100624782, 0.005098264569314637, 0.019990582394276403, 0.01160927823365185]","[0.045273192021566544, 0.06633698470583335, 0.005783467314609041, 0.0044324822609884155, 0.0053143391746988036]",1
ragbench_Qwen2.5-1.5B-Instruct,181,181,techqa,1.0684170722961426,200,0.11559157073497772,0.026910515502095222,"[0.016439662074094485, -0.015083767200644615, 0.0026937496499658663, 0.014109981292563134, 0.0023955888506986866]","[0.003326192558200276, 0.002428464293477646, 0.002491293874952163, 0.007422450931475311, 0.0032160029995503335]",1
ragbench_Qwen2.5-1.5B-Instruct,182,182,pubmedqa,1.0302598476409912,200,1.1891932487487793,0.1582668572664261,"[0.45278437044951714, 0.20332054771998628, 0.470373299854391, -0.019935007526992194, -0.013828776902637402]","[0.06593721726263993, 0.030138721265263582, 0.05744551482333975, 0.004632445611192963, 0.002430761040412861]",1
ragbench_Qwen2.5-1.5B-Instruct,183,183,pubmedqa,0.7198578119277954,139,0.6946961283683777,0.13637956976890564,"[0.5416395653982814, -0.003867145199118038, -0.03612741553799363, 0.14612884669381432]","[0.0863758205738047, 0.008237633916475952, 0.004247460846845598, 0.038215042014214766]",1
ragbench_Qwen2.5-1.5B-Instruct,184,184,pubmedqa,0.8211034536361694,200,1.11076021194458,0.18462611734867096,"[0.36235878500512625, 0.3668956683580018, 0.005274763844527115, 0.4679636901099366, 0.009365409517031367]","[0.05637467266686144, 0.05459201778247319, 0.010190508251828163, 0.06919451580623132, 0.004509279477558578]",1
ragbench_Qwen2.5-1.5B-Instruct,185,185,pubmedqa,0.9245927929878235,125,1.6132224798202515,0.2083575576543808,"[0.6183838406538507, 0.19845650212200963, 0.031208980061072908, 0.36827856589941055, -0.04499528144875671]","[0.10092013727159634, 0.034252449325653855, 0.007169609072581352, 0.05218253698578701, 0.018029637208221004]",1
ragbench_Qwen2.5-1.5B-Instruct,186,186,pubmedqa,1.3505154848098755,200,0.4183679223060608,0.0989719033241272,"[0.051524302802632746, 0.09820250705142257, 0.11937479719431508, -0.047641550592237535]","[0.03279524497115702, 0.018451140618429493, 0.027032108902592285, 0.005460749597647663]",1
ragbench_Qwen2.5-1.5B-Instruct,187,187,pubmedqa,1.2142045497894287,66,0.6098133325576782,0.13849405944347382,"[0.5046400892184245, 0.1665866887633456, 0.3473352828186211, 0.02575838567190658]","[0.09301585904794399, 0.012070538535882943, 0.028710271650356157, 0.017083316283595086]",1
ragbench_Qwen2.5-1.5B-Instruct,188,188,pubmedqa,1.0096666812896729,107,0.9807358980178833,0.1352708786725998,"[0.010503283627224497, 0.8712665530641223, -0.021300295883953945]","[0.018143529803931427, 0.10378931037351993, 0.004327131802008629]",1
ragbench_Qwen2.5-1.5B-Instruct,189,189,techqa,1.6201177835464478,200,0.17733794450759888,0.05153056979179382,"[0.06115025547701862, -0.016070498069966563, 0.001140985903539331, -0.027609819783683633, 0.006380827201610373]","[0.015479491518597115, 0.02302244325073467, 0.008016732095655144, 0.003281672632300392, 0.00299915034753063]",1
ragbench_Qwen2.5-1.5B-Instruct,190,190,pubmedqa,0.7701486945152283,200,1.0009369850158691,0.18180465698242188,"[0.43720915085823747, 0.3419059994953582, -0.02348129729367752, 0.3563451638551548]","[0.08679149937204839, 0.054455092774939075, 0.006609427472347649, 0.055109254152777606]",1
ragbench_Qwen2.5-1.5B-Instruct,191,191,pubmedqa,1.299989938735962,200,0.9477462768554688,0.16148562729358673,"[0.24863364515453212, 0.5973454388025584, 0.18277519543496054]","[0.04930981363625108, 0.09173867857173267, 0.03515632295720248]",1
ragbench_Qwen2.5-1.5B-Instruct,192,192,hotpotqa,1.8285300731658936,13,-0.20104193687438965,0.06751430779695511,"[0.08332821973062192, 0.008675853556129508, -0.013097839875487037, -0.025632833988101292]","[0.016449979248556283, 0.008032843788476804, 0.026751106190763842, 0.007845450657091883]",1
ragbench_Qwen2.5-1.5B-Instruct,193,193,pubmedqa,1.0834447145462036,122,1.248689889907837,0.19231963157653809,"[0.16129953423582857, 0.2617683987338423, 0.01600685326639741, 0.34716658563910524, 0.5237423805383775]","[0.02450156564627021, 0.04974253031883837, 0.00949567491824411, 0.0495838479532236, 0.05386908154722391]",1
ragbench_Qwen2.5-1.5B-Instruct,194,194,techqa,0.749546468257904,69,0.3688889741897583,0.06239240616559982,"[0.03633938762744077, -0.02186954702872991, -0.019462158600953957, 0.018341393471216536, 0.003911451740370229]","[0.007672809662099296, 0.0036615050594593704, 0.012250069209090376, 0.0074593906628975856, 0.0010510738904248801]",1
ragbench_Qwen2.5-1.5B-Instruct,195,195,pubmedqa,0.8020270466804504,90,0.45870697498321533,0.06338516622781754,"[0.3318187392401102, -0.021521060740602452, -0.005377490730447536, -0.005266183887211658]","[0.03567797875088164, 0.0047364714080054705, 0.002197156457641114, 0.0027824605631687166]",1
ragbench_Qwen2.5-1.5B-Instruct,196,196,finqa,2.322352886199951,11,-0.18189340829849243,0.08827190101146698,"[-0.02972956420853734, -0.10139694933737205, -0.14669661756753075, -0.12406536532481285, -0.06901339172724295]","[0.08505207466342571, 0.012772958012068226, 0.006251634226993536, 0.008882303733364759, 0.005912917556997854]",1
ragbench_Qwen2.5-1.5B-Instruct,197,197,pubmedqa,0.5867249369621277,200,0.7399370670318604,0.15752780437469482,"[0.45143597521640005, -0.02057442726622412, -0.024547543212825075, 0.0347752421979385, -0.021272752008435418]","[0.12014869877638659, 0.02166359776733195, 0.005429143578334105, 0.01239483552676205, 0.008334542236670739]",1
ragbench_Qwen2.5-1.5B-Instruct,198,198,pubmedqa,1.3204394578933716,200,0.7040587067604065,0.1188097596168518,"[0.20653980978506298, -0.002116961716951664, 0.02046959616604454, 0.02056946320037241, 0.21437436690857795]","[0.050372089115708715, 0.009563129409439455, 0.008876950797383074, 0.02388757615207851, 0.026298706961954396]",1
ragbench_Qwen2.5-1.5B-Instruct,199,199,pubmedqa,0.978298544883728,92,1.1609684228897095,0.15666262805461884,"[0.2877565533531941, 0.691905323326913, -0.021404810745599002, -0.003480653988947571, 0.003928109888618242]","[0.05471249480578098, 0.08957398205886259, 0.004174018955261608, 0.004767329461938074, 0.003937828032077361]",1
ragbench_Qwen2.5-1.5B-Instruct,200,200,covidqa,1.018012523651123,62,1.5380196571350098,0.21552392840385437,"[-0.011602740116881793, 1.4120710828193561, 0.050844009053933756, 0.06048163357553632, 0.030959567118805632]","[0.004732826576601167, 0.19484157605283173, 0.01216870302781791, 0.002789919923967756, 0.004367159365051796]",1
ragbench_Qwen2.5-1.5B-Instruct,201,201,pubmedqa,0.6607083678245544,200,0.546700656414032,0.0937822237610817,"[0.4534642133525261, 0.0513835001863589, 0.0016144895064775255, -0.0018426524056775406, 0.008725894457779191]","[0.07029278744646891, 0.008248750186372469, 0.001978943627112244, 0.0023624245881049967, 0.0016921828092373303]",1
ragbench_Qwen2.5-1.5B-Instruct,202,202,techqa,1.118055820465088,69,0.23435741662979126,0.040056999772787094,"[0.037742273037651285, 0.028367721873136346, 0.02175646442652657, 0.046745555549405515, 0.009139369761346577]","[0.007804829517240613, 0.0012289327788218966, 0.0011330979872338398, 0.0030530305206332782, 0.002435444121018641]",1
ragbench_Qwen2.5-1.5B-Instruct,203,203,pubmedqa,0.8825982809066772,200,1.094050645828247,0.1898699253797531,"[0.11283196260211525, 0.5485800346114331, 0.320608708170231, 0.08053905053972926]","[0.02789235744639331, 0.07078760536207226, 0.051377401647402295, 0.012762231978444661]",1
ragbench_Qwen2.5-1.5B-Instruct,204,204,pubmedqa,0.8298577666282654,200,0.7510536313056946,0.12370409816503525,"[0.5548649241156818, -0.0015256302096349828, 0.1564544523459699, -0.014296557908437535]","[0.09340692976516493, 0.0078013245876685745, 0.02931566389890044, 0.0018053221000823782]",1
ragbench_Qwen2.5-1.5B-Instruct,205,205,pubmedqa,0.9331417679786682,190,0.8101383447647095,0.13426175713539124,"[0.00918735293594421, -0.0017430178457169333, 0.004005309259962001, 0.4604687733063321, 0.18834096847280976]","[0.008688705732989296, 0.0018874915166239771, 0.004139380853523203, 0.08689707795412784, 0.03160597481991927]",1
ragbench_Qwen2.5-1.5B-Instruct,206,206,pubmedqa,0.8427910804748535,200,0.5558189153671265,0.11698225140571594,"[0.3439146019417501, 0.0018587838941931522, 0.01695799743815371, 0.006399587586073778, -0.004676461275261659]","[0.06600849340577394, 0.008048485531571696, 0.009267843032081516, 0.0018232385074563417, 0.0018369574687326917]",1
ragbench_Qwen2.5-1.5B-Instruct,207,207,finqa,1.031805396080017,24,0.15960580110549927,0.05774794518947601,"[0.08094216650878631, 0.10580009899600402, 0.06896411033570378, 0.09583814781702434, 0.0911385101464172]","[0.003213447786095003, 0.0019001611983261075, 0.029662709317534564, 0.0023175613835064723, 0.0024134333763375557]",1
ragbench_Qwen2.5-1.5B-Instruct,208,208,pubmedqa,1.3390594720840454,81,0.5553634762763977,0.07702196389436722,"[0.45498488924709485, 0.00943224094967972, -0.012324835195437416, -0.005128101580362174]","[0.05217473472020505, 0.0027252937678288484, 0.0036328843532559838, 0.0035118365884115755]",1
ragbench_Qwen2.5-1.5B-Instruct,209,209,pubmedqa,0.8201386332511902,133,0.7828056812286377,0.12771107256412506,"[0.5962840193046725, 0.2160908919070067, -0.0007505236473757817, 0.027830666640614055, 0.012441593638054894]","[0.10068021899217156, 0.03088909032669306, 0.010622212220949794, 0.009902028973184892, 0.00392496373139936]",1
ragbench_Qwen2.5-1.5B-Instruct,210,210,pubmedqa,0.7982708811759949,124,0.8622495532035828,0.14338330924510956,"[-0.001393001339352857, 0.35538722283234664, 0.5444390454789491, -0.022956204084902853]","[0.008880594301606306, 0.04535302187612456, 0.07857820525634769, 0.006072867913661605]",1
ragbench_Qwen2.5-1.5B-Instruct,211,211,pubmedqa,0.8444975018501282,200,0.7732247710227966,0.15056678652763367,"[0.3127146005455035, 0.2741385952513244, -0.03742815581001992, 0.09485609682652779, -0.006936535364061456]","[0.07368949752395232, 0.04558237223782705, 0.003047251109885245, 0.01827216839118159, 0.007500794108904216]",1
ragbench_Qwen2.5-1.5B-Instruct,212,212,pubmedqa,0.726848304271698,75,0.5285050868988037,0.0968373566865921,"[0.41278346845576985, 0.04398898886623404, -0.005598172761759391, -0.0017565144802574651, -0.009089447989341958]","[0.0632575899353992, 0.007865469151723422, 0.002660804903580356, 0.002008316090879513, 0.005079447792803269]",1
ragbench_Qwen2.5-1.5B-Instruct,213,213,pubmedqa,0.9403100609779358,200,1.0697726011276245,0.19166885316371918,"[0.1757655706785772, 0.3677871889714811, 0.2721604484060828, -0.004411125367947761, -0.014478413770751217]","[0.0344069945914309, 0.06555870593602883, 0.06813182530493549, 0.002466433963122867, 0.002085194217161295]",1
ragbench_Qwen2.5-1.5B-Instruct,214,214,techqa,0.5805893540382385,200,-0.0008980014827102423,0.01287428755313158,"[-0.03477514480849777, -0.0011538017846737603, -0.02797433324190024, -0.02160510972646307, -0.018898329878450113]","[0.00457725336197484, 0.003963959222022737, 0.001188025294927968, 0.0018181349183442564, 0.0022347490843589667]",1
ragbench_Qwen2.5-1.5B-Instruct,215,215,pubmedqa,0.8930832147598267,200,0.7473681569099426,0.13446955382823944,"[0.24720170468122318, 0.32273368468693886, 0.15578124714294972, 0.006192370733729149]","[0.04466892219729132, 0.04862822143360987, 0.02904980796335835, 0.004971377444989855]",1
ragbench_Qwen2.5-1.5B-Instruct,216,216,pubmedqa,1.1011008024215698,200,0.7767661809921265,0.14854222536087036,"[0.2588995045502543, 0.2151715885557951, 0.3595528732358798, 0.009834919782579164, -0.0070581637768827934]","[0.050669436177568625, 0.035241287612719246, 0.046314399757049714, 0.004666358928095349, 0.0028327181151641414]",1
ragbench_Qwen2.5-1.5B-Instruct,217,217,pubmedqa,1.044405221939087,200,0.882728099822998,0.16040828824043274,"[0.3597306784592132, -0.029463692258586888, 0.200038097207253, 0.2555880205864105, -0.04399998987704805]","[0.04970315833187108, 0.013936164536895213, 0.03367842973853935, 0.05324674178970639, 0.0041370961773076155]",1
ragbench_Qwen2.5-1.5B-Instruct,218,218,pubmedqa,0.9469317197799683,59,1.1618250608444214,0.18391430377960205,"[0.03339720878053197, 1.1846333392550459, 0.023850409206561844, 0.038560289130839656, 0.035482657693661414]","[0.011109190447383545, 0.1683299381036057, 0.004650326990260136, 0.002118500076513532, 0.0049528563328491235]",1
ragbench_Qwen2.5-1.5B-Instruct,219,219,pubmedqa,1.1588280200958252,100,0.7074759006500244,0.11267665028572083,"[0.15854141620150186, 0.320814786184049, -0.001605545660817711, -0.013160311765274173, -0.011576484713868922]","[0.0240495922659332, 0.0781125614327529, 0.006098625088915348, 0.006200768187121568, 0.00395846290393365]",1
ragbench_Qwen2.5-1.5B-Instruct,220,220,pubmedqa,0.7080002427101135,200,0.8437178134918213,0.15687553584575653,"[-0.00234509407702717, 0.2881412471505246, 0.39042778508689024, -0.04228232156917329, -0.013399565532845372]","[0.013980020900883794, 0.06694656225953309, 0.06681201341384395, 0.003998153770943205, 0.0021034629402949534]",1
ragbench_Qwen2.5-1.5B-Instruct,221,221,finqa,1.074729084968567,22,0.4657740890979767,0.15628935396671295,"[0.05158137648488099, 0.04078013909218663, 0.4238681084236966, -0.022588083513917147]","[0.001012461881797125, 0.0005674877868180126, 0.14096647722848585, 0.004363618772458722]",1
ragbench_Qwen2.5-1.5B-Instruct,222,222,pubmedqa,0.8198608756065369,196,1.2767378091812134,0.21049103140830994,"[0.25893359642087, -0.004644887244510022, 0.5726712556922553, 0.2474778256951981, 0.07685785517317095]","[0.07320094945876605, 0.007119343250649539, 0.07951065700395428, 0.03559483011958592, 0.02653071779355742]",1
ragbench_Qwen2.5-1.5B-Instruct,223,223,pubmedqa,0.6317950487136841,113,0.7406259775161743,0.13373924791812897,"[0.34824339392607967, 0.253274027627484, 0.029218669227828536, 0.007014489329486801, -0.0010326187013744246]","[0.060404682799050334, 0.051036132453756426, 0.010460954094304285, 0.003219203206384565, 0.0030227345758855368]",1
ragbench_Qwen2.5-1.5B-Instruct,224,224,covidqa,0.727744996547699,46,0.19699354469776154,0.12588392198085785,"[0.31668294600746344, 0.013726711172288877, 0.027769367246541467, 0.011163487071737267]","[0.13593031115638238, 0.0006343127381618931, 0.0008318088056507409, 0.0004915223403011861]",1
ragbench_Qwen2.5-1.5B-Instruct,225,225,pubmedqa,0.9231243133544922,162,0.7477325797080994,0.13186977803707123,"[0.6663543752030965, 0.036820202384321, -0.010936070478662097, 0.013941521596550108, 0.012576357649326254]","[0.1189832565791155, 0.012238070317391919, 0.0025214323093390575, 0.002289302928725527, 0.0012580489321068636]",1
ragbench_Qwen2.5-1.5B-Instruct,226,226,pubmedqa,0.9240279197692871,87,1.0943820476531982,0.15361744165420532,"[0.053488320267122656, 0.22590509715742862, 0.002591282400484404, 0.7931759326662547, 0.010044926505511755]","[0.01280123957104151, 0.024522512100363995, 0.0037018923225784536, 0.11443160666901438, 0.003447156374602792]",1
ragbench_Qwen2.5-1.5B-Instruct,227,227,pubmedqa,1.136023759841919,200,0.7303999066352844,0.1348990499973297,"[0.4768721691157634, 0.19495846054393723, 0.025974321416271096, -0.00581530088490581]","[0.07951184235201161, 0.04028770745897731, 0.016285039437760388, 0.008546027803149343]",1
ragbench_Qwen2.5-1.5B-Instruct,228,228,techqa,1.055437445640564,200,0.04547756165266037,0.021408626809716225,"[-0.015097140803063666, 0.0030545973553671502, -0.027389422195792577, -0.014104917877393746, 0.018165722237645242]","[0.0018374396248827907, 0.0022455363002990224, 0.0026795560225184546, 0.00392333814065978, 0.0033956675853892195]",1
ragbench_Qwen2.5-1.5B-Instruct,229,229,covidqa,0.95145583152771,68,0.9328988194465637,0.18590159714221954,"[0.7721605463194876, 0.07714006183045834, -0.014888294291368124, 0.09865346916200224, 0.008314187571607042]","[0.1229038915703029, 0.03473501663882902, 0.003509920826769029, 0.018141048895719852, 0.0008327041317284495]",1
ragbench_Qwen2.5-1.5B-Instruct,230,230,finqa,1.0655380487442017,29,0.17366398870944977,0.038599345833063126,"[-0.00024170929040776863, -0.024047063312003767, -0.020023909966610142, 0.0817203189508291, -0.05611402185943383]","[0.0012545557056765134, 0.0025610151229823806, 0.0005727117171271198, 0.038228852507068, 0.0039567101455422115]",1
ragbench_Qwen2.5-1.5B-Instruct,231,231,pubmedqa,0.7051947116851807,115,0.9211918115615845,0.13572309911251068,"[0.44917633010795427, 0.01747089870936001, 0.5151002822856339]","[0.07222719081191134, 0.00874279142358541, 0.068527046087695]",1
ragbench_Qwen2.5-1.5B-Instruct,232,232,pubmedqa,0.6389592289924622,108,0.840396523475647,0.11531368643045425,"[0.5170920881653189, 0.2693769219768285, -0.018183681296919104, 0.0070320619721389605]","[0.05736927972538789, 0.0401630558022586, 0.00259358571963783, 0.003244531397902282]",1
ragbench_Qwen2.5-1.5B-Instruct,233,233,pubmedqa,0.9687960743904114,200,1.0945961475372314,0.17272287607192993,"[0.47149402376993976, 0.1430273936689616, 0.26187972163647144, -0.02173474825338417, -0.01648807012517068]","[0.08599562645115029, 0.027431027398378893, 0.04782421110709958, 0.007607269979120943, 0.002906600626965066]",1
ragbench_Qwen2.5-1.5B-Instruct,234,234,techqa,1.0855755805969238,106,1.2714191675186157,0.17713841795921326,"[1.2157771929045218, -0.017030591428521185, -0.012937000826292755, 0.016236873880042933, 0.0070340242884395715]","[0.16733388802313, 0.0018548574695509286, 0.0029620838459993564, 0.003174609890958032, 0.002494414012201834]",1
ragbench_Qwen2.5-1.5B-Instruct,235,235,pubmedqa,1.3289676904678345,91,0.8214012384414673,0.1725986748933792,"[0.5763322501379362, 0.15777186295599677, 0.20459765973182684, 0.036776208489954824, -0.040493751285824116]","[0.10997148256861332, 0.03744688796470635, 0.035969502964350225, 0.0050013332035312805, 0.00822696316634637]",1
ragbench_Qwen2.5-1.5B-Instruct,236,236,pubmedqa,0.8468921184539795,200,0.5912759304046631,0.13190902769565582,"[0.05893040055012762, 0.2425207239103338, 0.06944627342915964, -0.009833147779404498, 0.13470174161428758]","[0.02326636475302994, 0.06483803847153392, 0.027659074782477405, 0.003285344336808116, 0.022057198130082264]",1
ragbench_Qwen2.5-1.5B-Instruct,237,237,hotpotqa,1.1471039056777954,27,1.8020753860473633,0.1967451274394989,"[0.05348728112208105, 1.2898814325876797, 0.03013601400770885, 0.03865608824249917]","[0.03160695644072365, 0.13128568288926476, 0.00754724710437013, 0.004553525032549631]",1
ragbench_Qwen2.5-1.5B-Instruct,238,238,pubmedqa,0.4675582945346832,200,1.5124059915542603,0.24245573580265045,"[0.7335393736911172, 0.36802951724359845, 0.1091110067255272, 0.2922395352287478, 0.006155074898665056]","[0.11020002421297143, 0.06399419036156977, 0.01829041000335084, 0.04280760457743647, 0.005708906763320876]",1
ragbench_Qwen2.5-1.5B-Instruct,239,239,pubmedqa,0.9719302654266357,200,0.8838958740234375,0.18713383376598358,"[0.2534059748848881, 0.014343847682274494, 0.0027418952485611216, 0.48286566348732035, 0.2488702785387794]","[0.05153590622025526, 0.007276224569151815, 0.0069043863611113745, 0.10011880000957259, 0.042791466848555955]",1
ragbench_Qwen2.5-1.5B-Instruct,240,240,pubmedqa,0.9784647226333618,200,0.8210139274597168,0.13152606785297394,"[0.012907297613940045, 0.003805602115075999, 0.38286400333202436, 0.20267399451170603]","[0.011093646701707484, 0.006344137444175999, 0.06468717837425672, 0.02765788378041499]",1
ragbench_Qwen2.5-1.5B-Instruct,241,241,pubmedqa,0.6559821367263794,200,0.8139207363128662,0.15165235102176666,"[0.439652151401674, 0.14671430430282156, 0.2082995038541877, 0.012897128280278735]","[0.06642786612300938, 0.03764390143992977, 0.049362799050467886, 0.003997315216804207]",1
ragbench_Qwen2.5-1.5B-Instruct,242,242,hotpotqa,1.0775376558303833,39,0.6640468239784241,0.1384626030921936,"[0.02063660683443931, 0.0603440045380035, 0.5860700545597819, 0.7897237156094679, 0.05927025380636527]","[0.0025874258858493704, 0.0047138541443030426, 0.04187749078127103, 0.1117315477189643, 0.0031411806499841662]",1
ragbench_Qwen2.5-1.5B-Instruct,243,243,pubmedqa,0.9963870644569397,97,0.4266487658023834,0.07491271942853928,"[0.058739908210540794, 0.022101373721283117, 0.025790992120326185, 0.13679536203327405]","[0.013917302586234196, 0.0045804863414069166, 0.006105442340971464, 0.026603797184724998]",1
ragbench_Qwen2.5-1.5B-Instruct,244,244,pubmedqa,0.6719949245452881,200,0.9045892357826233,0.167775958776474,"[0.5072331461875558, -0.018774371581079096, 0.18537056951791014, 0.2329115483121359]","[0.07500624991689228, 0.00542564256588058, 0.04090182913057326, 0.0440013103449661]",1
ragbench_Qwen2.5-1.5B-Instruct,245,245,techqa,0.901536762714386,126,0.3117215633392334,0.047813039273023605,"[0.023055656470605736, -0.004593166036802214, -0.0031458924486179015, 0.008276087232217386]","[0.0029213434991522233, 0.0007219131684321508, 0.008295422973991287, 0.0015587926566789337]",1
ragbench_Qwen2.5-1.5B-Instruct,246,246,pubmedqa,1.0009273290634155,200,0.5328282713890076,0.13543416559696198,"[0.2613539766200927, 0.3380869778366849, 0.009738709082750461, 0.0021322218785911674]","[0.05711502164715583, 0.06643055870766744, 0.010869615907679115, 0.003350204794014164]",1
ragbench_Qwen2.5-1.5B-Instruct,247,247,pubmedqa,0.590540885925293,200,1.8746031522750854,0.25673332810401917,"[0.7441597167135734, 0.02414724004092818, 0.8994679329684874, 0.33414826771872924, 0.009205249730987077]","[0.09423908818158708, 0.011937170441275437, 0.11769176599134909, 0.05560252737090398, 0.007639877377616768]",1
ragbench_Qwen2.5-1.5B-Instruct,248,248,techqa,0.6798862218856812,200,0.9689788818359375,0.11309444159269333,"[-0.04288419827782434, 0.1799916614116688, 0.4691953476165219, 0.07982901892675329, -0.0080773374798963]","[0.0045900262242818, 0.019734374838530827, 0.05765830550145168, 0.016689907529127197, 0.0017231481163407026]",1
ragbench_Qwen2.5-1.5B-Instruct,249,249,pubmedqa,0.5365548729896545,200,0.7554405331611633,0.13468803465366364,"[0.46094076413984114, 0.1612564876785416, 0.20735299181020367, 0.01795738682837225, 0.005821154592680955]","[0.07436965677845223, 0.03538623012805097, 0.02807778817768572, 0.002937166140711334, 0.0020634312347906202]",1
ragbench_Qwen2.5-1.5B-Instruct,250,250,finqa,0.7461326122283936,200,0.1706106960773468,0.05327558517456055,"[-0.009052231298242078, -0.005790747462501713, 0.0009470644015573271, 0.11481736073191769, -0.010986633457978314]","[0.01154460832368116, 0.0011972166226442483, 0.0011885163201888816, 0.026557823710261913, 0.0036134349518799525]",1
ragbench_Qwen2.5-1.5B-Instruct,251,251,pubmedqa,0.7945267558097839,103,0.9347753524780273,0.16626571118831635,"[0.8972323610747851, 0.020651262878133812, 0.04699770491497122, 0.004726861325932598, -0.005803979156721167]","[0.14291293302687902, 0.009253558607015674, 0.003820794269340535, 0.0024572690495892552, 0.0013252956421262267]",1
ragbench_Qwen2.5-1.5B-Instruct,252,252,pubmedqa,0.6540897488594055,88,1.2089604139328003,0.19089657068252563,"[0.9851079286671595, 0.007178926375010083, -0.0650374905106862, -0.010739772940932889]","[0.1626978341753471, 0.005504218704297756, 0.010060754700851165, 0.002935684672588514]",1
ragbench_Qwen2.5-1.5B-Instruct,253,253,pubmedqa,0.9561612606048584,109,1.0623102188110352,0.19470010697841644,"[-0.07742152883935362, 0.7388859805754474, 0.08652952794421111, 0.14094453628395642, -0.04581649687567792]","[0.008631097754712451, 0.14104330959229702, 0.02689459292232662, 0.04494616922685547, 0.003115339064072017]",1
ragbench_Qwen2.5-1.5B-Instruct,254,254,pubmedqa,0.6999379992485046,200,1.0109035968780518,0.18149273097515106,"[-0.017213412875360063, 0.3435732283301809, 0.015204517697200118, 0.5261432398615193, 0.1849774271737101]","[0.006609103751544581, 0.05828133605396218, 0.006527546915052369, 0.09006009929438079, 0.0346880146703306]",1
ragbench_Qwen2.5-1.5B-Instruct,255,255,techqa,1.3977333307266235,200,-0.020793762058019638,0.008878110907971859,"[-0.0014735556385676318, 0.0014996160437658545, -0.0025327520213613754, 0.005207071395743696]","[0.0010776679047722836, 0.00033716136768475736, 0.0005572413092545503, 0.0032445448640771703]",1
ragbench_Qwen2.5-1.5B-Instruct,256,256,covidqa,1.0861997604370117,33,0.6276858448982239,0.10580099374055862,"[0.24909740424173474, 0.3808975409942143, 0.02025234073605106, 0.23779883944790167]","[0.038548548786359264, 0.04171793334107447, 0.007673027743769787, 0.04177022433327004]",1
ragbench_Qwen2.5-1.5B-Instruct,257,257,pubmedqa,0.7702691555023193,118,0.8125784993171692,0.1660969853401184,"[0.0035752576237308535, -0.019044852337252272, 0.5022850927165086, 0.3825949798847066]","[0.008018933126828727, 0.003846459919804641, 0.0890822710850841, 0.0567229656559039]",1
ragbench_Qwen2.5-1.5B-Instruct,258,258,pubmedqa,0.4347614347934723,200,1.31895112991333,0.2118576467037201,"[0.5935495386298101, 0.49328764061933483, 0.0013606319622385854, -0.0013414435574690842, -0.012703057751100566]","[0.08616536174147704, 0.08253167570595903, 0.004138844229412584, 0.003302957219221252, 0.0020858650301302717]",1
ragbench_Qwen2.5-1.5B-Instruct,259,259,finqa,1.349178671836853,51,0.7111645936965942,0.15650887787342072,"[0.4617661673286884, 0.028411999537709953, 0.02899997368541674, 0.04491779058726559, 0.03304004029076382]","[0.16557674259078625, 0.0033754426146613554, 0.00395257882115295, 0.00216230662915878, 0.0021920442623659967]",1
ragbench_Qwen2.5-1.5B-Instruct,260,260,covidqa,0.9923638105392456,89,1.150474190711975,0.19909663498401642,"[0.3558977804796802, 0.42154626549778146, 0.13066080207606187, 0.22096760585178815]","[0.08045168821208178, 0.05819248977542138, 0.035690429058433254, 0.02678589537011381]",1
ragbench_Qwen2.5-1.5B-Instruct,261,261,finqa,0.7648841738700867,99,0.31760168075561523,0.10269773006439209,"[-0.017685356912154775, 0.3358275794672234, -0.0006180281667515043, -0.008212047247144081, 0.0031399458301607274]","[0.005862706710736991, 0.0877431628333866, 0.0013858904569519148, 0.0010146322202888199, 0.0008405256437871492]",1
ragbench_Qwen2.5-1.5B-Instruct,262,262,finqa,0.6773748993873596,200,0.37187516689300537,0.1001124158501625,"[0.402583020443235, 0.012357317434216385, -0.012711530201945606, -0.009827095864202419, -0.004631838283471552]","[0.09133422074374976, 0.0015198086797694544, 0.001026493190703519, 0.0010977340483935905, 0.0010768378175855275]",1
ragbench_Qwen2.5-1.5B-Instruct,263,263,pubmedqa,0.5608089566230774,200,1.5989972352981567,0.23107996582984924,"[1.1234515646077825, 0.5830180341392122, -0.0025327005019281047, -0.004933395625403705, -0.020015257739206618]","[0.1495323611075593, 0.07121779840752508, 0.0037715042575139045, 0.00208778192699536, 0.00495083546182919]",1
ragbench_Qwen2.5-1.5B-Instruct,264,264,pubmedqa,0.6714203357696533,200,0.6928945779800415,0.10645776987075806,"[0.6782531724719887, 0.02143471087434406, 0.031533483923819716, 0.023595285918729586]","[0.09105655019407805, 0.01306615117872802, 0.0030354308914044025, 0.002160695449777945]",1
ragbench_Qwen2.5-1.5B-Instruct,265,265,finqa,2.1109368801116943,31,-0.19204755127429962,0.02940383367240429,"[-0.025244932564448624, -0.04701423326297381, -0.020434682691566487, -0.018761880375325658, 0.03448037506630851]","[0.002710580310650262, 0.0032546390691403494, 0.0027873456578339346, 0.004632321679709563, 0.004717710473553985]",1
ragbench_Qwen2.5-1.5B-Instruct,266,266,pubmedqa,1.0519976615905762,200,0.7705497741699219,0.1534755378961563,"[0.42836082305353157, 0.36307335837492305, -0.019403036797016854, -0.0030075423411381054]","[0.08809505925877145, 0.05699366084014013, 0.006521132465653272, 0.00965495435949288]",1
ragbench_Qwen2.5-1.5B-Instruct,267,267,finqa,0.5402953624725342,113,0.8207039833068848,0.18573802709579468,"[0.8576246193088484, -0.01435394830604414, -0.014518735497275346, -0.018266772580081067, -0.018355488319894073]","[0.18327473813011577, 0.0011057560008552766, 0.0011754452432475382, 0.00095599155001631, 0.0011842723078804226]",1
ragbench_Qwen2.5-1.5B-Instruct,268,268,pubmedqa,0.9448992013931274,200,0.7369132041931152,0.1300174593925476,"[0.2679979099420592, 0.1694155207822979, 0.023592941679567048, -0.009313025422230226, 0.10965597277138187]","[0.05343636190248285, 0.027011381509558098, 0.0077105730079137305, 0.002119571812814183, 0.01863527991096948]",1
ragbench_Qwen2.5-1.5B-Instruct,269,269,finqa,1.4047605991363525,29,0.08529032766819,0.05902703478932381,"[-0.04143469592813274, -0.006590718624246274, -0.016776450592542774, -0.02583867770314602, -0.013732254571393775]","[0.03500641025060884, 0.001295844997622257, 0.001247094032017795, 0.004036285167283746, 0.0026092450677957647]",1
ragbench_Qwen2.5-1.5B-Instruct,270,270,pubmedqa,0.8985544443130493,95,0.5446764230728149,0.11942300945520401,"[0.08574284802903094, 0.32757296942190445, 0.010267759721102122, -0.006096046750030837, -0.00019639872148337944]","[0.03928962280937742, 0.050079460041640884, 0.014339466778615119, 0.004000846301038127, 0.0012628416901196864]",1
ragbench_Qwen2.5-1.5B-Instruct,271,271,pubmedqa,1.043460726737976,200,0.5626434087753296,0.11846987903118134,"[0.2453597194526185, 0.013778197002038724, 0.19874732394876332, 0.012596762027293665, 0.0045432384931024215]","[0.04006638581018386, 0.0040906450903109536, 0.04213790301676866, 0.004031752468338148, 0.0015880878855557866]",1
ragbench_Qwen2.5-1.5B-Instruct,272,272,finqa,0.7237542867660522,140,0.31098535656929016,0.055198173969984055,"[0.009398331360973447, -0.004864573477513139, 0.23104985756804775, -0.0018391378321406852, 0.009550560088603431]","[0.0015865176553796394, 0.0027003807508293675, 0.05101022254251331, 0.00163621987717631, 0.0007354375053979416]",1
ragbench_Qwen2.5-1.5B-Instruct,273,273,finqa,0.8202809691429138,60,0.46818986535072327,0.10868346691131592,"[0.0287879292901683, 0.03354204783984945, 0.05120785385746179, 0.5060726650312669, 0.07537704357164329]","[0.011427782803667696, 0.007484058947285158, 0.008986612621216257, 0.09750224575066113, 0.010090930792191937]",1
ragbench_Qwen2.5-1.5B-Instruct,274,274,pubmedqa,0.8700995445251465,200,1.3593066930770874,0.2409413903951645,"[0.6997945791448933, 0.36040226270890685, 0.26217251317622653, -0.034667373866048054]","[0.11103285410097072, 0.05599662283102301, 0.04860503805364424, 0.019670815763667023]",1
ragbench_Qwen2.5-1.5B-Instruct,275,275,pubmedqa,0.8362025618553162,200,0.9423263669013977,0.18224410712718964,"[0.23099414676251398, 0.4042386023870415, 0.062217984735272014, 0.3482187940663391, 0.008504191472784441]","[0.05349735236398662, 0.06499644242469232, 0.012945415175315098, 0.04308311163743722, 0.0038377480522986574]",1
ragbench_Qwen2.5-1.5B-Instruct,276,276,delucionqa,1.1273659467697144,60,1.3982642889022827,0.20264476537704468,"[0.9631959623676569, 0.1674015595805637, 0.04129910733463475, 0.4118153570287783, 0.094565861170607]","[0.09320722713843375, 0.02803116388034444, 0.007621823359886548, 0.07474643031121862, 0.009704456944427875]",1
ragbench_Qwen2.5-1.5B-Instruct,277,277,pubmedqa,1.362259864807129,200,0.531734049320221,0.12064120173454285,"[0.029559801921013786, -0.02052591910513229, 0.04200910150964091, 0.2392524627563057, 0.289755751992152]","[0.007051456378944323, 0.011432136228840761, 0.004737926839490711, 0.030455089271870576, 0.04983227317689853]",1
ragbench_Qwen2.5-1.5B-Instruct,278,278,covidqa,0.8798412680625916,38,0.35717082023620605,0.09185408800840378,"[-0.0014451489482062722, 0.3649218646205554, 0.11938427352671217, -0.032385722241758085, -0.055817031725669757]","[0.04621942739510282, 0.03639843463356167, 0.025042455672830425, 0.005390884973943338, 0.0011784637538536764]",1
ragbench_Qwen2.5-1.5B-Instruct,279,279,techqa,0.7582271099090576,159,0.08459065854549408,0.020133722573518753,"[-0.009645942721368818, -0.0031448171405558606, -0.004635951281464791, -0.008345324723049769, -0.004474179279272417]","[0.0020420816648624475, 0.0006786726013184256, 0.0016303615600585224, 0.0010066205912245474, 0.0008200676940054518]",1
ragbench_Qwen2.5-1.5B-Instruct,280,280,finqa,0.9457964897155762,185,0.2590283751487732,0.09110493212938309,"[-0.008476720242654395, -0.0093174998265592, -0.0032978082075395512, 0.06853301238234052, 0.023123765685426945]","[0.0008510188762765106, 0.0009829708376668277, 0.0049357650221913225, 0.05555250801495243, 0.01888947222990035]",1
ragbench_Qwen2.5-1.5B-Instruct,281,281,pubmedqa,0.7471468448638916,136,0.7521082162857056,0.1196846291422844,"[0.0032615852225469956, 0.7800795111282455, -0.003961326188285806, 0.019513403842888223]","[0.005684422702355206, 0.0920617606008947, 0.0035489612456480616, 0.0016848736947257363]",1
ragbench_Qwen2.5-1.5B-Instruct,282,282,pubmedqa,0.6638219356536865,136,1.187010645866394,0.1978089064359665,"[0.18594515970389794, -0.002286842835275138, 0.6245210408209466, -0.03643589761423982]","[0.05008300308094364, 0.005853615590026695, 0.12523369396103087, 0.006576330063537828]",1
ragbench_Qwen2.5-1.5B-Instruct,283,283,pubmedqa,0.632983386516571,200,1.0298066139221191,0.1934535950422287,"[0.5262529425912333, 0.5651770356792085, 0.010061527098343993, 0.02717374100200317, 0.015779901615086942]","[0.09545681959154118, 0.08512978500974563, 0.015204700767197599, 0.008517032194599584, 0.0047592171287832484]",1
ragbench_Qwen2.5-1.5B-Instruct,284,284,finqa,0.5110933184623718,158,0.3816794455051422,0.07749250531196594,"[0.0021987653146520124, 0.008413447447061358, 0.0031348611044074485, 0.304262624535349, 0.0054223072785297335]","[0.0017545914871893425, 0.0015057451627801804, 0.0004949227436511621, 0.07118229418149058, 0.0019021760540068272]",1
ragbench_Qwen2.5-1.5B-Instruct,285,285,finqa,0.8808331489562988,200,0.4187740981578827,0.09332374483346939,"[0.04249042825681272, 0.0974651868900014, 0.15801166148099127, -0.015638939732409655, -0.0057316082348756936]","[0.015793241244998625, 0.023390872140247296, 0.04041913843022968, 0.0012781511831380498, 0.0011978647258074203]",1
ragbench_Qwen2.5-1.5B-Instruct,286,286,pubmedqa,1.1327614784240723,102,0.44209226965904236,0.07657685875892639,"[0.18007511920156913, -0.01483170983277994, -0.004786856964680434, 0.09295207701714336]","[0.01952010879922042, 0.0032706258934256556, 0.006630015190604949, 0.024551674903673368]",1
ragbench_Qwen2.5-1.5B-Instruct,287,287,finqa,0.6809844374656677,117,0.38260605931282043,0.059503570199012756,"[0.0251709443236594, -0.009361082159114468, 0.18367473101803378, 0.12181572010939638, -0.011348751700447442]","[0.0045523299869012716, 0.0007999227217396765, 0.04032198011040723, 0.018379250082469874, 0.0004863209555587207]",1
ragbench_Qwen2.5-1.5B-Instruct,288,288,pubmedqa,0.7659703493118286,172,0.5747424960136414,0.10608281940221786,"[0.012314878444971233, 0.31856738419982894, 0.05078099122879787, 0.03367708846664476, -0.006627540744392953]","[0.016581374280838022, 0.05673796688744632, 0.018140990952242506, 0.0058958982264794785, 0.001936275464384806]",1
ragbench_Qwen2.5-1.5B-Instruct,289,289,pubmedqa,0.7983372211456299,119,0.3509359061717987,0.08825141936540604,"[0.07764393666972402, 0.08238210935896878, -0.013366074757802854, -0.02164893185670949, -0.007154624298694774]","[0.023659346206985787, 0.02433822458268634, 0.006256885843835117, 0.003688301360391401, 0.005123895070708056]",1
ragbench_Qwen2.5-1.5B-Instruct,290,290,pubmedqa,1.0880959033966064,200,0.7060838341712952,0.11614388227462769,"[0.25516192141008504, 0.14872730860632827, 0.10146992251847962, 0.12552530278065888]","[0.04458290059995896, 0.02818212470518251, 0.023475934148142415, 0.019520234971058485]",1
ragbench_Qwen2.5-1.5B-Instruct,291,291,techqa,1.478476881980896,200,-0.008353356271982193,0.015024775639176369,"[0.006853229409607593, -0.029121554521698272, -0.012190153785777511, -0.00018927865763544106, -0.02648486331861932]","[0.0030879938858060997, 0.0026036220411727127, 0.0017311315106690018, 0.0017300021995970383, 0.002033814167375567]",1
ragbench_Qwen2.5-1.5B-Instruct,292,292,finqa,1.141135334968567,19,0.5188326239585876,0.11786069720983505,"[0.07516306848609881, -0.014323220815353315, -0.011088686622985589, 0.4719296774672234, 0.023796325316652656]","[0.004293643085546998, 0.0009915751339624542, 0.0019733225838200795, 0.12168851865992206, 0.001811803647590774]",1
ragbench_Qwen2.5-1.5B-Instruct,293,293,finqa,1.728571891784668,27,-0.055578168481588364,0.016784803941845894,"[-0.02101203032792977, -0.02926306118913797, -0.004736865280763057, -0.0004270341248937055, 0.0534254168987563]","[0.0064709464426818564, 0.004738163398407643, 0.0021398034960350707, 0.0014958950310015266, 0.0045859056625785245]",1
ragbench_Qwen2.5-1.5B-Instruct,294,294,finqa,0.49163129925727844,96,0.23659254610538483,0.061306774616241455,"[0.02781879338044746, 0.016707548750176215, 0.06799540957983179, 0.18073141951248792, 0.018314922503274527]","[0.003355308941993762, 0.0026110477635780485, 0.019474756198235355, 0.03502828732127868, 0.004038929615812907]",1
ragbench_Qwen2.5-1.5B-Instruct,295,295,pubmedqa,0.9522822499275208,200,0.9430549144744873,0.15641283988952637,"[0.012361014360978117, 0.013143212637545502, 0.3618101493308765, 0.3128483458776054, 0.23764098995191632]","[0.015269957743965073, 0.002913941716382773, 0.07208735603100525, 0.055968112640127854, 0.032075528846596625]",1
ragbench_Qwen2.5-1.5B-Instruct,296,296,pubmedqa,0.8117172718048096,149,1.0381617546081543,0.14873355627059937,"[0.24135903601901929, 0.372157456479519, 0.14778217142007244, 0.1529755257635996]","[0.0443899099177722, 0.05930127931477458, 0.025567314963875546, 0.01767006987948004]",1
ragbench_Qwen2.5-1.5B-Instruct,297,297,finqa,0.649874746799469,182,0.8179851174354553,0.15096072852611542,"[0.001651715098645142, 0.31840258107765224, 0.43958718209741676, -0.009448443499532803, -0.0007522021858846359]","[0.0035994873017181086, 0.05609651979861637, 0.0848083768850727, 0.0007765876633299571, 0.0007536552604068416]",1
ragbench_Qwen2.5-1.5B-Instruct,298,298,pubmedqa,0.9600163102149963,78,0.9446142911911011,0.18353359401226044,"[0.034299666761771964, 0.48806352297769523, 0.019682588104551074, -0.0027690834335188787, 0.05717750952580667]","[0.021925220662364263, 0.059489022382436654, 0.01662502931110747, 0.022431468541025533, 0.00632883792972176]",1
ragbench_Qwen2.5-1.5B-Instruct,299,299,pubmedqa,0.5901727676391602,200,0.9003255367279053,0.17348384857177734,"[0.10719621512843261, 0.5630859828035136, 0.4214070670138244, 0.007798903414406056]","[0.024162050925215645, 0.12041369410649395, 0.05506831321197019, 0.0037107737651427453]",1
ragbench_Qwen2.5-1.5B-Instruct,300,300,techqa,0.8834415674209595,103,0.22144673764705658,0.0452909879386425,"[-0.013682856377303307, 0.09343082073068994, 0.013808226197084278, -0.009439266539259037]","[0.006116427225235044, 0.029703595709720195, 0.004161151883372396, 0.00491840135228665]",1
ragbench_Qwen2.5-1.5B-Instruct,301,301,pubmedqa,0.46456077694892883,85,1.1086652278900146,0.1808670312166214,"[-0.002585459874764156, -0.004645700308808099, 1.018609986093036, -0.012244436687861333, -0.007375410916558715]","[0.006991676431125338, 0.002920964589978827, 0.14637707714400944, 0.0024280106319835263, 0.0013590644632801862]",1
ragbench_Qwen2.5-1.5B-Instruct,302,302,finqa,0.6724942326545715,183,0.5024019479751587,0.09921742230653763,"[0.004481519689585194, 0.3726954308001881, -0.012623980749578769, -0.010197436871811356, -0.007865322506137348]","[0.018327923475768303, 0.05598703454117441, 0.0012263201165987907, 0.000849950129350274, 0.000816559268344474]",1
ragbench_Qwen2.5-1.5B-Instruct,303,303,finqa,0.8682757019996643,79,0.1787247508764267,0.05527510866522789,"[0.01760742106595404, 0.0004370101831434884, 0.0404710459636279, 0.032459439613030786, 0.29369882178763895]","[0.0017055266336965475, 0.0018673162339491913, 0.001842911601169696, 0.015742145248657812, 0.0463456961740432]",1
ragbench_Qwen2.5-1.5B-Instruct,304,304,pubmedqa,1.0500009059906006,200,0.8415074944496155,0.16046272218227386,"[0.5206482130687169, 0.35479397008191993, 0.014463453050410635, 0.020992082800000846]","[0.08009981255178136, 0.08264086740391602, 0.004810199421283876, 0.002559692451751303]",1
ragbench_Qwen2.5-1.5B-Instruct,305,305,pubmedqa,0.8625735640525818,200,1.236292839050293,0.19739139080047607,"[0.24252052521029555, 0.656360657670557, 0.46485461098740416, 0.0642517767116874]","[0.05097989195630987, 0.09479232948179288, 0.06316816571484914, 0.01087433695182753]",1
ragbench_Qwen2.5-1.5B-Instruct,306,306,pubmedqa,1.0850591659545898,137,0.6267353892326355,0.12487831711769104,"[0.05558127601844604, 0.17089213882312182, 0.14147598481887694, -0.037192470083568775, 0.2771857930896904]","[0.021719529999484, 0.04124099739474946, 0.027689370922622653, 0.01009871862125181, 0.0421575385921223]",1
ragbench_Qwen2.5-1.5B-Instruct,307,307,pubmedqa,0.9708318710327148,97,0.8861832022666931,0.16174305975437164,"[-0.001994400549631688, -0.038154975761003275, 0.9192022312599687, 0.039599027588522955]","[0.005948311107947935, 0.007900997422531109, 0.1340769959531395, 0.0065852835896586985]",1
ragbench_Qwen2.5-1.5B-Instruct,308,308,pubmedqa,1.0953092575073242,200,0.6108194589614868,0.13157863914966583,"[0.16371568551360952, 0.1876788767258381, 0.029737212843916724, 0.21802048895774762, 0.07024882448671547]","[0.03890071208143638, 0.04452601293848378, 0.007950625664101025, 0.05177426117662428, 0.015761085704357587]",1
ragbench_Qwen2.5-1.5B-Instruct,309,309,hotpotqa,0.6615204215049744,48,-0.07473195344209671,0.03688027337193489,"[-0.006156336863872032, -0.04733644648761507, -0.06487040275254685, 0.05411871634049703, -0.008492106837148109]","[0.011303289896807437, 0.005244430298450453, 0.005001393029707184, 0.005203654263133295, 0.0024589084559828813]",1
ragbench_Qwen2.5-1.5B-Instruct,310,310,pubmedqa,1.1212096214294434,96,0.7178999781608582,0.11654175072908401,"[0.14498676852625655, 0.10876238485499339, 0.04017672057428001, 0.5204899543921329, -0.008734938062469647]","[0.03841815920069861, 0.019621724270864505, 0.0033581881022849793, 0.05801268000245111, 0.005035150664301528]",1
ragbench_Qwen2.5-1.5B-Instruct,311,311,techqa,1.5342615842819214,146,0.0072851539589464664,0.03594347462058067,"[-0.006181635898229453, 0.009348150797014157, 0.006035345149366424, -0.0012428960948554586, -0.01167303295186348]","[0.028418608904351533, 0.0027759734064350234, 0.001993601491003823, 0.0018849338964752847, 0.009388989502049486]",1
ragbench_Qwen2.5-1.5B-Instruct,312,312,pubmedqa,0.8282867670059204,200,0.9222170114517212,0.15241356194019318,"[0.1323715647282097, 0.09781986571840207, 0.4816984250488497, 0.19676708050087086]","[0.025764517514616402, 0.019186448431162937, 0.07851632407465317, 0.023586393142270873]",1
ragbench_Qwen2.5-1.5B-Instruct,313,313,pubmedqa,1.1369831562042236,172,0.5048087239265442,0.1043093129992485,"[0.03214607192802375, 0.15154682016799226, 0.07953255409005959, 0.1467135276068928, 0.0009755707665451587]","[0.009377465255596754, 0.022867554615337026, 0.013739470901405464, 0.025544375112732613, 0.0023715057162723434]",1
ragbench_Qwen2.5-1.5B-Instruct,314,314,pubmedqa,1.4809434413909912,144,1.0573687553405762,0.1584881842136383,"[0.342264715677364, 0.2981536200210415, 0.2386599494692321, 0.42018931790209124]","[0.0719702003277089, 0.04666736472188621, 0.048237348480854064, 0.04185382648282933]",1
ragbench_Qwen2.5-1.5B-Instruct,315,315,pubmedqa,0.9890308976173401,200,0.9749577045440674,0.1846337467432022,"[0.4809792121475084, 0.26246135769983653, 0.32314538681094035, 0.028642227225404326, 0.023766137102015535]","[0.09702112708809843, 0.04895471453346259, 0.058368410027559686, 0.005518002450823829, 0.004213323632061048]",1
ragbench_Qwen2.5-1.5B-Instruct,316,316,pubmedqa,0.8167569041252136,200,0.6963058710098267,0.11769566684961319,"[0.45053945423453684, 0.09157713660122453, 0.19794368775748467, 0.08426310255068642, -0.002902541110937591]","[0.05941839213372262, 0.01571974971958234, 0.030739534922227207, 0.015481307499458197, 0.004538923032205666]",1
ragbench_Qwen2.5-1.5B-Instruct,317,317,pubmedqa,0.744795560836792,200,1.2089802026748657,0.20067435503005981,"[0.6610398853642573, 0.07327814282474553, 0.28417930748779785, 0.2820579971306813]","[0.11226572427578162, 0.012696989827566228, 0.0408632477307397, 0.0342151668988031]",1
ragbench_Qwen2.5-1.5B-Instruct,318,318,pubmedqa,1.1241223812103271,160,0.3689088225364685,0.07922451198101044,"[0.13198746910836406, 0.13805440595181012, -0.006753683432371815, -0.02018933491632353]","[0.022565359007475826, 0.04014123839989958, 0.006601518543801088, 0.009315732820329537]",1
ragbench_Qwen2.5-1.5B-Instruct,319,319,techqa,0.9477269649505615,200,0.010974862612783909,0.010755037888884544,"[-0.0022996722825078565, 0.007925901472087844, 0.00523153119850889, 0.0027722915372837063, -0.0007027323921369088]","[0.002091996657124895, 0.0024648142590208266, 0.000852438749730986, 0.000566444572064313, 0.0018136024880974766]",1
ragbench_Qwen2.5-1.5B-Instruct,320,320,techqa,1.839184045791626,190,0.025466160848736763,0.03197389841079712,"[0.018719308027319033, 0.013210556185559223, 0.005671002281949194, 0.025429274396523587, 0.010682619619106654]","[0.0036644117984630945, 0.001595541356301498, 0.0013859481444952555, 0.003210865254433022, 0.001493639897247895]",1
ragbench_Qwen2.5-1.5B-Instruct,321,321,pubmedqa,0.9484948515892029,200,0.45640575885772705,0.09353885799646378,"[0.30542378106513296, 0.0560434614406779, 0.0719577781398516, -0.000891047734728545, -0.008091044860163378]","[0.04770431227213606, 0.019448824452123717, 0.015033119613503345, 0.004852887885638663, 0.004334774475859229]",1
ragbench_Qwen2.5-1.5B-Instruct,322,322,pubmedqa,0.7285494804382324,200,1.166436791419983,0.2058074176311493,"[0.28716266540033303, 0.49012818278551096, 0.3708396958588196, -0.008975696000862853, 0.0020557275660746653]","[0.055248502078271144, 0.087381700300906, 0.04776585610424917, 0.003995258116981475, 0.002868894251225811]",1
ragbench_Qwen2.5-1.5B-Instruct,323,323,pubmedqa,0.9866926670074463,185,0.5644866824150085,0.11225836724042892,"[-0.011795862638850727, 0.20791833192671785, 0.3026191499876109, -0.003854908508969242, -0.005439982003505016]","[0.006577246476157785, 0.04811871981581894, 0.049420328416059, 0.00457288904291861, 0.004375607764135846]",1
ragbench_Qwen2.5-1.5B-Instruct,324,324,pubmedqa,0.6146240830421448,200,1.2952895164489746,0.21917404234409332,"[0.6110106780214823, 0.295262780348653, 0.4767458209031844, 0.01955546391636858, 0.011077230784313486]","[0.09090692975890079, 0.050640904071433186, 0.06855571976145494, 0.005746313528144427, 0.002200399744448589]",1
ragbench_Qwen2.5-1.5B-Instruct,325,325,finqa,0.7548272609710693,200,0.5530452132225037,0.0958465188741684,"[0.43469844532145546, -0.01024306167452778, -0.0006090942840637581, 0.0036659324312131505, 0.0023146490906310645]","[0.07105239406148173, 0.001435038787329148, 0.0010894271837362623, 0.0008160578395680318, 0.0013758373721134377]",1
ragbench_Qwen2.5-1.5B-Instruct,326,326,pubmedqa,0.864342451095581,200,0.6687929630279541,0.12310316413640976,"[0.32067534716531954, 0.310066117896684, 0.000565351131952525, 0.2657947831505794]","[0.05912640382623309, 0.04411959875804662, 0.009204064182206827, 0.038136217424344136]",1
ragbench_Qwen2.5-1.5B-Instruct,327,327,delucionqa,1.3415789604187012,32,2.2119977474212646,0.28104498982429504,"[0.058300000957387965, 0.0982484434316575, 0.03222125543834409, 0.06732446625755983, 0.460934550537786]","[0.011702133201765719, 0.009289638154882596, 0.0035257936505388443, 0.006884317001379259, 0.02702117522474623]",1
ragbench_Qwen2.5-1.5B-Instruct,328,328,pubmedqa,1.1945511102676392,109,0.4158240854740143,0.08677338808774948,"[-0.005349707794491866, 0.039699177275693776, 0.016965235355486784, 0.03980794342972877, 0.38928296863251705]","[0.011249398231124946, 0.006052296751043098, 0.002949627735256217, 0.009182478916113176, 0.05428615703112156]",1
ragbench_Qwen2.5-1.5B-Instruct,329,329,delucionqa,0.7671327590942383,170,1.8327395915985107,0.26898375153541565,"[0.9329536662599661, 0.357474985949803, 0.006766248902439496, 0.0022058437194225596, 0.00022597173964480617]","[0.1484633752250087, 0.04125116577575625, 0.0035048859355919816, 0.0025139879324760023, 0.002309209233606299]",1
ragbench_Qwen2.5-1.5B-Instruct,330,330,pubmedqa,0.5312784314155579,200,1.4140255451202393,0.20852354168891907,"[0.7320930136144363, 0.6393390185495207, 0.17118764095755865, 0.017316185576475504]","[0.09931108454533959, 0.08810349424705619, 0.027136597291127985, 0.0063909128189010645]",1
ragbench_Qwen2.5-1.5B-Instruct,331,331,pubmedqa,1.055996060371399,200,1.0928102731704712,0.1758822202682495,"[0.08358563785628575, 0.12845336402939211, 0.6582261943415506, -0.010897822025835922]","[0.016508894104568413, 0.02199233110968919, 0.10131195680584824, 0.00353473580353608]",1
ragbench_Qwen2.5-1.5B-Instruct,332,332,pubmedqa,0.7813636064529419,200,0.8733587861061096,0.15312260389328003,"[0.5280934602914296, 0.21164960404684025, 0.055310361336908045, 0.09529663131577536, 0.12267471936246445]","[0.07732162594316529, 0.02852250530329721, 0.023621804240893825, 0.015889880801646297, 0.01930502808544167]",1
ragbench_Qwen2.5-1.5B-Instruct,333,333,pubmedqa,1.1309031248092651,112,1.089809775352478,0.1784498691558838,"[0.19468170779847632, 0.3424398343256314, 0.1471870546820558, 0.5538542646552287]","[0.029290677591136096, 0.05082072982501148, 0.02497900722472744, 0.07986175568528761]",1
ragbench_Qwen2.5-1.5B-Instruct,334,334,techqa,1.3508328199386597,200,-0.04524959251284599,0.02739555388689041,"[-0.008039148027964984, -0.01029845476597984, -0.011180812490893003, -0.03180612941883737, 0.0005999093918944709]","[0.005074407599235187, 0.001024445548433448, 0.0026790796289080277, 0.001861114490909017, 0.004890524859065124]",1
ragbench_Qwen2.5-1.5B-Instruct,335,335,techqa,0.8151226043701172,200,0.12376230210065842,0.05178951844573021,"[0.06069617893333316, 0.03585593084439551, -0.019943941750593695, 0.0016448501478475918, -0.004469309973383133]","[0.017180443958623927, 0.013699942683750663, 0.0027649572711369074, 0.0023568917777200228, 0.003387070737593376]",1
ragbench_Qwen2.5-1.5B-Instruct,336,336,pubmedqa,1.4115676879882812,81,0.4823414385318756,0.11190031468868256,"[0.3537204054290343, 0.13289563865206824, 0.04045112449436859, 0.03540944903741345]","[0.058458993221163554, 0.02706284837898113, 0.010668431939290676, 0.00604265282693514]",1
ragbench_Qwen2.5-1.5B-Instruct,337,337,techqa,0.8553839921951294,200,0.040344834327697754,0.020149264484643936,"[0.006409248588770424, -0.014470182470909095, -0.017422225908587167, -0.01210602005054568, 0.016371335158063972]","[0.008882750747747678, 0.003099878874998616, 0.0015055421100994338, 0.0013170649448708005, 0.006245894474204334]",1
ragbench_Qwen2.5-1.5B-Instruct,338,338,pubmedqa,0.8396067023277283,82,0.7542721629142761,0.1102072224020958,"[0.6966418884546395, 0.0010108991742865284, 0.023955419407874472, 0.00012502533444819897]","[0.09667968962753791, 0.002853938287551108, 0.005141653303286566, 0.0017720812680144466]",1
ragbench_Qwen2.5-1.5B-Instruct,339,339,pubmedqa,0.6173529624938965,200,0.5602757334709167,0.10470360517501831,"[0.21765809188430482, 0.02018510713530379, 0.0002952804546625032, 0.2753613036955208]","[0.04176272470011698, 0.007028823886391073, 0.0030681713693735623, 0.03906583144749943]",1
ragbench_Qwen2.5-1.5B-Instruct,340,340,pubmedqa,0.9513447284698486,200,0.8731839060783386,0.15770556032657623,"[0.272867748011397, 0.23450729821449046, 0.2296482468686645, 0.23334070744123436, -0.0036847725470789783]","[0.03824555672036581, 0.04280170520945504, 0.043695820151619956, 0.04535898047302439, 0.003397499285104004]",1
ragbench_Qwen2.5-1.5B-Instruct,341,341,pubmedqa,1.2581905126571655,155,0.13353842496871948,0.055579204112291336,"[0.05714905451253846, 0.062434029997041854, 0.08128399633635434, 0.053061551053202316, 0.018639478272711674]","[0.014959752751243246, 0.0067605824951866315, 0.007782682929828934, 0.00934963795026955, 0.01753575339989451]",1
ragbench_Qwen2.5-1.5B-Instruct,342,342,pubmedqa,1.0860950946807861,68,1.2876100540161133,0.16324791312217712,"[0.5834285368602035, 0.04542040972874287, 0.42409962466749945, -0.049097428893018706, -0.02469176002864515]","[0.06574557323728376, 0.015093314378220956, 0.04380915181870398, 0.012639297338214353, 0.0032232110337334315]",1
ragbench_Qwen2.5-1.5B-Instruct,343,343,pubmedqa,1.0775809288024902,200,0.7432094812393188,0.14784637093544006,"[0.34050907037114486, 0.3307114883057693, 0.033289527719257424, -0.002489469834265492]","[0.06574941892698433, 0.04963424711984473, 0.015846002129953973, 0.006930110364486168]",1
ragbench_Qwen2.5-1.5B-Instruct,344,344,pubmedqa,0.5940390229225159,200,0.47416168451309204,0.09420106559991837,"[0.049940717390712874, 0.36059511616837425, 0.09937536113049675, 0.01422324559365535, 0.007942873946383315]","[0.008792849002198865, 0.060695950320674825, 0.029124696192276377, 0.0032222626368870523, 0.0014367474535060154]",1
ragbench_Qwen2.5-1.5B-Instruct,345,345,pubmedqa,0.9180556535720825,200,0.7326164245605469,0.14160694181919098,"[0.2209712035953413, 0.5110698650297035, 0.007821643824992747, 0.0025261423074431377]","[0.05556174809603734, 0.08335876248378668, 0.0035089706267323706, 0.004064521778166554]",1
ragbench_Qwen2.5-1.5B-Instruct,346,346,pubmedqa,1.0177563428878784,200,0.7889080047607422,0.1636594533920288,"[-0.017730808051234705, 0.2775026722395171, 0.37619628091085244, -0.03388961871323829]","[0.014573979765916789, 0.08687307996340543, 0.05539799831633257, 0.005995879890314448]",1
ragbench_Qwen2.5-1.5B-Instruct,347,347,pubmedqa,0.7211437225341797,200,0.8460622429847717,0.18121246993541718,"[0.8964440300923888, 0.019441534798651218, 0.007812503047186965, 0.004304747424619677]","[0.17903358151450902, 0.004827246096866418, 0.002939913994892649, 0.0022687738203639894]",1
ragbench_Qwen2.5-1.5B-Instruct,348,348,pubmedqa,0.7349532842636108,200,1.1115370988845825,0.1858239322900772,"[-0.022225949304400958, 0.7236869696020495, 0.29792983920150845, 0.0034854363700583236, 0.003641145925279261]","[0.007607416634611255, 0.1178116650350924, 0.05803801802365342, 0.004239627473729186, 0.0018134095277556384]",1
ragbench_Qwen2.5-1.5B-Instruct,349,349,pubmedqa,0.9307527542114258,34,0.3852664828300476,0.1184675544500351,"[0.18962811411363553, 0.02345039722411671, -0.006691837827020208, 0.05393134094511504]","[0.06312293979740122, 0.0075260825802909975, 0.0041266553037610934, 0.003718882680840686]",1
ragbench_Qwen2.5-1.5B-Instruct,350,350,finqa,0.9385064840316772,46,0.29564329981803894,0.07626042515039444,"[0.041920233161343516, -0.026828191104275746, 0.02466818956473498, 0.30287199264441134]","[0.005642380850671118, 0.003974092625941486, 0.0028548373801957337, 0.07270069686328794]",1
ragbench_Qwen2.5-1.5B-Instruct,351,351,pubmedqa,0.7009208798408508,200,0.94951993227005,0.1754472553730011,"[0.08388802302713544, 0.6896637925232807, 0.09437473784097619, 0.09886105056935492, 0.021518688030588463]","[0.018831983092231486, 0.10053336497160205, 0.015329186759651794, 0.01913628990534445, 0.0034200164067785368]",1
ragbench_Qwen2.5-1.5B-Instruct,352,352,pubmedqa,1.277927041053772,79,0.20896662771701813,0.05883117392659187,"[-0.02014060637318121, 0.13251973413446913, 0.03501215344096889, 0.03206410495794777]","[0.0042924456743784955, 0.011458349054042985, 0.0035065794695612247, 0.001390353098037239]",1
ragbench_Qwen2.5-1.5B-Instruct,353,353,techqa,1.6387677192687988,200,0.025817958638072014,0.01444288995116949,"[0.016662430246699386, 0.005997453913312256, 0.0036478795178845756, 0.012832976400832195, 0.003771183085514167]","[0.0026962292005497444, 0.0006190373432024643, 0.0024124294889177732, 0.0016260362964571051, 0.0009116353997842275]",1
ragbench_Qwen2.5-1.5B-Instruct,354,354,pubmedqa,1.26768159866333,71,0.6809058785438538,0.11773529648780823,"[0.6507124044615972, 0.03840255073655371, 0.055536705509900496, 0.01574974668353245, 0.0037808933186272656]","[0.0784134558903838, 0.01240769550555073, 0.01564145771844554, 0.006240872004998661, 0.004296646457982859]",1
ragbench_Qwen2.5-1.5B-Instruct,355,355,pubmedqa,0.6514436602592468,200,0.6844376921653748,0.11141704767942429,"[0.41901564570102834, 0.25682063405458566, 0.001363119435042961, 0.0034772561445001317]","[0.055892572589883206, 0.04051515810876076, 0.002433168951131108, 0.0019303089244485428]",1
ragbench_Qwen2.5-1.5B-Instruct,356,356,pubmedqa,0.7247997522354126,200,1.1928387880325317,0.1976747363805771,"[0.988356926937231, 0.2954610425184569, -0.0044518264979348035, -0.004898334378273148]","[0.15282881132625278, 0.0505419439544557, 0.002808727338516803, 0.002447135344325417]",1
ragbench_Qwen2.5-1.5B-Instruct,357,357,pubmedqa,0.8897265791893005,200,0.3677428364753723,0.0848129466176033,"[-0.0038580275426841125, 0.1259283055359424, 0.11836846514921034, 0.11139858451011378, 0.00651642941522141]","[0.005702948224477211, 0.02766494945339275, 0.024075335476326672, 0.02049661494154215, 0.004216178132680781]",1
ragbench_Qwen2.5-1.5B-Instruct,358,358,pubmedqa,1.245212197303772,150,0.8843935132026672,0.1402873545885086,"[0.45259172285618204, 0.059424467895142545, 0.3208295532723408]","[0.07514232065494904, 0.025728487321379893, 0.0478100714718921]",1
ragbench_Qwen2.5-1.5B-Instruct,359,359,pubmedqa,0.6712195873260498,166,1.0167487859725952,0.1618991196155548,"[0.04702455661128955, 0.33403481984968586, 0.27331161442456836, 0.2760446816830376, 0.01636445222510487]","[0.013828414318695284, 0.061686066562920056, 0.039692841997343874, 0.033346391076312994, 0.004453613695699913]",1
ragbench_Qwen2.5-1.5B-Instruct,360,360,hotpotqa,0.6608086228370667,52,0.3069212734699249,0.06827449053525925,"[0.21569621652336607, 0.2939413271987038, 0.035010764280601646, 0.08025483989483571, 0.03929654330482453]","[0.023470633497475128, 0.04782844066485399, 0.007153503980677993, 0.010596375987444819, 0.00338674343325734]",1
ragbench_Qwen2.5-1.5B-Instruct,361,361,pubmedqa,0.7624185085296631,134,1.0019611120224,0.15217453241348267,"[0.24574521821956935, 0.47957115393518573, 0.004856931323861952, 0.21760685299716767, 0.0015914619531036546]","[0.03952884235021913, 0.058969545908377205, 0.006947780952178805, 0.041643013140294914, 0.006215676756752119]",1
ragbench_Qwen2.5-1.5B-Instruct,362,362,pubmedqa,0.7815009951591492,200,0.6887342929840088,0.1261156052350998,"[0.07163610530856204, 0.15734930281427154, 0.34649541543647616, 0.1298445971797372, -0.017730301899866845]","[0.01574529158349179, 0.01951260879528256, 0.04836938234100181, 0.03864759800396545, 0.010007475621389084]",1
ragbench_Qwen2.5-1.5B-Instruct,363,363,finqa,0.5843597650527954,162,0.14898331463336945,0.03559060022234917,"[0.13171972206119217, -0.00019906858744748822, -0.011075340800132071, -0.0028986353387928693, -0.013420577381010743]","[0.028736468974814834, 0.0022402133944412813, 0.0006263270567676865, 0.0008609043456280328, 0.001024723416246384]",1
ragbench_Qwen2.5-1.5B-Instruct,364,364,pubmedqa,0.924946129322052,200,1.5704700946807861,0.2514513432979584,"[0.6398675272099217, 0.27005157436906996, 0.21002063953687058, 0.161339058424653]","[0.10677740189578173, 0.050135391081739214, 0.04410170253335148, 0.02879017860682347]",1
ragbench_Qwen2.5-1.5B-Instruct,365,365,pubmedqa,0.6714656949043274,200,0.8047745227813721,0.16684554517269135,"[-0.009199403943703145, -0.016435221271768795, 0.12979235580943738, 0.18966774979311707, 0.42185071525992046]","[0.01224645978274534, 0.00724232697280863, 0.023312701133075323, 0.05787136584146188, 0.07821970596366108]",1
ragbench_Qwen2.5-1.5B-Instruct,366,366,finqa,0.8506109714508057,23,0.6067293286323547,0.13394470512866974,"[0.5684051329175734, 0.014459489631205899, 0.03052524259818829, 0.002929153007837316]","[0.13139041730688483, 0.0005828320841710197, 0.0029903375994150415, 0.001143003869342267]",1
ragbench_Qwen2.5-1.5B-Instruct,367,367,pubmedqa,1.042535662651062,200,0.8612426519393921,0.16888175904750824,"[0.4049108573665603, 0.23940593507051233, -0.0015172089368742192, 0.08443669207625579, 0.050603413262776654]","[0.08827108226097674, 0.03210193157151362, 0.004775485680128719, 0.027670180051111267, 0.006964750838059661]",1
ragbench_Qwen2.5-1.5B-Instruct,368,368,pubmedqa,0.9849673509597778,200,0.9517132639884949,0.16371214389801025,"[0.3269175590565828, 0.33955465865959694, 0.20836848155229518, -9.272534355204698e-05]","[0.06895228285031464, 0.06483490942958142, 0.03677958845860054, 0.003931672384358364]",1
ragbench_Qwen2.5-1.5B-Instruct,369,369,pubmedqa,0.7867550849914551,200,0.528052568435669,0.10200021415948868,"[0.0005237355028248203, 0.22217528710220677, 0.19600701701540174, -0.001142117664721809, 0.00741813361335403]","[0.006109150535902401, 0.0372327279278165, 0.037562825505118906, 0.004503581287180971, 0.002073500091136111]",1
ragbench_Qwen2.5-1.5B-Instruct,370,370,finqa,0.7731888294219971,155,0.23506036400794983,0.05638840049505234,"[-0.02981186742428338, 0.02061087378313518, 0.2174445599256468, -0.006839684887557767]","[0.0024191383254424915, 0.002056487604365444, 0.04690848410226306, 0.000802681385881266]",1
ragbench_Qwen2.5-1.5B-Instruct,371,371,pubmedqa,0.5701812505722046,75,0.5772970914840698,0.09358278661966324,"[0.1618379886479036, 0.2471563606098088, 0.07193883664991328, 0.01605708017259303, 0.007095007415189988]","[0.03397620508141706, 0.020102275864100204, 0.01536684757609109, 0.004159630136167583, 0.00360263972453905]",1
ragbench_Qwen2.5-1.5B-Instruct,372,372,pubmedqa,1.07229483127594,129,1.1669002771377563,0.21045558154582977,"[0.0018009311736301426, 0.17731370109011324, 0.15147721362119093, 0.9773128670837188]","[0.004505337527710321, 0.036685084322945, 0.026800294488476244, 0.14228764385670653]",1
ragbench_Qwen2.5-1.5B-Instruct,373,373,pubmedqa,0.8661297559738159,200,1.1828265190124512,0.19558340311050415,"[0.13819001571393982, 0.4755736718384378, 0.43547727739410164, -0.02913021716627668, 0.00012658199288409833]","[0.028946092421535105, 0.08088231684495426, 0.06127513745639524, 0.005061026694336377, 0.0019391022431916839]",1
ragbench_Qwen2.5-1.5B-Instruct,374,374,pubmedqa,1.058036208152771,77,1.0000256299972534,0.15818490087985992,"[0.13766671807112382, -0.004477878559366407, 0.1529783085513975, 0.21301209260491305]","[0.03391276936514413, 0.009603771590950851, 0.033157246305066036, 0.022082022597566583]",1
ragbench_Qwen2.5-1.5B-Instruct,375,375,pubmedqa,0.8115392327308655,200,1.1403930187225342,0.19302873313426971,"[0.845293219380435, 0.4362234758057275, 0.0663115115296182]","[0.1209553485913571, 0.06369207817062822, 0.01984699768043576]",1
ragbench_Qwen2.5-1.5B-Instruct,376,376,pubmedqa,0.8291502594947815,200,0.8416293859481812,0.1414463371038437,"[0.2713720218938307, 0.5898457478678977, 0.032418166056548896, 0.004718325081307171]","[0.04811796567929795, 0.08271978418471364, 0.003223529225391841, 0.0015291678634706907]",1
ragbench_Qwen2.5-1.5B-Instruct,377,377,finqa,1.731480598449707,51,0.21287648379802704,0.12023723125457764,"[0.036359517953493264, 0.08019159146547905, -0.04885925408733801, 0.0184753402919145, 0.02474900805945628]","[0.005959290700551648, 0.06456691397104752, 0.0078090899659725085, 0.0037675844468358444, 0.0038398912715084566]",1
ragbench_Qwen2.5-1.5B-Instruct,378,378,pubmedqa,1.0194416046142578,200,0.5136004090309143,0.10817784070968628,"[0.2632295794746864, 0.10160620684245714, 0.025019064548307598, 0.15247772677479587, 0.0037398075471230642]","[0.04875923985053653, 0.013597884637395872, 0.004907198671373685, 0.026953225036441247, 0.0034788128155853926]",1
ragbench_Qwen2.5-1.5B-Instruct,379,379,pubmedqa,0.4535266160964966,200,0.5727696418762207,0.10713902115821838,"[0.012557317014543514, 0.024912116775461613, -0.005368420040777124, 0.39691468544986735, -0.009063426321515777]","[0.007668167452598737, 0.007653826194429563, 0.0052675335315514535, 0.0807859580423754, 0.0021680255946021276]",1
ragbench_Qwen2.5-1.5B-Instruct,380,380,pubmedqa,0.4938984215259552,200,1.371025800704956,0.19735756516456604,"[0.6481200104950959, 0.5736858599664914, 0.2728434590740807]","[0.09219883882136745, 0.08371924295346808, 0.04325273545963742]",1
ragbench_Qwen2.5-1.5B-Instruct,381,381,techqa,0.9073594808578491,200,0.6155889630317688,0.09896717965602875,"[0.07220292707264889, 0.23028790974800814, 0.10440073384961124, 0.0030875906347614546, 0.01992146401307082]","[0.012486656356573178, 0.03283155778590242, 0.02501698301900163, 0.0030930125076505275, 0.005202234885676234]",1
ragbench_Qwen2.5-1.5B-Instruct,382,382,finqa,0.8169260025024414,61,0.03263776749372482,0.0901426374912262,"[0.0010291650445405601, 0.024063223411247715, 0.015006109641318722, 0.09935159747108062, -0.007480899317823089]","[0.0015608631045638764, 0.0008993275017403113, 0.0014631558913366148, 0.09238395584932613, 0.003193680210582353]",1
ragbench_Qwen2.5-1.5B-Instruct,383,383,pubmedqa,1.0139679908752441,200,0.797519862651825,0.1566096544265747,"[0.5113233777058553, 0.20946596982180382, 0.05956346231954058, 0.013839613791986949]","[0.09559558331272427, 0.04469506099580577, 0.0219599723812496, 0.010620567200008892]",1
ragbench_Qwen2.5-1.5B-Instruct,384,384,techqa,0.9787864685058594,200,0.5360890030860901,0.10738644748926163,"[0.5636737102503957, 0.030307771386551396, 0.018248062283596482, 0.013348669251245155, 0.018086393212597612]","[0.09733558562617191, 0.005593782883153438, 0.0032707800292425303, 0.0040871138360569145, 0.004544863108853008]",1
ragbench_Qwen2.5-1.5B-Instruct,385,385,pubmedqa,0.7293456196784973,200,1.1773930788040161,0.1762595772743225,"[0.8144268336253151, 0.27269882697147296, 0.0009035519671618886, -0.014129515123071314]","[0.11535949661413383, 0.041026133956380925, 0.002549855804762586, 0.0028141105276157496]",1
ragbench_Qwen2.5-1.5B-Instruct,386,386,pubmedqa,0.9431953430175781,98,0.8644305467605591,0.10716511309146881,"[0.053553735321218356, 0.03034671372131006, 0.4814169068476336, 0.01433035826951765]","[0.02264546370257769, 0.008975477929536981, 0.04464009711885083, 0.009844584743324223]",1
ragbench_Qwen2.5-1.5B-Instruct,387,387,pubmedqa,0.6827326416969299,152,1.1334301233291626,0.1865304410457611,"[0.3630019248089291, 0.5804299120347706, -0.02499971421054762, 0.3136436200270236]","[0.04200160250836367, 0.09486843861977153, 0.005468752169489177, 0.05907464223769048]",1
ragbench_Qwen2.5-1.5B-Instruct,388,388,pubmedqa,1.3863301277160645,69,0.4942944347858429,0.0992777943611145,"[0.019935220903585436, 0.09815467539326256, -0.020791004156044568, -0.007094039100675745, -0.047064618538118906]","[0.015354068753880068, 0.01992335765183137, 0.003460389407310596, 0.0058558363377581345, 0.0037123791859188173]",1
ragbench_Qwen2.5-1.5B-Instruct,389,389,pubmedqa,0.8477194309234619,200,0.9103519916534424,0.17676708102226257,"[0.3192821442719929, 0.38426286821848976, 0.2651331637306441, 0.06322573742316223, -0.004075282063669192]","[0.044395111825746486, 0.057555433154891346, 0.07290618896945965, 0.009909663873374832, 0.002343709432382468]",1
ragbench_Qwen2.5-1.5B-Instruct,390,390,pubmedqa,0.4864315390586853,200,1.387590765953064,0.2064201682806015,"[0.38833533697785527, 0.3343462038474357, 0.4920825011500088, 0.34465873358049803, 0.0075290177868065555]","[0.058841827676901076, 0.04358107932327605, 0.06393562490774325, 0.05111597914086225, 0.005491385361833956]",1
ragbench_Qwen2.5-1.5B-Instruct,391,391,pubmedqa,0.7017033100128174,200,1.1692352294921875,0.21405430138111115,"[0.1563947715326168, 0.2050418675556756, 0.4970899277276487, 0.4291256091506304, 0.0169841604159609]","[0.03689073922684809, 0.03847745341614356, 0.09984057412892099, 0.0650178811922528, 0.004303122175264767]",1
ragbench_Qwen2.5-1.5B-Instruct,392,392,pubmedqa,0.8063612580299377,200,0.9258659482002258,0.16668927669525146,"[0.2094697773041389, 0.22046538231276827, 0.43089165465880797, 0.1865712593952685]","[0.030051353191885292, 0.03516089121870656, 0.08596395127059508, 0.03127532229498513]",1
ragbench_Qwen2.5-1.5B-Instruct,393,393,pubmedqa,1.0770436525344849,85,1.1524250507354736,0.15621867775917053,"[0.38764234182616586, 0.14213903573844994, 0.11336703013615025, 0.22279369188815026, 0.010582887214909801]","[0.06401288274727823, 0.0209625722388249, 0.017185983352486372, 0.022047951583922174, 0.00218730060128377]",1
ragbench_Qwen2.5-1.5B-Instruct,394,394,pubmedqa,0.9312471747398376,150,0.7676758766174316,0.11784739047288895,"[0.05862668199906087, 0.3471791871685127, 0.3513259044429924, 0.015197463170291787]","[0.009646720886913656, 0.047794564818856314, 0.05001024894031962, 0.004012822277076916]",1
ragbench_Qwen2.5-1.5B-Instruct,395,395,pubmedqa,0.7262535095214844,200,1.034135341644287,0.19813546538352966,"[-0.010739363644611899, 0.4758315543871393, -0.011534080830836046, 0.3278887223013504, 0.3143086457114549]","[0.009331528169591756, 0.07403252910814588, 0.00481069944864025, 0.057939818147035214, 0.05072796827786497]",1
ragbench_Qwen2.5-1.5B-Instruct,396,396,hotpotqa,0.8256758451461792,36,0.8570225834846497,0.11287079751491547,"[0.8145506222394437, 0.028934818704631955, 0.00014620357756535264, 0.02923410067907955, 0.041666163956203185]","[0.09472567165196072, 0.002499894261474209, 0.0023272463343270524, 0.005632303030555224, 0.003159227736715151]",1
ragbench_Qwen2.5-1.5B-Instruct,397,397,pubmedqa,0.7994741797447205,200,0.8587306141853333,0.15019330382347107,"[0.2764861543182019, 0.3081637341972805, 0.25369892856291015, -0.003702103259852265, -0.0045943557570831215]","[0.051953263021464836, 0.04502390501885046, 0.03752260255880259, 0.004793394358735128, 0.0050552475411920735]",1
ragbench_Qwen2.5-1.5B-Instruct,398,398,pubmedqa,0.5938617587089539,200,1.0862648487091064,0.15934447944164276,"[0.615407319233571, 0.001167124298209501, -0.003919412125118811, -0.01887593078822249, 0.15755060195627493]","[0.08180953185067477, 0.005303231381319709, 0.003759674121294729, 0.0029325924238348833, 0.0370860748938021]",1
ragbench_Qwen2.5-1.5B-Instruct,399,399,hotpotqa,2.2265195846557617,12,2.031733751296997,0.21521784365177155,"[0.10425270351697691, -0.04846012442916011, 1.859626336527678, -0.10004614818171831, -0.05983799638973627]","[0.03648269986903566, 0.0062249515858638915, 0.1633238822516129, 0.009486583503682292, 0.009499718020833825]",1
ragbench_Qwen2.5-1.5B-Instruct,400,400,pubmedqa,0.5834322571754456,60,1.4561835527420044,0.2358936369419098,"[0.11188524605386192, 1.1696833830866733, 0.05131544259747898, 0.025890934183613958, 0.028136756456600173]","[0.014256367290875005, 0.16688337507908577, 0.0029734059497836065, 0.001282397826008245, 0.0011879587163633686]",0
ragbench_Qwen2.5-1.5B-Instruct,401,401,pubmedqa,1.3182430267333984,70,0.7271707057952881,0.11072103679180145,"[-0.08342637616377553, -0.03083528379681541, 0.044703573311068924, 0.2727135969771033, 0.1274920665216736]","[0.014426978218781425, 0.0025497260048565197, 0.01043004541839418, 0.036863420500820865, 0.011786560669857695]",0
ragbench_Qwen2.5-1.5B-Instruct,402,402,hotpotqa,0.46632927656173706,29,0.32957449555397034,0.0679648220539093,"[0.051278531419217774, 0.027720920191533313, 0.031982933634888716, 0.03661984114351385, 0.14201970556703222]","[0.004258479304662997, 0.0028761293530506246, 0.002541084536440802, 0.0024378516723157283, 0.02809549437996997]",0
ragbench_Qwen2.5-1.5B-Instruct,403,403,hotpotqa,1.4050899744033813,29,0.8380423188209534,0.1446562260389328,"[0.06882824707331722, 0.04568940115163498, -0.0034024598011895032, -0.03523040811511425, 0.030994354255261865]","[0.0291037340899681, 0.008034247936448396, 0.0035099727705183515, 0.010820821209224191, 0.002187408138199536]",0
ragbench_Qwen2.5-1.5B-Instruct,404,404,finqa,0.3707926273345947,200,0.18089736998081207,0.03749759867787361,"[-0.0058791569075845014, 0.1517325830947152, -0.008616687931561274, -0.007178750396186615, -0.0028479250182977013]","[0.0006409375130974126, 0.03245394864437202, 0.0008969915825312569, 0.0007179358989758455, 0.000583637551281484]",0
ragbench_Qwen2.5-1.5B-Instruct,405,405,finqa,0.4971243143081665,157,0.08955787867307663,0.03492475301027298,"[0.003278301592869466, 0.011292222450569529, 0.0067010093242982054, 0.012890911394935993, 0.0867423554828692]","[0.0009214860729160833, 0.0005374041900777512, 0.0005857935588215489, 0.000687210177901599, 0.023788987482329705]",0
ragbench_Qwen2.5-1.5B-Instruct,406,406,finqa,0.5975852012634277,200,0.04558170214295387,0.01137198694050312,"[0.013853772625047896, 0.0021802028422871446, 0.0059473831450441135, 0.024262670633638662, 0.04661322677603494]","[0.0010039970032826773, 0.0009340721107034256, 0.0012583907892634728, 0.0041231705495683, 0.00844999777653058]",0
ragbench_Qwen2.5-1.5B-Instruct,407,407,finqa,0.6603204011917114,121,0.3302765488624573,0.09513154625892639,"[0.009648780185599651, -0.02821218081306533, 0.07366298228950377, -0.005657196247036402]","[0.0037517372944404458, 0.001940982365182614, 0.05827809755333432, 0.004413564008029786]",0
ragbench_Qwen2.5-1.5B-Instruct,408,408,finqa,0.6590838432312012,182,0.0886375904083252,0.04248642176389694,"[-0.005535140315739657, 0.002126159648863964, -0.005671632942541871, 0.025639712760144342, 0.00653395425387726]","[0.0005710619004508936, 0.0009363322898646122, 0.0006702419830491903, 0.03170371993484833, 0.0007149576648437907]",0
ragbench_Qwen2.5-1.5B-Instruct,409,409,pubmedqa,0.7089175581932068,69,1.3782669305801392,0.21245603263378143,"[0.7896442042924043, -0.019781482031696898, 0.022883673786163457, 0.01615476819057037, -0.03929270559162261]","[0.09715216075124299, 0.003968303722091731, 0.007212140225652651, 0.0030997406192506023, 0.00224065521753588]",0
ragbench_Qwen2.5-1.5B-Instruct,410,410,pubmedqa,0.6672730445861816,200,0.8343525528907776,0.14317463338375092,"[0.5150641708343574, 0.4057599790794802, 0.010672211807607255, -0.00137239158118291]","[0.08505206032723521, 0.06649562908935618, 0.003827591945534259, 0.0014600383193781497]",0
ragbench_Qwen2.5-1.5B-Instruct,411,411,finqa,0.44688156247138977,159,0.16110017895698547,0.03624778985977173,"[0.006342311462858504, 0.00026178918418530504, -0.0073043313247735395, 0.14165621640079523, 0.0038151528304285805]","[0.0008061156183121757, 0.00019629711453403501, 0.0005116222352103179, 0.03381836038562816, 0.00044669307425461446]",0
ragbench_Qwen2.5-1.5B-Instruct,412,412,finqa,0.5767425298690796,148,0.2214365005493164,0.059164486825466156,"[-0.007075162897134487, -0.002149533204277762, 0.0016969528069058944, 0.10189821082277635, -0.008880815308324096]","[0.002260827300530395, 0.0010044219776047675, 0.0023610832867242294, 0.038457727690127654, 0.0017233528924955708]",0
ragbench_Qwen2.5-1.5B-Instruct,413,413,finqa,0.6850418448448181,102,0.4985589385032654,0.11342258751392365,"[-0.010161511292965003, 0.016010208428858332, 0.39997371193852566, 0.04049733017649594]","[0.003281333811424879, 0.0028318737102133564, 0.08672195027014484, 0.003159806732578077]",0
ragbench_Qwen2.5-1.5B-Instruct,414,414,finqa,0.5353274345397949,83,0.33033543825149536,0.10149234533309937,"[-0.007588426064462126, 0.013908386474857098, 0.01165778860447983, 0.006133996314967743, 0.26004949743236716]","[0.0022120685809996596, 0.000617314911062671, 0.0010090435080154904, 0.00032451586315522513, 0.08041115098451455]",0
ragbench_Qwen2.5-1.5B-Instruct,415,415,pubmedqa,1.1266913414001465,200,0.9452090263366699,0.16486744582653046,"[0.11284957682820732, 0.07257977420215866, -0.020931154645818423, 0.2898835312233814, 0.3516067169492635]","[0.028719584250872572, 0.014883336386575933, 0.008498351315206775, 0.037508682164331904, 0.0784529095651277]",0
ragbench_Qwen2.5-1.5B-Instruct,416,416,finqa,0.5218930840492249,200,0.37263843417167664,0.08732227236032486,"[0.008944356742933906, -0.0024841591200481616, 0.015522543964402757, 0.2693008543617617, 0.014284286900395954]","[0.0015812091688986384, 0.000938962339370768, 0.0030553221915201687, 0.06528005425139086, 0.0028657422225927044]",0
ragbench_Qwen2.5-1.5B-Instruct,417,417,finqa,1.1895896196365356,33,0.08072854578495026,0.02540409564971924,"[0.04484946172514163, 0.010345835061798425, -0.052199021222225965, 0.02643009041599781, 0.015818507129338424]","[0.0025988940114054708, 0.0008754056323503144, 0.023537714919774026, 0.0008584025667088016, 0.0011000928856805276]",0
ragbench_Qwen2.5-1.5B-Instruct,418,418,finqa,0.749485969543457,26,0.07305919378995895,0.04948361963033676,"[0.0408575377228212, -0.020720358515273592, -0.026478597855692405, 0.04222432162854462, 0.013077578697867956]","[0.006258334260844724, 0.008577825847527702, 0.027081156643598312, 0.003685178279379915, 0.0007895535908259122]",0
ragbench_Qwen2.5-1.5B-Instruct,419,419,pubmedqa,0.8123411536216736,200,1.1482326984405518,0.16566412150859833,"[0.27194336678568176, 0.26551941724776157, 0.007524005995495599, 0.6398581063331575, 0.00925640994923242]","[0.04887085750843059, 0.04858907639825286, 0.005118728533007477, 0.06512236178534878, 0.008400536807387499]",0
ragbench_Qwen2.5-1.5B-Instruct,420,420,techqa,1.078969120979309,194,0.011072501540184021,0.013223210349678993,"[-0.0007367498031637353, 0.006284536135691391, -0.0033900083236431716]","[0.0014338361516625885, 0.0005150372676929382, 0.00511874141831045]",0
ragbench_Qwen2.5-1.5B-Instruct,421,421,pubmedqa,0.7668234705924988,123,0.8671667575836182,0.12546342611312866,"[0.7970702439956379, 0.0006447167993373136, -0.007047584937036083, 0.015988480490795695]","[0.10669352066458064, 0.005231431854616225, 0.004249721452326086, 0.00466005265172898]",0
ragbench_Qwen2.5-1.5B-Instruct,422,422,pubmedqa,0.7079727649688721,200,0.9134161472320557,0.16502787172794342,"[0.4402863429423974, 0.20333806431665777, 0.18912635558282745, 0.20139628825188707]","[0.08509388913867155, 0.033406584801087574, 0.03357030554077042, 0.026686234519411975]",0
ragbench_Qwen2.5-1.5B-Instruct,423,423,finqa,0.6583802103996277,149,0.2245732545852661,0.06527870893478394,"[0.11118354523763409, 0.12887695208400643, -0.007345466916238505, 0.0045512629930700745, -0.0043830376692811715]","[0.015175480845022132, 0.046747857286651456, 0.0008699617987186889, 0.0011468193478932083, 0.0007953094044514285]",0
ragbench_Qwen2.5-1.5B-Instruct,424,424,hotpotqa,1.6807559728622437,25,1.670821189880371,0.18245212733745575,"[0.069660206882254, 0.3991806242027087, 0.19929584155470365, 1.7204766183556057, 0.08913039983075578]","[0.016781010218614938, 0.03469973745841344, 0.016870503971404105, 0.13424762046059185, 0.006757625915467997]",0
ragbench_Qwen2.5-1.5B-Instruct,425,425,finqa,0.6258113384246826,152,0.24590742588043213,0.0600837841629982,"[0.014298550665280255, 0.019637804115342754, 0.20274721815714034, 0.0002446771317002123, 0.005581247288307024]","[0.0013985786808890423, 0.0018988786996470932, 0.05199894825745345, 0.0008256678087546282, 0.0005901953475309085]",0
ragbench_Qwen2.5-1.5B-Instruct,426,426,pubmedqa,0.7420343160629272,200,0.8383908271789551,0.15105938911437988,"[0.1880664621666187, 0.02122795427891898, 0.30871724813793944, 0.13590969555786045]","[0.03463728577691956, 0.006077646845835707, 0.04217373874293836, 0.0327849257393045]",0
ragbench_Qwen2.5-1.5B-Instruct,427,427,finqa,0.4613630771636963,169,0.40173569321632385,0.0758400484919548,"[0.049153329939801454, 4.210299610177254e-05, 0.3026711162352222, -0.007367138835342674, -0.00379445712365775]","[0.005754137572092766, 0.0009865792275440886, 0.06284148097215009, 0.0010611754093449474, 0.001202031949366235]",0
ragbench_Qwen2.5-1.5B-Instruct,428,428,finqa,0.8453376293182373,61,0.5822373032569885,0.07949892431497574,"[0.6285632011009123, 0.00967884357538185, -0.03828469301793046, -0.028884543816647998, 0.010858928429667283]","[0.071468443057599, 0.001604668798894856, 0.0033867531340856807, 0.0029157936293623126, 0.0017608154646435107]",0
ragbench_Qwen2.5-1.5B-Instruct,429,429,finqa,1.195541501045227,20,0.6986079216003418,0.22158126533031464,"[0.03205101015410037, -0.019014899960711772, 0.4352405790705234, 0.039735893597753605]","[0.0019348182816202098, 0.0021809660851772605, 0.11530742517352337, 0.0019742628421511197]",0
ragbench_Qwen2.5-1.5B-Instruct,430,430,pubmedqa,1.0309250354766846,200,0.3037194311618805,0.07774977385997772,"[0.12321252571987426, 0.263856540932303, 0.01120229553912278, 0.01813443784793261, 0.018372693972062246]","[0.017987335083831723, 0.053503497339907724, 0.006857899179720928, 0.003865196828299542, 0.00840179259151709]",0
ragbench_Qwen2.5-1.5B-Instruct,431,431,pubmedqa,1.0487550497055054,112,1.12881600856781,0.16171815991401672,"[0.4831327914465159, 0.29876595369520537, 0.29218330700765754, -0.016060365626101105]","[0.06443898249110232, 0.06132589290937166, 0.04274923305197539, 0.004146580118132943]",0
ragbench_Qwen2.5-1.5B-Instruct,432,432,finqa,0.6048718690872192,155,0.22189433872699738,0.0664713904261589,"[-0.014031362630497634, 0.1375723113333181, 0.003247439877505683, -0.014651530801787034, -0.0126278074401134]","[0.0015509388722808955, 0.045675889334344785, 0.0017129795272115788, 0.0018050965422530443, 0.0005691725123329566]",0
ragbench_Qwen2.5-1.5B-Instruct,433,433,techqa,1.30564546585083,200,0.002196354791522026,0.016425911337137222,"[0.00012848080739786383, -0.0012256905343565449, 0.0005452336412054137, 0.009248066153004402, -0.002413108478504]","[0.002952310787100032, 0.0003411464701758859, 0.000289306811687311, 0.00108653608757578, 0.004315416702374932]",0
ragbench_Qwen2.5-1.5B-Instruct,434,434,finqa,0.6287681460380554,200,0.32629650831222534,0.09049547463655472,"[0.010256006623296798, 0.0015941304625243901, 0.006329534475853506, 0.2767528813452668, 0.030342479782210604]","[0.002024829564660848, 0.0010822729677813215, 0.003925494464808139, 0.06487277489458236, 0.00414849679965684]",0
ragbench_Qwen2.5-1.5B-Instruct,435,435,pubmedqa,1.527500867843628,188,0.5710594654083252,0.11458660662174225,"[0.22912828394514012, 0.1452341835216391, -0.003474068762907917, 0.039600371684695775, 0.09871383080880673]","[0.0427886056329837, 0.01958598409399859, 0.009033354554034343, 0.008231693721765933, 0.02120184169723174]",0
ragbench_Qwen2.5-1.5B-Instruct,436,436,hotpotqa,1.1916186809539795,17,0.5254296660423279,0.1203150749206543,"[0.10163980746052831, 0.38118559081853803, 0.05953851721663822, 0.06463823091540047, 0.03830452925681397]","[0.03650327490450924, 0.10407111178414104, 0.0015109246540920569, 0.0026321772735266626, 0.0013966007534127597]",0
ragbench_Qwen2.5-1.5B-Instruct,437,437,hotpotqa,0.4329449236392975,83,2.069364309310913,0.2982434332370758,"[0.025704740931940754, 0.005289964898846606, 0.4571558158800733, 1.5821167426102294]","[0.009926131404945521, 0.002430146452942509, 0.04840292208318636, 0.22131302548874615]",0
ragbench_Qwen2.5-1.5B-Instruct,438,438,pubmedqa,0.6806771755218506,123,1.032673954963684,0.18155072629451752,"[0.5814912966612477, 0.5557838409886456, -0.00099606373082106, -0.01957971486762552]","[0.11137090093337118, 0.07711558319678105, 0.004549796168561157, 0.004547071926783679]",0
ragbench_Qwen2.5-1.5B-Instruct,439,439,pubmedqa,0.46636471152305603,200,1.3006832599639893,0.21727336943149567,"[0.5631315802815001, 0.35629545842670324, 0.2873558199315843, 0.12065964122918896, -0.034723453976445204]","[0.08868505180115818, 0.06307762972590511, 0.06019968338049047, 0.021017507794952043, 0.00181174272576194]",0
ragbench_Qwen2.5-1.5B-Instruct,440,440,finqa,0.6422490477561951,148,0.5015643835067749,0.11083982139825821,"[0.514292167130001, 0.009599435984424615, -0.0018921633331218971, -0.009632314681926506, -0.003027890604858545]","[0.09986454306638771, 0.0017757153028919613, 0.001068208767191519, 0.001138328270446657, 0.0019082180250635675]",0
ragbench_Qwen2.5-1.5B-Instruct,441,441,finqa,0.8683196306228638,55,0.30941322445869446,0.09206913411617279,"[0.25318439448535424, 0.04086762526765762, 0.007265440309360697, 0.012050933607249383, 0.030320224293047267]","[0.06841417146254324, 0.0020396179154896677, 0.002821780792434807, 0.003262870860506113, 0.0026672776581108336]",0
ragbench_Qwen2.5-1.5B-Instruct,442,442,finqa,1.2239651679992676,100,0.40230828523635864,0.0740518793463707,"[0.07092106345747652, 0.059707681471390966, -0.06144970109238329, 0.0012895971014495445, -0.01417885611514521]","[0.011903826971862586, 0.010869845454613909, 0.0028320327806174816, 0.023338753597248286, 0.0009533988920792069]",0
ragbench_Qwen2.5-1.5B-Instruct,443,443,pubmedqa,1.0272825956344604,200,0.5903087854385376,0.12163229286670685,"[0.34482494048073475, 0.21139464443353972, 0.027769998693142953, 0.009799801015533375]","[0.05678336598438946, 0.042084710107300506, 0.009993198919419086, 0.004133739512027574]",0
ragbench_Qwen2.5-1.5B-Instruct,444,444,finqa,0.5215575695037842,200,0.5206779837608337,0.11343572288751602,"[-0.007604437368545405, -0.017921070850070463, -0.015157264301401484, -0.03083679799774245, 0.47428008813737504]","[0.0017848912367411174, 0.0009556394286238756, 0.0013387977084932956, 0.004669929994536304, 0.10077010703660833]",0
ragbench_Qwen2.5-1.5B-Instruct,445,445,finqa,0.8829438090324402,57,0.4864588677883148,0.1226867213845253,"[-0.07348763290693776, 0.42037906899873123, -0.020106027257370124, -0.0017993632945785577, -0.017304019784588537]","[0.03457278187506107, 0.0843807422437302, 0.00409823856439685, 0.0035476631956619918, 0.002674764468666225]",0
ragbench_Qwen2.5-1.5B-Instruct,446,446,finqa,0.5562859773635864,152,0.266531378030777,0.05447465553879738,"[0.20421864600579234, -0.0027214221688557187, -0.002992277800506085, -0.009473192078912151, -0.0003612881802776033]","[0.046471923341194474, 0.0009976760782163894, 0.0008974262821353525, 0.0008484465269445258, 0.0011076433401180715]",0
ragbench_Qwen2.5-1.5B-Instruct,447,447,covidqa,0.988649845123291,62,1.7739773988723755,0.2555508017539978,"[0.1451840176108333, -0.010333083873147629, 0.5975728446354027, 0.07443418677119905]","[0.06668329619044731, 0.01724637830660111, 0.04784912674566503, 0.007644144505818421]",0
ragbench_Qwen2.5-1.5B-Instruct,448,448,finqa,0.42116883397102356,122,0.4625263214111328,0.1028142049908638,"[0.007820446321356492, 0.3527934629356557, -0.0007571420760019672, 0.008150394504697987]","[0.003199976199965704, 0.08809871055519555, 0.0004969360425433456, 0.0008317865547963556]",0
ragbench_Qwen2.5-1.5B-Instruct,449,449,pubmedqa,0.9656079411506653,102,1.2259511947631836,0.21779362857341766,"[0.9094862070958376, 0.3015174178811268, -0.031649114577888604, -0.0005724727224863576]","[0.14261010170763505, 0.04949877176212202, 0.024706908319663122, 0.005396769804948836]",0
ragbench_Qwen2.5-1.5B-Instruct,450,450,covidqa,2.032728433609009,15,1.5001330375671387,0.26220718026161194,"[-0.25908874712573987, -0.2895840475335717, 1.4280274401108424]","[0.036074749027223636, 0.020500141329830513, 0.19394585807652523]",0
ragbench_Qwen2.5-1.5B-Instruct,451,451,pubmedqa,0.7410709857940674,200,0.8203136920928955,0.1574142575263977,"[0.015228077599485914, 0.2719146970720101, 0.5116144873658829]","[0.006748035589843759, 0.04778564206899972, 0.09036025467148484]",0
ragbench_Qwen2.5-1.5B-Instruct,453,453,finqa,0.6360786557197571,107,0.18887464702129364,0.060284197330474854,"[-0.012154082927587705, -0.010870429554749374, 0.0662757884722587, 0.10889003770720354, 0.016867604111603127]","[0.0018559296708876602, 0.0015302231128469102, 0.015118425598617063, 0.03393721454538097, 0.0012306462182052294]",0
ragbench_Qwen2.5-1.5B-Instruct,454,454,pubmedqa,1.0529367923736572,115,0.5318228602409363,0.10696552693843842,"[0.028910624823593817, -0.012462681719066298, 0.14664023384032232, 0.018644261393542957, 0.2446579639493156]","[0.02009503035958429, 0.00746452418433943, 0.03465082132431529, 0.007603392167019051, 0.040883795510918024]",0
ragbench_Qwen2.5-1.5B-Instruct,455,455,finqa,0.5918096899986267,86,0.8896157145500183,0.20826417207717896,"[0.5394802206338618, 0.012767201534484757, 0.055618989669023164, 0.02253787953467572]","[0.1435517366272073, 0.001771348642610712, 0.0032554486665797777, 0.0017104212939662424]",0
ragbench_Qwen2.5-1.5B-Instruct,456,456,finqa,1.218519926071167,46,0.3358004689216614,0.08730708062648773,"[0.2056599810010717, -0.01605042623158743, -0.03889751838181363, -0.03019476134008785, -0.02526406549229606]","[0.06982192146361522, 0.004901656595816052, 0.0036677012694398222, 0.004855903917312726, 0.0024277353985726418]",0
ragbench_Qwen2.5-1.5B-Instruct,457,457,finqa,0.6431131958961487,176,0.3832719027996063,0.09021206200122833,"[0.0014378333572567085, -0.006851635360941476, 0.023875047950740094, 0.20335122477918202, -0.0036773854697881607]","[0.001195883235311047, 0.001018023143039428, 0.009066089239522639, 0.05284034078412183, 0.0013951049225572635]",0
ragbench_Qwen2.5-1.5B-Instruct,458,458,pubmedqa,0.40443068742752075,200,1.4526878595352173,0.21681299805641174,"[0.5904326363672806, -0.008875639912450878, 0.8880184443204354, -0.0005293447776614357]","[0.08435029827727092, 0.008524545220537617, 0.13330447609378357, 0.003280179271874246]",0
ragbench_Qwen2.5-1.5B-Instruct,459,459,hotpotqa,1.0339667797088623,22,0.20471177995204926,0.030586548149585724,"[0.04613274600970643, 0.009911407179474323, 0.045350704709893434, -0.003899920875979164, 0.04086943374832944]","[0.005915221458487643, 0.007104573351253665, 0.010039832316630798, 0.015407585121010925, 0.0026361298284365894]",0
ragbench_Qwen2.5-1.5B-Instruct,460,460,pubmedqa,0.8444483876228333,200,0.5978434085845947,0.12530651688575745,"[0.3635124602097062, 0.1814765075732987, -0.023556132079953614, -0.006069372437046923, -0.034849069035602726]","[0.07828014280041913, 0.03455139391409464, 0.007720210130436413, 0.002955567191121062, 0.0029701408872415415]",0
ragbench_Qwen2.5-1.5B-Instruct,461,461,pubmedqa,0.47990304231643677,110,1.6595733165740967,0.2414834052324295,"[0.015096480426041125, 1.3205334725820153, 0.4468126646444034, 0.008230041670479048, 0.004149634107102429]","[0.004835968464136962, 0.172148803585498, 0.0627991511668792, 0.0017396379756392704, 0.0021471618280311977]",0
ragbench_Qwen2.5-1.5B-Instruct,462,462,pubmedqa,0.9281114339828491,200,0.7993431687355042,0.13079994916915894,"[0.42509786286160534, 0.17868247036310095, 0.17711291752886382, 0.007715841620004085, -0.002260940578305508]","[0.07229888855125693, 0.034085711386054526, 0.028058175076219882, 0.0031003557638231882, 0.003228470124215335]",0
ragbench_Qwen2.5-1.5B-Instruct,463,463,hotpotqa,0.8225493431091309,23,0.620695948600769,0.152423694729805,"[0.06292915802655245, 0.007444240792171078, 0.7513844061803588, 0.03685781464177442, 0.0009156282426176957]","[0.005760669469235263, 0.004209087939458463, 0.14910345916152198, 0.0028717221530512134, 0.0016359601810731676]",0
ragbench_Qwen2.5-1.5B-Instruct,464,464,finqa,0.4832471013069153,200,0.11793546378612518,0.039893798530101776,"[0.06793721322495458, 0.0005411381464227816, 0.0001296309067333823, -0.006179777019840457, 0.0004648204289401292]","[0.03895428228580727, 0.0003734529114937857, 0.000681889289353208, 0.0006067859612598881, 0.0004825109385105009]",0
ragbench_Qwen2.5-1.5B-Instruct,465,465,finqa,0.4831414818763733,200,0.19145895540714264,0.04745040088891983,"[0.0001010347088697472, -0.0035722664404192984, 0.1211911498250167, -0.006024299707080445, -0.0070378784836065125]","[0.0027068244757840177, 0.0012216341480843695, 0.036094110617112936, 0.0013664187280301122, 0.0006355294342353801]",0
ragbench_Qwen2.5-1.5B-Instruct,466,466,finqa,0.6118378043174744,65,0.42947104573249817,0.08050936460494995,"[0.40153647769229794, 0.009351257383482685, 0.015965372431674042, 0.00837545439907829, 0.020043155034685557]","[0.0809410951670021, 0.0008529356525676016, 0.0010173365475480978, 0.001394491147774838, 0.0024834172580713043]",0
ragbench_Qwen2.5-1.5B-Instruct,467,467,hotpotqa,0.2547908127307892,34,0.5027920007705688,0.10215865075588226,"[0.010749901334828097, 0.5397122885410414, 0.0448824789670171, 0.044679859344208074, 0.03927076191575907]","[0.013757077419116366, 0.07419637877019876, 0.004471660447343595, 0.00587843123753833, 0.004889657090726457]",0
ragbench_Qwen2.5-1.5B-Instruct,468,468,hotpotqa,1.3065539598464966,27,1.0286262035369873,0.20345249772071838,"[0.024021484120533353, 0.03483357895843424, 0.4404127160566902, 0.10189832034369896]","[0.00395673419766522, 0.003915782030617265, 0.1171076711111204, 0.01576393342241789]",0
ragbench_Qwen2.5-1.5B-Instruct,469,469,finqa,0.7286834120750427,36,0.7233003377914429,0.14030838012695312,"[0.18679382145880177, 0.5644441462352714, 0.017233858155931456, 0.017500449179654726, 0.011384106301092187]","[0.035522291551098796, 0.12671895191371935, 0.006615915155855924, 0.005677567704802457, 0.004970824247589039]",0
ragbench_Qwen2.5-1.5B-Instruct,470,470,finqa,0.6175544261932373,104,0.23039957880973816,0.05749573931097984,"[-0.008796235370762307, -0.0030749804371995337, -0.0015655113177873458, 0.1966927582124815]","[0.004335289871603502, 0.002361624776748309, 0.0014209210294572254, 0.05210140304003566]",0
ragbench_Qwen2.5-1.5B-Instruct,471,471,pubmedqa,0.9905731081962585,81,1.2376574277877808,0.15379831194877625,"[0.2466698109073273, 0.8907151388518769, 0.055797834653422335, 0.0027991790390090353, 0.020283270119009867]","[0.039297008588306426, 0.10554918902750275, 0.006973146305445553, 0.0027338756331624203, 0.0021526887392826983]",0
ragbench_Qwen2.5-1.5B-Instruct,472,472,finqa,0.6021450757980347,176,0.2776928246021271,0.04614792764186859,"[0.1941877747057209, -0.01375782809381576, -0.018629156336057984, -0.010810878589877343, -0.008177422981371503]","[0.04059730933123908, 0.00042670975488140977, 0.0007389553194391981, 0.0004704319739919007, 0.00028371480147578024]",0
ragbench_Qwen2.5-1.5B-Instruct,473,473,finqa,0.8694698214530945,160,0.5853938460350037,0.1298956722021103,"[0.010443272598172371, -0.013919554188146322, 0.019372461636430673, 0.4920999751200725, -0.00436358861932149]","[0.0016029848152129488, 0.004006763285794435, 0.003493566545533433, 0.10942697967605, 0.0007297173642058397]",0
ragbench_Qwen2.5-1.5B-Instruct,474,474,pubmedqa,0.6729506254196167,65,0.792959451675415,0.12206068634986877,"[0.794217005768337, -0.012119243507987239, 0.02075914984392022, -0.015096505013639216, -0.005531590635300395]","[0.09846714070337677, 0.008818070558265844, 0.003662470737820091, 0.0028061327943830223, 0.0030830039995320335]",0
ragbench_Qwen2.5-1.5B-Instruct,475,475,pubmedqa,0.6634376645088196,200,1.710078477859497,0.24881723523139954,"[0.6269243560607992, 0.7172229221669159, -0.015425995442133172, 0.002143954537291393]","[0.0798201756127908, 0.11284791685822768, 0.004552892854286786, 0.007361573728356632]",0
ragbench_Qwen2.5-1.5B-Instruct,476,476,finqa,0.6130419373512268,112,0.5247549414634705,0.08514939248561859,"[-0.014485896948924295, -0.025658707596254056, 0.2194380649220875, -0.005016748009812285, 0.00978119615045411]","[0.0008582160897444727, 0.0009389621498941482, 0.0447894062039284, 0.0007491927311004279, 0.0004334981338526437]",0
ragbench_Qwen2.5-1.5B-Instruct,477,477,pubmedqa,0.5717434883117676,200,0.8045515418052673,0.14255215227603912,"[0.26542823309350355, 0.42936897365048027, -0.007870444453440656, -0.006329007798984776]","[0.049720805730170736, 0.07296842647751589, 0.00204576931136387, 0.0009852726695018532]",0
ragbench_Qwen2.5-1.5B-Instruct,478,478,finqa,0.4515222907066345,200,0.1955476701259613,0.04030020534992218,"[0.135255624700776, -0.003861718253510844, -0.0011456114773432092, -0.002604270469230414, -0.0005406309939803577]","[0.037723092883977925, 0.00025803394131415305, 0.00021877792167131815, 0.0001857120332311979, 0.0002313823696890438]",0
ragbench_Qwen2.5-1.5B-Instruct,479,479,finqa,0.5009373426437378,54,0.5222797989845276,0.1521967053413391,"[0.007267272022006553, -0.010128879648753489, 0.6646661152402279, 0.027013341750295728, 0.004393661335000245]","[0.0013831172916246293, 0.004060710324133588, 0.1507211301238703, 0.0006654393642375251, 0.0006451527175375691]",0
ragbench_Qwen2.5-1.5B-Instruct,480,480,pubmedqa,0.7321306467056274,200,1.2050436735153198,0.20069438219070435,"[0.46219057852484524, 0.4264161259320497, 0.3331271863622692, 0.012270109667496315]","[0.06530840496379454, 0.06825670917898495, 0.05692619473761347, 0.006074090909544658]",0
ragbench_Qwen2.5-1.5B-Instruct,481,481,delucionqa,0.8385855555534363,85,1.1427761316299438,0.1481214016675949,"[-0.07379923063402684, 0.7185664554044385, 0.014146297990806916, -0.02893396819820148, -0.037420901040594104]","[0.009834115373129247, 0.09776555467705132, 0.007300482039229404, 0.0034088093407058963, 0.0039003923735054635]",0
ragbench_Qwen2.5-1.5B-Instruct,482,482,pubmedqa,0.5099612474441528,200,0.9714697003364563,0.17263546586036682,"[0.6675508535527372, 0.23624046237386806, -0.019587391050568784, -0.012711086790352938, -0.007020286039345649]","[0.09783330962392141, 0.056529298766175, 0.0026764918232356828, 0.001914913186470475, 0.0021228558166152566]",0
ragbench_Qwen2.5-1.5B-Instruct,483,483,finqa,0.5126193761825562,200,0.10544915497303009,0.033256206661462784,"[-0.001562176102355579, 0.09901981305526533, 0.006020072894837085, -0.0030919111095272455, 0.0028051570256911874]","[0.0007279745662359006, 0.02610092788865657, 0.0002579935314210502, 0.000361873200070022, 0.00022040041876607573]",0
ragbench_Qwen2.5-1.5B-Instruct,484,484,pubmedqa,1.1976314783096313,110,1.5003726482391357,0.23499795794487,"[0.20716107236833275, 1.0660927360159058, 0.08255177782686422, 0.011438095102692553]","[0.038698704367615216, 0.16197954726789746, 0.02592792699690162, 0.008261446124597362]",0
ragbench_Qwen2.5-1.5B-Instruct,485,485,hotpotqa,0.7253832817077637,54,1.4018220901489258,0.19450664520263672,"[0.11922129929863096, 0.025563729840440728, 0.2114607542093499, 1.2833816941812175]","[0.013887169163029756, 0.004264474592037583, 0.03998493101940531, 0.14454183119746464]",0
ragbench_Qwen2.5-1.5B-Instruct,486,486,pubmedqa,0.8282944560050964,181,0.8702585697174072,0.15200090408325195,"[0.17229849799917127, 0.0038302695570058914, 0.7138901768210989, 0.012077555610830376]","[0.04412716230994758, 0.0051289486331959, 0.09061753420868854, 0.003546208881708934]",0
ragbench_Qwen2.5-1.5B-Instruct,487,487,pubmedqa,0.7267000079154968,200,0.7045691609382629,0.14007985591888428,"[0.44976120647079143, 0.34386035371790513, 0.02500446677667412, 0.02724622615573651, 0.03531946416148912]","[0.08324860723412847, 0.04637257678246261, 0.009785025442600013, 0.004274911660755673, 0.005162594924792714]",0
ragbench_Qwen2.5-1.5B-Instruct,488,488,finqa,0.5705912113189697,200,0.7176788449287415,0.13239125907421112,"[-0.001677827757073942, -0.00915097494153315, 0.5093322421364587, -0.01770485874476435, -0.01038398864115436]","[0.0024056934848901788, 0.002387900951724973, 0.09691476218254745, 0.002269185323656444, 0.0007576326615934903]",0
ragbench_Qwen2.5-1.5B-Instruct,489,489,finqa,0.5524911284446716,112,-0.019396629184484482,0.024036124348640442,"[-0.01957762211528851, 0.026144541018473837, -0.005383181581643319, 0.001176447897007295, 0.003149375452429532]","[0.0011666840912104095, 0.015127914420804902, 0.0008907648091032172, 0.0006491610331461775, 0.0005286094912112357]",0
ragbench_Qwen2.5-1.5B-Instruct,490,490,pubmedqa,1.0681865215301514,100,0.4577499330043793,0.11717084795236588,"[0.13299096144834416, 0.25290363443009994, 0.023869358008015026, -0.013019655568922985]","[0.04215017105006989, 0.03080723576782937, 0.011665989549428595, 0.002495288906452053]",0
ragbench_Qwen2.5-1.5B-Instruct,491,491,covidqa,1.1570789813995361,58,0.7093303799629211,0.1757608950138092,"[0.2847338641255066, 0.04539142111828149, 0.02331490345411645, 0.001709962697250062, 0.035181962660160555]","[0.10315931456289977, 0.04266086763871515, 0.0030830203558848707, 0.001810905736749254, 0.007103185956989834]",0
ragbench_Qwen2.5-1.5B-Instruct,492,492,pubmedqa,0.6883300542831421,200,0.8615466356277466,0.14750689268112183,"[0.36795073343082324, 0.2958850899696881, 0.16885449628229707, -0.004504667809767398, 0.0016290846389051695]","[0.0621085122326997, 0.05999960591552323, 0.0346167588711964, 0.0015854311766058515, 0.0035915798087816954]",0
ragbench_Qwen2.5-1.5B-Instruct,493,493,pubmedqa,0.4905325174331665,119,0.978999674320221,0.18681012094020844,"[0.3734978495129621, 0.011288239461482073, -0.00870139986466304, 0.00074796858138632, 0.004415318209211585]","[0.05893141972878615, 0.0036097739042379594, 0.001631370453878695, 0.0017096816893485156, 0.002578331175342941]",0
ragbench_Qwen2.5-1.5B-Instruct,494,494,finqa,0.4352676570415497,141,0.17852702736854553,0.039420079439878464,"[-0.005650045369196611, 0.0013133750312139042, -0.01615426460846475, 0.10900140238961885, -0.008235657252601846]","[0.0004505147558200999, 0.000926177010697617, 0.0007708993586241019, 0.030360138835017612, 0.0007213159176533298]",0
ragbench_Qwen2.5-1.5B-Instruct,495,495,pubmedqa,1.1062343120574951,68,1.220127820968628,0.17664304375648499,"[0.6881747611606603, -0.007453289138913319, 0.026424564452848725, 0.019722385053789954]","[0.09830593558452914, 0.00910318665987287, 0.011133836399387613, 0.0046895439138284825]",0
ragbench_Qwen2.5-1.5B-Instruct,496,496,covidqa,1.6995817422866821,17,0.27408578991889954,0.22405481338500977,"[-0.21835449927868253, 0.3590885534307317, -0.03187673009490348, -0.08096214710787857, -0.04452009841342635]","[0.06673776395960243, 0.11392546727609656, 0.002047013784998425, 0.009027400372862275, 0.006096962379963182]",0
ragbench_Qwen2.5-1.5B-Instruct,497,497,pubmedqa,0.8886362910270691,174,0.3547910749912262,0.09677779674530029,"[0.0389998872039604, 0.11262945785457218, -0.007741592772855706, 0.030379504563634536]","[0.007746489093817012, 0.04168523737824794, 0.0027387143308757063, 0.004057363471878743]",0
ragbench_Qwen2.5-1.5B-Instruct,498,498,finqa,0.5368682742118835,171,0.13235478103160858,0.05370134115219116,"[0.002320899099996171, -0.006495366150678213, 0.11069023590360566, -0.0004084857404202985, -0.012198187137629348]","[0.002113776233076509, 0.0011935211020562486, 0.04503851616875563, 0.0024769248059243907, 0.0014883376047036992]",0
ragbench_Qwen2.5-1.5B-Instruct,499,499,pubmedqa,0.9180524349212646,24,0.7472321391105652,0.10905290395021439,"[1.0048650053916692, 0.022408065738697285, 0.051649819688767216, 0.07023784232569596, 0.07712064408891213]","[0.05435291319463431, 0.0017953260967639533, 0.0015040578557545814, 0.0037357399287998305, 0.003937486436105549]",0
ragbench_Qwen2.5-1.5B-Instruct,500,500,finqa,0.6990755796432495,86,0.3133239150047302,0.0951431542634964,"[-0.0014051633253986601, -0.0045122778834394105, 0.005664887470504511, 0.3837133326221065, -0.008994683648301874]","[0.0028704880834589984, 0.0018410399191230843, 0.0020843371870940142, 0.09422936193132547, 0.004164949404903521]",0
ragbench_Qwen2.5-1.5B-Instruct,501,501,finqa,0.6536235213279724,141,0.10349268466234207,0.05884173884987831,"[0.0071570163251332515, 0.013485311692959112, -0.005468625430462162, 0.06412217797165111, -0.0018696504392384204]","[0.0011680519054115997, 0.0016992285180272959, 0.002113635654195395, 0.03586658970574865, 0.0019351713674513982]",0
ragbench_Qwen2.5-1.5B-Instruct,502,502,pubmedqa,1.128514289855957,110,1.1202131509780884,0.2087806761264801,"[0.6822887365453467, 0.45555829051598434, -0.010473672883447513, -0.009417761406273878, 0.0007651007269900716]","[0.12945598451461898, 0.07503681054717659, 0.004184716641904984, 0.0037703973329856473, 0.0037049121641158224]",0
ragbench_Qwen2.5-1.5B-Instruct,503,503,finqa,0.39170029759407043,188,0.19667233526706696,0.04192732274532318,"[-0.009748876034237543, 0.16399106561229299, -0.006833003336176242, -0.014892773671542098]","[0.0010386315799251105, 0.03672914894198335, 0.0007207478454628631, 0.0006460531296435924]",0
ragbench_Qwen2.5-1.5B-Instruct,504,504,covidqa,0.9932603240013123,27,2.1491644382476807,0.24700774252414703,"[0.028400024843803193, 1.6199731113458122, 0.07210657615063677, 0.089274580347895, 0.013598787474890102]","[0.021418617118477548, 0.19547008902170798, 0.027230126729052614, 0.01908164680819229, 0.010730858839519054]",0
ragbench_Qwen2.5-1.5B-Instruct,505,505,pubmedqa,0.8688595294952393,200,0.7089013457298279,0.14505912363529205,"[0.05405446831613801, 0.24497141278751894, 0.117284710212259, 0.11755770129961875, 0.018368755953483317]","[0.0058384124272189905, 0.036691459026830485, 0.027386910956890703, 0.03535693713782873, 0.002268597442849867]",0
ragbench_Qwen2.5-1.5B-Instruct,506,506,finqa,0.5421833992004395,200,0.08501940965652466,0.017681945115327835,"[-0.00715867105266625, -0.012376254129856079, -0.006503517238959375, -0.006429096147016935, -0.005423444201830989]","[0.0018892791020270038, 0.0012446066107426644, 0.00025257235678793677, 0.00018787866559563326, 0.0003382590479881742]",0
ragbench_Qwen2.5-1.5B-Instruct,507,507,pubmedqa,0.8126934766769409,179,0.6032060980796814,0.11005908995866776,"[0.17641071579256676, 0.05994411697592667, 0.0041966544595705875, 0.0639936336074465, 0.2773654682795465]","[0.04028412143649175, 0.020009968176579022, 0.007233847691347918, 0.015666387998615375, 0.03602523658067816]",0
ragbench_Qwen2.5-1.5B-Instruct,508,508,finqa,0.8202331066131592,88,0.5033693313598633,0.09491606056690216,"[0.04131125598441217, 0.02187684406044871, 0.02272728535788815, 0.02706923231398212, 0.4791210649332656]","[0.001996465156587135, 0.0011158081696197282, 0.00180825013739168, 0.012683929009646018, 0.0769726488853209]",0
ragbench_Qwen2.5-1.5B-Instruct,509,509,pubmedqa,0.8986021280288696,113,0.5878521800041199,0.12146330624818802,"[0.032129951477474356, 0.0031740509610484217, 0.10390781524502339, 0.1988638580871421, -0.014513819698707877]","[0.016079684769786814, 0.0065036626811715535, 0.03141907782571754, 0.034869860504062336, 0.005594817716355802]",0
ragbench_Qwen2.5-1.5B-Instruct,510,510,finqa,0.6775907278060913,157,0.16899755597114563,0.04891075938940048,"[0.010601207837553259, 0.024364149877085295, 0.017208715532259628, 0.06284051957612927, 0.007445624235758729]","[0.0012839293182518577, 0.0019640831140815087, 0.00262364882718492, 0.031047957088627343, 0.0013953525694337173]",0
ragbench_Qwen2.5-1.5B-Instruct,511,511,pubmedqa,0.7798548936843872,158,0.39479154348373413,0.09901886433362961,"[0.1884705884990437, 0.2584811049010378, 0.03237387973279185, 0.020762794645239824]","[0.04190093887557921, 0.0400609319409491, 0.004084818274786744, 0.0026818250064503182]",0
ragbench_Qwen2.5-1.5B-Instruct,512,512,techqa,1.9516966342926025,200,-0.04907111078500748,0.01923990808427334,"[-0.028170923972652417, -0.01323045184437433, 0.0009495995830093307, -0.005956718278412154]","[0.004565034636594305, 0.0015874011390840791, 0.0014700601501760958, 0.003112533725261812]",0
ragbench_Qwen2.5-1.5B-Instruct,513,513,pubmedqa,0.8754040598869324,200,1.180869221687317,0.18970035016536713,"[0.021430664506583527, 0.35059108636989206, 0.6713111803727224, 0.13386462367794594, -0.009715038713637795]","[0.009113177825832536, 0.07117016079696512, 0.09308857600464022, 0.020114724205091222, 0.0036386349943526852]",0
ragbench_Qwen2.5-1.5B-Instruct,514,514,finqa,0.5720542073249817,200,0.14285100996494293,0.03633484989404678,"[0.01558062324629077, -0.0034492343313013408, -0.0023821582393611608, -0.008266610514690456, 0.0950217935585124]","[0.004633968302196223, 0.002485684711234484, 0.0006231183168361554, 0.0005165984830324533, 0.017582720231884393]",0
ragbench_Qwen2.5-1.5B-Instruct,515,515,finqa,0.575873613357544,73,0.19194309413433075,0.07481079548597336,"[0.008300494755904728, 0.011766711444031226, 0.024748981914094095, 0.02284407100566182, 0.18568860549158384]","[0.0008485894746107153, 0.0004158977170832664, 0.0006438313893709133, 0.000603052100695685, 0.06983551453085327]",0
ragbench_Qwen2.5-1.5B-Instruct,516,516,finqa,1.049216866493225,64,0.7110798358917236,0.13051392138004303,"[0.5230549096957304, 0.13026533502827675, 0.02195936693097167, 0.027576200296614672, 0.01781312719955963]","[0.09540541800775504, 0.019134650844242707, 0.0014081197672255463, 0.0031712493887270377, 0.0008395594280399266]",0
ragbench_Qwen2.5-1.5B-Instruct,517,517,finqa,0.7581188082695007,69,0.2757182717323303,0.06565508246421814,"[0.25755937524566735, 0.017972934546813358, 0.025312274877501626, 0.003740583925758509]","[0.0613163907608567, 0.0017891464810576429, 0.000814848954950901, 0.0016064657157075374]",0
ragbench_Qwen2.5-1.5B-Instruct,518,518,finqa,0.5048247575759888,142,0.04728379845619202,0.016516536474227905,"[-0.012466345468813185, 0.0007654885986568561, 0.0031960518308807597, 0.0040694494923979915, -0.008860706689478652]","[0.004177559160964361, 0.000136985646016731, 0.00019526471030723104, 0.0003658844273843042, 0.0059649754294272194]",0
ragbench_Qwen2.5-1.5B-Instruct,519,519,pubmedqa,0.6350148320198059,127,0.8889889121055603,0.14124538004398346,"[0.1844532931851192, 0.1587588793322252, 0.612727558273534, 0.005201641003196979, -0.009737331753670541]","[0.029335424609077714, 0.02295751378813817, 0.08554927059360665, 0.002122286501084651, 0.0028579616769587846]",0
ragbench_Qwen2.5-1.5B-Instruct,520,520,pubmedqa,0.9209529757499695,200,0.38138920068740845,0.10068277269601822,"[0.40384624683840004, -0.026374162696654366, 0.010662068829095688, -0.043446928940849144]","[0.08285295122732052, 0.008152341000799375, 0.0059133173534067045, 0.0047524053658424496]",0
ragbench_Qwen2.5-1.5B-Instruct,521,521,finqa,0.49934348464012146,152,0.2700871527194977,0.045664843171834946,"[0.07531889937710527, 0.09820190720782755, 0.007892482917043253, -0.0016973916492618532, 0.007129849924790745]","[0.010794772955805823, 0.015934297458058883, 0.0005536018401947354, 0.0006767561868757056, 0.0013870929856495114]",0
ragbench_Qwen2.5-1.5B-Instruct,522,522,techqa,1.5131193399429321,191,0.40915340185165405,0.08775505423545837,"[0.0003531059752771855, -0.0032655730494919447, -0.00694829558659976, 0.13930042374217014, 0.0026015358938432927]","[0.00746679559631175, 0.001392865274511438, 0.016607679958262584, 0.020207041579048325, 0.0068755092606343484]",0
ragbench_Qwen2.5-1.5B-Instruct,523,523,pubmedqa,0.7437512874603271,200,1.134101390838623,0.19099032878875732,"[0.6746898567357528, 0.4736964794102391, -0.011185613352676, -0.0069308296604191355]","[0.13690953078387963, 0.06873790299142683, 0.0015629477972726668, 0.0019192724240155235]",0
ragbench_Qwen2.5-1.5B-Instruct,524,524,finqa,0.4924141764640808,200,0.3286697268486023,0.05620100349187851,"[0.001455690334471882, -0.004949090577742083, 0.3398002990385754, -0.0136857690847026, -0.00946627190921518]","[0.00044802351934400517, 0.0004960656788605178, 0.052595282451968754, 0.0012145604770081775, 0.0007023250847385754]",0
ragbench_Qwen2.5-1.5B-Instruct,525,525,finqa,0.45805037021636963,200,0.14639542996883392,0.04754764586687088,"[0.017717584236679615, 0.0031297407434112755, 0.009167395279876018, 0.14533421960317583, -0.010198238817547462]","[0.0031185881627983037, 0.001271620408018208, 0.0021495637562549065, 0.04156529550382075, 0.002775914753132156]",0
ragbench_Qwen2.5-1.5B-Instruct,526,526,finqa,0.6623409986495972,163,0.1368805170059204,0.04123636707663536,"[-0.01209554771714132, -0.00030314110251082154, 0.021880831785748924, -0.010161365646272916, 0.1309287534529669]","[0.001258631678375148, 0.0011310169374922907, 0.002537034593606599, 0.0033256619907796243, 0.0370820263583209]",0
ragbench_Qwen2.5-1.5B-Instruct,527,527,pubmedqa,1.1460976600646973,99,0.9470899701118469,0.13310003280639648,"[0.8398787212738005, -0.052221961935275535, 0.006309748416297776, -0.021476027499191315]","[0.1099415861945825, 0.004929477621552759, 0.006357591359600843, 0.0040070991387763525]",0
ragbench_Qwen2.5-1.5B-Instruct,528,528,finqa,0.5633015036582947,166,0.2830390930175781,0.05448629707098007,"[0.04566913128531773, 0.16404407353684566, 0.006584883076217362, 0.00691768768168946, 0.008972515790811124]","[0.0032965969998794763, 0.045425708949908834, 0.00123152418862012, 0.0011652209742427965, 0.001161557382383228]",0
ragbench_Qwen2.5-1.5B-Instruct,529,529,pubmedqa,0.7692265510559082,200,1.0091906785964966,0.17377623915672302,"[0.055017156196804536, 0.2985716483158899, 0.44595383335812355, -0.005087058686738147, -0.006788263498606284]","[0.01825150451186712, 0.04942973072191727, 0.07663300821315346, 0.00165087211088359, 0.0010922176962237273]",0
ragbench_Qwen2.5-1.5B-Instruct,530,530,finqa,0.458941787481308,181,0.2986215054988861,0.08166228234767914,"[-0.0018396069757600796, 0.3236262033918795, -0.01955909797286193, -0.009803578984017739, -0.010402575440483945]","[0.006260739064037532, 0.07237655759723503, 0.0028576627551022502, 0.0013175867495133777, 0.002088084374327168]",0
ragbench_Qwen2.5-1.5B-Instruct,531,531,pubmedqa,0.6803269386291504,190,0.9000958800315857,0.1435299664735794,"[0.18691462908994758, -0.013814622485956295, 0.42061145370665526, 0.31653903874300915, -0.011093786843467138]","[0.03486312089229469, 0.005943497339441332, 0.06247577744643647, 0.03934287965236784, 0.002952857262074516]",0
ragbench_Qwen2.5-1.5B-Instruct,532,532,pubmedqa,0.6941068768501282,171,1.1861807107925415,0.20010074973106384,"[0.5518832960540813, 0.7141115551288462, 0.002950105005622486, -0.0026000796666501]","[0.08231585420341686, 0.11515142010143967, 0.0038105729668244993, 0.0021104718594226503]",0
ragbench_Qwen2.5-1.5B-Instruct,533,533,finqa,0.6159219145774841,200,0.3911168575286865,0.09719184786081314,"[0.2499122207370783, 0.009418613242706897, 0.022182572980734675, 0.018242354174977892, 0.015892683001286514]","[0.07681623534449045, 0.002830114624532101, 0.0013804723578714829, 0.001385709054123936, 0.0011579870141349602]",0
ragbench_Qwen2.5-1.5B-Instruct,534,534,finqa,0.8671996593475342,36,0.09438476711511612,0.053101710975170135,"[0.10206059141162566, 0.035021438711585993, 0.013626517958780622, 0.09682797127490833, 0.18658125836979403]","[0.012299050421372866, 0.0025065609302272504, 0.017699556353793215, 0.009035655396195984, 0.05762878174857633]",0
ragbench_Qwen2.5-1.5B-Instruct,535,535,pubmedqa,1.1435418128967285,114,0.8515344858169556,0.12252280861139297,"[0.5644255295949717, 0.018809378634257388, 0.011308949726751786, 0.03548091209684476]","[0.07014259985996867, 0.003708704312542266, 0.004322779988868818, 0.004717720368414565]",0
ragbench_Qwen2.5-1.5B-Instruct,536,536,finqa,0.5475221872329712,171,0.3382583558559418,0.0842374861240387,"[-0.021120833005502843, 0.004784921832744966, 0.30434153307333867, -0.00949310701085055, -0.0072018125336063875]","[0.002050825051719369, 0.0011664557925343431, 0.07634256959358879, 0.0008159920364018532, 0.0005400410589605102]",0
ragbench_Qwen2.5-1.5B-Instruct,537,537,pubmedqa,1.044203519821167,200,0.614327609539032,0.11547102779150009,"[0.018585835674111876, 0.2989456124141725, 0.0689967839142264, 0.012337393154448364, 0.004772237678389501]","[0.007882091618029677, 0.05352102389408799, 0.028337665187595746, 0.0023945567843732364, 0.004453972489312435]",0
ragbench_Qwen2.5-1.5B-Instruct,538,538,finqa,0.5140965580940247,166,0.1908174604177475,0.056780602782964706,"[0.017593176100657488, 0.02837113291351977, 0.20074731276194613, 0.005026452095554382]","[0.002260791568092707, 0.011672458161132552, 0.05007493427099955, 0.0004950058856485179]",0
ragbench_Qwen2.5-1.5B-Instruct,539,539,pubmedqa,1.8762092590332031,32,0.2607157826423645,0.14844918251037598,"[0.5380379506644886, -0.07882128762062734, -0.029597996714045394, -0.02611616007246198, -0.07220274508236457]","[0.12467299871451587, 0.004199771138900132, 0.0021756201607630032, 0.003587948988453604, 0.0033509092127674833]",0
ragbench_Qwen2.5-1.5B-Instruct,540,540,finqa,1.371626377105713,22,0.8003990650177002,0.22247686982154846,"[-0.007009257634887366, 0.7011490512800678, -0.10273481070445004, -0.06350244804178312, -0.02813609871554945]","[0.004721941122950698, 0.19338480984085685, 0.0100499610836509, 0.0066512913226068286, 0.0019150138573836143]",0
ragbench_Qwen2.5-1.5B-Instruct,541,541,pubmedqa,0.7721235752105713,200,0.9850968718528748,0.15982425212860107,"[0.160042614047415, -0.0068907536541928495, 0.3314270394528751, 0.640031346048479, -0.006355070613835778]","[0.03311536289606501, 0.008456381166999644, 0.04546299430990242, 0.09039826864131661, 0.007579990317484971]",0
ragbench_Qwen2.5-1.5B-Instruct,542,542,finqa,0.6756663918495178,77,0.6482415795326233,0.16670401394367218,"[-0.016999263775637524, -0.02358288231693955, 0.4634292587069786, 0.017945330666007127, 0.007146276914557926]","[0.007055580541811485, 0.0032560781689301463, 0.09790850207702294, 0.0020705702076704506, 0.0010048675130392795]",0
ragbench_Qwen2.5-1.5B-Instruct,543,543,finqa,0.8403001427650452,104,0.21945808827877045,0.05889570340514183,"[0.021703266657875878, 0.01634312286509717, -0.005355014201068815, 0.00555173307728952, 0.1816735466555096]","[0.0020019577197689822, 0.002027600393741562, 0.0017652402720183492, 0.000329546970009941, 0.04308275379733901]",0
ragbench_Qwen2.5-1.5B-Instruct,544,544,hotpotqa,0.5936905145645142,25,0.4624059200286865,0.06204889714717865,"[0.061836490933310416, 0.062060477401209936, 0.04343780624956708, 0.038924581244500586, 0.036891683782050676]","[0.009556450851177942, 0.0035811581078633026, 0.004674212335294215, 0.0027246482436157748, 0.0015773668689598708]",0
ragbench_Qwen2.5-1.5B-Instruct,545,545,pubmedqa,0.6857647895812988,200,1.1026268005371094,0.16637946665287018,"[-0.019907456274186188, 0.6435314752411068, 0.20433230800937507, -0.048788793899620944, 0.2514341838661312]","[0.0103052860002677, 0.08358481970786101, 0.0317471906410367, 0.011042415117863982, 0.03708435685835383]",0
ragbench_Qwen2.5-1.5B-Instruct,546,546,finqa,1.5539782047271729,19,0.4805135726928711,0.07484149187803268,"[0.1018587107721128, 0.15270550990336282, 0.06747630254769894, 0.07285466285018054, 0.01688936034119443]","[0.021293804404290552, 0.013699284792868352, 0.012983583924036984, 0.01318556399330287, 0.0008740050440170116]",0
ragbench_Qwen2.5-1.5B-Instruct,547,547,finqa,1.2028872966766357,50,0.4662405252456665,0.1158108115196228,"[0.016187391003695664, 0.013655508493957313, 0.007745444293796026, 0.0028270480651008257, 0.35935057030403184]","[0.004040931025717782, 0.0015824282151606895, 0.00201979057126664, 0.002651534955355146, 0.11191783808002981]",0
ragbench_Qwen2.5-1.5B-Instruct,548,548,finqa,0.413357675075531,126,0.2739942967891693,0.056575972586870193,"[0.21184854158531785, 0.01028885025179772, -0.005216923170337395, 0.002356115194313841, 0.004158505801356908]","[0.04868464568692035, 0.0013440936975955356, 0.002737048578030198, 0.0005509019857728034, 0.0005500771439408308]",0
ragbench_Qwen2.5-1.5B-Instruct,549,549,pubmedqa,0.7323052287101746,200,1.2975857257843018,0.2164088487625122,"[0.4337687959230246, 0.39979271515521875, 0.5711418882994621, 0.015816978923081138, -0.0009769237564336208]","[0.0662931681963536, 0.066822777740707, 0.08733119582938627, 0.007232797867619229, 0.003936423034795116]",0
ragbench_Qwen2.5-1.5B-Instruct,550,550,finqa,0.5796845555305481,175,0.14632970094680786,0.05308109149336815,"[-0.0037496039678119684, 0.004812925180193425, 0.003971466702157289, 0.0006274580853810871, 0.11617701230318354]","[0.003891149423917771, 0.0033486433270991053, 0.0024837738457825203, 0.0024860474906357615, 0.04415872172431493]",0
ragbench_Qwen2.5-1.5B-Instruct,551,551,pubmedqa,0.9727694988250732,200,0.6818565130233765,0.15624861419200897,"[0.4623494917150481, 0.18618220395465868, -0.023178102811821758, -0.02196045798520345, -0.027272004887869912]","[0.10128332677426072, 0.056388512631794147, 0.0030304291658664086, 0.0021837986426368515, 0.0013833371099035575]",0
ragbench_Qwen2.5-1.5B-Instruct,552,552,techqa,1.5850847959518433,200,0.07725503295660019,0.013561148196458817,"[0.01908809432548878, -0.0006484697428595609, -0.0035035659144989494, -0.007505898927904582, 0.002534555568632868]","[0.0026118628772170815, 0.0009926397182054103, 0.000972822314477888, 0.00257601285123048, 0.0014603291287473752]",0
ragbench_Qwen2.5-1.5B-Instruct,553,553,pubmedqa,0.4442904591560364,200,1.5228297710418701,0.2689478397369385,"[0.9256481316249847, 0.24223528600845157, 0.5387794051360174, 0.010789931133544997]","[0.16908718976692627, 0.04801459152237593, 0.07850998543202768, 0.0016969391809402267]",0
ragbench_Qwen2.5-1.5B-Instruct,554,554,pubmedqa,0.7491024136543274,200,0.620047926902771,0.1408839374780655,"[0.24714599296344886, -0.059682747169821936, 0.19499822337307138, 0.21977677006456672, 0.006918894926329244]","[0.054228453493386744, 0.009361628910028959, 0.032287408487564326, 0.04100899588677968, 0.00409358209037288]",0
ragbench_Qwen2.5-1.5B-Instruct,555,555,hotpotqa,0.8967212438583374,26,-0.10748130828142166,0.0358404815196991,"[0.10776845742489408, 0.04226534939044331, 0.0064947044871027735, 0.004473832062803222, -0.038008000692046226]","[0.02921329275068274, 0.00348705543128657, 0.012071862112791747, 0.0016955663410741933, 0.0030684744864664447]",0
ragbench_Qwen2.5-1.5B-Instruct,556,556,finqa,0.602371096611023,187,0.14885298907756805,0.04692228510975838,"[-7.236001987193424e-06, -0.000829841166912295, -0.0021445618936159396, -0.005292145956757164, 0.11915245587482651]","[0.0004326529616879394, 0.00036619534270356777, 0.0004361460002527678, 0.0004623272680900674, 0.03692416134161578]",0
ragbench_Qwen2.5-1.5B-Instruct,557,557,finqa,1.133989930152893,68,0.12860789895057678,0.033545367419719696,"[0.013096428229078704, -0.003806554875074439, -0.0031803048665524866, -0.005664472098193501, -0.0022169417524684617]","[0.0020777915215733976, 0.004209819261841202, 0.0008735457840550546, 0.0005245245381953576, 0.001035486962831054]",0
ragbench_Qwen2.5-1.5B-Instruct,558,558,finqa,0.6459810733795166,69,0.3546617031097412,0.1034543514251709,"[0.1553283231408162, 0.13784982976496551, 0.16701358420683074, -0.02642489842742509]","[0.016135013107234798, 0.04068774091057016, 0.0410908073655508, 0.00275327714902038]",0
ragbench_Qwen2.5-1.5B-Instruct,559,559,pubmedqa,1.1073763370513916,82,0.6303699016571045,0.11387749761343002,"[0.09369907423743043, 0.5981209400334782, -0.03815276199305035, 0.023058679382174405]","[0.03984402649116361, 0.07114123271236247, 0.008226876444258124, 0.004965281719550847]",0
ragbench_Qwen2.5-1.5B-Instruct,560,560,pubmedqa,0.8850529789924622,109,0.7828088998794556,0.13593937456607819,"[0.011648802483363264, -0.004762485278241903, 0.12441953560178597, 0.3377197798736661, -0.02157910095166926]","[0.013310984074743792, 0.007971311487640943, 0.04007794846413231, 0.048605364351783115, 0.0034961450004108003]",0
ragbench_Qwen2.5-1.5B-Instruct,561,561,pubmedqa,0.630983293056488,82,0.8866177201271057,0.1758468747138977,"[0.14612717389270363, 0.811436337435447, 0.018337392566065053]","[0.03949977614038511, 0.1267667811478576, 0.0033406947318898174]",0
ragbench_Qwen2.5-1.5B-Instruct,562,562,finqa,0.7421990036964417,135,0.9419018626213074,0.17986704409122467,"[-0.024720317468360783, 0.8610091624893863, -0.048846453416074624, -0.027462471185404787, -0.022048532512238764]","[0.005966180095020577, 0.1709559722163712, 0.0049196891146943734, 0.004659245113218828, 0.0049393063476772855]",0
ragbench_Qwen2.5-1.5B-Instruct,563,563,finqa,0.6130157113075256,169,0.22132746875286102,0.0418894998729229,"[0.05634805640219916, 0.01895468947286268, 0.07512805926616556, 0.00988214380932468]","[0.0065974000666860115, 0.0016575846845870601, 0.017594237386595775, 0.0010184780326244368]",0
ragbench_Qwen2.5-1.5B-Instruct,564,564,hotpotqa,1.000199556350708,20,0.07547823339700699,0.06062350794672966,"[0.07590256731782574, 0.010572650728863663, 0.072283188070287, 0.06721161138557363]","[0.010236414569135377, 0.002438097481990553, 0.006194316605160566, 0.031183414554288903]",0
ragbench_Qwen2.5-1.5B-Instruct,565,565,finqa,0.9918254017829895,83,0.14028257131576538,0.055297933518886566,"[0.02526427596551156, -0.005917555372565928, 0.0036069809549266517, -0.0061668514423787665, 0.019207023704285644]","[0.04401457817207795, 0.0007238406549687904, 0.0005870433085388972, 0.0008363952968785183, 0.0019133945934286147]",0
ragbench_Qwen2.5-1.5B-Instruct,566,566,pubmedqa,1.0312254428863525,73,0.8375774025917053,0.17106087505817413,"[0.009222744456241194, 0.7518481969245716, 0.031589616007930664, 0.014268790457382947, 0.019540192988842298]","[0.02140730734341577, 0.140999719341866, 0.008239015787864122, 0.004269979926789347, 0.004572285243349199]",0
ragbench_Qwen2.5-1.5B-Instruct,567,567,pubmedqa,0.6270381212234497,200,1.0254167318344116,0.18580326437950134,"[0.3412862601602501, 0.37630440200468, 0.42658723749868843, -0.005309693848601]","[0.05640370987815686, 0.06670209869725113, 0.069187087198695, 0.0028266875278345083]",0
ragbench_Qwen2.5-1.5B-Instruct,568,568,finqa,0.9253298044204712,55,0.6201959848403931,0.09561256319284439,"[0.05281292375003349, 0.0511089331585605, 0.04305970105196221, 0.5495124164957484, 0.1323504044905431]","[0.012579816038396788, 0.013893038331127368, 0.019995690918036695, 0.07307179498744822, 0.01877587689496933]",0
ragbench_Qwen2.5-1.5B-Instruct,569,569,finqa,0.45505490899086,113,0.43300119042396545,0.08102716505527496,"[0.22417776348969312, 0.16621618887048514, 0.016706065408538157, 0.01285941711341116, 0.08288820008225185]","[0.024530648772091743, 0.010369118568174275, 0.0015209953363162652, 0.00033269033695297563, 0.029311351134926514]",0
ragbench_Qwen2.5-1.5B-Instruct,570,570,pubmedqa,0.8949056267738342,192,1.065679669380188,0.1957562416791916,"[0.47741935434938654, 0.4191748661512615, 0.3640359765518137]","[0.06777405917743555, 0.07064567422663821, 0.07626014038055355]",0
ragbench_Qwen2.5-1.5B-Instruct,571,571,covidqa,0.5157904624938965,23,0.9876357913017273,0.1395719200372696,"[0.0467103917130178, 1.1521768330130726, 0.05383382953511065, -0.0030234450798319735, 0.014858749462291598]","[0.005602273134143062, 0.14344712454349856, 0.0029177785869528043, 0.0012068382616926892, 0.0007773362626919508]",0
ragbench_Qwen2.5-1.5B-Instruct,572,572,hotpotqa,1.1761730909347534,18,2.02382755279541,0.28290119767189026,"[0.15263929237294682, 2.6724918915165796, 0.05987845960246179, 0.010635533803401308]","[0.005321184639481342, 0.2969376364360667, 0.0036593684029766235, 0.005930710369713981]",0
ragbench_Qwen2.5-1.5B-Instruct,573,573,finqa,1.095645785331726,58,0.30590012669563293,0.08351858705282211,"[-0.0012570204589478792, 0.013962616838837457, -0.018206228226925556, 0.3586781104086499, 0.01849717965643353]","[0.0027999554510470576, 0.0011220489945556217, 0.003058244285112182, 0.06983141777916914, 0.0031899950659894315]",0
ragbench_Qwen2.5-1.5B-Instruct,574,574,finqa,0.5223787426948547,178,0.06631309539079666,0.014559093862771988,"[0.002900188814893296, -0.0005257085006920464, -0.001589459706236516, 0.0013526387088342636, 0.0366824610507835]","[0.0009614601003148133, 0.00019671969449718885, 0.00013766229505642903, 0.0002482471497224265, 0.005742446301869041]",0
ragbench_Qwen2.5-1.5B-Instruct,575,575,hotpotqa,1.3587145805358887,23,2.0857045650482178,0.23348908126354218,"[0.2185296023969346, -0.024551286233042407, 1.366969077422729, 0.03345488320653955, 0.01658747854589424]","[0.044515251564007485, 0.005210114432587864, 0.14093490284870352, 0.014788291499885616, 0.013799103372034353]",0
ragbench_Qwen2.5-1.5B-Instruct,576,576,finqa,0.6417655348777771,55,0.5588473081588745,0.1267886608839035,"[0.34453167253371, 0.005013774651392437, -0.03288748216040072, 0.2885689191916754, -0.01453593231477002]","[0.0673563936598405, 0.0022354525982538316, 0.002110303740607833, 0.05123408806707837, 0.002107147589330535]",0
ragbench_Qwen2.5-1.5B-Instruct,577,577,pubmedqa,0.8852891325950623,137,0.8505358099937439,0.12925268709659576,"[0.054517571785385514, 0.4113745535236323, 0.2547525678618559, -0.02556691235125497]","[0.012878484696109171, 0.06874585432330074, 0.05161843898785215, 0.003001370861572628]",0
ragbench_Qwen2.5-1.5B-Instruct,578,578,finqa,0.47099316120147705,124,0.34164562821388245,0.07223222404718399,"[0.012028607263643255, 0.2736120837831007, 0.03669094024047398, 0.0059078810247426864, 0.006285915803980588]","[0.004481678194936547, 0.04757587616589147, 0.009029337259245, 0.001250330240960895, 0.0006738921851605127]",0
ragbench_Qwen2.5-1.5B-Instruct,579,579,pubmedqa,0.69031822681427,200,0.8292380571365356,0.13326042890548706,"[0.8061582515162513, -0.03418471191274719, 0.12817827997749248, -0.004668034233193765]","[0.11786895249345847, 0.010127887801480223, 0.0183929691848783, 0.008450285415469772]",0
ragbench_Qwen2.5-1.5B-Instruct,580,580,delucionqa,1.1580272912979126,98,1.1557666063308716,0.23502953350543976,"[0.014512403221617984, 0.07325239023892358, 0.02049261255895693, 0.08209760813814664, 0.019901170692478168]","[0.010572276250560226, 0.01533573155479319, 0.004060307114444613, 0.010106764611281023, 0.005134895193693911]",0
ragbench_Qwen2.5-1.5B-Instruct,581,581,pubmedqa,0.6352086663246155,125,0.9972913265228271,0.17246125638484955,"[0.15770701126680797, 0.6401866258098889, 0.01896498648427951, 0.01462389454285585, 0.0007264332157355966]","[0.024322121260377572, 0.1351113683974163, 0.0023017631556435845, 0.001415054442369751, 0.000914956922577403]",0
ragbench_Qwen2.5-1.5B-Instruct,582,582,finqa,0.527052104473114,194,0.15648987889289856,0.041598182171583176,"[-0.0023907680295078724, -0.0027692829640380803, 0.11682229063709651, 0.001999430718025962]","[0.002571867321434123, 0.0006246920918884373, 0.026349240435919942, 0.00023584238307061003]",0
ragbench_Qwen2.5-1.5B-Instruct,583,583,pubmedqa,0.7776565551757812,200,1.1730623245239258,0.19193893671035767,"[0.8227887783219927, 0.1168613766566628, 0.00596235573362037, 0.00453273163426843]","[0.14165168059515787, 0.02195762715938903, 0.0037702965417763766, 0.00464340110890058]",0
ragbench_Qwen2.5-1.5B-Instruct,584,584,pubmedqa,0.5219079852104187,142,0.7857661247253418,0.15737037360668182,"[0.010131001967017293, 0.003454843236785961, 0.23518950534976507, 0.5506876591398971]","[0.009290406411518518, 0.004425932345226833, 0.030544698916535606, 0.1094358884869585]",0
ragbench_Qwen2.5-1.5B-Instruct,585,585,pubmedqa,0.745530366897583,145,1.1435256004333496,0.1663064956665039,"[0.84997900383081, 0.46539605375318377, -0.008366573831566209, -0.004658448083524953, -0.008302244339949406]","[0.12878554391889174, 0.04391768182392066, 0.0018305019572021897, 0.002081221447847256, 0.0017239300389344054]",0
ragbench_Qwen2.5-1.5B-Instruct,586,586,finqa,0.7787109017372131,39,0.2557259202003479,0.11405811458826065,"[0.11510472726634664, 0.047004001815506714, 0.007840159154791483, 0.03182614786587342, 0.01692426362093941]","[0.018030046816940846, 0.02800092625680679, 0.00044931594389761533, 0.0017284238399745333, 0.0008159330059184774]",0
ragbench_Qwen2.5-1.5B-Instruct,587,587,finqa,0.5148724317550659,177,0.17534899711608887,0.051538754254579544,"[0.00021316552811134445, -0.010520272801288824, 0.004207663332317422, -0.001288027003044852, 0.08036255845157332]","[0.002952793500503359, 0.0009476045199452744, 0.0010394648069113777, 0.0012002224638542967, 0.03492701993467236]",0
ragbench_Qwen2.5-1.5B-Instruct,588,588,covidqa,1.3298251628875732,39,0.2244231104850769,0.06787147372961044,"[0.23337282213768235, -0.014320499753991429, -0.011550205755693007, -0.012444052405883737]","[0.03358366346972511, 0.006868459201955492, 0.0006461203494956327, 0.005973582501954484]",0
ragbench_Qwen2.5-1.5B-Instruct,589,589,finqa,1.4269074201583862,52,0.024266166612505913,0.04772089049220085,"[0.03587381366763181, 0.05051674700157841, 0.007894365651491871, 0.00601391765947203, 0.02091494798308374]","[0.01721801177753526, 0.003180686782584985, 0.0017167125579471932, 0.0006988769924972233, 0.002476569569371743]",0
ragbench_Qwen2.5-1.5B-Instruct,590,590,pubmedqa,0.8489013314247131,117,0.49256375432014465,0.1261487752199173,"[0.10903671041490592, 0.11838899721841209, 0.049290881294677805, 0.435776228061595]","[0.04295996555946163, 0.014761593880662324, 0.010211186561094354, 0.06269057500937357]",0
ragbench_Qwen2.5-1.5B-Instruct,591,591,hotpotqa,0.7984813451766968,32,0.6984199285507202,0.11135663092136383,"[-0.039076059186015755, 0.0012382086441107276, 0.9564127860949156, -0.033214288829356065, -0.0019363350479864039]","[0.006026003607806807, 0.0055803643276175485, 0.09634699962953164, 0.018543388857796828, 0.0051997841200126516]",0
ragbench_Qwen2.5-1.5B-Instruct,592,592,finqa,0.7757550477981567,43,0.3624059855937958,0.10851603001356125,"[-0.0033518987466079632, -0.025550703113071376, -0.017906292837503928, 0.036921017268690945, 0.4777534835843547]","[0.0034074567644297054, 0.003586822978905428, 0.0037456236933658123, 0.005102497888463028, 0.12719456333653023]",0
ragbench_Qwen2.5-1.5B-Instruct,593,593,pubmedqa,0.6764830946922302,200,0.7276293039321899,0.14153800904750824,"[0.13329754395483634, 0.20393461921529252, 0.3501067922886375, -0.007364403294220665, -0.019981780888085724]","[0.03243514947297834, 0.02166345883625869, 0.0719277043811951, 0.004338610346141225, 0.0019395392842621107]",0
ragbench_Qwen2.5-1.5B-Instruct,594,594,pubmedqa,0.7866837978363037,200,0.7101739645004272,0.1383039504289627,"[0.1226159315304335, 0.26500471196398395, 0.2446283058459794, -0.03238241145726192]","[0.024511936187094588, 0.0441984846020102, 0.06802543940263486, 0.01252878525266377]",0
ragbench_Qwen2.5-1.5B-Instruct,595,595,finqa,0.4637773931026459,157,0.27213674783706665,0.05864666402339935,"[0.1965550050764586, -0.0023765929714387127, -0.003632631813430797, -0.005634851315468492, -0.006767021529357853]","[0.04423558131289229, 0.0017417388838999537, 0.0004915298551212768, 0.00042889079380899827, 0.00041601319520940096]",0
ragbench_Qwen2.5-1.5B-Instruct,596,596,finqa,0.6264986991882324,132,0.16295143961906433,0.06834110617637634,"[0.24167237219581128, -0.003542788096209196, 0.011610525820110455, 0.009939687369288122, 0.013369513044897923]","[0.06617813565527625, 0.00135432286558014, 0.001459578214804203, 0.0014486825178674635, 0.001254833735866461]",0
ragbench_Qwen2.5-1.5B-Instruct,597,597,pubmedqa,0.8703822493553162,200,0.9377692937850952,0.16739915311336517,"[0.19707790376890444, 0.43998852370075153, 0.2434410694280905, 0.01189413973527678, -0.0035794195533463834]","[0.03257749886781511, 0.07824258965487474, 0.043744726739796534, 0.003065905216284861, 0.0009264909121199594]",0
ragbench_Qwen2.5-1.5B-Instruct,598,598,pubmedqa,0.7011391520500183,200,0.4824305474758148,0.12733151018619537,"[0.25675583667596813, 0.1145948668554047, 0.002372646987016651, -0.009265532693675596]","[0.06700191290149332, 0.022004200243926977, 0.0024537471878683624, 0.0012761878520872294]",0
ragbench_Qwen2.5-1.5B-Instruct,599,599,pubmedqa,0.9800808429718018,200,1.0535422563552856,0.1694752275943756,"[0.7980990726257005, 0.21411622136409733, -0.01828193907358582, 0.01985220669433602, -0.007928708773838479]","[0.12590448603726145, 0.034800149130615236, 0.00344383375042014, 0.004845863955326593, 0.003230046467325991]",0
ragbench_Qwen2.5-1.5B-Instruct,600,600,pubmedqa,1.4134395122528076,155,0.5291935205459595,0.10683684796094894,"[0.09652943600248393, 0.2692708340144441, 0.06921756206536063, 0.08373333872751544, 0.06918085638032989]","[0.02767647895562143, 0.04366332508602943, 0.011870006755047688, 0.00674672060953482, 0.01601049259330886]",0
ragbench_Qwen2.5-1.5B-Instruct,601,601,pubmedqa,1.0303795337677002,168,0.2796682119369507,0.07850006222724915,"[0.0023358224961200556, 0.01573350967765648, 0.03875625003616906, 0.13338748648008428, -0.006627181185562915]","[0.00657403761914498, 0.013052192148816203, 0.004633011414652867, 0.03889390453817855, 0.005634734622216594]",0
ragbench_Qwen2.5-1.5B-Instruct,602,602,pubmedqa,0.8104929327964783,112,1.3090840578079224,0.24623318016529083,"[0.389391239051471, 0.5369205887875077, 0.6222860166886152, 0.012825707162890458, -0.016543439442508707]","[0.07455472792184459, 0.06927055552163464, 0.0909233508602105, 0.0024980765965600315, 0.005701741602201763]",0
ragbench_Qwen2.5-1.5B-Instruct,603,603,finqa,0.41391873359680176,142,0.373513400554657,0.07615003734827042,"[0.31561247128668674, 0.00016516476323527634, 0.00016516476323527634, 0.0018307338003575148, -0.014268956109271784]","[0.06748791179154162, 0.00038168935356287965, 0.00038168935356287965, 0.0011635122760898673, 0.001505118220114029]",0
ragbench_Qwen2.5-1.5B-Instruct,604,604,pubmedqa,0.6772764921188354,172,1.1836930513381958,0.1746935248374939,"[0.32620165977800486, -0.003328781780954498, 0.17497964562818227, 0.7853739336740633]","[0.058913633688467096, 0.0057826631803169415, 0.02581089738360376, 0.10266898632106636]",0
ragbench_Qwen2.5-1.5B-Instruct,605,605,hotpotqa,0.6249690055847168,23,0.3550269901752472,0.07324371486902237,"[0.018768732656860226, 0.15333442979618153, 0.11281544893509106, 0.1161275051446726, 0.13726704341119647]","[0.008720601942584949, 0.012045848706199413, 0.025149088049635816, 0.0012142143862667392, 0.004127209592375582]",0
ragbench_Qwen2.5-1.5B-Instruct,606,606,techqa,1.8536072969436646,200,0.03906867280602455,0.031349729746580124,"[0.03147266862786637, -0.010958030146466626, -0.01540776835196084, -0.01658637646058196, -0.01930037702233676]","[0.01827450979276648, 0.004020548600323082, 0.0012026158068795213, 0.001097029937683942, 0.0008601354601034928]",0
ragbench_Qwen2.5-1.5B-Instruct,607,607,finqa,2.0081934928894043,27,0.21345369517803192,0.11435222625732422,"[0.01026580482290161, -0.009871471839249824, -0.02039178044975011, 0.004993382841348648, 0.1635879152691578]","[0.001916248663932223, 0.0014669587575958252, 0.001894986440102339, 0.005607849225506706, 0.0991891816093913]",0
ragbench_Qwen2.5-1.5B-Instruct,608,608,pubmedqa,0.7345122694969177,114,0.832392156124115,0.15225106477737427,"[0.5402000504159232, 0.5003814011756571, 0.03218810738122445, 0.0075663722583884235, 0.027382693631944965]","[0.07364817654645864, 0.0717806233909915, 0.005632096899981707, 0.005687727886056673, 0.0039043938187464803]",0
ragbench_Qwen2.5-1.5B-Instruct,609,609,finqa,0.543097198009491,163,0.23412908613681793,0.06168309226632118,"[0.0014804263594521603, 0.004754355689069347, 0.11559303233662062, 0.016862415735378562, 0.0040430664065922535]","[0.0020048083140445905, 0.0029149348073744274, 0.044546422235604906, 0.003640647560299187, 0.0012444074735274073]",0
ragbench_Qwen2.5-1.5B-Instruct,610,610,pubmedqa,0.7510015368461609,200,1.1907994747161865,0.205579474568367,"[0.03381929177881659, 0.19367887605888767, 0.04590444455155421, 0.8082324011559922, -0.019838006048107672]","[0.005297261008109721, 0.026239721124726695, 0.020585013790539383, 0.13350178908311475, 0.004460788494544339]",0
ragbench_Qwen2.5-1.5B-Instruct,611,611,pubmedqa,0.8610396385192871,110,1.1038711071014404,0.1597834676504135,"[0.7433189252986763, 0.10140169963853457, 0.36192679509152764, 0.008971322524650367, -0.0281817230115683]","[0.1028502946180445, 0.03142220763806708, 0.03976514224948253, 0.004977084609663507, 0.006417001424511103]",0
ragbench_Qwen2.5-1.5B-Instruct,612,612,pubmedqa,0.9254228472709656,111,0.8978222608566284,0.1498628407716751,"[0.17978062151902066, -0.032514160387387504, 0.6969435830900025, 0.011333330196214013, -0.013145048047539389]","[0.03622201676298311, 0.009318685189231029, 0.10666723430179995, 0.011552378986981271, 0.0031997387072267318]",0
ragbench_Qwen2.5-1.5B-Instruct,613,613,finqa,1.173085331916809,28,0.1967303454875946,0.03973470255732536,"[0.04585232828308757, -0.0030660659090894376, 0.032758075390899775, 0.016072520073196626, 0.1766424325041953]","[0.005718745132725189, 0.0034715194867637983, 0.005187437153823892, 0.004249526119378645, 0.036253082382911216]",0
ragbench_Qwen2.5-1.5B-Instruct,614,614,pubmedqa,0.9467214941978455,138,0.841988742351532,0.1401205211877823,"[0.013229271003092765, 0.0014518607102142294, 0.12869855041923944, 0.561491028434759, -0.05192976561929062]","[0.010869692122335056, 0.006168576112306897, 0.026831719810043033, 0.07057767728177114, 0.014765860962645169]",0
ragbench_Qwen2.5-1.5B-Instruct,615,615,techqa,1.4349490404129028,96,0.09172319620847702,0.026220271363854408,"[0.035314005380485014, -0.007344637625083787, 0.011026402033274726, 0.013007360875342044]","[0.008859493348993386, 0.0011414073518241086, 0.000556293581752317, 0.0006244534740624808]",0
ragbench_Qwen2.5-1.5B-Instruct,616,616,finqa,0.6348024606704712,200,0.22332186996936798,0.0471530519425869,"[0.06342828278352045, 0.15236541860286593, 0.00036825354152597356, -0.0074951789652402566]","[0.023645456143334798, 0.026916536796635457, 0.00087611416408798, 0.00030834264467829444]",0
ragbench_Qwen2.5-1.5B-Instruct,617,617,pubmedqa,0.7918374538421631,200,1.0234670639038086,0.16567665338516235,"[0.1823095745161344, 0.09600923215320836, 0.32249486617542517, 0.20801589413035798, 0.0965706579404764]","[0.01918341097586448, 0.013469218852027459, 0.041626402040756766, 0.038436711147492586, 0.015520819455109277]",0
ragbench_Qwen2.5-1.5B-Instruct,618,618,hotpotqa,0.4180220365524292,36,1.65849769115448,0.27945154905319214,"[0.03270040193072216, 1.9004074026015587, -0.005601017824220535, 0.013287869690126778, 0.005575061671859455]","[0.0034357538214446017, 0.3022658676656849, 0.002852161442957721, 0.0018306228514701514, 0.001817089091630919]",0
ragbench_Qwen2.5-1.5B-Instruct,619,619,pubmedqa,0.9828975796699524,99,0.5471072793006897,0.10855114459991455,"[-0.006459029785880623, 0.01054642433450681, 0.14489551373125864, 0.025502673034909572, -0.02033028259000211]","[0.0067111278680615115, 0.016223413679533682, 0.01925656671187799, 0.012286200308682526, 0.003977844682151757]",0
ragbench_Qwen2.5-1.5B-Instruct,620,620,pubmedqa,0.9166127443313599,97,0.5799198150634766,0.13635064661502838,"[-0.0710094840861581, -0.01854353618951913, 0.04380878741631725, 0.3121893543750784, -0.0041246222086631385]","[0.010297805327225658, 0.0032930985600715013, 0.01645087943706943, 0.06861704219271288, 0.00555002196417202]",0
ragbench_Qwen2.5-1.5B-Instruct,621,621,hotpotqa,1.07968008518219,19,0.08667352050542831,0.035808369517326355,"[0.02680764387141129, 0.033207884216129684, -0.005627287397816728, 0.026170439035922755, -0.004098506365584112]","[0.003089960966845913, 0.009244490433993155, 0.0016564896502466965, 0.0035980476401451405, 0.002084724866334323]",0
ragbench_Qwen2.5-1.5B-Instruct,622,622,finqa,0.4003143906593323,124,0.23232530057430267,0.052955932915210724,"[0.002997874989051202, 0.003214812725614578, -0.01286518678041155, 0.0075849658965125855, 0.23665400987331323]","[0.0008647582913655029, 0.000398857166780958, 0.0024732732514233784, 0.0008860024398300295, 0.05140968438622723]",0
ragbench_Qwen2.5-1.5B-Instruct,623,623,pubmedqa,0.7057041525840759,189,0.6367223858833313,0.12887808680534363,"[0.10025342157194958, 0.4196616657277802, 0.0030167527520293166, -0.018115564221372272, -0.011377361894748719]","[0.024828711014519132, 0.085093827309172, 0.00282107686818895, 0.0021926511718980747, 0.0013470619510723462]",0
ragbench_Qwen2.5-1.5B-Instruct,624,624,pubmedqa,1.263392686843872,89,0.436565101146698,0.08339078724384308,"[0.08472769661546592, 0.20795242850755039, 0.17124937033979856, 0.01553544389333878]","[0.016412021900730437, 0.04097167425252375, 0.02601296549453057, 0.004505771274970503]",0
ragbench_Qwen2.5-1.5B-Instruct,625,625,pubmedqa,1.2507401704788208,116,0.6218425631523132,0.11984393745660782,"[0.1637269218155646, 0.027668515417195946, -0.0018268414040156931, 0.3819650918547215, -0.02853151028659795]","[0.0236734774546683, 0.017206156601453294, 0.01647440400335055, 0.05116047644708927, 0.002476359692730351]",0
ragbench_Qwen2.5-1.5B-Instruct,626,626,finqa,0.55804842710495,112,0.1620759516954422,0.0732189193367958,"[0.021757384009532643, 0.174589542831898, -0.0035186419787903234, -0.00957941715450618, 0.01223204679778941]","[0.007801821610304975, 0.05994719442123194, 0.0007150075666123103, 0.0006313619793392178, 0.0008675718479675965]",0
ragbench_Qwen2.5-1.5B-Instruct,627,627,techqa,1.0866276025772095,200,0.2070958912372589,0.05450863018631935,"[0.1613239257583109, -0.0037435787015965617, -0.012614244014143879, -0.008204747841509742]","[0.04434162054776316, 0.005731963825242303, 0.0008243925294723908, 0.00044049835401054337]",0
ragbench_Qwen2.5-1.5B-Instruct,628,628,hotpotqa,0.6621166467666626,46,0.3325863480567932,0.07970963418483734,"[-0.03430983895969288, 0.5439381559225022, -0.05578994615200866, -0.015127046069170794]","[0.005465242171295437, 0.07912974974764754, 0.00262025749584955, 0.0005554005087212179]",0
ragbench_Qwen2.5-1.5B-Instruct,629,629,finqa,0.6702211499214172,78,0.15822359919548035,0.0808398649096489,"[-0.024203387189584483, 0.01557915094324413, 0.2073928991336195, 0.017382627697514134, 0.018927747758308938]","[0.0013588925467710549, 0.0003438891608195076, 0.07346426694038381, 0.002097546962378607, 0.00030092019418121325]",0
ragbench_Qwen2.5-1.5B-Instruct,630,630,pubmedqa,0.7245832085609436,200,1.328677773475647,0.19158168137073517,"[0.524012037450716, 0.7415363456253408, 0.12437408915165378, 0.015865949005669792, 0.004642822249237497]","[0.09213847382152206, 0.08973406825346643, 0.029294307376366097, 0.005761667764800791, 0.0025930699908253987]",0
ragbench_Qwen2.5-1.5B-Instruct,631,631,covidqa,0.8214899897575378,39,0.9528008699417114,0.20843635499477386,"[-0.14760086148434753, 1.0735524335028366, 0.015249105171488527, 0.026944510386853766]","[0.02505904209748713, 0.18203485613533607, 0.004598219063889421, 0.0013080627604139384]",0
ragbench_Qwen2.5-1.5B-Instruct,632,632,hotpotqa,1.5829747915267944,17,1.121987223625183,0.12719155848026276,"[0.13418052958406726, 0.003321982394588892, 0.042535691982587144, 0.9318591128034955, 0.1228907829071806]","[0.05370526143044973, 0.009424551446720804, 0.007584208356574355, 0.05902091791101745, 0.05656787806727901]",0
ragbench_Qwen2.5-1.5B-Instruct,633,633,covidqa,0.668134868144989,72,1.8240724802017212,0.27827364206314087,"[0.06567883445341573, 0.28425847352526845, 0.2816254498672556, -0.01919119934675311, 0.2579777151158598]","[0.011992256668898606, 0.05329400232242026, 0.0808740702657676, 0.0024792716011224534, 0.04829653432565964]",0
ragbench_Qwen2.5-1.5B-Instruct,634,634,finqa,0.46399474143981934,153,0.17570744454860687,0.04390401020646095,"[-0.008787313184980062, -0.013501684668416203, -0.004640780557636782, -0.010962186468752995, 0.14058406433805667]","[0.0006079096052973473, 0.0005140523300472373, 0.0003062855502633594, 0.00044393535061408774, 0.04080010635436124]",0
ragbench_Qwen2.5-1.5B-Instruct,635,635,finqa,0.6372030973434448,121,0.23052820563316345,0.07479850202798843,"[-0.0009700872582365535, -0.007640617665872525, -0.012608820944133035, 0.16381621063470816, -0.014488565369282893]","[0.00487429492077255, 0.004743997845316924, 0.004488807669754553, 0.06645807455689663, 0.002899562332614759]",0
ragbench_Qwen2.5-1.5B-Instruct,636,636,finqa,0.8739045858383179,31,0.1282767355442047,0.07579030096530914,"[-0.01497512527239744, 0.03155887448637288, 0.14970784396439651, 0.06282442999787646, 0.03687238412627384]","[0.0013590265304331648, 0.0015972386914735316, 0.07887344267415726, 0.0024121315561402416, 0.001604912837139651]",0
ragbench_Qwen2.5-1.5B-Instruct,637,637,finqa,0.42889195680618286,200,0.01528762374073267,0.03278210759162903,"[-0.011146421402095257, 0.01560105925090511, 0.015419964215541314, 0.010211213289539955, 0.01921743447871677]","[0.00046131301137364745, 0.0008824185223954828, 0.0007191306687672494, 0.02180814471592157, 0.0012465503176364479]",0
ragbench_Qwen2.5-1.5B-Instruct,638,638,techqa,0.8168112635612488,126,-0.05318332836031914,0.05033080279827118,"[-0.00451548975549471, 0.042053466181454176, -0.003998158855196495, -0.017983523303449885]","[0.004248105174604737, 0.010331743905053616, 0.004485594122897622, 0.003630363542359621]",0
ragbench_Qwen2.5-1.5B-Instruct,639,639,pubmedqa,0.9992434978485107,121,0.48900628089904785,0.08499335497617722,"[0.326846819457034, -0.01732861553684828, 0.0022659965812367243, 0.016163166918833977, 0.2061983503810011]","[0.02707371718429779, 0.0026300273753365085, 0.0030438671487487317, 0.006879057500259601, 0.030081364340920968]",0
ragbench_Qwen2.5-1.5B-Instruct,640,640,pubmedqa,0.7840536236763,200,0.7895336747169495,0.1525437980890274,"[0.4810665442763911, 0.22896350630277992, 0.08210032996960194, -0.005887618302274404, -0.006060928075876291]","[0.0889367048181407, 0.04359006126675183, 0.018787167354846587, 0.0023498037865013186, 0.002157902493198889]",0
ragbench_Qwen2.5-1.5B-Instruct,641,641,pubmedqa,0.5889953970909119,70,1.0030028820037842,0.15410493314266205,"[0.11186022476619785, 0.3055488719694105, 0.3900111887728404, 0.06261227364928865]","[0.026428301612959514, 0.038064404267231566, 0.05295072612977866, 0.015798950209069827]",0
ragbench_Qwen2.5-1.5B-Instruct,642,642,finqa,0.7176566123962402,54,0.1726454645395279,0.061683543026447296,"[-0.036717138494151626, -0.043752303924588044, -0.06732785796681061, 0.25740047819012774, -0.06870891956134949]","[0.011863531203828272, 0.011062427987233739, 0.012321332327269795, 0.050524745989189636, 0.012605013545038657]",0
ragbench_Qwen2.5-1.5B-Instruct,643,643,techqa,1.1789482831954956,181,0.2619682550430298,0.0626528337597847,"[0.11740232092073992, -0.0006926853551168826, -0.0018938635545464673, 0.06269039665994947]","[0.02238049238470933, 0.00040223933320877495, 0.0004736759462987542, 0.01291422923085751]",0
ragbench_Qwen2.5-1.5B-Instruct,644,644,finqa,0.7553943991661072,150,0.05802725628018379,0.07460474967956543,"[-0.006011899753214038, 0.006690162391106848, 0.003966888789253365, -0.012103820021408562, -0.009788236484831335]","[0.002020938067964456, 0.0014996091238742792, 0.0020478299653840775, 0.06335105660000256, 0.001805708783750693]",0
ragbench_Qwen2.5-1.5B-Instruct,645,645,pubmedqa,0.9009440541267395,200,0.5110465884208679,0.09352575242519379,"[0.5358102969427, -0.0071372817525110575, 0.010799206556411036, -0.014881583532686022, -0.0040632631398159445]","[0.08189087641729177, 0.007914459998316943, 0.0024408243392421624, 0.0012845783589338832, 0.0009403719799667342]",0
ragbench_Qwen2.5-1.5B-Instruct,647,647,pubmedqa,0.6681617498397827,200,1.0988965034484863,0.17890295386314392,"[0.23809306727405155, 0.005025352324149139, 0.4444033436346413, 0.16811939973807172]","[0.04021188814304159, 0.00576630131234337, 0.06813030929305137, 0.02643121801014888]",0
ragbench_Qwen2.5-1.5B-Instruct,648,648,hotpotqa,1.0375034809112549,20,-0.0551152341067791,0.07676538825035095,"[-0.07086074883627588, 0.21883431312380708, -0.14690603248236583, -0.06407988586870488, -0.060620852978900075]","[0.017858893389075092, 0.008502151667948965, 0.05769608312792655, 0.003628928553715127, 0.00430426740001053]",0
ragbench_Qwen2.5-1.5B-Instruct,649,649,pubmedqa,0.8859604597091675,200,0.510148823261261,0.10215175896883011,"[0.13694898146718018, 0.017679986206770904, 0.1799513354302161, 0.006954588487555782, 0.019200479782339103]","[0.02501772824029084, 0.004145507106894489, 0.03085213957114233, 0.0023080874245132678, 0.0025158915639344847]",0
ragbench_Qwen2.5-1.5B-Instruct,650,650,delucionqa,0.7289177179336548,200,1.2043777704238892,0.20166367292404175,"[-0.035789052586751496, 0.0014420066564480294, 0.010747752243419199, 0.022694101627162126, 0.350686684527268]","[0.01732156450091509, 0.0034222761445853677, 0.0036185981768818466, 0.0036446798653724955, 0.0551144160050859]",0
ragbench_Qwen2.5-1.5B-Instruct,651,651,pubmedqa,1.026330828666687,78,0.8817883133888245,0.13401101529598236,"[0.008869546349790024, -0.08232540032672193, 0.1806917041336938, 0.1510406659221953, -0.04321422180631101]","[0.01009627706073811, 0.012925969171816085, 0.03628442718942947, 0.02510223298330134, 0.007497352389569082]",0
ragbench_Qwen2.5-1.5B-Instruct,652,652,pubmedqa,1.2817686796188354,114,0.8355391621589661,0.16840536892414093,"[0.05013260548821962, 0.1858902061102239, 0.020716327953634487, 0.008774397075660346, 0.5115956460380914]","[0.0147837031822826, 0.03356726586148477, 0.014684639850397536, 0.013278200618548664, 0.044456301707096475]",0
ragbench_Qwen2.5-1.5B-Instruct,653,653,covidqa,0.960748016834259,37,2.3341596126556396,0.322338342666626,"[0.4261909076394167, 1.6489439091064677, 0.04771684317293457, 0.013774750353076268]","[0.04508448218365555, 0.21769847053643832, 0.012377080939306841, 0.003595997584991007]",0
ragbench_Qwen2.5-1.5B-Instruct,654,654,hotpotqa,0.6929704546928406,32,0.7228499054908752,0.1027238667011261,"[0.04510393756754638, 0.02835187878781653, 0.027030803181787633, 0.5210483451078289, 0.3254959244168276]","[0.006616956595415502, 0.006458433486876913, 0.005387763585986249, 0.04681497028310844, 0.045662997634281055]",0
ragbench_Qwen2.5-1.5B-Instruct,655,655,finqa,0.3635350465774536,157,0.16264069080352783,0.03487956151366234,"[-0.0033532790251230467, -0.0036026865608500365, 0.0912090234976172, 0.00035102229260159637, -0.0030170381534155273]","[0.0003588205016141872, 0.00035078396817040297, 0.02478884279515836, 0.0007774085225908675, 0.0005463115529853895]",0
ragbench_Qwen2.5-1.5B-Instruct,656,656,finqa,0.5819564461708069,74,0.5217694640159607,0.13879306614398956,"[0.3910248791015555, -0.017694237048065563, -0.006508632630123651, -0.011375352111845377]","[0.10563877319339714, 0.0017722156333784492, 0.004437715591550778, 0.0018165705628507413]",0
ragbench_Qwen2.5-1.5B-Instruct,657,657,pubmedqa,0.7956494092941284,200,1.3742235898971558,0.21705295145511627,"[0.2079011531875676, 0.10297901007606015, 0.6439251088724631, 0.3426444681833618, 0.20838937999760673]","[0.03612354430364917, 0.01579519485029639, 0.09826279572591147, 0.057536017090326366, 0.03780461981813055]",0
ragbench_Qwen2.5-1.5B-Instruct,658,658,finqa,0.9373275637626648,200,0.018892889842391014,0.03244252875447273,"[0.00989221341483244, -0.0033696062483613786, -0.0053301718930924835, -0.028630606226042802, 0.01163877397330907]","[0.0035997269696412103, 0.004137756806444344, 0.003929898437480972, 0.012172214594253461, 0.005222089471618005]",0
ragbench_Qwen2.5-1.5B-Instruct,659,659,hotpotqa,0.9454914927482605,27,0.533837616443634,0.1195681020617485,"[0.0017260069389185108, 0.6614276210268684, 0.05586089405120152, 0.013437876107302684, 0.04065156168966227]","[0.007574114729550274, 0.12740061447860812, 0.003701319741611331, 0.0032749074951939124, 0.002787080415358829]",0
ragbench_Qwen2.5-1.5B-Instruct,660,660,finqa,0.5444865822792053,199,0.11858250945806503,0.03926074504852295,"[-0.008755284890154216, 0.0732207547301977, -0.014639390165555497, -0.0019502828168633322, -0.006048809198747318]","[0.0005855518077638281, 0.027011576463594058, 0.0012238915059170875, 0.000551402103429214, 0.00018037959922100215]",0
ragbench_Qwen2.5-1.5B-Instruct,661,661,techqa,1.7715182304382324,129,0.03979846090078354,0.02343394048511982,"[-0.03701563370605283, -0.019339774645478716, -0.012351392161316787, -0.003063134495567128, 0.05043218292778402]","[0.006338146605026998, 0.0021231058318915163, 0.0011469894379490509, 0.0011487382956459464, 0.006481154169847294]",0
ragbench_Qwen2.5-1.5B-Instruct,662,662,pubmedqa,0.7290417551994324,101,0.6923331618309021,0.1413743495941162,"[0.004600112660853099, -0.031191146910665137, 0.5901439510826268, -0.06232430982827961]","[0.006013989371154169, 0.00630773691064678, 0.10065331576493923, 0.0069999901800555635]",0
ragbench_Qwen2.5-1.5B-Instruct,663,663,pubmedqa,0.49187034368515015,100,0.48539403080940247,0.06952032446861267,"[0.4456825464960696, -0.013045414245646895, -0.003909958440532079, -0.012870069618511195]","[0.06260919833007424, 0.0009617846165837562, 0.0011453001576582267, 0.0017482343365331587]",0
ragbench_Qwen2.5-1.5B-Instruct,664,664,finqa,0.4921516180038452,200,0.1976766586303711,0.03873823583126068,"[-0.003824109605434387, -0.007789398663132943, 0.10357653044881772, -0.0043053092574314175]","[0.0056037832586402206, 0.0027636548574569986, 0.020111652940986744, 0.0012923797394165603]",0
ragbench_Qwen2.5-1.5B-Instruct,665,665,finqa,0.5049764513969421,188,0.09545999020338058,0.03680790588259697,"[0.09973700690953928, -0.0036432955700276696, -0.004703166946613726, 0.02042889729739091, -0.005805795972033603]","[0.028865790546077998, 0.00021913948345799172, 0.00021215327402390502, 0.0014462708953720366, 0.00043477990901064317]",0
ragbench_Qwen2.5-1.5B-Instruct,666,666,finqa,0.586499035358429,200,0.19020293653011322,0.052528198808431625,"[0.03103538446021503, 0.006447974895443167, 0.14915544526312488, 0.007024673273278949, 0.005993849201393005]","[0.0053817214199350615, 0.0012124888187861416, 0.03597586551230492, 0.0006198764779475852, 0.0010698862551922162]",0
ragbench_Qwen2.5-1.5B-Instruct,667,667,finqa,0.6047994494438171,200,0.14720886945724487,0.04012598097324371,"[-0.006624535705258694, 0.002777330169730874, 0.09599670478116763, -0.0066001823882789875, -0.0012126259712657017]","[0.0013004991142219423, 0.0019460123403942386, 0.03726207838138482, 0.0009203045921856301, 0.001150848736514618]",0
ragbench_Qwen2.5-1.5B-Instruct,668,668,finqa,0.5376771688461304,200,0.15671265125274658,0.031305793672800064,"[0.016297510319679985, 0.01115188275870878, 0.04547747891644804, -0.009115631447240275]","[0.005902184123108327, 0.0010076053075859194, 0.012704889904795492, 0.0007886289840237027]",0
ragbench_Qwen2.5-1.5B-Instruct,669,669,finqa,0.5036327242851257,200,0.1816558688879013,0.04821789264678955,"[0.008924427751143185, -0.004265510948453084, 0.17186761711195914]","[0.0027682807696422173, 0.002559759765644003, 0.040561808526103034]",0
ragbench_Qwen2.5-1.5B-Instruct,670,670,finqa,0.5918332934379578,137,0.25536617636680603,0.07811475545167923,"[-0.01570562882210383, -0.015702693738018525, -0.010584158142128184, 0.26860254940750095, 0.0010855343654559437]","[0.002398963523436363, 0.0019292714941723196, 0.0013870872911923016, 0.06501711568972843, 0.0010755874538006186]",0
ragbench_Qwen2.5-1.5B-Instruct,671,671,covidqa,0.6688715219497681,35,1.4264764785766602,0.18241338431835175,"[0.5372597001191545, 0.017689878504981087, 0.19275219663146084, -0.01011837425716554]","[0.09449818038613428, 0.009697141100910552, 0.013238887004406154, 0.015290047443568256]",0
ragbench_Qwen2.5-1.5B-Instruct,672,672,delucionqa,1.0433083772659302,96,0.5969144105911255,0.14912743866443634,"[0.2496391153698975, 0.07763238949532554, 0.160452891256701, -0.009044765880995934, 0.006432226508385004]","[0.059347832790881704, 0.04327051095266654, 0.027107430012865308, 0.01134195207651345, 0.01022166773311047]",0
ragbench_Qwen2.5-1.5B-Instruct,673,673,pubmedqa,0.9818105697631836,140,0.9844915270805359,0.13676367700099945,"[0.2864355554608019, 0.01067124363124289, 0.20660302305426026, 0.5547334540756765, -0.0068752902087128726]","[0.05573991766474689, 0.007719794382243528, 0.02950668063080388, 0.06779285681550573, 0.005374762629700999]",0
ragbench_Qwen2.5-1.5B-Instruct,674,674,techqa,1.847119927406311,200,0.020139498636126518,0.025564003735780716,"[0.006315936066093855, -0.020719403012908515, 0.0018821241620298678, 0.006996641734212971]","[0.012881042726107808, 0.0025543681583747, 0.0004986607646094398, 0.0019917831132045196]",0
ragbench_Qwen2.5-1.5B-Instruct,675,675,pubmedqa,0.6084804534912109,200,1.100420355796814,0.16432972252368927,"[0.3592282023850952, 0.4161340606016932, 0.2980610884997458, 0.0030625752465505227, 0.0048778503475850245]","[0.05711251236068726, 0.059775026742657396, 0.036466762972205406, 0.0023905109733634512, 0.002069775149789237]",0
ragbench_Qwen2.5-1.5B-Instruct,676,676,finqa,0.5791561603546143,187,0.13615970313549042,0.030171792954206467,"[0.000724533222336003, 0.12332863758481173, 0.012400593918675226, 0.007990659625390051, 0.00918454422752982]","[0.0009009802429821449, 0.026015042722435513, 0.0005048098924375796, 0.0006058024552831596, 0.0006036177587073087]",0
ragbench_Qwen2.5-1.5B-Instruct,677,677,finqa,0.9706573486328125,200,0.10421276092529297,0.021410860121250153,"[0.002033165915699726, 0.001361549150123551, -0.005636046245356852, -0.006909131504231141, 0.02668311128364209]","[0.0013613582908324417, 0.00031009303411426713, 0.00037028987533727076, 0.0031004231572158147, 0.009708857973764662]",0
ragbench_Qwen2.5-1.5B-Instruct,678,678,techqa,1.9438705444335938,193,0.14279977977275848,0.031213903799653053,"[0.02002198495390919, 0.007993723630680162, 0.02173276538947064, 0.008985949262802929, 0.0028889036621721075]","[0.00745571616941297, 0.001955690547308359, 0.003965119039824557, 0.0017703693228934521, 0.0011145551744728701]",0
ragbench_Qwen2.5-1.5B-Instruct,679,679,delucionqa,0.6748259663581848,159,1.6896644830703735,0.2519909739494324,"[-0.001023298998298519, 0.020276854926844366, 0.022775994865221937, 0.28251410201707167, 0.9444931392426494]","[0.004794015679893539, 0.005000021745740637, 0.004973377155776314, 0.044830095066002676, 0.1387912780085617]",0
ragbench_Qwen2.5-1.5B-Instruct,680,680,delucionqa,0.9044390916824341,98,1.155883550643921,0.18164531886577606,"[0.05822356054051518, 0.4441552116636279, 0.5095138739560178, 0.0668491871009402, 0.04854290299512546]","[0.009408037882394638, 0.06493769926421511, 0.050090861534635434, 0.011204278185307802, 0.004787127851170913]",0
ragbench_Qwen2.5-1.5B-Instruct,681,681,finqa,1.3315379619598389,20,0.6700106263160706,0.16090790927410126,"[0.0650980773702031, 0.05306251302245073, 0.9045841205283068, -0.02160533478599973, 0.018543786791269667]","[0.016195599449136466, 0.0027950476773838774, 0.162544786179933, 0.0009236441133737116, 0.0016862503906963865]",0
ragbench_Qwen2.5-1.5B-Instruct,682,682,pubmedqa,0.5818120241165161,100,1.2430312633514404,0.19721169769763947,"[-0.012591080887746102, -0.009909387955010516, -0.00817965161617849, 0.7350632968047285, 0.5080895532331123]","[0.011549502283497617, 0.0014810423279610063, 0.0025349252909605013, 0.11103598703168245, 0.07548333164949923]",0
ragbench_Qwen2.5-1.5B-Instruct,683,683,finqa,0.9105583429336548,101,0.08118639141321182,0.032579608261585236,"[-0.008843427370527141, 0.0032137900185748233, -0.007584308817697975, 0.004954991600963766, 0.034992590594586065]","[0.0013617472748638413, 0.0006545250319210356, 0.0007450611909170353, 0.0019686824641121123, 0.005891492227209596]",0
ragbench_Qwen2.5-1.5B-Instruct,684,684,pubmedqa,0.6571198105812073,200,0.9250810742378235,0.15248633921146393,"[0.027999594005989933, 0.3145061244998732, 0.18641619534090012, 0.0013861784012186718, -0.012056399322571566]","[0.009819869901543684, 0.07465982617688453, 0.03028574382274087, 0.0029520569786203057, 0.0023621647084800658]",0
ragbench_Qwen2.5-1.5B-Instruct,685,685,pubmedqa,0.8241273760795593,67,0.936867356300354,0.1621471345424652,"[0.7381088965345016, -0.03132169728830526, 0.0017415590966550947, -0.010161814776187276]","[0.09348618293071596, 0.03801766739520356, 0.008817071620525432, 0.004209726261536555]",0
ragbench_Qwen2.5-1.5B-Instruct,686,686,finqa,0.443378210067749,158,0.12105240672826767,0.035047926008701324,"[0.004509780245017064, -0.0072588364770656225, -0.00686466113062769, 0.11982489161498708, 0.0004567050831627955]","[0.002385559086505935, 0.0012657586505413234, 0.0011441398338265098, 0.03251291930282742, 0.0017192605063819774]",0
ragbench_Qwen2.5-1.5B-Instruct,687,687,delucionqa,1.520617127418518,158,0.4436483681201935,0.06150944530963898,"[0.016797059508301376, 0.04539660832873594, 0.021979651781477996, 0.023787640741518977, 0.04384515859603681]","[0.009268063552820168, 0.004185812968983158, 0.0032668171263839202, 0.009277610642711116, 0.013569912240902478]",0
ragbench_Qwen2.5-1.5B-Instruct,688,688,pubmedqa,0.5786257386207581,200,0.9066151976585388,0.1646600365638733,"[0.6713551603358371, 0.2581078515950355, 0.0013749914250001894, -0.004322906074281718, -0.0002817875427888339]","[0.1151611648814896, 0.03139230329729456, 0.0015910645726648909, 0.0018942670860269217, 0.002602914277993573]",0
ragbench_Qwen2.5-1.5B-Instruct,689,689,pubmedqa,0.778523862361908,103,0.5754203200340271,0.10340182483196259,"[0.3817383275397004, 0.002028884630495332, 0.29854979051232383, 0.0017589227830338361]","[0.051727866839766996, 0.007854186087111003, 0.02770073793042661, 0.007240577997111734]",0
ragbench_Qwen2.5-1.5B-Instruct,690,690,finqa,0.5847961902618408,200,0.13823384046554565,0.05348937213420868,"[0.15641521552222287, 0.004225017852179498, -0.009539347410598076, -0.004364244132314497, 0.0037714789820205395]","[0.047781572099204334, 0.0007367502910820534, 0.001456427263723299, 0.0006378401864483862, 0.0009938957231932122]",0
ragbench_Qwen2.5-1.5B-Instruct,691,691,delucionqa,0.9193317890167236,38,1.2761564254760742,0.2175055742263794,"[0.17843504768901958, 0.11352172066376386, 0.1287018894562559, 0.11561683432534521, 0.0892395245686394]","[0.03599250539181304, 0.013687744768186636, 0.011839630775574804, 0.010186579763429012, 0.00930422542185813]",0
ragbench_Qwen2.5-1.5B-Instruct,692,692,hotpotqa,0.7905582785606384,27,0.9883838295936584,0.06560865044593811,"[0.5722107479826567, -0.016357688129380255, -0.08261740226828772, 0.05524539489777925, 0.0800384168183478]","[0.037717635196208396, 0.00650026852183369, 0.01132092537972927, 0.010277173244728769, 0.020461531798044115]",0
ragbench_Qwen2.5-1.5B-Instruct,693,693,delucionqa,0.5372305512428284,200,1.8852202892303467,0.2674309015274048,"[0.09455998264801564, 1.0926996861644147, 0.016824606327609216, 0.1246046550435949, 0.23404853109324905]","[0.015405117067115838, 0.1480638981921021, 0.005980392515432982, 0.026610160936414502, 0.03833252443862449]",0
ragbench_Qwen2.5-1.5B-Instruct,694,694,finqa,0.5147972702980042,200,0.16812115907669067,0.04049355536699295,"[0.006108455965720623, 0.18232325278846473, 0.0019078681095925276, -0.0040825452546300765, -0.0015143024644373782]","[0.0007660836981193242, 0.03652942828660351, 0.0016335184805351232, 0.0005537518408533515, 0.00048188723502288865]",0
ragbench_Qwen2.5-1.5B-Instruct,695,695,finqa,0.5940130949020386,150,0.2270757257938385,0.05646199360489845,"[-0.044456373701984075, 0.044789517388110954, 0.0072161727872783864, -0.0024294567196860347, 0.12521193557056298]","[0.00671893988974413, 0.0072684347578611625, 0.0008883061166879239, 0.0007913667109513275, 0.020814197170041855]",0
ragbench_Qwen2.5-1.5B-Instruct,696,696,pubmedqa,0.46130865812301636,77,1.0634268522262573,0.17182417213916779,"[0.9839964686649513, 0.025079223424760932, 0.011810019915906373, 0.024428406715576948]","[0.16025579882062782, 0.001330168007437398, 0.0008647116152079941, 0.001126999491030394]",0
ragbench_Qwen2.5-1.5B-Instruct,697,697,finqa,1.6785311698913574,19,0.8870339393615723,0.24720099568367004,"[-0.054256720149791555, 0.46542420327712436, -0.01695912477934096, -0.003850776310029783, 0.03467143505450191]","[0.003627083498390436, 0.1708756902044115, 0.0012906729408840828, 0.000514262823775138, 0.0003907136318431233]",0
ragbench_Qwen2.5-1.5B-Instruct,698,698,finqa,0.5062165260314941,178,0.23263241350650787,0.05951788276433945,"[-0.007799947831904064, 0.15111044220171874, 0.0014017433506212276, -0.0025936926092756775]","[0.0010164368043328346, 0.053425333015596904, 0.0011981078109974004, 0.0005136282784512104]",0
ragbench_Qwen2.5-1.5B-Instruct,699,699,finqa,1.4128870964050293,47,0.192178875207901,0.06680866330862045,"[0.031249694861044383, 0.02155554898475183, 0.010273921652232603, 0.17251593410710872, 0.13025001066450792]","[0.0011977374876449448, 0.0010049009126064786, 0.0022566995268373424, 0.036857922760209424, 0.01434845946609459]",0
ragbench_Qwen2.5-1.5B-Instruct,700,700,finqa,0.6128405332565308,160,0.2314898520708084,0.050390053540468216,"[-0.015771174895301953, 0.005369610425898941, 0.00037685118564496635, 0.16227268369407, 0.011087471580121643]","[0.0011732442760415296, 0.0006420611489562411, 0.0008225853070447098, 0.034689127972763426, 0.000987742242747558]",0
ragbench_Qwen2.5-1.5B-Instruct,701,701,pubmedqa,0.5687023997306824,200,1.4556750059127808,0.241670623421669,"[1.224734584503385, 0.27325837785846036, -0.0007017502957614852, 0.0016670175869012384]","[0.18749073395464394, 0.04777339092124009, 0.0023042821857414708, 0.00346271207584671]",0
ragbench_Qwen2.5-1.5B-Instruct,702,702,pubmedqa,0.669640064239502,200,1.1978929042816162,0.1870395690202713,"[-0.02017560510886824, 0.2242758658225921, 0.8609094915550531, 0.09693102420739479, -0.006295018509561033]","[0.007346375867648476, 0.03526626256843507, 0.12128631885866639, 0.019452420456763236, 0.004822911603162936]",0
ragbench_Qwen2.5-1.5B-Instruct,703,703,finqa,0.9836419820785522,37,0.09430944919586182,0.02025279775261879,"[0.05906579032447602, 0.017653769545717835, 0.010922863830617987, 0.08720765448536416]","[0.006496271946249439, 0.0006027052632859793, 0.0004371734740387281, 0.014458624365820346]",0
ragbench_Qwen2.5-1.5B-Instruct,704,704,delucionqa,0.5294076204299927,126,1.7334270477294922,0.273043155670166,"[0.5551476199247017, 1.0314772567689365, 0.01409163768012005, 0.009816508532287752, 0.013921359327252417]","[0.09360782830178832, 0.1615125982925007, 0.0025080575569425777, 0.0024897580705058207, 0.002367449469197763]",0
ragbench_Qwen2.5-1.5B-Instruct,705,705,covidqa,0.7557582855224609,46,1.9664335250854492,0.25487297773361206,"[-0.03911085286666133, 0.008013454588881754, 0.024844138719503382, 1.5649484876409152, 0.010449441317810535]","[0.006849332932714363, 0.0014290980755197818, 0.0023372739507344113, 0.2036805942915951, 0.0050598215052361966]",0
ragbench_Qwen2.5-1.5B-Instruct,706,706,covidqa,0.6829119920730591,50,1.9440929889678955,0.2785409092903137,"[-0.017430288276664214, 0.8026139448885806, 0.009789866932987935, 1.1900176139976246, 0.03542953244774253]","[0.005238499886890509, 0.10056303781617316, 0.006063743101560135, 0.17627120452985764, 0.0010143775018565293]",0
ragbench_Qwen2.5-1.5B-Instruct,707,707,pubmedqa,0.43052077293395996,173,1.1641229391098022,0.18718278408050537,"[0.2647360775842461, 0.7846254909834617, -0.0024297695980699326, -0.011294632752823369, 7.745569989390925e-05]","[0.04422247641429247, 0.13445242451196115, 0.002711994832655544, 0.0017394552945983186, 0.0020419734260634]",0
ragbench_Qwen2.5-1.5B-Instruct,708,708,finqa,0.48189640045166016,200,0.4585285484790802,0.11179449409246445,"[0.061314575467308716, 0.35242052251973294, -0.007333248914887918, -0.00373523977969171]","[0.011723076592542583, 0.09184044685754003, 0.0006889668289360173, 0.0008577675280334062]",0
ragbench_Qwen2.5-1.5B-Instruct,709,709,finqa,0.5439693927764893,177,0.17920659482479095,0.06112254783511162,"[0.0029062895457152445, 0.0031114551215335982, -0.015252991297555352, -0.0026888735478344432, 0.12537303974743422]","[0.003691826572936589, 0.0005187797051207126, 0.005200363274827324, 0.0005599279601358826, 0.03031279281992441]",0
ragbench_Qwen2.5-1.5B-Instruct,710,710,covidqa,1.0898092985153198,31,0.8523244261741638,0.14636026322841644,"[-0.14237562309280027, -0.05611549945065382, -0.07037904231331213, -0.05846764769376023, -0.0478837470435528]","[0.03289835812944742, 0.0034960631769462773, 0.0021414215173667945, 0.0039006117643903934, 0.004818468540248989]",0
ragbench_Qwen2.5-1.5B-Instruct,711,711,finqa,0.686249852180481,86,0.9986358284950256,0.13859200477600098,"[0.007902668230683979, -0.007144761090008022, 0.011632804262141035, 0.004451879887329956, 0.8257276101477188]","[0.0015658776922376403, 0.002985867986875532, 0.0024275910495023625, 0.0013229327999940673, 0.14127477040391948]",0
ragbench_Qwen2.5-1.5B-Instruct,712,712,finqa,0.6775467991828918,121,0.1814851462841034,0.06346465647220612,"[0.011949142208743806, 0.01974170669555026, -0.016163976851451232, 0.025587523494653975, 0.046462822815789145]","[0.0009300022711228344, 0.003510424459268168, 0.0029090544553794133, 0.0016385553294240662, 0.0016687702015511898]",0
ragbench_Qwen2.5-1.5B-Instruct,713,713,hotpotqa,0.3230786919593811,67,0.5332484841346741,0.10158216953277588,"[0.028476019348877956, 0.31695562165655994, 0.3929273771579723, 0.023447160271168842]","[0.0033054374735725324, 0.032977666267991264, 0.06734973812350195, 0.0029285513181642343]",0
ragbench_Qwen2.5-1.5B-Instruct,714,714,pubmedqa,0.9667950868606567,93,0.7493347525596619,0.13869622349739075,"[0.11250484632441302, 0.12894741770876236, 0.18852153284750225, 0.002665247120931067, 0.012838194737562071]","[0.051904775146043955, 0.01759221462794621, 0.018797198802952494, 0.0031669543854772326, 0.0017462075096680428]",0
ragbench_Qwen2.5-1.5B-Instruct,715,715,pubmedqa,1.1869356632232666,88,0.5167858004570007,0.10421669483184814,"[0.36782653196322906, 0.12136086621645538, 0.13155674458987351, 0.025021373673752123]","[0.06011378036778217, 0.019386455132465355, 0.018437968865571364, 0.007554240107787552]",0
ragbench_Qwen2.5-1.5B-Instruct,716,716,pubmedqa,0.7211123704910278,200,1.0537605285644531,0.16902679204940796,"[0.46118298239128136, 0.33465907633319003, 0.022398400117914292, -0.0063658125159398084]","[0.09358137064769906, 0.04509131011965211, 0.0049004775190128495, 0.0017142475922146971]",0
ragbench_Qwen2.5-1.5B-Instruct,717,717,finqa,0.5219180583953857,68,0.6248278617858887,0.14196741580963135,"[0.020040550488067098, 0.009223764031409754, 0.0055326287584608405, 0.017380020069715424, 0.4911051105262178]","[0.0035940290145416377, 0.001152191540036122, 0.0009889300172273231, 0.0020181709324629, 0.1271347431647086]",0
ragbench_Qwen2.5-1.5B-Instruct,718,718,pubmedqa,1.06729257106781,93,1.1309292316436768,0.19146974384784698,"[0.2299381986120606, 0.2170555380127378, 0.024482599801893483, 0.017014327438999083]","[0.045144697109012005, 0.03584335209507881, 0.026207494707686237, 0.00884668656398641]",0
ragbench_Qwen2.5-1.5B-Instruct,719,719,finqa,0.802718997001648,65,0.6389020681381226,0.1513388454914093,"[0.008590944679991271, 0.0012490477646329404, -0.004369825819202771, -0.022753098031646983, 0.5860793866213778]","[0.0014369799675801704, 0.0006858367433184098, 0.001400394664412593, 0.0014692896997609332, 0.14190592484067285]",0
ragbench_Qwen2.5-1.5B-Instruct,720,720,finqa,0.7358455657958984,72,0.2631515562534332,0.052590567618608475,"[-0.012055946529367626, -0.019982384665616512, 0.014045541395647534, 0.2641844542293812, -0.04125799603227165]","[0.0031087713886266658, 0.00469383458897157, 0.0016560055902243359, 0.05095651233093987, 0.0059685322905151696]",0
ragbench_Qwen2.5-1.5B-Instruct,721,721,pubmedqa,0.637108564376831,200,0.9338920712471008,0.1961507648229599,"[0.1371479254203348, 0.45225413014460203, 0.3444709081145595, 0.0014480326184641967, -0.003705573266976785]","[0.03489435660831356, 0.09775279856625155, 0.06161280229989357, 0.007963271175173219, 0.0026629478079037484]",0
ragbench_Qwen2.5-1.5B-Instruct,722,722,covidqa,0.5556774139404297,70,1.188718557357788,0.25401443243026733,"[0.9256744601582145, 0.3293791045712299, 0.010993006665166507, -0.002668247166534294, 0.00802502151158738]","[0.20914598680458799, 0.0634413940130701, 0.0019863291183999164, 0.0008899435325717368, 0.0019585860612011175]",0
ragbench_Qwen2.5-1.5B-Instruct,723,723,hotpotqa,0.9908819794654846,24,-0.13491526246070862,0.02920115552842617,"[0.020814232469395694, 0.03712165614191084, 0.023363556974193973, 0.02838592035459442, 0.022008621900113212]","[0.002705234526063786, 0.0013417718115438977, 0.0021026659478214547, 0.03442968429768219, 0.0023518526497715206]",0
ragbench_Qwen2.5-1.5B-Instruct,724,724,finqa,1.2089556455612183,23,0.21792955696582794,0.11147390305995941,"[0.025952030971498258, 0.0055316266807494685, 0.0014791944735327927, 0.02557287220335401, 0.5525133098497305]","[0.002807569385654658, 0.0017222393065248584, 0.001624378888851899, 0.002195849764961088, 0.11672103438418756]",0
ragbench_Qwen2.5-1.5B-Instruct,725,725,hotpotqa,1.3300455808639526,16,0.2935021221637726,0.13687294721603394,"[1.1475239632709417, 0.02723781808140302, 0.013737082855413973, 0.047867545105418685, 0.023245926600338862]","[0.14723432261962444, 0.004269488848906988, 0.0038459393033143385, 0.0025011546670796747, 0.0021025249120789624]",0
ragbench_Qwen2.5-1.5B-Instruct,726,726,pubmedqa,0.7428057193756104,200,0.6737352013587952,0.1344190537929535,"[-0.02972616983158957, 0.313016752162589, 0.260951069514669, 0.005495261052781757, 0.0064805174017271835]","[0.01107495795954966, 0.06267931835420114, 0.046300180802412216, 0.007855698449578839, 0.0036158172946957378]",0
ragbench_Qwen2.5-1.5B-Instruct,727,727,pubmedqa,0.9360823631286621,200,0.7394679188728333,0.1441613882780075,"[0.4792881142649867, 0.3813733098808308, 0.01647473009490284, 0.0277499403050291]","[0.09728040732335799, 0.059128462621916525, 0.0031108183813459435, 0.0036405096720773856]",0
ragbench_Qwen2.5-1.5B-Instruct,728,728,covidqa,0.8688246011734009,92,1.9461349248886108,0.2645470201969147,"[0.2547569821506682, 0.008882291268017307, 0.008975558706128062, 0.7286594633286491]","[0.05079209559404527, 0.006204373971969616, 0.0035954872709950173, 0.0940751378370929]",0
ragbench_Qwen2.5-1.5B-Instruct,729,729,hotpotqa,0.9731789231300354,25,0.15347808599472046,0.0567266047000885,"[-0.011669576595311355, 0.031137026525429976, 0.02125166142795024, 0.11296389624211316, 0.19959850374661983]","[0.022384809832133215, 0.01839089902815857, 0.004295714895579295, 0.009702277870966896, 0.018543604738518696]",0
ragbench_Qwen2.5-1.5B-Instruct,730,730,pubmedqa,1.3118932247161865,127,1.0523285865783691,0.17245663702487946,"[0.24169869767301433, 0.19588317516163944, 0.16543737112505633, -0.004920501387674649, -0.015715070974220285]","[0.04348118020209044, 0.018348057488330727, 0.045454333909763306, 0.008251196999558166, 0.016248443123942698]",0
ragbench_Qwen2.5-1.5B-Instruct,731,731,finqa,0.42778998613357544,200,0.2638525366783142,0.04822693392634392,"[-0.005944813881449136, -0.007814329505222303, 0.13673425730715053, -0.007670466238635072, -0.006599921166607601]","[0.0009856229336844536, 0.0005398512240265063, 0.03703341255098508, 0.0006037685430820262, 0.000518156729249597]",0
ragbench_Qwen2.5-1.5B-Instruct,732,732,finqa,0.5243372917175293,200,0.10996805876493454,0.027732525020837784,"[-0.00022944662148802308, -0.0036001824424329244, -0.009113919873307168, -0.002647410937584027, 0.0720192086259749]","[0.0005690695774546839, 0.0005462774023504835, 0.0007338036457866792, 0.0009573956772061365, 0.024777319237663846]",0
ragbench_Qwen2.5-1.5B-Instruct,734,734,pubmedqa,0.837581217288971,92,1.3782713413238525,0.1962449699640274,"[0.7905188583419643, 0.3363461686872408, -0.05035470077146998, -0.023287200297516457]","[0.10526550916721943, 0.047177730947978905, 0.010801862383601006, 0.00448672195095412]",0
ragbench_Qwen2.5-1.5B-Instruct,735,735,finqa,0.6425217390060425,97,1.1470906734466553,0.2232896238565445,"[0.0014569256298896623, -0.032599571397684525, 0.8469721446540133, 0.02455772998437216, 0.021607439697109588]","[0.003517703856920163, 0.00798867133576327, 0.20327539461029887, 0.0028632773931624063, 0.0019048891438584847]",0
ragbench_Qwen2.5-1.5B-Instruct,736,736,finqa,0.6465416550636292,136,0.12549801170825958,0.04669063538312912,"[-0.00768827326459466, -0.0018825715632999618, 0.14927670577060326, -0.008554990576320332, -0.0030862589746635315]","[0.0005941480836096455, 0.0005059984318382296, 0.04562096850556602, 0.0005391578235359413, 0.0005359697106073594]",0
ragbench_Qwen2.5-1.5B-Instruct,737,737,finqa,0.4954559803009033,195,0.07940765470266342,0.02638041414320469,"[0.0017377746098587428, 0.003626389081295528, 0.005205801399210358, 0.06983325269265828, 0.0005052700271428479]","[0.000435183065894762, 0.00038783049564148524, 0.0004996518707587373, 0.022625161957474497, 0.00038031532329869266]",0
ragbench_Qwen2.5-1.5B-Instruct,738,738,finqa,0.4697563350200653,164,0.24294662475585938,0.046560049057006836,"[0.014399646558549037, 0.004512556853683236, 0.16322866046155513, 0.0036013525986823523, -0.0027617687895105806]","[0.001667696431142201, 0.0004599555938588859, 0.03359973038624362, 0.000445529474655043, 0.00018217743706186383]",0
ragbench_Qwen2.5-1.5B-Instruct,739,739,pubmedqa,0.530836284160614,200,0.867290735244751,0.14542384445667267,"[0.6473883954370178, 0.1923393076532463, 0.0010562723632696702, -0.0044657945999870205]","[0.08978879873327202, 0.036349262249206454, 0.002511597773579375, 0.003742427502516055]",0
ragbench_Qwen2.5-1.5B-Instruct,740,740,pubmedqa,0.8150554895401001,87,1.149510383605957,0.14305493235588074,"[1.031193113533469, 0.038698100546520016, 0.07667330177492664, 0.03672672242360532, 0.040372925864727516]","[0.10949414982186663, 0.008190931926554247, 0.0065405348712243155, 0.004531784005976851, 0.0069077280278858]",0
ragbench_Qwen2.5-1.5B-Instruct,741,741,pubmedqa,0.7803764939308167,200,0.7859584093093872,0.13666433095932007,"[0.5617188151953348, 0.25218676023473563, 0.023495272780371012, 0.017397143567621925]","[0.08551611500752684, 0.03800071977038513, 0.002628508706592818, 0.0026281877915899175]",0
ragbench_Qwen2.5-1.5B-Instruct,742,742,covidqa,0.3452407419681549,26,2.2783753871917725,0.32900550961494446,"[0.02486287233589862, 0.0957006300898054, 1.4515333567531064, 0.025278401386458427]","[0.0021714450844088928, 0.01144721333016955, 0.22540776044703448, 0.00555655265648406]",0
ragbench_Qwen2.5-1.5B-Instruct,743,743,finqa,0.4557912349700928,200,0.20777012407779694,0.042137373238801956,"[0.001277005132203044, 0.002520523557554384, -0.002446484260214561, 0.0004650888290609601, 0.12224080299553748]","[0.0005045713778213923, 0.0007806270408682537, 0.00058147994533158, 0.0009337177568951915, 0.03330338186898835]",0
ragbench_Qwen2.5-1.5B-Instruct,744,744,pubmedqa,0.5707739591598511,186,0.9672626852989197,0.14730793237686157,"[0.21187947570760732, 0.781065904133855, -0.026898075030260926, -0.008133954916611364]","[0.047280977286899326, 0.11189314298108262, 0.006368493978886468, 0.005132648250787929]",0
ragbench_Qwen2.5-1.5B-Instruct,745,745,finqa,0.9114277958869934,95,0.16356977820396423,0.06854607909917831,"[0.013209010521358035, 0.0071238897067755, 0.013312888866655732, -0.01668261524766637, 0.09819401949793437]","[0.001364409811469015, 0.0019370066031581096, 0.0011083738845201196, 0.0015226656783994485, 0.060538558501525584]",0
ragbench_Qwen2.5-1.5B-Instruct,746,746,finqa,0.5487147569656372,200,0.16147224605083466,0.05268052592873573,"[-0.012829865074381672, -0.005524505728781719, 0.14564279970253438, -0.014718125628511132, -0.005854513251032927]","[0.0022932576006188298, 0.001714896949496314, 0.04463475723256785, 0.001217533466353906, 0.0011905650794808765]",0
ragbench_Qwen2.5-1.5B-Instruct,747,747,pubmedqa,0.696540892124176,105,1.2943657636642456,0.23509691655635834,"[0.08630744797539397, 0.8772263582056049, 0.5564682163853063, 0.012901430626287774, 0.03229572424341292]","[0.01410177796881234, 0.13993677875892424, 0.08699414316010111, 0.005456671098986292, 0.0041979057718235496]",0
ragbench_Qwen2.5-1.5B-Instruct,748,748,covidqa,0.6234252452850342,45,0.816275954246521,0.15307852625846863,"[0.48575940950540825, -0.04045973130762125, 0.21792436902453322, -0.022773004569171463]","[0.08745187504017243, 0.009575722538152023, 0.0573001519075054, 0.0021053745705760067]",0
ragbench_Qwen2.5-1.5B-Instruct,749,749,finqa,0.6379696726799011,85,0.3837723135948181,0.09489498287439346,"[0.0158139971555797, 0.00785080523394433, 0.4227646028661077, 0.020676206548724246, 0.03567597373700183]","[0.0008506634656688347, 0.0010245574509670184, 0.09929359267324404, 0.0019200722022334811, 0.004349258783857458]",0
ragbench_Qwen2.5-1.5B-Instruct,750,750,covidqa,1.4991687536239624,48,1.929073691368103,0.2949467897415161,"[1.227121627656743, 0.10073577170624048, -0.1794156075285779, 0.7936334992523371]","[0.17362837802951012, 0.09871514592541786, 0.01648535859671914, 0.0749878143791231]",0
ragbench_Qwen2.5-1.5B-Instruct,751,751,finqa,0.43268677592277527,200,0.17848119139671326,0.037119220942258835,"[0.13250125307181748, -0.005953196275276014, -0.003560602190125337, -0.002804896778688999, -0.0007329082386206664]","[0.03296564726621995, 0.0004056032212265137, 0.0003762712273758595, 0.0004022702483439744, 0.0003500075537897729]",0
ragbench_Qwen2.5-1.5B-Instruct,752,752,pubmedqa,0.8417410254478455,200,1.0850743055343628,0.1966821253299713,"[0.3843905418222357, 0.19990718312273642, 0.4320062697166401, 0.0794177254901193]","[0.06928519967035243, 0.023843605110726838, 0.0816936528926698, 0.026105078721666376]",0
ragbench_Qwen2.5-1.5B-Instruct,753,753,pubmedqa,0.3329215943813324,200,0.7692655920982361,0.12918274104595184,"[0.4095058776432785, 0.3588111315992307, -0.0028743049169349887, -0.006344307410900569, 0.0007913553652053907]","[0.059310103327925544, 0.06494327010324223, 0.0010713823379857779, 0.000804531098673582, 0.0010729421031741104]",0
ragbench_Qwen2.5-1.5B-Instruct,754,754,pubmedqa,0.6570501327514648,74,0.837010383605957,0.14527319371700287,"[0.0027747356912302843, 0.8009788919192562, -0.04820789116674708, -0.015715034905617136, -0.020079109158792595]","[0.01341170489867272, 0.123890957055283, 0.004787864548444589, 0.0028822133058971407, 0.0027550334614264735]",0
ragbench_Qwen2.5-1.5B-Instruct,755,755,finqa,0.8243759870529175,171,0.209157332777977,0.05960196629166603,"[-0.003763102315638712, -0.008200690015932282, 0.11205544540750415, 0.0015987508380431148, -0.01090237100489019]","[0.003131841536417514, 0.003110981567776331, 0.03683113393925051, 0.0007518093976957901, 0.0027573237839864004]",0
ragbench_Qwen2.5-1.5B-Instruct,756,756,pubmedqa,0.8827489614486694,200,1.0217682123184204,0.15811105072498322,"[0.34865215780376274, 0.06351370413945005, 0.15056530625683082, 0.23855185202855864]","[0.060055119413964776, 0.025329293926097875, 0.020090925979962364, 0.03340661128942855]",0
ragbench_Qwen2.5-1.5B-Instruct,757,757,pubmedqa,0.5136590003967285,200,0.8838964104652405,0.17195254564285278,"[0.029994703474576456, 0.7433514689360436, 0.002587722698244761, 0.0005123770597219846, -0.0017235115425773984]","[0.005944069400414662, 0.14126097790986536, 0.0032388773904472147, 0.0006484748444734123, 0.000712221344115278]",0
ragbench_Qwen2.5-1.5B-Instruct,758,758,pubmedqa,0.9942946434020996,65,0.22959142923355103,0.09884723275899887,"[-0.0425341681077323, -0.08785708711216453, 0.21557293246696646, -0.0254293101998463]","[0.014080906960890616, 0.013432808635533014, 0.05290749574926263, 0.00572135011336216]",0
ragbench_Qwen2.5-1.5B-Instruct,759,759,covidqa,1.1959418058395386,45,0.7740426659584045,0.22777481377124786,"[0.7144187113373643, 0.25167625697795304, 0.26134450975352796, -0.017922107421974136]","[0.1178588224178788, 0.04000401214868058, 0.05603466995610296, 0.0021642792240489446]",0
ragbench_Qwen2.5-1.5B-Instruct,760,760,delucionqa,0.6765591502189636,38,0.9425022006034851,0.15462979674339294,"[0.7403671852425759, 0.0997213039362051, 0.09875534631120038, 0.10062133378261551, 0.1023542806376913]","[0.1061164738606342, 0.004337365498924471, 0.0040429497572302495, 0.003827668008664444, 0.0043935456279290235]",0
ragbench_Qwen2.5-1.5B-Instruct,761,761,finqa,0.707795262336731,123,0.31958651542663574,0.09333822876214981,"[0.0010166739776295577, 0.003964311795524684, 0.007201806858744923, 0.001848900700353876, -0.016042936329880818]","[0.00890261771296056, 0.0007675339986876245, 0.003631938140358324, 0.0008067302263861983, 0.015208423537088768]",0
ragbench_Qwen2.5-1.5B-Instruct,762,762,finqa,1.0361508131027222,198,0.2554059624671936,0.07103709876537323,"[0.006223540711298575, -0.0015048059893601792, -0.00031380947783680204, -0.006626167443507505, 0.12699695177275547]","[0.0011354030746185538, 0.00045884128945858447, 0.0011098573622438845, 0.029848092095405857, 0.026024890004805745]",0
ragbench_Qwen2.5-1.5B-Instruct,763,763,finqa,0.42369863390922546,178,0.10176707059144974,0.02477956935763359,"[0.09389426381122841, -0.011430713556252525, -0.00868643798423435, -0.010495244841230784, -0.010919023232548406]","[0.021073054200428487, 0.0003334333134991508, 0.0011214018116391846, 0.0002967076491644142, 0.0005276506256452292]",0
ragbench_Qwen2.5-1.5B-Instruct,764,764,hotpotqa,1.2214511632919312,23,0.21358689665794373,0.10356036573648453,"[-0.0036603196956844918, 0.2090811885981289, -0.027793811756292478, 0.004712463851952318, -0.021575649407484732]","[0.013432953158411217, 0.0908380440913215, 0.00733494278039831, 0.0029280901872267427, 0.004221645214611074]",0
ragbench_Qwen2.5-1.5B-Instruct,765,765,hotpotqa,1.039266586303711,36,1.285062551498413,0.22991374135017395,"[0.005031904879918632, 0.6692497490245538, 0.5303045873879455, 0.18055936521462476]","[0.016100980951238044, 0.07347577299393986, 0.11175819799912763, 0.051618106786109924]",0
ragbench_Qwen2.5-1.5B-Instruct,766,766,finqa,0.450636625289917,192,0.2844344675540924,0.05571429803967476,"[0.07132187310460376, 0.01565000538216706, 0.20682867275649697, 0.0036412055251520137, 0.011292877958550237]","[0.006834535141252022, 0.0015839276205716346, 0.04550463484380168, 0.0011867084489607105, 0.0008466894663072821]",0
ragbench_Qwen2.5-1.5B-Instruct,767,767,pubmedqa,0.9288249015808105,117,0.5123592019081116,0.1124255508184433,"[0.28990420041574383, 0.13479377078920637, 0.05909227932875766, 0.039701674748738515]","[0.04630546041707574, 0.02906575434000491, 0.00843371879017599, 0.004874555392497735]",0
ragbench_Qwen2.5-1.5B-Instruct,768,768,pubmedqa,0.7981756329536438,200,1.347388505935669,0.1978636384010315,"[0.6478176504102885, 0.6083990447365022, 0.22718510528926572, 0.04697071943071705]","[0.0819829515581468, 0.10604146816668573, 0.024809169324335797, 0.02359999634325483]",0
ragbench_Qwen2.5-1.5B-Instruct,769,769,pubmedqa,0.7650031447410583,200,0.6128987073898315,0.11633432656526566,"[0.6376350060734103, -0.01622088512019161, -0.01966861001062796, -0.017044366561977428]","[0.11703235279419974, 0.007502458224983517, 0.002967647665835962, 0.0021393388126663736]",0
ragbench_Qwen2.5-1.5B-Instruct,770,770,pubmedqa,0.7054799199104309,92,1.0084446668624878,0.18143977224826813,"[0.27339266475969554, 0.021832322541691294, 0.02528212632922611, 0.4580347889197494, 0.21276583336147387]","[0.049435996625852234, 0.0034977975385797537, 0.005610973719186372, 0.07183375914552083, 0.03425206793664623]",0
ragbench_Qwen2.5-1.5B-Instruct,771,771,pubmedqa,0.8779451251029968,200,0.39197319746017456,0.08269493281841278,"[0.3251115307402803, -0.0024462701789423136, 0.003144039382140136, -0.006473718523764092, -0.011467244463411817]","[0.04839260971132692, 0.0029506418870179373, 0.003421483755763113, 0.0029628804718518963, 0.00218913033726837]",0
ragbench_Qwen2.5-1.5B-Instruct,772,772,pubmedqa,0.7916267514228821,176,0.737723171710968,0.141868457198143,"[0.13014482686801124, 0.5407762368710342, -0.018183320098756894, -0.022698092278912698, -0.015228959589494067]","[0.035255959892289225, 0.10410249436473458, 0.002510681036551529, 0.00208861318747313, 0.0016449251485484756]",0
ragbench_Qwen2.5-1.5B-Instruct,773,773,finqa,0.5363736152648926,200,0.08956864476203918,0.030438266694545746,"[0.0007035950922318079, -0.0010133251453316916, -0.009245081705357735, -0.012984699198677846, 0.06875290668373055]","[0.0005205298712439799, 0.000511564128293287, 0.0005596145688194553, 0.0015210592239867538, 0.02583747018995311]",0
ragbench_Qwen2.5-1.5B-Instruct,774,774,finqa,0.8210092186927795,154,0.02990281768143177,0.021129528060555458,"[0.011277588995703986, -0.016211102343820498, -0.008185171284621193, -0.0057255346634826915, 0.024156685114316394]","[0.0005129683148975449, 0.0005970068402786398, 0.00034230953905171045, 0.00042851674241477396, 0.011891539813023483]",0
ragbench_Qwen2.5-1.5B-Instruct,775,775,finqa,0.6789628267288208,119,0.6084712743759155,0.1432567834854126,"[0.0007031840835630081, 0.616455668516867, 0.00418864662905427, 0.01363365294494298]","[0.0029712583526648496, 0.1397720030940907, 0.002835916678960251, 0.0030456330359625253]",0
ragbench_Qwen2.5-1.5B-Instruct,776,776,pubmedqa,1.0127142667770386,200,0.7415823340415955,0.13592495024204254,"[0.7299630209935094, -0.002603124288152685, 0.004920399760594591, -0.0020005871370267414, 0.0008566405348392436]","[0.11935123939495611, 0.006538657710237174, 0.0034077721247859926, 0.006679346281875951, 0.0024378295984075747]",0
ragbench_Qwen2.5-1.5B-Instruct,777,777,covidqa,0.9081446528434753,24,0.8065502643585205,0.21791382133960724,"[-0.00042275283582663786, 1.3489875109177472, 0.006888709797446306, -0.00016566921112826094, -0.011484534728272896]","[0.005430227505788328, 0.21644606079795872, 0.003653973250341854, 0.0012919529932181224, 0.0013754806507032906]",0
ragbench_Qwen2.5-1.5B-Instruct,778,778,finqa,0.601815938949585,69,0.3088969886302948,0.09374126046895981,"[0.025506662939931077, -0.01187961913947747, -0.008643468424188672, 0.2669038108151126, 0.0057223617250333455]","[0.0014610424351399226, 0.0012166820933800962, 0.0020823961141364844, 0.08383290412150922, 0.00048617460949483006]",0
ragbench_Qwen2.5-1.5B-Instruct,779,779,finqa,0.8547447919845581,118,0.06937479227781296,0.05706443265080452,"[-0.0019923022278062028, -0.0030644841331542334, 0.000953944880553397, -0.016349050556294646, 0.09721552539267346]","[0.002283760575152976, 0.0018305101506698193, 0.002144324001772868, 0.005150149227155389, 0.04363111396355731]",0
ragbench_Qwen2.5-1.5B-Instruct,780,780,covidqa,1.1860630512237549,42,1.3004438877105713,0.1853613555431366,"[0.8369087508012204, 0.46759828051099683]","[0.11457515822688774, 0.06289017865167677]",0
ragbench_Qwen2.5-1.5B-Instruct,781,781,delucionqa,1.0032421350479126,56,1.320960283279419,0.1904159039258957,"[0.6902718950888291, 0.2543969273325339, 0.04510458724507771, -0.02549877320552696]","[0.0904238493935655, 0.06396136429427608, 0.007285125147991575, 0.0054924673885078535]",0
ragbench_Qwen2.5-1.5B-Instruct,782,782,finqa,0.9994004964828491,22,-0.06307874619960785,0.032632943242788315,"[0.006265170763733543, 0.017725626842796126, 0.015322922284791606, 0.03639500427776842, -0.008294942307905083]","[0.001340154961202312, 0.016189689424870514, 0.0009075050624199383, 0.0009442522464501673, 0.0011385993998477386]",0
ragbench_Qwen2.5-1.5B-Instruct,783,783,pubmedqa,1.0227605104446411,100,0.614129900932312,0.10203350335359573,"[0.48449768810503685, 0.12107754119688728, 0.006686919021740039, 0.01870135126773647, 0.01350877652022291]","[0.060575991514362854, 0.021850863690334885, 0.011083531080434455, 0.005347809485180975, 0.0033215624239150542]",0
ragbench_Qwen2.5-1.5B-Instruct,784,784,pubmedqa,1.4176329374313354,35,2.0191774368286133,0.26837900280952454,"[1.963036197229355, 0.009631224389366772, 0.04202843756569824, 0.03513563217789591, 0.04156418203643365]","[0.24834197914959596, 0.0038563521089120707, 0.0028102050043522855, 0.0017446170202224005, 0.006221057980460744]",0
ragbench_Qwen2.5-1.5B-Instruct,785,785,pubmedqa,0.7027863264083862,143,0.9509920477867126,0.15972298383712769,"[0.3415896279248546, 0.3479980592700433, 0.5185593507560163, -0.02928951496832511]","[0.041724111595629214, 0.05241482132670425, 0.0826064431626243, 0.00646304955789976]",0
ragbench_Qwen2.5-1.5B-Instruct,786,786,pubmedqa,0.6299880146980286,200,1.0441889762878418,0.1888256072998047,"[0.24062882574896766, 0.6931913043193935, 0.27365995760412487, -1.0262368560916001e-05, -0.0033042166011546213]","[0.03700568778148227, 0.11196467447748748, 0.045174177038207385, 0.005166160229137979, 0.0027875041671503987]",0
ragbench_Qwen2.5-1.5B-Instruct,787,787,pubmedqa,0.836138129234314,200,0.6578860282897949,0.1231820285320282,"[0.4163604261159651, 0.29489246118502704, 0.021830886342966663, 0.015915205710501253, 0.006334050867229735]","[0.07691655247164228, 0.04974054042425388, 0.0072487114037229185, 0.004230003884931186, 0.0021436084610809837]",0
ragbench_Qwen2.5-1.5B-Instruct,788,788,pubmedqa,0.8684538006782532,91,0.6198520660400391,0.09975023567676544,"[0.5192401432622229, 0.001605760461158782, 0.019226192532706982, -0.0072893172979907475, -0.008192384150403926]","[0.07561459957600561, 0.004281420375239928, 0.003365091335334957, 0.0018992883228311338, 0.002594134040837811]",0
ragbench_Qwen2.5-1.5B-Instruct,789,789,finqa,0.7327580451965332,200,0.23284415900707245,0.05924517661333084,"[-0.0057436658200867895, -0.0009006418325429877, 0.024214281122151533, 0.0742700795887822, 0.00442828310480536]","[0.0018986298179910932, 0.0023879101503766265, 0.02052550768197932, 0.03295295861137319, 0.002331603694649118]",0
ragbench_Qwen2.5-1.5B-Instruct,790,790,finqa,0.5081444382667542,200,0.20289549231529236,0.055464960634708405,"[0.0176958056044964, -0.0028609664086297927, 0.14277865845975157, -0.002593334255409445]","[0.002968761908389901, 0.0005602673244703027, 0.05146344967697566, 0.0006370295332459009]",0
ragbench_Qwen2.5-1.5B-Instruct,791,791,techqa,1.0909605026245117,200,0.6107381582260132,0.08380310237407684,"[0.3819631713214062, 0.2048104272700675, -0.010966495910336107, 0.0010841325090268582, -0.000785424982366294]","[0.04837705322918822, 0.024647645918725515, 0.0033712995043995875, 0.0026479461184345607, 0.002216105656000309]",0
ragbench_Qwen2.5-1.5B-Instruct,792,792,pubmedqa,1.1052021980285645,124,0.6439501047134399,0.12533488869667053,"[-0.07574036583296884, 0.19792859578985206, 0.101729964680921, 0.19038685348609194]","[0.019191903840238316, 0.03822827539548071, 0.025116306464372153, 0.041217665143093433]",0
ragbench_Qwen2.5-1.5B-Instruct,793,793,delucionqa,1.2297407388687134,17,1.352015495300293,0.28305521607398987,"[1.0648414958268404, 0.04762630094431669, 0.07206565373823703, 0.1082821961163598, 0.13393071791335173]","[0.20824862716664724, 0.006850131247654858, 0.005332059056105637, 0.007633955109721522, 0.012617221340941101]",0
ragbench_Qwen2.5-1.5B-Instruct,794,794,finqa,0.6435130834579468,151,0.22912049293518066,0.06094709038734436,"[0.02804566052487713, 0.1673131671463748, 0.008978938928745326, -0.0017356729517812646, -0.016712534157294467]","[0.005768311341456254, 0.04575382422707907, 0.004147556418259819, 0.002807685197658435, 0.0010105920141722157]",0
ragbench_Qwen2.5-1.5B-Instruct,795,795,pubmedqa,0.9282124042510986,200,0.5877538323402405,0.1046186238527298,"[0.5427856574614668, 0.022174261222072004, 0.008658574754971369, 0.025350881476257713]","[0.09261870631532072, 0.004103035739993945, 0.0026160017160225557, 0.00202743055809389]",0
ragbench_Qwen2.5-1.5B-Instruct,796,796,finqa,0.571803092956543,137,0.2986450791358948,0.09665956348180771,"[0.061631180973768275, -0.0015478908699035185, -0.003291512216981865, -0.0005584988821723142, 0.16945528563491094]","[0.015883015645508886, 0.0023040235859387265, 0.0017123312844899532, 0.0012928504168926184, 0.056478186232034745]",0
ragbench_Qwen2.5-1.5B-Instruct,797,797,covidqa,0.4788922667503357,60,1.413375735282898,0.2644127607345581,"[0.6307791964990277, -0.02167714467230629, -0.07047676075197463, 0.7703160849935254, 0.005983469890876828]","[0.14075231356167517, 0.006622367684539654, 0.0037758201716092308, 0.1242148099021468, 0.0011824516661159616]",0
ragbench_Qwen2.5-1.5B-Instruct,798,798,finqa,0.550876259803772,200,0.1402970254421234,0.03663739934563637,"[0.012189136766575076, -0.0003526899215864887, -0.0019214737034673134, 0.06798299053776873, 0.0010473294182116889]","[0.00048548345596600485, 0.00036430416820891763, 0.0004941300564838968, 0.028567623843272116, 0.0005630970570315696]",0
ragbench_Qwen2.5-1.5B-Instruct,799,799,finqa,0.8695011138916016,48,0.4388020932674408,0.13027366995811462,"[0.020109541278960325, -0.014258580281383123, 0.3438579204483858, 0.008844762600252428]","[0.005956273900114439, 0.0022692675354546075, 0.10693552878345969, 0.0022671105877307696]",0
