model,resp_id,orig_idx,mean_surprisal,n_ans,gap,jsd_noctx,chunk_drops,chunk_jsds,label,doc_id,summ_model
tofueval_SmolLM2-1.7B-Instruct,0,0,2.925593137741089,63,0.7412762641906738,0.1443844437599182,"[-0.01093077857697767, 0.017466123099900813, 0.4161791240372362, 0.08955730723045278, 0.03459085822419544]","[0.017229894661068463, 0.002290501581336728, 0.08548618131219031, 0.012850090620892684, 0.00885913859564613]",1,AlamedaCC_02172015_2015-1189,Model-Extra
tofueval_SmolLM2-1.7B-Instruct,1,1,1.2044141292572021,80,1.2410207986831665,0.19042548537254333,"[0.35914942650615556, 0.1847632613672431, 0.532447590997981, 0.016412075435755468, 0.024131097981171478]","[0.05479419986484117, 0.03129476027851723, 0.0806068932198059, 0.005259561236367461, 0.006511808139165964]",0,AlamedaCC_02172015_2015-1189,model_A
tofueval_SmolLM2-1.7B-Instruct,2,2,1.9284359216690063,20,1.0846112966537476,0.14777560532093048,"[0.009604843985289335, -0.0412120383232832, 0.3104043028317392, 0.04705482814460993, -0.00436955401673913]","[0.013995014925603755, 0.00357576052119839, 0.03991109449416399, 0.026331545345601625, 0.009508437300974037]",0,AlamedaCC_02172015_2015-1189,model_B
tofueval_SmolLM2-1.7B-Instruct,3,3,1.5739270448684692,50,0.8366339802742004,0.1964462250471115,"[0.042604019541468, -0.00032882172294193876, 0.48824553355225364, 0.04025638127146522, -0.07177850631152978]","[0.0065699288328414695, 0.003385182925776462, 0.14979347879474517, 0.009323706974373635, 0.005686049156274749]",0,AlamedaCC_02172015_2015-1189,model_C
tofueval_SmolLM2-1.7B-Instruct,4,4,1.997999906539917,66,0.8507816195487976,0.18175002932548523,"[0.28381761583962845, 0.14857227993938563, 0.3820094653929118, -0.003854180291179518, 0.004502384224410475]","[0.024885243296206696, 0.0451201158004489, 0.11652409479949821, 0.03302800972556091, 0.008191869052463507]",1,AlamedaCC_02172015_2015-1189,model_D
tofueval_SmolLM2-1.7B-Instruct,5,5,1.5895049571990967,31,1.6388413906097412,0.20126548409461975,"[0.039390348160879746, -0.019185674271636432, 1.46516296871367, -0.005711161058336016, -0.03174032149235568]","[0.007681050518811155, 0.0029063717938697664, 0.16604973721663438, 0.012392830924000009, 0.010070971466238036]",0,AlamedaCC_02172015_2015-1189,model_E
tofueval_SmolLM2-1.7B-Instruct,6,6,2.6296627521514893,52,1.1810452938079834,0.18252772092819214,"[0.060462182539945036, 0.0640127214943417, 0.7858718897287662, 0.18044648059339335, 0.002527556561220151]","[0.012463394584651373, 0.02025512618659447, 0.14428934335368326, 0.020377502292271508, 0.007822243783196497]",1,AlamedaCC_02172015_2015-1189,Model-Extra
tofueval_SmolLM2-1.7B-Instruct,7,7,1.2189661264419556,68,1.2851288318634033,0.20379367470741272,"[0.21629872920547152, 0.14614451109339235, 0.7154763312849836, -0.03588283702126372, -0.009315172021374832]","[0.043742881309285886, 0.044535454068319026, 0.10774340292435708, 0.00564414865592051, 0.00456215730776635]",1,AlamedaCC_02172015_2015-1189,model_A
tofueval_SmolLM2-1.7B-Instruct,8,8,1.7340377569198608,51,1.7474313974380493,0.2751580774784088,"[0.12193970093115543, 0.03367903424477132, 1.4229944124041747, -0.09001458578688257, -0.02358705938483278]","[0.04513220223227964, 0.028084526538056227, 0.17422344816269983, 0.0201732630727979, 0.004726245609430514]",0,AlamedaCC_02172015_2015-1189,model_B
tofueval_SmolLM2-1.7B-Instruct,9,9,1.2528138160705566,125,1.5081373453140259,0.21140773594379425,"[0.06944438880402595, -0.0071933421669527885, 0.8994459990919568, 0.5422340365452691, -0.031967461297521364]","[0.009261296444215986, 0.007605487545130018, 0.1253530877850426, 0.0871192651627789, 0.010926146674639313]",0,AlamedaCC_02172015_2015-1189,model_C
tofueval_SmolLM2-1.7B-Instruct,10,10,1.4687695503234863,73,1.563923716545105,0.23750051856040955,"[0.28519362028072626, 0.4068708627266261, 0.9994386510559906, 0.018878553415910174, -0.01650953398816517]","[0.040096441378459344, 0.062121278638947494, 0.1331062211586507, 0.00868314012614189, 0.0063434265228177735]",0,AlamedaCC_02172015_2015-1189,model_D
tofueval_SmolLM2-1.7B-Instruct,11,11,0.9073224663734436,112,1.4638898372650146,0.2004140466451645,"[0.6051581513060488, 0.07747088570672693, 0.7088636470734367, 0.021124706741147747, -0.002980263777057449]","[0.08330906109372904, 0.03012807390227274, 0.07853355907841474, 0.005453463350640675, 0.00453722210062527]",1,AlamedaCC_02172015_2015-1189,model_E
tofueval_SmolLM2-1.7B-Instruct,12,12,2.154545783996582,44,1.407260537147522,0.2081139236688614,"[0.07588875181549652, 0.455324873984368, 0.6744465225968849, 0.14142206144011157, 0.018316881752318957]","[0.01662828450108381, 0.0749898524928457, 0.10057665941845202, 0.01518765069993771, 0.00571095618562884]",1,AlamedaCC_02172015_2015-1189,Model-Extra
tofueval_SmolLM2-1.7B-Instruct,13,13,0.980564296245575,102,1.4084131717681885,0.22841474413871765,"[0.4762593669713847, 0.3951336987727914, 0.47490517695790485, 0.034518001263873596, -0.033251483133462184]","[0.06992170604988747, 0.08821833267630748, 0.06437604996924218, 0.004485085064027985, 0.00382835277416934]",0,AlamedaCC_02172015_2015-1189,model_A
tofueval_SmolLM2-1.7B-Instruct,14,14,1.2801189422607422,91,1.4288935661315918,0.19642065465450287,"[0.4737876663449832, 0.07025524196885001, 0.41955713487038665, 0.0316857373476883, 0.17528984512642676]","[0.05978029603518205, 0.0333873223774491, 0.05015344919543905, 0.007506777331660227, 0.024218013420722655]",0,AlamedaCC_02172015_2015-1189,model_B
tofueval_SmolLM2-1.7B-Instruct,15,15,1.4773036241531372,75,1.1741445064544678,0.18179430067539215,"[0.3307763819412018, 0.17023931404575707, 0.8157075667676206, 0.03673817350994796, -0.011921600156153242]","[0.04950155558947396, 0.04563057243077007, 0.09118535942002684, 0.007457152767298491, 0.004150513510388312]",0,AlamedaCC_02172015_2015-1189,model_C
tofueval_SmolLM2-1.7B-Instruct,16,16,1.180895447731018,81,1.5350844860076904,0.20936453342437744,"[0.07958285748688389, 0.3333412278213619, 0.8358708101462711, 0.2930079787879044, 0.0509093506024564]","[0.022021081507256984, 0.052042480316635595, 0.09476595294953218, 0.04289987683509542, 0.004860775767784942]",0,AlamedaCC_02172015_2015-1189,model_D
tofueval_SmolLM2-1.7B-Instruct,17,17,1.0290913581848145,116,1.2986255884170532,0.1979246735572815,"[0.4626864299882135, 0.346689458471262, 0.5987991726958705, 0.020792491860902373, 0.049940534014710686]","[0.06187139626766519, 0.0740048456105377, 0.06980505413954588, 0.005730698354033519, 0.0034602855359631528]",0,AlamedaCC_02172015_2015-1189,model_E
tofueval_SmolLM2-1.7B-Instruct,18,18,2.189474105834961,23,2.0435903072357178,0.2705373764038086,"[0.10905963704040599, 0.021296286499937592, 0.0371836400514914, 0.03178955000602519, 1.8122668907795425]","[0.007720091258385725, 0.0036348577355649627, 0.002249433903236185, 0.0009433276663912693, 0.2476028954153425]",0,AlamedaCC_04042017_2017-4092,Model-Extra
tofueval_SmolLM2-1.7B-Instruct,19,19,1.2149869203567505,92,1.7950117588043213,0.19545592367649078,"[0.021715747532573954, 0.0024291636979361774, -0.010975294031200263, -0.011767783003882, 1.704797812469263]","[0.0014986967637172631, 0.0010754700190812835, 0.0005528029797934995, 0.0006138040961678084, 0.17407058827747396]",1,AlamedaCC_04042017_2017-4092,model_A
tofueval_SmolLM2-1.7B-Instruct,20,20,0.7378175854682922,79,2.0661466121673584,0.25028836727142334,"[-0.011936311626206727, 0.008609247031673949, 0.002315619145566082, 0.01236519295742232, 1.9339261774678826]","[0.001460184037104158, 0.0010036460924461204, 0.000664893718503145, 0.0014392314637830226, 0.23163760143387074]",1,AlamedaCC_04042017_2017-4092,model_B
tofueval_SmolLM2-1.7B-Instruct,21,21,1.0224970579147339,101,2.065119504928589,0.27988868951797485,"[0.023163690845685418, -0.035039120513784376, -0.002773776598938765, -0.026882064737762477, 1.978812977842212]","[0.004453956191709814, 0.0028338526556441626, 0.0009988018285720598, 0.001022233008229975, 0.24682801562989024]",1,AlamedaCC_04042017_2017-4092,model_C
tofueval_SmolLM2-1.7B-Instruct,22,22,0.5939108729362488,57,3.494361400604248,0.402679979801178,"[0.002351001642820624, -0.014015934204938898, -0.015502775435714667, 0.007927231150405166, 3.3168518442288857]","[0.00719973747181201, 0.002282015261480789, 0.0012390009873349914, 0.0012749437363431912, 0.364213736486323]",0,AlamedaCC_04042017_2017-4092,model_D
tofueval_SmolLM2-1.7B-Instruct,23,23,0.9648699164390564,43,2.5300967693328857,0.3318995237350464,"[0.009337844918306028, 0.014106503987636115, 0.010480946815859656, -0.0018716318861765483, 2.162473771853107]","[0.0028016291062052663, 0.0029278664386829193, 0.0015928132785691476, 0.0011738223301806503, 0.2923023367732449]",1,AlamedaCC_04042017_2017-4092,model_E
tofueval_SmolLM2-1.7B-Instruct,24,24,2.00050950050354,71,0.6696227788925171,0.11012216657400131,"[0.03028191193859552, 0.0334184579913993, 0.006161561828109921, 0.009168022313863563, 0.4903764842175649]","[0.005588499035273882, 0.0018097785644859985, 0.0014951968949799906, 0.0008407431375968039, 0.08461989648032972]",1,AlamedaCC_04042017_2017-4092,Model-Extra
tofueval_SmolLM2-1.7B-Instruct,25,25,0.4677351713180542,67,3.5204873085021973,0.422086238861084,"[0.04559827402676119, 0.01990314896262243, 0.00905949112880148, -0.02292583026189562, 3.275847197602392]","[0.003538444571187205, 0.0027225685186135365, 0.004340643388419341, 0.0008166145202294366, 0.38805059079252835]",0,AlamedaCC_04042017_2017-4092,model_A
tofueval_SmolLM2-1.7B-Instruct,26,26,0.6117722988128662,40,2.799478530883789,0.34562426805496216,"[-0.006207341306617309, -0.004771315008292731, 0.01826840156882099, -0.017028952650434803, 2.34102175425578]","[0.011971824817646848, 0.0034690292740492622, 0.0010513311186741703, 0.0007684705538963498, 0.280730069414858]",0,AlamedaCC_04042017_2017-4092,model_B
tofueval_SmolLM2-1.7B-Instruct,27,27,0.9930915236473083,97,2.2512266635894775,0.2760332524776459,"[0.006893862556268883, 0.0017442180822062133, 0.0039955678315253835, -0.01619344048531181, 2.0930552061013494]","[0.0018969797075042668, 0.0014775387728253374, 0.0006446322130205097, 0.0006516566521410364, 0.2552029836321905]",1,AlamedaCC_04042017_2017-4092,model_C
tofueval_SmolLM2-1.7B-Instruct,28,28,1.5006691217422485,62,1.282427430152893,0.15663346648216248,"[0.011329534104950125, 0.011447982717072591, 0.010359077891823085, 0.00696620810072824, 1.1627940371568735]","[0.001891035554836567, 0.0015658501328612, 0.0006162784808375657, 0.0005215788470973019, 0.13022103092554327]",1,AlamedaCC_04042017_2017-4092,model_D
tofueval_SmolLM2-1.7B-Instruct,29,29,1.1228245496749878,94,2.0466716289520264,0.2417476922273636,"[0.012938570668550111, 0.0050451147372052915, -0.0077117807433093365, -0.018987220826853987, 1.7847754471883317]","[0.003203065494181209, 0.001904827354411388, 0.0010558644287919697, 0.0022041626688492893, 0.21244819766287307]",1,AlamedaCC_04042017_2017-4092,model_E
tofueval_SmolLM2-1.7B-Instruct,30,30,2.7032155990600586,59,0.5955283045768738,0.1225205659866333,"[0.05220124544871781, 0.04299106135159352, 0.002341214766710113, 0.021684211057263536, 0.4555492629691706]","[0.005499905625903643, 0.002653164957722519, 0.0015360166753144782, 0.0014421350886519668, 0.09784899970333553]",1,AlamedaCC_04042017_2017-4092,Model-Extra
tofueval_SmolLM2-1.7B-Instruct,31,31,1.1252793073654175,48,1.8638453483581543,0.2317163199186325,"[0.0012771669529077674, -0.006542783065621431, -0.007002878930506995, -0.006901629742666652, 1.5541866922261154]","[0.014333135276501707, 0.003164120146436744, 0.0015591497510740737, 0.0015369381032617941, 0.16753682877121415]",1,AlamedaCC_04042017_2017-4092,model_A
tofueval_SmolLM2-1.7B-Instruct,32,32,0.9142025113105774,71,2.269320011138916,0.255563348531723,"[0.03455018850228287, 0.023953089795559466, 0.005625279816381984, -0.01667408954811653, 2.0995455331851165]","[0.002080599506238171, 0.0014966830470282883, 0.0011325619123191489, 0.0012941888884033944, 0.24622259861070248]",1,AlamedaCC_04042017_2017-4092,model_B
tofueval_SmolLM2-1.7B-Instruct,33,33,1.4476979970932007,80,0.8836297988891602,0.1566852629184723,"[0.02010274236999976, 0.03485189914808871, 0.012611011629269342, 0.0056842273839720295, 0.8212274888435787]","[0.002276800807987911, 0.0016808325034901373, 0.0008113254702493578, 0.0007458984388676981, 0.12942893826107138]",1,AlamedaCC_04042017_2017-4092,model_C
tofueval_SmolLM2-1.7B-Instruct,34,34,0.6380959749221802,79,3.052739143371582,0.3777009844779968,"[0.0010782999647917563, 0.017088192739248383, 0.009316910434767746, -0.013713310138663922, 2.8212097318035467]","[0.004760353388015758, 0.0014926472938196652, 0.0011434419717272848, 0.0009026785553516352, 0.3358420142261982]",1,AlamedaCC_04042017_2017-4092,model_D
tofueval_SmolLM2-1.7B-Instruct,35,35,1.3773773908615112,41,2.4127397537231445,0.3126228451728821,"[0.024141272180713713, 0.016761572419654397, 0.029828956184579376, -0.01720824220115546, 1.9579576959992508]","[0.004223359900806383, 0.0022069508437508796, 0.0016611977173120178, 0.0014920543941204924, 0.26535581240431183]",1,AlamedaCC_04042017_2017-4092,model_E
tofueval_SmolLM2-1.7B-Instruct,36,36,2.2332723140716553,55,0.7479812502861023,0.1211235374212265,"[0.099204503452744, 0.05291878710162233, 0.037845850695157425, 0.06180600374725393, 0.8228154727644076]","[0.006826860195856584, 0.0038653159289341685, 0.0032640894827553977, 0.011308461464035314, 0.11729439382058693]",1,AlamedaCC_07162019_2019-6992,Model-Extra
tofueval_SmolLM2-1.7B-Instruct,37,37,1.915215253829956,46,0.1021467074751854,0.05683034285902977,"[0.00662261268482088, 0.0003032029860111399, -0.030906816416814843, -0.05233136327202057, 0.16353368925157827]","[0.0023675695686150625, 0.0017805915660435699, 0.0022437153079309887, 0.007393662097056024, 0.05582770543200557]",1,AlamedaCC_07162019_2019-6992,model_A
tofueval_SmolLM2-1.7B-Instruct,38,38,1.6942745447158813,39,0.10937507450580597,0.05076654627919197,"[0.011871778867013441, 0.005906584826730885, -0.009564044955485046, -0.06596050666494427, 0.05548399954251437]","[0.0035655693407021225, 0.0025804473967139365, 0.004085568389025586, 0.009005225741411311, 0.05069371639353612]",1,AlamedaCC_07162019_2019-6992,model_B
tofueval_SmolLM2-1.7B-Instruct,39,39,1.563482642173767,85,-0.15678149461746216,0.051938652992248535,"[0.001615942520027816, 0.00810945914409411, -0.0038870855213163475, -0.03346971169316128, -0.08330610017095323]","[0.0027585703643901926, 0.0011286532698811832, 0.0010780824335677821, 0.002796664984030298, 0.013436377472687448]",1,AlamedaCC_07162019_2019-6992,model_C
tofueval_SmolLM2-1.7B-Instruct,40,40,1.9339417219161987,18,0.17813999950885773,0.06395304203033447,"[0.007098883886808633, 0.01932950792575462, -0.023186250182334334, -0.06115010237408569, 0.04327384248487457]","[0.0015306073319910258, 0.002228757624316636, 0.00210075104425616, 0.00552475124524992, 0.026298150087869645]",0,AlamedaCC_07162019_2019-6992,model_D
tofueval_SmolLM2-1.7B-Instruct,41,41,0.5868313908576965,134,2.2460837364196777,0.32003164291381836,"[0.10673249156725569, 1.8844715092573503, -0.0140950017159629, -0.008147528058190747, 0.0035917701174076316]","[0.03258471616308824, 0.23724559903648731, 0.002625556682277184, 0.00285623546473664, 0.0058897725090023825]",0,AlamedaCC_07162019_2019-6992,model_E
tofueval_SmolLM2-1.7B-Instruct,42,42,2.501474380493164,55,0.8184208273887634,0.12727519869804382,"[0.014850882703269069, 0.07278219701044938, 0.07822118819775907, 0.15839103092016144, 0.8139979302883148]","[0.0034042996090482285, 0.002715149485646345, 0.0042119287885064045, 0.01536853149102006, 0.12013585632666945]",1,AlamedaCC_07162019_2019-6992,Model-Extra
tofueval_SmolLM2-1.7B-Instruct,43,43,1.1338123083114624,137,1.9565516710281372,0.2671806216239929,"[0.0377197699374309, 1.147924822054515, 0.015481662583020594, 0.1489433989629345, 0.1195719183606675]","[0.026778381482208166, 0.14360433954751348, 0.008556008852158532, 0.028854568696232263, 0.032964696263765754]",1,AlamedaCC_07162019_2019-6992,model_A
tofueval_SmolLM2-1.7B-Instruct,44,44,1.257126808166504,64,0.14969328045845032,0.037589624524116516,"[0.000619974423898384, -0.004922499269014224, 0.004467081977054477, -0.04040858612279408, 0.09453158738324419]","[0.001511825747400053, 0.0008135758573644125, 0.000858928104946699, 0.002434201859671248, 0.027217044039389293]",1,AlamedaCC_07162019_2019-6992,model_B
tofueval_SmolLM2-1.7B-Instruct,45,45,1.3331141471862793,32,2.001796007156372,0.20292307436466217,"[0.18646023196197348, 0.10341022625289042, 0.043735316965467064, -0.013756097032455727, 0.33908254382549785]","[0.01371333629469973, 0.007507026463528632, 0.0045614483719731425, 0.004398396742189448, 0.04386061775247185]",1,AlamedaCC_07162019_2019-6992,model_C
tofueval_SmolLM2-1.7B-Instruct,46,46,1.666141152381897,46,0.4355733394622803,0.04562995210289955,"[0.030165279284119606, 0.0016110246677113616, 0.024897733581778797, -0.0001967948173051295, 0.18773726171449476]","[0.0020111618999615766, 0.0010468761525455352, 0.0013014180293912827, 0.0025966623609786875, 0.03109358467855086]",1,AlamedaCC_07162019_2019-6992,model_D
tofueval_SmolLM2-1.7B-Instruct,47,47,1.7479995489120483,53,-0.027166178449988365,0.03885234519839287,"[-0.03357560308935683, 0.002280662915853889, 0.00914189823406731, -0.030209090916510178, -0.0399850454710793]","[0.0016597884393531614, 0.0006292549497578326, 0.0006262810160101168, 0.001665834017347941, 0.013975758875811255]",1,AlamedaCC_07162019_2019-6992,model_E
tofueval_SmolLM2-1.7B-Instruct,48,48,2.661212682723999,50,0.804992139339447,0.14311783015727997,"[0.054644590457901356, 0.013502064915373922, -0.012501719277352094, -0.014697867278009653, 0.7056999099999666]","[0.004638366632825637, 0.0014863479619089048, 0.0030199716546121637, 0.00867613918177085, 0.12868661700747908]",1,AlamedaCC_07162019_2019-6992,Model-Extra
tofueval_SmolLM2-1.7B-Instruct,49,49,1.861209511756897,44,0.01734650321304798,0.03680679574608803,"[0.037816374393349346, -0.008135675537315283, 0.002590283751487732, 0.00502605600790544, 0.16926819801499898]","[0.0020713347211395476, 0.0026137468099808425, 0.0014533621254238162, 0.00189724928730522, 0.014954849298440175]",1,AlamedaCC_07162019_2019-6992,model_A
tofueval_SmolLM2-1.7B-Instruct,50,50,1.578202247619629,48,2.3052451610565186,0.23243790864944458,"[0.015005552132303515, 0.0218989944163089, 0.011853055446408689, -0.0015665693596626322, 2.0521261212415993]","[0.002442052975614691, 0.0021872281258765724, 0.0018452278833744156, 0.007084085413983606, 0.23071200883714482]",1,AlamedaCC_07162019_2019-6992,model_B
tofueval_SmolLM2-1.7B-Instruct,51,51,1.8256309032440186,64,0.053880803287029266,0.02890157327055931,"[-0.002701375080505386, 0.005893409950658679, -0.007876237068558112, -0.04301226287498139, -0.013305798114743084]","[0.0011361887801513149, 0.0007544536852037709, 0.0005317142754961424, 0.0020235955889802426, 0.022218820928173955]",1,AlamedaCC_07162019_2019-6992,model_C
tofueval_SmolLM2-1.7B-Instruct,52,52,1.7666420936584473,70,1.4636727571487427,0.22768710553646088,"[-0.03997293702455603, 0.13837462555779245, -0.008488087031998605, 0.0016852451517479494, 0.5056990934708405]","[0.018042425693784024, 0.05170236373614736, 0.007963171534405384, 0.005631014536441268, 0.07979334965689953]",0,AlamedaCC_07162019_2019-6992,model_D
tofueval_SmolLM2-1.7B-Instruct,53,53,1.993571162223816,58,0.16836006939411163,0.05026110261678696,"[0.006698987777906887, 0.006349355554416904, 0.002041301481297304, -0.050128604507210246, -0.013393172824650938]","[0.0013858816005424537, 0.0009737498723301668, 0.00062204350875806, 0.0023782392389217295, 0.013628916149204527]",1,AlamedaCC_07162019_2019-6992,model_E
tofueval_SmolLM2-1.7B-Instruct,54,54,2.5636770725250244,55,1.524484634399414,0.2665185034275055,"[-0.07092878959837517, -0.16083774533541476, 0.1914855420506104, 0.2305274362194971, 0.4679291785732361]","[0.024462996066464692, 0.011799990167247126, 0.05224689143645636, 0.03843363098328816, 0.07297177727605024]",1,AlamedaCC_07202021_2021-1128,Model-Extra
tofueval_SmolLM2-1.7B-Instruct,55,55,1.1225887537002563,95,2.3508987426757812,0.32696884870529175,"[0.02277454379406998, 0.014885780992182462, 0.42192426734524674, 0.8691688147926471, 1.2122520143835573]","[0.013565228983535642, 0.016696579630372285, 0.06729194512165577, 0.11483306744354961, 0.1382369429698632]",1,AlamedaCC_07202021_2021-1128,model_A
tofueval_SmolLM2-1.7B-Instruct,56,56,1.6209886074066162,37,1.644455909729004,0.2455790936946869,"[0.39327641743914904, 0.2907136804613008, 0.05955599468497157, -0.020977477947363276, -0.017711926695286623]","[0.052750671070817906, 0.0704308714948884, 0.02564791388082282, 0.0067534069258309085, 0.011272148835605794]",0,AlamedaCC_07202021_2021-1128,model_B
tofueval_SmolLM2-1.7B-Instruct,57,57,1.219452142715454,110,2.32454514503479,0.2644418478012085,"[0.3209899166184517, 0.12927551046628982, 0.18482337578154165, 0.6413727700982814, 0.5602800948098692]","[0.04169698119659105, 0.016751089023350377, 0.02959342167821407, 0.05975600107453415, 0.08238451205555748]",1,AlamedaCC_07202021_2021-1128,model_C
tofueval_SmolLM2-1.7B-Instruct,58,58,1.445228934288025,51,2.747363328933716,0.2677299976348877,"[0.7606342079014069, 0.10652829122240041, -0.011312442783349195, 0.710602084553958, 0.00980692244070715]","[0.06201744543461567, 0.03280642120792015, 0.023470430994558568, 0.04599760060277642, 0.011768879429192058]",1,AlamedaCC_07202021_2021-1128,model_D
tofueval_SmolLM2-1.7B-Instruct,59,59,1.1942144632339478,87,2.284167766571045,0.31372058391571045,"[0.11607177489098956, 1.7340595405749317, 0.1754409206897989, -0.014421429443977648, 0.0056416900912446945]","[0.024568556728488067, 0.2196990233644451, 0.03490272056108123, 0.0039114305701941935, 0.00447002243125238]",1,AlamedaCC_07202021_2021-1128,Model-Extra
tofueval_SmolLM2-1.7B-Instruct,60,60,1.1451945304870605,36,2.6504476070404053,0.3106856644153595,"[0.061294029895280905, 1.3393563690608263, 0.5264329714668242, -0.01858677831316729, -0.05626913984209144]","[0.032779972710285515, 0.15221246649000225, 0.09310137441136451, 0.002696254120943801, 0.0036067552401719796]",1,AlamedaCC_07202021_2021-1128,model_A
tofueval_SmolLM2-1.7B-Instruct,61,61,0.9519317150115967,144,1.9882501363754272,0.2762605845928192,"[0.0524051319564857, 0.13201878435381786, 0.2671372178645015, 0.6425770423604464, 0.8347907545950761]","[0.013100531403681812, 0.03411930300991569, 0.03032856269534376, 0.08345818364747022, 0.11543885242736548]",1,AlamedaCC_07202021_2021-1128,model_B
tofueval_SmolLM2-1.7B-Instruct,62,62,1.208250641822815,107,1.676562786102295,0.2710004150867462,"[0.30546476170574327, 0.4742976700751493, 0.6165646746111778, 0.1417344510643667, -0.03847462439913114]","[0.04969480465127876, 0.06605600221868474, 0.08746716970672083, 0.04123368729706675, 0.0066974780483620615]",1,AlamedaCC_07202021_2021-1128,model_C
tofueval_SmolLM2-1.7B-Instruct,63,63,1.378907561302185,53,1.6446549892425537,0.26150742173194885,"[0.2961207361241697, -0.02613681009509337, 0.8377269722767314, 0.011183309944276259, 0.022005447798259206]","[0.041030582221314685, 0.04459981483796368, 0.14351360349548553, 0.0031181059326146803, 0.005475986573328383]",0,AlamedaCC_07202021_2021-1128,model_D
tofueval_SmolLM2-1.7B-Instruct,64,64,1.3296496868133545,64,2.3023009300231934,0.23491498827934265,"[0.4688413198463195, 0.21544710266806533, 0.0031354868922903734, 0.5089126333934928, 0.045924546758215]","[0.06078742521517455, 0.049780151676425355, 0.022106414845582734, 0.039979087311841965, 0.011075855531823109]",1,AlamedaCC_07202021_2021-1128,model_E
tofueval_SmolLM2-1.7B-Instruct,65,65,1.9982861280441284,61,0.49665650725364685,0.16655266284942627,"[-0.027203787842478556, 0.009595361661311353, -0.02558821977639455, 0.3178563718223232, 0.07302804328171943]","[0.0025114831819824167, 0.0038560581650543446, 0.015613397562419572, 0.1316194905007521, 0.014848345444187293]",1,AlamedaCC_07202021_2021-1128,Model-Extra
tofueval_SmolLM2-1.7B-Instruct,66,66,0.988515317440033,105,2.145185708999634,0.2592335641384125,"[0.006945567200600202, 0.008608505321604926, 0.00021257256931632928, 0.9461236943032353, 1.0273692354156354]","[0.0013879250151035195, 0.0015485601562560413, 0.008444569062318746, 0.12143878061369968, 0.1350396081417499]",0,AlamedaCC_07202021_2021-1128,model_A
tofueval_SmolLM2-1.7B-Instruct,67,67,0.964508056640625,54,1.1284390687942505,0.1551591008901596,"[-0.010828896939192081, 0.0073666680222299035, 0.05367562719453013, 0.9660263045506562, 0.021208624597336353]","[0.0020132853097457565, 0.003372477605165824, 0.015212800277491882, 0.14145278122839922, 0.0215355158536665]",0,AlamedaCC_07202021_2021-1128,model_B
tofueval_SmolLM2-1.7B-Instruct,68,68,0.9635524153709412,53,1.215657353401184,0.18359701335430145,"[-0.032389733988960834, -0.012812113629753992, 0.40883798451016806, 0.9833320666814029, 0.07628235272403679]","[0.000954976430300962, 0.0017538465894453333, 0.059748250748639896, 0.1439327590722417, 0.011452246795241355]",1,AlamedaCC_07202021_2021-1128,model_C
tofueval_SmolLM2-1.7B-Instruct,69,69,0.8729046583175659,95,2.3763983249664307,0.353188157081604,"[-0.008683874555650187, 0.012451916310309523, 0.02192564299605477, 1.5856105305044415, 0.6688754823098574]","[0.0013708994140128388, 0.001029042531506787, 0.006428262484031603, 0.24749819244657614, 0.10037374293475687]",0,AlamedaCC_07202021_2021-1128,model_D
tofueval_SmolLM2-1.7B-Instruct,70,70,1.2095108032226562,51,0.8576945066452026,0.1584099978208542,"[-0.03532473120152395, 0.014649518732374989, 0.01339105894680424, 0.812454529818136, 0.10179509932921814]","[0.0020067465964002935, 0.002021674975355502, 0.00865810007380804, 0.11445856906566984, 0.02357427632714952]",0,AlamedaCC_07202021_2021-1128,model_E
tofueval_SmolLM2-1.7B-Instruct,71,71,2.994325876235962,61,0.975594699382782,0.1665920913219452,"[0.1526036623972239, 0.411332331964227, 0.03936346397414559, -0.0929101319891996, 0.12029415663698169]","[0.015432559500293822, 0.05818439805753754, 0.019523754735958198, 0.01616616594628049, 0.034509775310623096]",1,AlamedaCC_09012015_2015-1940,Model-Extra
tofueval_SmolLM2-1.7B-Instruct,72,72,1.1028822660446167,47,1.4909350872039795,0.1770588457584381,"[-3.140717927500249e-05, 0.022039430598329576, -0.0034887933511623835, -0.002067072582499253, 1.3998281062194244]","[0.0021695948001135856, 0.0037303516611787695, 0.000739645868997228, 0.0024302775975152046, 0.17010825870935112]",0,AlamedaCC_09012015_2015-1940,model_A
tofueval_SmolLM2-1.7B-Instruct,73,73,1.3801383972167969,112,0.41477537155151367,0.09131027013063431,"[0.0015896414414393284, -0.022081333001389276, 0.018288149849240654, -0.016670877576578796, 0.5068452138974473]","[0.0017968287799326227, 0.0027241555082113678, 0.0006535258888565717, 0.0013415760448854794, 0.08090833262148019]",1,AlamedaCC_09012015_2015-1940,model_B
tofueval_SmolLM2-1.7B-Instruct,74,74,1.5644330978393555,79,0.5617562532424927,0.11781363934278488,"[0.037162843973166236, -0.019583680246865652, 0.007838555611186489, -0.025530638812539756, 0.6389072279786968]","[0.0027703659679037293, 0.003923990875927002, 0.0008643106222081447, 0.0014565951908428396, 0.10071202670399003]",1,AlamedaCC_09012015_2015-1940,model_C
tofueval_SmolLM2-1.7B-Instruct,75,75,1.6478561162948608,60,1.888113260269165,0.2357553094625473,"[-0.031200995963687698, 0.5230248824149991, 0.42407386108728434, 0.03862594457071585, 0.00832521024470528]","[0.018399572315684055, 0.05294739302068289, 0.06514020325369832, 0.013708400949447726, 0.015621597683093569]",1,AlamedaCC_09012015_2015-1940,model_D
tofueval_SmolLM2-1.7B-Instruct,76,76,1.098071813583374,42,1.6623209714889526,0.20361383259296417,"[0.05133716621180827, 0.008412664247814627, 0.014231561524866265, -0.023107485670888786, 1.505686509166567]","[0.004918223198176618, 0.004649103833160206, 0.0016972971340226736, 0.0024942442710415066, 0.18259066960481937]",1,AlamedaCC_09012015_2015-1940,model_E
tofueval_SmolLM2-1.7B-Instruct,77,77,1.9087225198745728,85,0.9364334344863892,0.17039597034454346,"[0.006341367964084972, 0.1390752399152809, 0.09504384942522259, 0.11345935485116891, 0.14208257547374267]","[0.018015796205701703, 0.017369576675489096, 0.028409106240403215, 0.016435797169068633, 0.03019622815746141]",0,AlamedaCC_09012015_2015-1940,Model-Extra
tofueval_SmolLM2-1.7B-Instruct,78,78,0.9911689758300781,136,1.8494707345962524,0.27147674560546875,"[0.4823421383864035, 0.42367781433977947, 0.09916155261127561, 0.008964763301993544, 0.03162248197471693]","[0.07304376276325583, 0.0682735495608556, 0.02929672073000735, 0.007426745321468201, 0.00834762494778829]",0,AlamedaCC_09012015_2015-1940,model_A
tofueval_SmolLM2-1.7B-Instruct,79,79,2.1105496883392334,45,1.1149628162384033,0.1489802598953247,"[-0.006302942239886357, 0.007449923460242442, 0.008563420028399884, -0.018644527118239138, 0.987878782933371]","[0.001914386421392717, 0.0007458791407568949, 0.000328023556721746, 0.00216841110367467, 0.12734658406956845]",1,AlamedaCC_09012015_2015-1940,model_B
tofueval_SmolLM2-1.7B-Instruct,80,80,1.3130801916122437,63,1.9503083229064941,0.26345202326774597,"[0.10938852320846525, 0.2466924926404664, 0.13784863266517364, 0.046675327719957936, 0.06298061715261567]","[0.03415269773740008, 0.04894530013674855, 0.028330134264136192, 0.01557708169502081, 0.014185560142135411]",0,AlamedaCC_09012015_2015-1940,model_C
tofueval_SmolLM2-1.7B-Instruct,81,81,2.5264761447906494,30,0.4959332346916199,0.0672399029135704,"[-0.025469041138421744, -0.011775045719696208, 0.02955345788698954, 0.025436511546528588, 0.34027858908521014]","[0.0016010755167220243, 0.0007870183610066306, 0.0003969533834606409, 0.0014443048430014946, 0.04012705159620964]",1,AlamedaCC_09012015_2015-1940,model_D
tofueval_SmolLM2-1.7B-Instruct,82,82,1.4743890762329102,67,0.8363630771636963,0.12342049926519394,"[0.011083149938523133, -0.004269944489134281, 0.00468647641518241, -0.027291509740103692, 0.7978532604033785]","[0.0016673019183828606, 0.0006866019832427607, 0.00032862672482302354, 0.0013829070721891159, 0.11020449914806861]",1,AlamedaCC_09012015_2015-1940,model_E
tofueval_SmolLM2-1.7B-Instruct,83,83,2.1439080238342285,73,0.8814772367477417,0.17919626832008362,"[0.11212857769266384, 0.3099222001874794, 0.06696989322208786, -0.007165835238993168, 0.1944138926568709]","[0.03519777915154346, 0.04845318060406872, 0.023400035544959605, 0.010662933350568605, 0.06099163101785115]",0,AlamedaCC_09012015_2015-1940,Model-Extra
tofueval_SmolLM2-1.7B-Instruct,84,84,1.6425676345825195,81,0.06144503131508827,0.044758398085832596,"[-0.006162385243576999, 0.00022843522366864267, 0.008056254205470912, -0.01269007147455363, 0.07900545428777678]","[0.0013312198755509172, 0.000935943446265417, 0.0004259471550281932, 0.0016945238611133053, 0.0161811888807127]",1,AlamedaCC_09012015_2015-1940,model_A
tofueval_SmolLM2-1.7B-Instruct,85,85,1.4439574480056763,65,0.680000901222229,0.11763735860586166,"[-0.008712602848222908, -0.007747295197735254, 0.0020738183070184626, -0.03272799916684072, 0.5710931280054725]","[0.002002973494416857, 0.001015799845523501, 0.0004048544230010101, 0.0029137355581042358, 0.09415688577484196]",1,AlamedaCC_09012015_2015-1940,model_B
tofueval_SmolLM2-1.7B-Instruct,86,86,1.7463316917419434,84,0.430573046207428,0.07775188982486725,"[-0.011582012611532784, -0.009276132638184382, 0.005178138409540961, 0.0025717090748436193, 0.262010311724485]","[0.0018918800206154714, 0.0012311000332726422, 0.0004679197994808722, 0.0022621436959893585, 0.039365489674006916]",1,AlamedaCC_09012015_2015-1940,model_C
tofueval_SmolLM2-1.7B-Instruct,87,87,1.266942024230957,77,0.5968946814537048,0.08739246428012848,"[-0.011209915105503676, 0.004350413686623071, 0.0029140665702742535, -0.0010789208213931748, 0.5783754024766506]","[0.001203181068152159, 0.0008342493855140331, 0.0003079880991043121, 0.0012177396700180552, 0.07776304466626077]",1,AlamedaCC_09012015_2015-1940,model_D
tofueval_SmolLM2-1.7B-Instruct,88,88,1.1343382596969604,60,2.0666232109069824,0.2691133916378021,"[0.22342425616079709, 0.006090031942918964, 0.17849993034975947, 0.03630137541725465, 0.19173292693558325]","[0.03226502649815378, 0.0188530440810761, 0.031838083990527365, 0.013143774593205156, 0.030500394071351404]",0,AlamedaCC_09012015_2015-1940,model_E
tofueval_SmolLM2-1.7B-Instruct,89,89,2.3025131225585938,43,1.2814276218414307,0.23348230123519897,"[0.8161392371430126, -0.05652031969538955, 0.02748695520554171, -0.007739985578281935, 0.012285292798350023]","[0.1342748623276346, 0.033375567656421905, 0.002199837262429186, 0.005667406698786329, 0.0064550589784968995]",0,AlamedaCC_09152020_2020-8293,Model-Extra
tofueval_SmolLM2-1.7B-Instruct,90,90,1.9236780405044556,36,1.0579060316085815,0.22787706553936005,"[0.6495008618415644, 0.15826873953402457, -0.008010929605613152, -0.09825822833873746, 0.024278417863469157]","[0.1520433160605737, 0.04277754158829339, 0.003761768594813475, 0.01970514885670127, 0.020998420125478232]",0,AlamedaCC_09152020_2020-8293,model_A
tofueval_SmolLM2-1.7B-Instruct,91,91,1.5296242237091064,57,1.7312406301498413,0.22471684217453003,"[1.0096023496109665, 0.31929939093370513, 0.05633616556307268, -0.03231921671326027, 0.02990996472643721]","[0.13936490181469963, 0.04089077923204617, 0.001967647190580018, 0.008721977523875242, 0.009280185150202127]",1,AlamedaCC_09152020_2020-8293,model_B
tofueval_SmolLM2-1.7B-Instruct,92,92,1.6697417497634888,58,0.9105979204177856,0.1803630292415619,"[0.41600582735805675, -0.05358305526897311, 0.01154425627841004, 0.10312746509363682, 0.06122708518523723]","[0.09107177643302529, 0.019731189606835838, 0.0025603427477170924, 0.022489968901685767, 0.010507516028532149]",0,AlamedaCC_09152020_2020-8293,model_C
tofueval_SmolLM2-1.7B-Instruct,93,93,1.1641392707824707,69,2.118032693862915,0.2688789367675781,"[1.5101420789458486, -0.06913206018615038, -3.843627327233148e-05, 0.1813038932438982, -0.011122366167567805]","[0.1964249692570867, 0.016525986850793095, 0.002097643459898751, 0.03100230359686942, 0.01025806543923969]",1,AlamedaCC_09152020_2020-8293,model_D
tofueval_SmolLM2-1.7B-Instruct,94,94,1.989136815071106,34,1.0849030017852783,0.2183762788772583,"[0.8026279744637363, -0.08636101424310576, 0.035060228341642546, -0.04830230074003339, -0.03980204220587278]","[0.12479841547867503, 0.019698978810672143, 0.0020730247910892906, 0.005950305287757039, 0.005718489357283996]",0,AlamedaCC_09152020_2020-8293,model_E
tofueval_SmolLM2-1.7B-Instruct,95,95,2.1394693851470947,51,1.076491355895996,0.18758921325206757,"[0.8749656486598885, 0.09788605689034596, 0.012727917660502535, -0.04665139767880022, 0.013262450628840895]","[0.11905053411336507, 0.023903351868391515, 0.0022333802957755144, 0.01144248780262084, 0.010342670139246312]",0,AlamedaCC_09152020_2020-8293,Model-Extra
tofueval_SmolLM2-1.7B-Instruct,96,96,1.761444330215454,77,1.0226244926452637,0.21360711753368378,"[0.596614864655595, 0.10016277194319462, -0.009615270581168981, 0.09879695657979358, 0.04170426169664345]","[0.13144014113262906, 0.026058704239946932, 0.00209952336225289, 0.03248690718141148, 0.007974884314842404]",1,AlamedaCC_09152020_2020-8293,model_A
tofueval_SmolLM2-1.7B-Instruct,97,97,1.122113585472107,76,2.637791156768799,0.2596517503261566,"[1.7608274481154442, 0.7438941288520781, -0.01036499425333659, -0.007650608631539207, 0.0351792193482951]","[0.16330729649921014, 0.07549191003927024, 0.0015242203655517234, 0.00605743792741645, 0.0068513631229345975]",0,AlamedaCC_09152020_2020-8293,model_B
tofueval_SmolLM2-1.7B-Instruct,98,98,1.5539788007736206,66,2.3226168155670166,0.26357659697532654,"[1.516829342201218, 0.44665293122560606, -0.02093207761407195, -0.03421866952328745, -0.010276824729799322]","[0.16099812332851632, 0.06070045200919705, 0.0025870299760464895, 0.011036933892173141, 0.008904160678522396]",0,AlamedaCC_09152020_2020-8293,model_C
tofueval_SmolLM2-1.7B-Instruct,99,99,1.521873950958252,51,1.2523565292358398,0.21381856501102448,"[0.8003498106765762, 0.1591743760737682, 0.005290862086101198, -0.08082287744664605, -0.033317721825476515]","[0.1274094487533005, 0.02752308890208666, 0.0020593302816611387, 0.011426435486938833, 0.009227507618811168]",0,AlamedaCC_09152020_2020-8293,model_D
tofueval_SmolLM2-1.7B-Instruct,100,100,1.1223986148834229,108,2.1119375228881836,0.2958979308605194,"[1.4926806235620191, -0.018524608933754887, -0.0006755842767705433, 0.20156026396149104, 0.027042045412397582]","[0.1942430509759308, 0.012402494101980598, 0.0017796268613273645, 0.04576034248513534, 0.009609758050154833]",1,AlamedaCC_09152020_2020-8293,model_E
tofueval_SmolLM2-1.7B-Instruct,101,101,1.2998507022857666,56,2.5091545581817627,0.3121318817138672,"[-0.015176449845707143, 0.029236747281434612, -0.014940147722622246, 1.7436682213852432, -0.05110137194216285]","[0.00477960073702174, 0.0019369182968245826, 0.0035779664391871586, 0.23119625042974284, 0.025886142962495536]",0,AlamedaCC_09152020_2020-8293,Model-Extra
tofueval_SmolLM2-1.7B-Instruct,102,102,0.9291790723800659,78,2.3733325004577637,0.29299384355545044,"[-0.020095740328542888, 0.018527144705447612, -0.03490789600693507, 1.6586558096326673, 0.1486002431667704]","[0.0031160924591554307, 0.0020240895131870764, 0.002120541653957785, 0.22463561916521987, 0.026227496708484885]",1,AlamedaCC_09152020_2020-8293,model_A
tofueval_SmolLM2-1.7B-Instruct,103,103,0.9120891690254211,66,2.5891220569610596,0.29064103960990906,"[-0.006383033996275061, 0.008371138262163819, 0.025187523870210334, 1.7167977596576693, 0.29486543656975933]","[0.003705164331663444, 0.004285362725933296, 0.0031042696044675144, 0.1986737465344821, 0.03825134804287011]",0,AlamedaCC_09152020_2020-8293,model_B
tofueval_SmolLM2-1.7B-Instruct,104,104,1.2528059482574463,67,2.3390960693359375,0.29874783754348755,"[-0.011001093519865465, 0.04436189407107434, -0.01842315674154783, 1.5327078968759125, 0.23289775165273988]","[0.004003088564379358, 0.0027127158331794235, 0.002251691884977383, 0.22114108769751306, 0.0363841410000885]",1,AlamedaCC_09152020_2020-8293,model_C
tofueval_SmolLM2-1.7B-Instruct,105,105,1.0693482160568237,54,1.6307545900344849,0.23861421644687653,"[0.04345624585995985, -0.02253487944835797, -0.00013553534517996013, 1.055121217129959, 0.19583803322597373]","[0.003986046349045528, 0.00371602816444802, 0.0015863381466732353, 0.16736045730795013, 0.032511202926074206]",0,AlamedaCC_09152020_2020-8293,model_D
tofueval_SmolLM2-1.7B-Instruct,106,106,0.8612050414085388,66,2.410794258117676,0.30676525831222534,"[0.04162875193860876, 0.02712133040194837, -0.042188331359559954, 1.6602705513113036, 0.22104703109432716]","[0.005356736571147022, 0.002130580894352148, 0.005127578538824971, 0.22663369945825473, 0.02984917717009067]",1,AlamedaCC_09152020_2020-8293,model_E
tofueval_SmolLM2-1.7B-Instruct,107,107,1.753808617591858,55,1.7037920951843262,0.20756791532039642,"[0.42086545244039203, 0.4012351903498215, 0.27040274782815354, 0.0653281583244362, 0.09180533778615592]","[0.0666684297398123, 0.07314020268408554, 0.017023895655107812, 0.0030386921563976183, 0.011882501535679197]",0,AlamedaCC_09192017_2017-4642,Model-Extra
tofueval_SmolLM2-1.7B-Instruct,108,108,1.1455703973770142,79,1.7203705310821533,0.2233315259218216,"[0.15630719819550962, 0.5059083233972379, 0.45237146484900614, 0.010722660878360053, 0.09387409716171395]","[0.03890449975593264, 0.062351574045819, 0.05854581736696218, 0.003011104337813077, 0.014250132955055506]",0,AlamedaCC_09192017_2017-4642,model_A
tofueval_SmolLM2-1.7B-Instruct,109,109,1.0334206819534302,102,1.748003602027893,0.2034686952829361,"[0.32275645355516375, 0.30914368402840875, 0.605235437990903, 0.09525465695949999, 0.06715719349913164]","[0.05094177955460176, 0.06125921563778723, 0.05316797502747678, 0.017716541182754692, 0.01235548363260308]",0,AlamedaCC_09192017_2017-4642,model_B
tofueval_SmolLM2-1.7B-Instruct,110,110,1.1028831005096436,94,1.3507777452468872,0.17046602070331573,"[0.08714626702845983, 0.36870420761216877, 0.32011320417740186, 0.26835870963951164, 0.05314961876838618]","[0.02646010841361405, 0.04734047067632368, 0.043312344159244696, 0.03195839463432066, 0.013815223979082884]",0,AlamedaCC_09192017_2017-4642,model_C
tofueval_SmolLM2-1.7B-Instruct,111,111,1.2623335123062134,94,1.5308711528778076,0.18293660879135132,"[0.27605977020846967, 0.13586321021961958, 0.4252083296617437, 0.24289335044480315, 0.07152752015828925]","[0.03943150628270679, 0.0334742819394871, 0.04614308848120567, 0.02521872574528604, 0.015317094636691671]",1,AlamedaCC_09192017_2017-4642,model_D
tofueval_SmolLM2-1.7B-Instruct,112,112,1.54288911819458,67,1.6556060314178467,0.23399244248867035,"[0.3209170037276744, 0.06003890000316297, 0.8636142672720468, 0.026091238924362107, -0.03912839034944512]","[0.07844444654138802, 0.03800566299425941, 0.09594634144686259, 0.004225876095773204, 0.007205966274609433]",1,AlamedaCC_09192017_2017-4642,model_E
tofueval_SmolLM2-1.7B-Instruct,113,113,1.6421613693237305,89,1.3672783374786377,0.18147951364517212,"[0.3990224932951217, 0.37143639915204524, 0.37761221347702734, 0.011210032937812142, 0.041272852189670146]","[0.048932629486216045, 0.055193752958223666, 0.02719800949810587, 0.014979846072945195, 0.009194469444528447]",0,AlamedaCC_09192017_2017-4642,Model-Extra
tofueval_SmolLM2-1.7B-Instruct,114,114,1.5697405338287354,59,2.0637998580932617,0.25625309348106384,"[-0.1234503646217922, 1.538957164140657, -0.026266177375657854, -0.00401147316931155, -0.0006895382712019007]","[0.02275941101658445, 0.2039240333604624, 0.006587770504396203, 0.0031781833372040145, 0.005363472886417293]",1,AlamedaCC_09192017_2017-4642,model_A
tofueval_SmolLM2-1.7B-Instruct,115,115,1.4268076419830322,110,1.6018822193145752,0.21306008100509644,"[0.16659818252532702, 0.14398437620309942, 0.5653917839346502, 0.2092575120791232, 0.15861895333493356]","[0.01731798384817735, 0.03525348695630907, 0.06713919916177144, 0.029898515882876547, 0.03589127827775655]",1,AlamedaCC_09192017_2017-4642,model_B
tofueval_SmolLM2-1.7B-Instruct,116,116,1.2452788352966309,60,1.7127803564071655,0.21841642260551453,"[0.061176309120886195, 0.5338873874552519, 0.891095806528756, -0.004530051385396898, -0.029746570773083174]","[0.00946030061565466, 0.07940904799728893, 0.10333490969969338, 0.005217679222564205, 0.00541197475087453]",0,AlamedaCC_09192017_2017-4642,model_C
tofueval_SmolLM2-1.7B-Instruct,117,117,1.263569712638855,51,1.973041296005249,0.21400149166584015,"[0.2515439785426554, 0.5368185654491504, 0.7583656420524408, 0.023640798873791082, 0.02037486117589259]","[0.015626769255390523, 0.06665474075067973, 0.0836434144473158, 0.0025624227562598564, 0.004436105438757335]",0,AlamedaCC_09192017_2017-4642,model_D
tofueval_SmolLM2-1.7B-Instruct,118,118,1.1007159948349,117,1.3332754373550415,0.19317762553691864,"[0.016114572577722495, 0.2954493775549551, 0.30276336434500495, 0.1380734845445573, 0.3553090608222083]","[0.006921856106498872, 0.05290489285194921, 0.04318398423984968, 0.023574174419851886, 0.05616169390326357]",1,AlamedaCC_09192017_2017-4642,model_E
tofueval_SmolLM2-1.7B-Instruct,119,119,1.7474948167800903,72,0.8741066455841064,0.142587810754776,"[0.1094729107408562, 0.1963563669517296, 0.30031002794814615, 0.23625195892373085, -0.02069900211800915]","[0.015307825656948005, 0.060256396252413365, 0.020890487789204017, 0.024786119270403775, 0.00857927173347248]",1,AlamedaCC_09192017_2017-4642,Model-Extra
tofueval_SmolLM2-1.7B-Instruct,120,120,1.3362526893615723,97,1.8791754245758057,0.26371774077415466,"[0.14761851231089598, 0.6812488895605562, 0.9407873933585169, 0.019663805403679457, 0.00622079499544739]","[0.026709539241184438, 0.11944375357378957, 0.09787994858543032, 0.005190605804188832, 0.006724527640955981]",1,AlamedaCC_09192017_2017-4642,model_A
tofueval_SmolLM2-1.7B-Instruct,121,121,1.028727650642395,90,1.5266687870025635,0.22681204974651337,"[0.06855361123691384, 0.6454345842263945, 0.28810198210614746, -0.025318532918431124, 0.060495495587141096]","[0.031809350811499826, 0.09306690863008195, 0.05764666386067019, 0.0033470579095257512, 0.011067701790388027]",1,AlamedaCC_09192017_2017-4642,model_B
tofueval_SmolLM2-1.7B-Instruct,122,122,1.6096510887145996,50,1.252308964729309,0.1674288958311081,"[0.16033194717703736, 0.15507931535998068, 0.4155952735796745, 0.03109007486149494, 0.012399234229596913]","[0.01856027304514214, 0.08144374728159164, 0.026887987709183107, 0.0031012340032168595, 0.009195298478223321]",1,AlamedaCC_09192017_2017-4642,model_C
tofueval_SmolLM2-1.7B-Instruct,123,123,1.3023797273635864,68,1.3660222291946411,0.19318288564682007,"[0.22895819721163527, 0.203930375223375, 0.5847265137198359, 0.08526561501607563, 0.03765284997231955]","[0.03363068171663867, 0.04056218655892628, 0.07743757625592158, 0.00769890097940534, 0.007850352477465976]",0,AlamedaCC_09192017_2017-4642,model_D
tofueval_SmolLM2-1.7B-Instruct,124,124,1.233902096748352,47,1.6612026691436768,0.19972485303878784,"[0.5413584819978767, 0.35945289282151743, 0.37750296807164285, 0.020686946443017037, 0.004966079061132598]","[0.07917744429416532, 0.04476941084087539, 0.024334507507387085, 0.0023907008095106225, 0.00547588141857693]",0,AlamedaCC_09192017_2017-4642,model_E
tofueval_SmolLM2-1.7B-Instruct,125,125,1.8217964172363281,56,1.2920407056808472,0.1682681292295456,"[0.006117568871559342, 0.03557760469240228, 0.3495006887325352, 0.20959869703282102, -0.01787074545089646]","[0.05781926695934609, 0.007661568817102956, 0.043314241775850144, 0.025115409332524256, 0.004052739690735052]",0,AlamedaCC_11172015_2015-2270,Model-Extra
tofueval_SmolLM2-1.7B-Instruct,126,126,1.21951162815094,81,1.1039658784866333,0.19196440279483795,"[0.635264663156165, 0.1711871218648423, 0.011137316842063295, 0.0014767631033958614, -0.03167033048862603]","[0.14065264022285168, 0.023569789692166165, 0.0029479027398899493, 0.0031360073307501964, 0.0027101413425268143]",1,AlamedaCC_11172015_2015-2270,model_A
tofueval_SmolLM2-1.7B-Instruct,127,127,1.5210859775543213,72,0.9709235429763794,0.20944392681121826,"[0.09263347483081613, 0.09722296669456733, 0.21876815231169328, 0.273666884221004, -0.012488357508118497]","[0.07563976148742313, 0.048102054114855894, 0.03938153024187664, 0.027753705990714177, 0.0051117921124601805]",0,AlamedaCC_11172015_2015-2270,model_B
tofueval_SmolLM2-1.7B-Instruct,128,128,1.5885510444641113,77,1.1444975137710571,0.1772967427968979,"[0.5638225411953912, 0.043987977235311906, 0.12001957943588919, 0.028822763576535144, 0.0056687469235863295]","[0.12241151522770947, 0.012904624892025941, 0.013216701991088438, 0.004362435046483346, 0.004764346046105455]",1,AlamedaCC_11172015_2015-2270,model_C
tofueval_SmolLM2-1.7B-Instruct,129,129,1.1988755464553833,73,1.1961842775344849,0.16094818711280823,"[0.5252069656628309, -0.006566433908381142, 0.08163849122043658, 0.13368321633965496, 0.0029918658981667448]","[0.11022112477560655, 0.007751656898603433, 0.010185671183840547, 0.01699152454932106, 0.004272916190719938]",0,AlamedaCC_11172015_2015-2270,model_D
tofueval_SmolLM2-1.7B-Instruct,130,130,1.2010506391525269,94,1.4730712175369263,0.20343269407749176,"[0.7638695534413737, 0.06190034647272811, -0.019298474572969234, 0.135649856623012, -0.028176152188995943]","[0.13108993050388776, 0.008434752710898349, 0.006444104853314573, 0.0296871671286942, 0.0033357331108381334]",0,AlamedaCC_11172015_2015-2270,model_E
tofueval_SmolLM2-1.7B-Instruct,131,131,2.343027114868164,54,0.718331515789032,0.15356338024139404,"[-0.24717797625042429, 0.01989441565712224, 0.23388699270112234, 0.3406144258667525, -0.04851721344231111]","[0.03460541928635158, 0.010130053591402193, 0.02930899150123878, 0.031986693873208155, 0.008360821356257441]",0,AlamedaCC_11172015_2015-2270,Model-Extra
tofueval_SmolLM2-1.7B-Instruct,132,132,1.3963391780853271,88,0.9681499004364014,0.17236055433750153,"[0.22735578728514322, 0.20963569432900508, 0.14766554693811818, 0.12421766021361691, 0.07854588145363034]","[0.06487872903242285, 0.02133930407498238, 0.02814012452759843, 0.03000714603327155, 0.010049846496971522]",0,AlamedaCC_11172015_2015-2270,model_A
tofueval_SmolLM2-1.7B-Instruct,133,133,1.2432960271835327,57,1.0522478818893433,0.15388797223567963,"[0.4936605974941988, 0.017469225084744067, 0.05852522004677571, 0.010309050426912379, 0.0022920872837411273]","[0.09866782205158654, 0.008388797950118985, 0.008096765448858366, 0.003394343618893209, 0.005614902290282069]",0,AlamedaCC_11172015_2015-2270,model_B
tofueval_SmolLM2-1.7B-Instruct,134,134,1.4322818517684937,132,0.9357697367668152,0.19648477435112,"[0.3871706318976508, 0.009614270357732576, 0.2096859189760201, 0.08982940388997315, -0.026152380997011664]","[0.08710712630728391, 0.012627051996296566, 0.035688850146686685, 0.034035880267589906, 0.0047901976334513265]",0,AlamedaCC_11172015_2015-2270,model_C
tofueval_SmolLM2-1.7B-Instruct,135,135,0.7419028282165527,76,1.9887093305587769,0.28442496061325073,"[1.5500696735681758, 0.028560131572847144, -0.0018537341336349001, -0.01820871567025805, -0.0469431771439543]","[0.22610589091667813, 0.006160509591711018, 0.0035529388193493248, 0.0025599930503104637, 0.00367291745828281]",0,AlamedaCC_11172015_2015-2270,model_D
tofueval_SmolLM2-1.7B-Instruct,136,136,1.1926229000091553,82,1.2145295143127441,0.20451617240905762,"[0.7692464741735532, -0.05267800247951882, 0.16704576700590779, -0.0002408200138810704, 0.0019776805196803564]","[0.14718995953841463, 0.013365153225028579, 0.011818681412833251, 0.002901613680378654, 0.0034024739723507794]",0,AlamedaCC_11172015_2015-2270,model_E
tofueval_SmolLM2-1.7B-Instruct,137,137,1.461820363998413,23,2.3122031688690186,0.2283204048871994,"[0.10358034947168325, 0.04373807583318051, 0.12839860571598957, 0.02358656884525376, 0.037058381092957345]","[0.029064830576079777, 0.005253292788003581, 0.030395113195007307, 0.00454876647974901, 0.005155409321283198]",0,AlamedaCC_11172015_2015-2270,Model-Extra
tofueval_SmolLM2-1.7B-Instruct,138,138,1.1563011407852173,129,1.1470013856887817,0.21507807075977325,"[0.299771028370601, 0.0643668307451479, 0.23965522808746106, 0.08086058692661449, 0.010355308039164415]","[0.08166928427676759, 0.018856775792611264, 0.03226555857171372, 0.034722936890058155, 0.0037347598658661173]",0,AlamedaCC_11172015_2015-2270,model_A
tofueval_SmolLM2-1.7B-Instruct,139,139,1.458676815032959,75,1.4639192819595337,0.23193229734897614,"[0.3873011239047628, 0.00482448900215483, 0.245425212449627, 0.35352548885236806, 0.013316410709327708]","[0.07964873568153961, 0.012634626234533547, 0.034132277342566034, 0.04403715777683828, 0.005280261117107632]",0,AlamedaCC_11172015_2015-2270,model_B
tofueval_SmolLM2-1.7B-Instruct,140,140,1.635229468345642,55,1.078098177909851,0.15247687697410583,"[0.30629270198352804, 0.029055093794092747, 0.2112014540316357, -0.014664850190059621, -0.008319558929096357]","[0.0511048099156059, 0.009485876547379039, 0.029202510408756346, 0.004263067741058793, 0.005785140597890859]",0,AlamedaCC_11172015_2015-2270,model_C
tofueval_SmolLM2-1.7B-Instruct,141,141,0.9497733116149902,99,1.5407146215438843,0.2147049754858017,"[0.7723955740601547, 0.030825162079329886, 0.0942367206892349, 0.44530922951717095, -0.006521600134543736]","[0.13013958457782113, 0.006922837290731978, 0.016998299369182252, 0.03702963327415284, 0.003850479713868609]",0,AlamedaCC_11172015_2015-2270,model_D
tofueval_SmolLM2-1.7B-Instruct,142,142,1.5480810403823853,55,1.1485731601715088,0.2052089124917984,"[0.11192004976328462, 0.06577044985712167, 0.1976818185299635, 0.23852553006092256, 0.13437332802462731]","[0.06286698538804723, 0.008477520061685275, 0.0479166225664647, 0.040264544700568713, 0.012775943755166901]",0,AlamedaCC_11172015_2015-2270,model_E
tofueval_SmolLM2-1.7B-Instruct,143,143,0.9018900990486145,41,1.4896763563156128,0.2823999226093292,"[-0.009642010183042879, 0.007737378315352278, -0.0013858085411833955, 0.0031575077943072267, 1.2616224523417037]","[0.010108408334660242, 0.0015711802381144658, 0.002087990756042306, 0.004435577864666545, 0.23765595365658532]",1,BostonCC_06292022_2022-0708,Model-Extra
tofueval_SmolLM2-1.7B-Instruct,144,144,0.9849342107772827,37,1.754543423652649,0.2968496084213257,"[0.01984334476543842, 0.005992327952077864, -0.01030722347629332, -0.021889443952917448, 1.54741447707764]","[0.0073057481245455535, 0.0014533635679047595, 0.0012622122041058312, 0.0010966910785641262, 0.2575553375283709]",0,BostonCC_06292022_2022-0708,model_A
tofueval_SmolLM2-1.7B-Instruct,145,145,1.387851595878601,50,1.2304117679595947,0.2404520958662033,"[0.0026662553020287303, 0.0034499607922043652, 0.01966118677635677, 0.02237398344790563, 1.0609901571040974]","[0.008539305847043578, 0.0019211927403762275, 0.00174909761521576, 0.0033812639100096933, 0.18395292681234424]",1,BostonCC_06292022_2022-0708,model_B
tofueval_SmolLM2-1.7B-Instruct,146,146,0.8979606032371521,35,3.105531692504883,0.3556426465511322,"[0.007428162202372083, 0.01810952359145241, 0.012804362430636372, -0.0005926355935766229, 2.6423613656511797]","[0.010892686127460496, 0.0018860537755244877, 0.001330344159902909, 0.001809401777200037, 0.3191364031307915]",0,BostonCC_06292022_2022-0708,model_C
tofueval_SmolLM2-1.7B-Instruct,147,147,0.8776510953903198,41,1.9874165058135986,0.3419625759124756,"[0.050153243711797475, -0.005007778106274356, 0.01636425058624321, -0.015330113102852299, 1.676158506673102]","[0.011438154617480462, 0.006183225254650407, 0.003085935311080503, 0.002741954281640485, 0.28133253822324616]",0,BostonCC_06292022_2022-0708,model_D
tofueval_SmolLM2-1.7B-Instruct,148,148,0.8384922742843628,42,2.6857552528381348,0.38610130548477173,"[0.017308307693123685, -0.024366591658257504, -0.027795905923301775, -0.03704273638660587, 2.2650745156598058]","[0.014535395020305129, 0.0022863733251835498, 0.0025874278303490428, 0.0026415634108074995, 0.3341112313223892]",1,BostonCC_06292022_2022-0708,model_E
tofueval_SmolLM2-1.7B-Instruct,149,149,1.231740117073059,44,2.0882794857025146,0.3124622702598572,"[-0.002077743892600252, -0.0247984660461291, 0.016932133077220482, -0.04158860935818997, 1.9169860077460974]","[0.006956027508615328, 0.0015359053152534134, 0.0007710892839957688, 0.0018982838150598334, 0.28321530547360785]",0,BostonCC_06292022_2022-0708,Model-Extra
tofueval_SmolLM2-1.7B-Instruct,150,150,1.0524413585662842,32,2.2181105613708496,0.3274093270301819,"[0.03637804869640604, -0.024265281571388186, -0.026919143628674647, -0.01718385861840943, 2.1621216954663396]","[0.006838751224023554, 0.002260892796613234, 0.001417350720579691, 0.001943466865434118, 0.30167383565276396]",0,BostonCC_06292022_2022-0708,model_A
tofueval_SmolLM2-1.7B-Instruct,151,151,0.7969372868537903,40,3.2115638256073,0.3545180857181549,"[-0.01615883151134767, -0.031843272443074964, -0.005035594014589151, -0.01479644915998506, 2.870255730277859]","[0.006337446844429451, 0.0016433436699003323, 0.0012891357514604352, 0.0021278126190566126, 0.3258672431606101]",0,BostonCC_06292022_2022-0708,model_B
tofueval_SmolLM2-1.7B-Instruct,152,152,0.9287600517272949,39,2.654115676879883,0.3516697585582733,"[-0.021949842888623092, -0.03762508040437332, -0.012740842872657455, -0.0320663085529724, 2.4332674282292523]","[0.006510967675986206, 0.0016465377537501925, 0.0009161916095530241, 0.0016867071754416267, 0.3167843683040701]",0,BostonCC_06292022_2022-0708,model_C
tofueval_SmolLM2-1.7B-Instruct,153,153,1.2496974468231201,49,1.3601089715957642,0.18982653319835663,"[-0.04876338191477734, -0.014647093493573377, -0.00818382297453651, -0.012359542798307933, 1.3307598600335115]","[0.00689993514178779, 0.0013889519756067246, 0.0010076712589895522, 0.0013250184643320794, 0.15467294582821506]",1,BostonCC_06292022_2022-0708,model_D
tofueval_SmolLM2-1.7B-Instruct,154,154,0.6503888368606567,38,3.4326493740081787,0.3929668962955475,"[0.014661935199431977, -0.026043805390432488, 0.011814324691122716, -0.0047647901310962255, 3.103487264377212]","[0.006434463389723533, 0.0017977850595918042, 0.000831809411130579, 0.001509819810896835, 0.3694998173580787]",0,BostonCC_06292022_2022-0708,model_E
tofueval_SmolLM2-1.7B-Instruct,155,155,1.782049298286438,31,1.7627251148223877,0.3028630018234253,"[-0.018524461718756827, 0.016281652309361003, -0.023602527945542767, 0.003602382471604693, 1.7396982629452982]","[0.009585870517199627, 0.001980729879256438, 0.0022851031191983623, 0.00231884360975469, 0.2766105705691922]",1,BostonCC_06292022_2022-0708,Model-Extra
tofueval_SmolLM2-1.7B-Instruct,156,156,0.9693293571472168,38,2.3378751277923584,0.3255515396595001,"[-0.12399756202964789, -0.0031863325220911065, -0.025375782995117908, -0.0194670238514319, 2.21166346209908]","[0.009793723523497838, 0.0019788451310833615, 0.0011156768182744553, 0.001771564073997548, 0.3040078899112383]",1,BostonCC_06292022_2022-0708,model_A
tofueval_SmolLM2-1.7B-Instruct,157,157,2.002918243408203,39,1.380629301071167,0.18986347317695618,"[-0.06447247379251983, -0.004405832786011534, -0.013181906452817388, -0.007084590626152185, 1.378841769690506]","[0.00805156563861741, 0.0017259481203790272, 0.0016807692406928254, 0.0018896166791014717, 0.1615076265670956]",0,BostonCC_06292022_2022-0708,model_B
tofueval_SmolLM2-1.7B-Instruct,158,158,1.295053243637085,60,1.8070214986801147,0.26470211148262024,"[0.150816287338345, -0.035973284338933806, 0.03213555459489423, -0.021199024716694718, 1.4353979117104245]","[0.023736659044334373, 0.0033320204673619475, 0.0023181320186523636, 0.004377081349993735, 0.21629580958556288]",1,BostonCC_06292022_2022-0708,model_C
tofueval_SmolLM2-1.7B-Instruct,159,159,0.6453604102134705,44,3.0450539588928223,0.376130074262619,"[-0.04067724133892625, -0.009742879133558414, -0.009907677660521585, -0.01129074052765976, 2.8352114130234853]","[0.007148768671077671, 0.0016842179256958514, 0.0010340522501440898, 0.001982343661852197, 0.3571543564526523]",0,BostonCC_06292022_2022-0708,model_D
tofueval_SmolLM2-1.7B-Instruct,160,160,2.3616716861724854,54,1.6241310834884644,0.22267906367778778,"[0.06713525272765831, 0.008919046223666184, 0.15651119341486333, 0.19988433954805024, 0.05603228577874014]","[0.03445228197901323, 0.03210544157344783, 0.02585802659378142, 0.05536113510984082, 0.011049694595604469]",0,DenverCityCouncil_03212022_22-0159,Model-Extra
tofueval_SmolLM2-1.7B-Instruct,161,161,2.0812082290649414,45,1.2529566287994385,0.22377827763557434,"[0.051733546569529505, 0.0026736894415484535, -0.10356591888186005, 0.09260722215597829, 0.14724100638801854]","[0.041064650064981834, 0.047411051599192434, 0.014934100316117515, 0.010036508815392153, 0.01899113306830663]",0,DenverCityCouncil_03212022_22-0159,model_A
tofueval_SmolLM2-1.7B-Instruct,162,162,1.1062148809432983,124,2.3353030681610107,0.2932852506637573,"[0.5591057674146507, 1.0240209136419223, 0.49038377593059257, -0.04213053353023791, 0.01770110486048056]","[0.07131319468660349, 0.1358463243425963, 0.06417899407003622, 0.008923400311652306, 0.012665027730287376]",1,DenverCityCouncil_03212022_22-0159,model_B
tofueval_SmolLM2-1.7B-Instruct,163,163,1.7207584381103516,44,0.9229452013969421,0.15844036638736725,"[0.009744464737278495, 0.004540368628857488, 0.12894600162028588, 0.009062484361823987, 0.46679305973124097]","[0.011931404786992061, 0.008110360570133873, 0.02366736063781487, 0.005228024141408902, 0.06907973615174838]",1,DenverCityCouncil_03212022_22-0159,model_C
tofueval_SmolLM2-1.7B-Instruct,164,164,1.408371090888977,141,2.0529093742370605,0.2795970141887665,"[0.17611999525307503, 0.6884998526234634, 0.7542651985122897, -0.026552128479943995, 0.04048889077827706]","[0.03890639185845185, 0.0784057716384481, 0.11745110863277518, 0.016740645994180643, 0.011904011251569133]",0,DenverCityCouncil_03212022_22-0159,model_D
tofueval_SmolLM2-1.7B-Instruct,165,165,1.767095685005188,52,1.1820775270462036,0.22481581568717957,"[0.09931992232584609, 0.45556466514244676, 0.19906028906384912, -0.034447497921064496, 0.06385147094260901]","[0.015167547495366307, 0.05692589252024705, 0.042869885007978434, 0.00770071467897756, 0.01240331761566547]",0,DenverCityCouncil_03212022_22-0159,model_E
tofueval_SmolLM2-1.7B-Instruct,166,166,2.248939037322998,64,1.3538357019424438,0.17698881030082703,"[0.10879433152376805, 0.04535169283963114, 0.22756736416295098, 0.05814036856349958, 0.09982230397690728]","[0.03790662370896314, 0.01649490322039071, 0.025678119211875128, 0.010241407107898226, 0.014813223664901898]",0,DenverCityCouncil_03212022_22-0159,Model-Extra
tofueval_SmolLM2-1.7B-Instruct,167,167,1.4871978759765625,108,0.8276191353797913,0.1551177203655243,"[0.3670924768825056, 0.15493681525778677, 0.08589547336298521, 0.015452266692119776, 0.05363116571748429]","[0.08560778295958682, 0.01977182028682128, 0.018728553676308164, 0.006580349249917263, 0.010254783093429339]",1,DenverCityCouncil_03212022_22-0159,model_A
tofueval_SmolLM2-1.7B-Instruct,168,168,1.1770803928375244,81,2.015303611755371,0.2845908999443054,"[0.7889336103481459, 0.2846978098889928, 0.0715206709149995, 0.007490620482712984, 0.026154936360264266]","[0.13701674977337575, 0.04806628472233345, 0.03288461673763564, 0.013467333543281083, 0.01157018195123255]",0,DenverCityCouncil_03212022_22-0159,model_B
tofueval_SmolLM2-1.7B-Instruct,169,169,1.5333317518234253,117,1.9161243438720703,0.2435842603445053,"[0.6866233907820636, 0.33331332894034954, 0.3822866113614898, 0.046104647141796275, 0.17283607178117555]","[0.09310823629537017, 0.04794729496098493, 0.047049502197731845, 0.016352111915855266, 0.024623678065820883]",0,DenverCityCouncil_03212022_22-0159,model_C
tofueval_SmolLM2-1.7B-Instruct,170,170,1.5140334367752075,72,0.6588833332061768,0.13221929967403412,"[0.07588667118034209, 0.04584225908648579, 0.1452225816428836, 0.019984693982324744, 0.15452719344304772]","[0.028982238005116616, 0.012949195426734327, 0.03007159875379115, 0.004542809684799131, 0.018439704133342616]",1,DenverCityCouncil_03212022_22-0159,model_D
tofueval_SmolLM2-1.7B-Instruct,171,171,1.4119443893432617,155,2.0476913452148438,0.25336629152297974,"[0.5876261400002066, 0.6370448798510259, 0.424969947788885, 0.10033505075025019, -0.0029554613767598516]","[0.08701225814352842, 0.06304338101240906, 0.059172342925825024, 0.024662456319106973, 0.013153885593996047]",0,DenverCityCouncil_03212022_22-0159,model_E
tofueval_SmolLM2-1.7B-Instruct,172,172,2.861701726913452,50,1.3721824884414673,0.17985720932483673,"[0.03417636814148864, 0.031460923837294104, 0.15228931876146817, 0.1311863536547753, 0.11342694477862096]","[0.030676671785568033, 0.01707691664903905, 0.01661642458211645, 0.007103141974939717, 0.015986343736176422]",0,DenverCityCouncil_03212022_22-0159,Model-Extra
tofueval_SmolLM2-1.7B-Instruct,173,173,1.6259456872940063,84,1.8017374277114868,0.25000548362731934,"[0.5008629652579873, 0.4121349581657255, 0.05536332848021716, -0.06900234203437451, 0.06333679246000386]","[0.06455027232758377, 0.06295243588178459, 0.028629181507096205, 0.010250425433558316, 0.015136740624075714]",0,DenverCityCouncil_03212022_22-0159,model_A
tofueval_SmolLM2-1.7B-Instruct,174,174,1.3314558267593384,98,1.8639479875564575,0.26482775807380676,"[0.3551139015068415, 0.8184824960860299, 0.3607353085162871, 0.028332756821328076, 0.07773670589427192]","[0.06186220343539965, 0.11847366168744049, 0.03541340694827415, 0.008604222207971045, 0.008067531022208864]",0,DenverCityCouncil_03212022_22-0159,model_B
tofueval_SmolLM2-1.7B-Instruct,175,175,1.4466831684112549,100,1.5359513759613037,0.20201124250888824,"[0.14997503242699167, 0.5030101136519807, 0.34453465538394085, -0.05556094455581842, 0.06057163954123098]","[0.03807412123723225, 0.06406658298710681, 0.05506842377969008, 0.004882819299610332, 0.015529515960890876]",0,DenverCityCouncil_03212022_22-0159,model_C
tofueval_SmolLM2-1.7B-Instruct,176,176,1.6209239959716797,56,1.4424749612808228,0.21588227152824402,"[0.61129699196733, -0.05100047771286752, 0.0012990660782504296, -0.03756733968787428, 0.03266619283073981]","[0.09616208139699925, 0.042082042249603546, 0.014044258884950978, 0.0075471597570607885, 0.011694322714187624]",0,DenverCityCouncil_03212022_22-0159,model_D
tofueval_SmolLM2-1.7B-Instruct,177,177,1.659217119216919,45,1.513980746269226,0.19844460487365723,"[0.6701928746990031, -0.0142603339937826, 0.01227479414600465, -0.026206952943984004, 0.719255521065659]","[0.07335259980932783, 0.004045986742615544, 0.01693844881329925, 0.005282585444648349, 0.06468724169729588]",1,DenverCityCouncil_03212022_22-0159,model_E
tofueval_SmolLM2-1.7B-Instruct,178,178,1.6349390745162964,67,1.5546259880065918,0.2176399976015091,"[0.22454787445267935, 0.06022015694076745, 0.20619210263371043, 0.35573126556921375, -0.035497535174531955]","[0.06552123186966262, 0.008288113647352414, 0.0258195695652164, 0.03454515908378991, 0.010859306649613355]",1,DenverCityCouncil_04052021_21-0386,Model-Extra
tofueval_SmolLM2-1.7B-Instruct,179,179,1.0926798582077026,87,2.1807658672332764,0.3065611720085144,"[0.26078651253669183, -0.007756470219771013, 0.11413671406227678, 0.12374249586727581, 0.030717944717318313]","[0.08177249835315435, 0.0015539701808681612, 0.0271815387829638, 0.01888007152226646, 0.013112410357071743]",0,DenverCityCouncil_04052021_21-0386,model_A
tofueval_SmolLM2-1.7B-Instruct,180,180,1.406229853630066,90,1.5151041746139526,0.24214860796928406,"[0.05740426355224473, 0.017262399450887894, 0.6113229316150182, 0.05289983913578832, 0.11423817158344036]","[0.04160000212756982, 0.005679266351148805, 0.087938865565389, 0.031175665734575534, 0.03342074393625833]",0,DenverCityCouncil_04052021_21-0386,model_B
tofueval_SmolLM2-1.7B-Instruct,181,181,1.3180766105651855,43,1.5379714965820312,0.2630472183227539,"[0.12909466254140445, -0.011312409761621681, 0.3378953623022278, -0.07166880358695486, -0.017582537366759552]","[0.018721994168858103, 0.0010282675930390068, 0.05518859090841224, 0.008748552862354785, 0.004347433792603159]",1,DenverCityCouncil_04052021_21-0386,model_C
tofueval_SmolLM2-1.7B-Instruct,182,182,1.6812469959259033,62,1.1652463674545288,0.18791531026363373,"[-0.008011865405977358, 0.009594567655327527, 0.12311698347039349, 0.1883534958800767, -0.010526496625648325]","[0.019341388462038367, 0.0015524752880933174, 0.008598211982610295, 0.04386355736795232, 0.01629061421828367]",0,DenverCityCouncil_04052021_21-0386,model_D
tofueval_SmolLM2-1.7B-Instruct,183,183,1.442069172859192,70,1.194624900817871,0.17237171530723572,"[0.20986679239732828, 0.05019449996044776, -0.0015742196572058934, -0.0288108550909653, 0.37370080882610635]","[0.03402813551334053, 0.0027135794033837004, 0.003721091064746978, 0.014248339986824426, 0.06091291605470539]",0,DenverCityCouncil_04052021_21-0386,model_E
tofueval_SmolLM2-1.7B-Instruct,184,184,1.5681036710739136,43,1.5879344940185547,0.276140958070755,"[0.0589007493770327, -0.01993180307519736, -0.019875467317623862, -0.08566259006652957, 1.3257261692806213]","[0.012452137821480053, 0.0008506535295647302, 0.0052032563853572356, 0.008587816137899312, 0.2174894964365765]",0,DenverCityCouncil_04052021_21-0386,Model-Extra
tofueval_SmolLM2-1.7B-Instruct,185,185,1.355438232421875,40,1.2586910724639893,0.2563416361808777,"[-0.013722983669265432, -0.017160222754205277, 0.07971102967674142, 0.03219356512545346, 1.1547206237737555]","[0.002349760042648086, 0.00031018337956396637, 0.004976893548786165, 0.002403859231051797, 0.2262436454919225]",0,DenverCityCouncil_04052021_21-0386,model_A
tofueval_SmolLM2-1.7B-Instruct,186,186,1.2901413440704346,85,1.13247811794281,0.1976524144411087,"[-0.08990998848222623, 0.00887057386145617, 0.199997533843217, 0.03992963001484347, 0.7148246788904277]","[0.012993415664905014, 0.0014557417233518359, 0.026291228083053984, 0.009786538247727914, 0.0983321887201943]",1,DenverCityCouncil_04052021_21-0386,model_B
tofueval_SmolLM2-1.7B-Instruct,187,187,0.864281415939331,43,2.1773674488067627,0.3048400580883026,"[0.011442460084190528, -0.008565634925024676, -0.006933970775630875, 0.01972410332152935, 2.1100296716985487]","[0.0025774142622362146, 0.0004292513751344158, 0.004225738284360908, 0.001045835084156341, 0.2826566907366045]",0,DenverCityCouncil_04052021_21-0386,model_C
tofueval_SmolLM2-1.7B-Instruct,188,188,0.5658143162727356,37,2.5753607749938965,0.3326168954372406,"[-0.004933970148121679, 0.004570715610215474, 0.016714841733979434, 0.02375023794759211, 2.592589422726903]","[0.0010120100299504146, 0.0001332062653779537, 0.003489916522438319, 0.0007652004744429448, 0.3140192994135243]",0,DenverCityCouncil_04052021_21-0386,model_D
tofueval_SmolLM2-1.7B-Instruct,189,189,0.7476319670677185,58,1.7098901271820068,0.2325955331325531,"[0.014427889735629676, 0.003727640845368271, 0.01695951473045076, 0.015448356562179971, 1.7558424190802757]","[0.0011866908019942065, 0.0002962717225163315, 0.003561279547511731, 0.0012440075827898594, 0.2098401551854044]",1,DenverCityCouncil_04052021_21-0386,model_E
tofueval_SmolLM2-1.7B-Instruct,190,190,1.6667581796646118,72,1.6413601636886597,0.3008551597595215,"[0.016154729290671337, 0.013626805034075713, 0.21985733878256675, 0.15155405531993438, -0.020669537879863736]","[0.04802194526059919, 0.006761235920522542, 0.050934258262524464, 0.038318362601834285, 0.01658756752532832]",0,DenverCityCouncil_04052021_21-0386,Model-Extra
tofueval_SmolLM2-1.7B-Instruct,191,191,0.8931940197944641,87,2.5043654441833496,0.35407140851020813,"[0.003952390354358101, -0.042858506638367544, 0.16982804390204104, 0.2477886498928278, 1.2047721000577942]","[0.011214154981814118, 0.0010686623244178062, 0.030762757295816436, 0.05979743784155551, 0.14438710021188372]",1,DenverCityCouncil_04052021_21-0386,model_A
tofueval_SmolLM2-1.7B-Instruct,192,192,1.2459722757339478,80,1.2785727977752686,0.23698079586029053,"[0.1553571901803082, -0.009238524666989179, 0.24526570823366, 0.21037746776540303, 0.1832816549646168]","[0.02728598557086226, 0.0015184349264887765, 0.04934010365730614, 0.03893558609074219, 0.04443756896000721]",0,DenverCityCouncil_04052021_21-0386,model_B
tofueval_SmolLM2-1.7B-Instruct,193,193,2.1331701278686523,46,0.5502281785011292,0.15504319965839386,"[0.10893447484578127, 0.031150245553125507, 0.06775139383566768, -0.03299088472419459, 0.255946080180128]","[0.02165205497800818, 0.001504841628917822, 0.005755911343958755, 0.0250214516709093, 0.04501790586104819]",0,DenverCityCouncil_04052021_21-0386,model_C
tofueval_SmolLM2-1.7B-Instruct,194,194,0.9860992431640625,78,2.389451265335083,0.32727691531181335,"[0.8490694951517584, 0.011431831821354512, 0.25783329831630486, 0.14059908424897935, 0.4455203554929283]","[0.1036180920547783, 0.003152389181070411, 0.022684839486577728, 0.0275002805649219, 0.06569855103358453]",0,DenverCityCouncil_04052021_21-0386,model_D
tofueval_SmolLM2-1.7B-Instruct,195,195,1.1866121292114258,39,1.7299137115478516,0.33029627799987793,"[0.09965542903862512, 0.002858730106172749, 0.3996859032747288, -0.017644838049398877, -0.04331342006126084]","[0.020665731353615113, 0.0012738554706652977, 0.08248599438714639, 0.00651316560542443, 0.009220477647921563]",1,DenverCityCouncil_04052021_21-0386,model_E
tofueval_SmolLM2-1.7B-Instruct,196,196,1.888756513595581,30,0.6796793341636658,0.19552190601825714,"[-0.03688580940167109, 0.01839201624194781, 0.02404498855272929, 0.3438036493957043, 0.01640789086620013]","[0.013122587973096718, 0.009368268986387799, 0.007505051877039174, 0.08015663556676979, 0.007853438596551616]",0,DenverCityCouncil_07312017_17-0680,Model-Extra
tofueval_SmolLM2-1.7B-Instruct,197,197,1.1839051246643066,83,1.1208829879760742,0.15203098952770233,"[0.2267710964093041, 0.03653654058643403, 0.05042265243659985, 0.4304104564235972, 0.047664227955048925]","[0.026393190968125296, 0.004676178289387226, 0.0041121065864735355, 0.0595609277286285, 0.007643678913034337]",0,DenverCityCouncil_07312017_17-0680,model_A
tofueval_SmolLM2-1.7B-Instruct,198,198,1.1823983192443848,87,1.178497314453125,0.23060137033462524,"[0.0003025231042598513, 0.00920276773622495, 0.004099416262844856, 0.7235836452729572, 0.36742826762084646]","[0.003537310316251128, 0.0038546847800330136, 0.0019001437884426928, 0.12483357499961088, 0.06770895175677966]",0,DenverCityCouncil_07312017_17-0680,model_B
tofueval_SmolLM2-1.7B-Instruct,199,199,1.5922636985778809,50,1.8378021717071533,0.243391215801239,"[0.000807320661842823, 0.0748831750638783, 0.020314520839601755, 0.39908076979219914, 0.17815882846713066]","[0.01028017605887726, 0.010279520926487748, 0.006306745734837023, 0.08667590163822751, 0.013242013607523404]",0,DenverCityCouncil_07312017_17-0680,model_C
tofueval_SmolLM2-1.7B-Instruct,200,200,1.1563152074813843,50,2.1907877922058105,0.2455122321844101,"[0.045766286100260914, 0.04537147634662688, 0.022658515507355332, 0.3733948774030432, 0.7350412677228451]","[0.008542320234046202, 0.006752433834008116, 0.004720921353073209, 0.06274481622589519, 0.05750323189771734]",0,DenverCityCouncil_07312017_17-0680,model_D
tofueval_SmolLM2-1.7B-Instruct,201,201,1.8509061336517334,58,0.5185770392417908,0.13342638313770294,"[-0.022662280287978977, 0.043816653971463955, -0.020924115657870626, 0.3075093327347061, 0.04615745958390421]","[0.00443254675638886, 0.003947669541079888, 0.003416776605670999, 0.04524118493307093, 0.009930443100717544]",0,DenverCityCouncil_07312017_17-0680,model_E
tofueval_SmolLM2-1.7B-Instruct,202,202,1.5188640356063843,82,1.369504451751709,0.2256702333688736,"[0.11790716631633298, 0.008237063833625942, 0.16099490819885054, 0.4834027663072026, 0.25481680583594957]","[0.022916268347605028, 0.004039616458180162, 0.015925965518518506, 0.08975679406719836, 0.05749193782223922]",1,DenverCityCouncil_07312017_17-0680,Model-Extra
tofueval_SmolLM2-1.7B-Instruct,203,203,1.4232944250106812,45,1.5994442701339722,0.22062787413597107,"[0.5837432788969535, 0.0415906574525353, 0.35788187637356006, 0.3095665729863362, 0.06241217694866161]","[0.07697235388267372, 0.01186249433180314, 0.036552577015784966, 0.05343613588225304, 0.008545553016261288]",0,DenverCityCouncil_07312017_17-0680,model_A
tofueval_SmolLM2-1.7B-Instruct,204,204,1.7429574728012085,65,0.587942361831665,0.12578783929347992,"[0.0031241601476302513, 0.06126889529136511, -0.010389689241464321, 0.1724884631542059, 0.04471050712924737]","[0.008675617394664397, 0.004867249501246708, 0.005616180895538911, 0.030169045035906422, 0.010542686520448815]",1,DenverCityCouncil_07312017_17-0680,model_B
tofueval_SmolLM2-1.7B-Instruct,205,205,1.7921056747436523,49,0.5814430117607117,0.15245512127876282,"[-0.028946866338350336, -0.0182032762285398, 0.014732952020606217, 0.5734839061541217, -0.05873222964606723]","[0.008371899030212912, 0.002377519824815919, 0.0025916806265072687, 0.0682332316316707, 0.004826671471944012]",0,DenverCityCouncil_07312017_17-0680,model_C
tofueval_SmolLM2-1.7B-Instruct,206,206,1.8339923620224,49,0.8513351678848267,0.09186270087957382,"[0.01801056970072416, 0.016127189761502857, 0.0130368489629532, 0.6041489581349401, -0.046388695805276534]","[0.004324094036134311, 0.0017920661973351213, 0.0023028605361587883, 0.05723553775629737, 0.0038749112046964594]",1,DenverCityCouncil_07312017_17-0680,model_D
tofueval_SmolLM2-1.7B-Instruct,207,207,1.5769050121307373,70,1.3339604139328003,0.19366541504859924,"[-0.014955724387462916, 0.027290433738380672, 0.013817559670756704, 0.4872793370629162, 0.2722580953646684]","[0.00888193906266151, 0.003199491453855582, 0.0037414863178660035, 0.046966112382071, 0.04156887434627216]",1,DenverCityCouncil_07312017_17-0680,model_E
tofueval_SmolLM2-1.7B-Instruct,208,208,1.8931835889816284,52,1.5330067873001099,0.23555324971675873,"[0.18069269354096973, 0.0063201758715037545, 0.25165003938869074, 0.38513128392290896, -0.018694812436409008]","[0.031347962726543374, 0.004921146374726959, 0.0300729119422053, 0.0664914302872673, 0.004649920779719161]",0,DenverCityCouncil_07312017_17-0680,Model-Extra
tofueval_SmolLM2-1.7B-Instruct,209,209,1.6471813917160034,41,0.5496037006378174,0.1105465441942215,"[0.011454608518539406, 0.011569586605197045, 0.004902226305226001, 0.1013296850298236, -0.03543983427126233]","[0.0043775845850000114, 0.0016631566631542406, 0.0021603907238075897, 0.020947387388931506, 0.003888899759281563]",0,DenverCityCouncil_07312017_17-0680,model_A
tofueval_SmolLM2-1.7B-Instruct,210,210,1.4385186433792114,41,1.7886840105056763,0.2521184980869293,"[0.3359599430142425, 0.03107550632060937, 0.02148442493507457, 0.6415514740865769, 0.0014379460551980428]","[0.055594576701944946, 0.004223039500042122, 0.004487726179632307, 0.09170399186706807, 0.004419883431826126]",1,DenverCityCouncil_07312017_17-0680,model_B
tofueval_SmolLM2-1.7B-Instruct,211,211,1.393829345703125,89,1.847926139831543,0.22435621917247772,"[-0.002470613310108317, 0.006696142404068136, 0.325672965411102, 0.720747317396774, 0.32408924861170163]","[0.009567684807928785, 0.00663686524331864, 0.034075358593306675, 0.07877009075998379, 0.03506639345480866]",1,DenverCityCouncil_07312017_17-0680,model_C
tofueval_SmolLM2-1.7B-Instruct,212,212,1.5631340742111206,47,1.7321140766143799,0.26566603779792786,"[0.01678317521223204, -0.03594677985467492, 0.6480211074255962, 0.13650341853598488, -0.0556205167866094]","[0.017031250298617684, 0.006487772193956536, 0.07134916277290687, 0.0594660898269138, 0.003932612274861349]",0,DenverCityCouncil_07312017_17-0680,model_D
tofueval_SmolLM2-1.7B-Instruct,213,213,1.7554864883422852,42,0.8898367881774902,0.11420692503452301,"[0.033542354901631675, 0.012334769946478662, 0.029454979158583142, 0.10421667223618854, -0.04107692629276287]","[0.006579225915456412, 0.0021769165594031662, 0.003031571395002261, 0.025765832084462523, 0.0033162239549797265]",0,DenverCityCouncil_07312017_17-0680,model_E
tofueval_SmolLM2-1.7B-Instruct,214,214,1.6176406145095825,61,1.4933627843856812,0.26053085923194885,"[-0.05027590826111769, -0.009161395012194932, 0.11119996044368742, 0.19202137695049074, 0.997854849224391]","[0.016098767862577454, 0.009262016458847699, 0.024910159872560456, 0.01918746858822875, 0.1727427222074647]",0,DenverCityCouncil_08292016_16-0553,Model-Extra
tofueval_SmolLM2-1.7B-Instruct,215,215,0.9731218218803406,56,2.660795211791992,0.32217732071876526,"[0.017459987592571582, 0.050031698911230445, 0.440513102857949, 0.3302605461254383, 1.6557267902660118]","[0.001527575995510233, 0.012690289366263739, 0.030827114781638038, 0.039188264664224856, 0.22549130734094952]",1,DenverCityCouncil_08292016_16-0553,model_A
tofueval_SmolLM2-1.7B-Instruct,216,216,1.9397672414779663,34,1.9349331855773926,0.2714378833770752,"[0.036161654584301525, 0.08011562264907886, -0.10181012439116945, 0.3391167853465852, 0.8224791555720217]","[0.002782299052395341, 0.014457365619257282, 0.03077621586278249, 0.02623399067429358, 0.1369174382279572]",0,DenverCityCouncil_08292016_16-0553,model_B
tofueval_SmolLM2-1.7B-Instruct,217,217,1.1725221872329712,72,2.084470272064209,0.26831257343292236,"[0.5788723747300537, 0.0758473327874122, 0.03310107691686426, 0.14477018211598786, 1.0519098103569477]","[0.060981567529501665, 0.010114817766233526, 0.021526437683323567, 0.014187076169750727, 0.14810079551781444]",1,DenverCityCouncil_08292016_16-0553,model_C
tofueval_SmolLM2-1.7B-Instruct,218,218,1.653159260749817,72,1.0509018898010254,0.1977251172065735,"[0.0038015867402363154, -0.027681350080658577, 0.15033839836703716, 0.08409800574655593, 0.6500459664190809]","[0.0032361110050310848, 0.006766964358613829, 0.025567147881525268, 0.006968684798576103, 0.13658872253654408]",1,DenverCityCouncil_08292016_16-0553,model_D
tofueval_SmolLM2-1.7B-Instruct,219,219,0.8736775517463684,118,1.9526437520980835,0.34132733941078186,"[-0.004558477571740464, 0.038808994442815214, 0.6673746546607078, 0.3732761743850013, 0.666741417439248]","[0.005883262577636044, 0.010692955773767523, 0.1323032813092819, 0.05513505729975041, 0.09862496948620356]",0,DenverCityCouncil_08292016_16-0553,model_E
tofueval_SmolLM2-1.7B-Instruct,220,220,1.6184576749801636,48,0.5885599255561829,0.1453365832567215,"[0.03147358891874319, 0.023263766777139, 0.11647275698730179, 0.2354923822094861, 0.1017075115305488]","[0.008284957409102844, 0.009498468872777721, 0.030372938418546862, 0.021674088648220884, 0.044156305297671374]",0,DenverCityCouncil_08292016_16-0553,Model-Extra
tofueval_SmolLM2-1.7B-Instruct,221,221,1.4472190141677856,72,1.7090312242507935,0.2846754789352417,"[0.05161644011726215, 0.026007526724343834, 0.17171556189310244, 0.37486068534417427, 1.0029658378027508]","[0.0037691118266012483, 0.017167930326883782, 0.023431465084864083, 0.03296991511533381, 0.16737188452634655]",0,DenverCityCouncil_08292016_16-0553,model_A
tofueval_SmolLM2-1.7B-Instruct,222,222,1.4167262315750122,45,2.5559771060943604,0.2902109622955322,"[0.024020727212256236, 0.16152854284478557, 0.021306451891885243, 0.5182809197602587, 1.3640531856152747]","[0.003970693203256007, 0.02191009551850382, 0.009351220384289465, 0.05510544080105622, 0.18629080217021207]",1,DenverCityCouncil_08292016_16-0553,model_B
tofueval_SmolLM2-1.7B-Instruct,223,223,1.163295865058899,55,1.7289389371871948,0.24173800647258759,"[0.01663461783900857, 0.0049270660277794705, 0.12534242666072465, 0.16607113534965637, 1.1912178035825491]","[0.002688992181199203, 0.005077868115743265, 0.03486865174084993, 0.029152946280142217, 0.16310441855140115]",1,DenverCityCouncil_08292016_16-0553,model_C
tofueval_SmolLM2-1.7B-Instruct,224,224,2.274761438369751,36,1.4056488275527954,0.23415368795394897,"[0.7138744859387063, -0.03833665767322398, 0.07764426468768054, 0.33575866994861925, 0.0568305020699174]","[0.11903640029554986, 0.01055327047177141, 0.013125447410857305, 0.022535665457932435, 0.030073809689282725]",1,DenverCityCouncil_08292016_16-0553,model_D
tofueval_SmolLM2-1.7B-Instruct,225,225,1.5069458484649658,59,1.3225901126861572,0.1645100861787796,"[0.21907925903323597, -0.013559397475762387, 0.1718365799919781, 0.33970287566120594, 0.12399559006315924]","[0.032751664145893054, 0.011087358508722006, 0.03942359359125938, 0.0302573460229708, 0.040973774583169684]",0,DenverCityCouncil_08292016_16-0553,model_E
tofueval_SmolLM2-1.7B-Instruct,226,226,2.142096757888794,57,1.4877530336380005,0.20235486328601837,"[0.2669045771390461, 0.006048035679238015, 0.0683319914469234, 0.056316094671114626, 0.8141063214198017]","[0.02480324293636633, 0.010037406690731075, 0.006651886005433002, 0.008729489473855784, 0.13280527017757363]",1,DenverCityCouncil_08292016_16-0553,Model-Extra
tofueval_SmolLM2-1.7B-Instruct,227,227,1.3656977415084839,60,1.2398970127105713,0.194300577044487,"[0.0349215735307818, -0.004535098698397633, 0.008283404579080412, 0.010186175534425957, 0.9616237525812418]","[0.0019092639584819438, 0.0017911516053304175, 0.0011904926557458968, 0.0014386716214955944, 0.16978527980312114]",0,DenverCityCouncil_08292016_16-0553,model_A
tofueval_SmolLM2-1.7B-Instruct,228,228,1.6216267347335815,49,1.104114055633545,0.21698753535747528,"[0.02128907676776681, 0.009958949746630554, -0.013470194826368243, -0.015414077093663188, 0.8879270772544705]","[0.0023071284353489096, 0.002986841461761844, 0.0029709880973128673, 0.002906761478846661, 0.18224812430158563]",1,DenverCityCouncil_08292016_16-0553,model_B
tofueval_SmolLM2-1.7B-Instruct,229,229,1.4699032306671143,41,2.059356927871704,0.29686033725738525,"[0.010575465533581404, 0.13156306006443097, -0.0423661524709598, 0.1277074622169205, 1.31537612022196]","[0.003755471676014145, 0.02921923671853464, 0.006592319088468219, 0.01598573069772678, 0.21394325804147052]",0,DenverCityCouncil_08292016_16-0553,model_C
tofueval_SmolLM2-1.7B-Instruct,230,230,1.4709184169769287,30,2.1305649280548096,0.2960093915462494,"[-0.003397100244183093, -0.002432053060814117, 0.019712507940130308, -0.03768004178224752, 1.8105061412788928]","[0.0034836052298336047, 0.0037968930221268238, 0.0020694825323516854, 0.002311281982595877, 0.2773909730177062]",0,DenverCityCouncil_08292016_16-0553,model_D
tofueval_SmolLM2-1.7B-Instruct,231,231,1.2302696704864502,78,1.9654055833816528,0.2878522276878357,"[-0.021603876472606014, 0.8035427976925021, 0.6387161501498224, 0.0063593652026984505, 0.018032547499527797]","[0.0020908528367610227, 0.12491958083652814, 0.13349240299781065, 0.001944990845732975, 0.0029224948873900593]",0,DenverCityCouncil_11212016_16-1065,Model-Extra
tofueval_SmolLM2-1.7B-Instruct,232,232,0.7666062712669373,86,2.163231134414673,0.30460965633392334,"[0.02105235462828247, 0.8865674257672359, 0.9156267062362743, 0.017598407897187213, 0.027430667917055975]","[0.004520359020898336, 0.14122099519337034, 0.1303047104727588, 0.0016973861764445564, 0.00231264557131456]",1,DenverCityCouncil_11212016_16-1065,model_A
tofueval_SmolLM2-1.7B-Instruct,233,233,0.8591098785400391,65,1.8836219310760498,0.26271483302116394,"[-0.028329803511979453, 0.891800006507513, 0.4674802561586078, -0.004821913229982154, -0.007963543550991185]","[0.004954461810084117, 0.15249012524824979, 0.06220718735776245, 0.0013685855587639779, 0.003612979307217756]",0,DenverCityCouncil_11212016_16-1065,model_B
tofueval_SmolLM2-1.7B-Instruct,234,234,0.5833402872085571,102,2.1248934268951416,0.29353007674217224,"[-0.008706485053064135, 0.7544547798153123, 1.0492566897706175, -0.008081880107627013, -0.01945697568061958]","[0.001479470975163631, 0.11039699584973599, 0.16853455165909392, 0.0013257668539225444, 0.002805314942163789]",0,DenverCityCouncil_11212016_16-1065,model_C
tofueval_SmolLM2-1.7B-Instruct,235,235,1.3533885478973389,71,-0.005631755571812391,0.06089210510253906,"[-0.011165208132399745, 0.03529386382720525, -0.029516782059865465, 0.01864236138980757, 0.0175049778739725]","[0.001303462413761095, 0.0044074484053165264, 0.002614633245915248, 0.0005806517067716875, 0.002230753867812561]",1,DenverCityCouncil_11212016_16-1065,model_D
tofueval_SmolLM2-1.7B-Instruct,236,236,1.6928437948226929,50,1.8408960103988647,0.18769924342632294,"[0.002742894818075001, 0.3294833703106269, 0.6592322154866997, -0.008969023440731689, -0.054980320662725714]","[0.004241725063202466, 0.03438160840945784, 0.08702203409400681, 0.0022072580811436635, 0.006335484342416748]",0,DenverCityCouncil_11212016_16-1065,model_E
tofueval_SmolLM2-1.7B-Instruct,237,237,1.1918816566467285,64,1.8639075756072998,0.2538180649280548,"[0.001628915541459719, 0.6560771326658141, 0.5791067454315453, 0.012187108160560456, -0.022000094330451248]","[0.002083475557938641, 0.12526038063833767, 0.07302009785505348, 0.0030077314053187365, 0.00407775372548258]",0,DenverCityCouncil_11212016_16-1065,Model-Extra
tofueval_SmolLM2-1.7B-Instruct,238,238,0.7233659625053406,96,1.9670683145523071,0.2867675721645355,"[-0.010501654631904481, 0.8555880222302221, 0.7469509597030992, 0.024570143099481356, 0.03755958024006153]","[0.0017795739792063614, 0.12733073310789678, 0.12375406826082506, 0.0014446700694913754, 0.002165556360677575]",0,DenverCityCouncil_11212016_16-1065,model_A
tofueval_SmolLM2-1.7B-Instruct,239,239,0.9928618669509888,106,1.555397868156433,0.25563016533851624,"[0.005479783814769449, 0.6520839382703241, 0.6262251867481369, 0.02091897571435251, 0.004184868302029329]","[0.0036293150849274446, 0.1127174079919537, 0.10892113939945602, 0.0018552724957574373, 0.0024694766086453593]",0,DenverCityCouncil_11212016_16-1065,model_B
tofueval_SmolLM2-1.7B-Instruct,240,240,1.0437726974487305,71,1.7256090641021729,0.26715970039367676,"[-0.007765962116741641, 0.6803177024572301, 0.6293487988197586, -0.018571887179245045, -0.03780281272451196]","[0.0032008931163071677, 0.12402271622099953, 0.1089683970344787, 0.004483108120538559, 0.005356338132582045]",0,DenverCityCouncil_11212016_16-1065,model_C
tofueval_SmolLM2-1.7B-Instruct,241,241,0.19124649465084076,142,2.2098474502563477,0.35180869698524475,"[-0.011073838497357198, 0.46917682248352666, 1.5270967320971516, 0.0009890351491417854, 0.007410514126271485]","[0.00046289574605616125, 0.074589216464798, 0.2672709746920556, 0.0006125200958518357, 0.0008602527885505226]",0,DenverCityCouncil_11212016_16-1065,model_D
tofueval_SmolLM2-1.7B-Instruct,242,242,0.25367599725723267,167,2.181157112121582,0.32687249779701233,"[0.004967053992951984, 0.33523004900050735, 1.5248020952849783, 0.007431242141731395, 0.010023842013363387]","[0.0010363988828367963, 0.05679734479081516, 0.24939988285640113, 0.0008154624022365202, 0.0015829923437933192]",0,DenverCityCouncil_11212016_16-1065,model_E
tofueval_SmolLM2-1.7B-Instruct,243,243,0.6758554577827454,47,2.0266058444976807,0.2975233197212219,"[-0.0007665241360069907, 1.1543706716484132, 0.06391028359568271, 0.013458786100059985, 0.017780294601602402]","[0.005423880457135269, 0.21287927469490975, 0.0069508925439549785, 0.0019853569999039346, 0.006240237712092416]",0,DenverCityCouncil_11212016_16-1065,Model-Extra
tofueval_SmolLM2-1.7B-Instruct,244,244,0.921392560005188,82,1.79079270362854,0.2789778709411621,"[0.03175888413977923, 0.8525693509642535, 0.8583418071162092, 0.023568830293498183, 0.06060530647504848]","[0.006317720974632211, 0.1390645812702931, 0.11259318036400423, 0.003352965429895648, 0.009645407509208049]",1,DenverCityCouncil_11212016_16-1065,model_A
tofueval_SmolLM2-1.7B-Instruct,245,245,0.5648420453071594,139,2.0038135051727295,0.30322766304016113,"[-0.01782216900829167, 0.5875850237670217, 1.241544350855875, 0.011311670042788602, -0.005927492271648785]","[0.0022992885583285935, 0.09209785443349804, 0.19499831538799384, 0.003784185893185187, 0.003199396295449725]",0,DenverCityCouncil_11212016_16-1065,model_B
tofueval_SmolLM2-1.7B-Instruct,246,246,0.8242332339286804,95,2.080734968185425,0.29918617010116577,"[0.02376508487030055, 0.8870410637660442, 0.8385916302394195, 0.0035214372202876563, 0.011612512192407035]","[0.0070676142234955665, 0.13532337078941054, 0.12436147552061572, 0.0040837034192559496, 0.004261316676262906]",0,DenverCityCouncil_11212016_16-1065,model_C
tofueval_SmolLM2-1.7B-Instruct,247,247,0.8016226291656494,124,1.9555637836456299,0.2795529067516327,"[0.10939493539075146, 0.8352482836506228, 0.4734772425705864, 0.024290976708852535, 0.04858223907074482]","[0.019850933111240098, 0.12769608496601434, 0.06810808477620772, 0.007081756656939506, 0.014325318671241817]",1,DenverCityCouncil_11212016_16-1065,model_D
tofueval_SmolLM2-1.7B-Instruct,248,248,0.9296485781669617,97,2.0619633197784424,0.30932214856147766,"[0.0408002869040014, 0.9495304518633705, 0.8197490680622557, 0.008474128659670278, -0.00463837505497198]","[0.006679374872472172, 0.1486314328181534, 0.10690251959440783, 0.0021059948256587978, 0.006572343967144258]",0,DenverCityCouncil_11212016_16-1065,model_E
tofueval_SmolLM2-1.7B-Instruct,249,249,2.131890296936035,60,0.7571170926094055,0.12932848930358887,"[0.27331518895627294, 0.2339025651680231, 0.21469866810901597, 0.04039288253115956, -0.021970421004986442]","[0.07529583857341748, 0.014962445697916849, 0.015449838146888812, 0.0023285254367650054, 0.005317049776582413]",1,LongBeachCC_02082022_22-0137,Model-Extra
tofueval_SmolLM2-1.7B-Instruct,250,250,0.5020363926887512,73,2.622857093811035,0.30567842721939087,"[2.5174633524020216, 0.007701418466913061, 0.011978120340880768, 0.007933536867325255, -0.04151600162547093]","[0.29399636588601574, 0.001935716924323708, 0.0012860111137467344, 0.0007950351329800967, 0.004063936208688711]",0,LongBeachCC_02082022_22-0137,model_A
tofueval_SmolLM2-1.7B-Instruct,251,251,0.8024518489837646,128,2.212155818939209,0.29431214928627014,"[1.582843836496977, 0.7510683361550008, -0.028251182748363135, -0.003892891630286499, -0.03432191006085361]","[0.21186176568562587, 0.09373299394293522, 0.0033515652553357533, 0.001844388916317996, 0.004546295943940848]",0,LongBeachCC_02082022_22-0137,model_B
tofueval_SmolLM2-1.7B-Instruct,252,252,1.0667321681976318,84,2.1219642162323,0.27717089653015137,"[0.9472659137266289, 1.1877160543774932, -0.0025740386250358177, -0.010732861075147022, -0.07132990940088002]","[0.14723250785651285, 0.12366237615046723, 0.003585392021401882, 0.00203523879849854, 0.005029282969165446]",0,LongBeachCC_02082022_22-0137,model_C
tofueval_SmolLM2-1.7B-Instruct,253,253,1.3073616027832031,92,1.4581599235534668,0.22477589547634125,"[0.32744290289062283, 0.7809457716678965, 0.13506861912415627, -0.017724816002936204, -0.04328485672166825]","[0.07198893176886123, 0.12457783445684326, 0.02168263553247809, 0.002533425179813736, 0.006176026417102899]",0,LongBeachCC_02082022_22-0137,model_D
tofueval_SmolLM2-1.7B-Instruct,254,254,1.2659541368484497,90,-0.01590181142091751,0.05242639034986496,"[0.05354237928387293, -0.00544901905733847, -0.0028102706003867045, 0.0025806047328033955, 0.03695106318440998]","[0.01226815898237861, 0.003741743589391907, 0.001955425683045241, 0.0010420540877614966, 0.005835436510651309]",1,LongBeachCC_02082022_22-0137,model_E
tofueval_SmolLM2-1.7B-Instruct,255,255,2.3192594051361084,78,1.2934653759002686,0.1597515493631363,"[0.24952108337914197, 0.5654711669523096, 0.25068492987061175, -0.003562296438554441, 0.0007191716859219574]","[0.05001578879083359, 0.06347306109424412, 0.04988706480617257, 0.004393813720372172, 0.008409642049587936]",1,LongBeachCC_02082022_22-0137,Model-Extra
tofueval_SmolLM2-1.7B-Instruct,256,256,1.9552435874938965,35,-0.010544376447796822,0.03665327653288841,"[-0.0340789336178984, 0.07318724042602948, 0.06755665913224221, 0.051736797685069696, -0.020478418549256666]","[0.007349615169888629, 0.0035061725433999007, 0.0031133306258457846, 0.0015095786305859551, 0.004436425762729154]",1,LongBeachCC_02082022_22-0137,model_A
tofueval_SmolLM2-1.7B-Instruct,257,257,1.6422983407974243,104,0.14150050282478333,0.05273061618208885,"[0.04735598016962355, 0.05905105550678295, -0.012390096991181893, -0.011660750794432646, -0.019973372893078843]","[0.016085148298928358, 0.007943524450122542, 0.007091472179791498, 0.0014437039201989311, 0.004329968733775156]",1,LongBeachCC_02082022_22-0137,model_B
tofueval_SmolLM2-1.7B-Instruct,258,258,1.7388428449630737,82,1.80825674533844,0.24518340826034546,"[0.5296620532824863, 1.171720850995881, -0.06352001751763121, -0.052501675511338386, 0.02272923865885099]","[0.10139116975507222, 0.12837797833343279, 0.019379562247760943, 0.0034805654311739777, 0.010879368400088513]",0,LongBeachCC_02082022_22-0137,model_C
tofueval_SmolLM2-1.7B-Instruct,259,259,1.8027572631835938,64,1.5546607971191406,0.20472002029418945,"[-0.09398149116441346, 1.2149528624868253, 0.41526029847773316, 0.02154763958969852, -0.026392822992420406]","[0.01915396799037694, 0.11987203735014873, 0.07007304265471248, 0.005245544368833066, 0.008952561670923842]",0,LongBeachCC_02082022_22-0137,model_D
tofueval_SmolLM2-1.7B-Instruct,260,260,1.638045072555542,53,1.5179240703582764,0.21057502925395966,"[0.47802809018925607, -0.09540423781889433, 0.26536019112176773, 0.004413271962032425, 0.046656634392247556]","[0.11777107445139438, 0.010025150050579506, 0.031025030910416907, 0.005857376910844838, 0.02105785290978191]",0,LongBeachCC_02082022_22-0137,model_E
tofueval_SmolLM2-1.7B-Instruct,261,261,1.2753596305847168,60,1.9000728130340576,0.290183961391449,"[1.4975977457515646, -0.012908054429389419, 0.018663384652154492, -0.01674995402576087, -0.025747479095677286]","[0.2509977933223813, 0.002210620828903605, 0.003093234622398929, 0.0014980612514695697, 0.003808869320669809]",0,LongBeachCC_02082022_22-0137,Model-Extra
tofueval_SmolLM2-1.7B-Instruct,262,262,0.7582751512527466,76,2.671888589859009,0.33937811851501465,"[2.419005854332538, -0.0013901240726179247, 0.0009486806210540971, 0.010645951619105625, -0.010510837837548598]","[0.31456709010327405, 0.0015504904598120255, 0.0014898790832705202, 0.0007205608979401596, 0.0029847369015804383]",0,LongBeachCC_02082022_22-0137,model_A
tofueval_SmolLM2-1.7B-Instruct,263,263,1.4287512302398682,105,1.4399605989456177,0.19331330060958862,"[0.810221009138262, 0.39833567011907384, 0.03725635589521733, -0.01395252953211422, -0.0591900185903623]","[0.11861298029593638, 0.050560618766389995, 0.0033847607829784465, 0.002087575030305916, 0.006786015384724513]",1,LongBeachCC_02082022_22-0137,model_B
tofueval_SmolLM2-1.7B-Instruct,264,264,0.9352825284004211,56,2.516132354736328,0.3002345860004425,"[2.1194300081115216, 0.00823670035190714, -0.00493684562778591, -0.01017766070071957, -0.0003164885479886185]","[0.24930781977933034, 0.001786823405861274, 0.0020913778855162135, 0.0012669441546831553, 0.007968032883322198]",0,LongBeachCC_02082022_22-0137,model_C
tofueval_SmolLM2-1.7B-Instruct,265,265,0.9760265946388245,67,1.7782186269760132,0.2655387222766876,"[1.1667962773668588, 0.3339126549980691, 0.038913645823949586, 0.0281171120525482, -0.03341935166543123]","[0.17914696956940213, 0.06065359547149879, 0.002682107083073016, 0.0011677238168163685, 0.0034257892222503633]",1,LongBeachCC_02082022_22-0137,model_D
tofueval_SmolLM2-1.7B-Instruct,266,266,1.835485816001892,66,0.9300334453582764,0.19972525537014008,"[0.3739719452569261, 0.02329265306506193, 0.27400463122070173, 0.00563337621772944, 0.013809787732139794]","[0.10108202597775469, 0.017122893197941295, 0.024923485376430934, 0.009220082801827326, 0.018349186298578526]",1,LongBeachCC_02082022_22-0137,model_E
tofueval_SmolLM2-1.7B-Instruct,267,267,2.3478269577026367,37,1.3060358762741089,0.20050004124641418,"[0.023678765405674238, 0.07503403187100147, 0.04394937518077928, 0.18030102710818519, -0.011885360600678501]","[0.06030519154218554, 0.008904156482360023, 0.008740356912509212, 0.010182627663173637, 0.007821549514168559]",0,LongBeachCC_02092016_16-0125,Model-Extra
tofueval_SmolLM2-1.7B-Instruct,268,268,1.0054304599761963,69,1.2786505222320557,0.20314498245716095,"[0.6962886233881548, 0.004333371226085296, 0.07063699696774837, 0.0517568465468197, 0.018519089995475108]","[0.12476462855873093, 0.010873085164585855, 0.009796062244359364, 0.007732147843820501, 0.004420858084942032]",0,LongBeachCC_02092016_16-0125,model_A
tofueval_SmolLM2-1.7B-Instruct,269,269,1.0057622194290161,92,1.629024863243103,0.22372877597808838,"[0.6557564044538278, -0.005060214273449357, 0.057705655700651136, 0.2722895147580066, -0.01850157288604153]","[0.09718320033268514, 0.014171996255942324, 0.010641573749402913, 0.030349456132695275, 0.008128179368591882]",1,LongBeachCC_02092016_16-0125,model_B
tofueval_SmolLM2-1.7B-Instruct,270,270,1.0946540832519531,79,1.4022986888885498,0.1985718160867691,"[0.8305152662502178, 0.010214065142636057, -0.03590720946255105, 0.019096717338631802, 0.033647690218861534]","[0.1137367833312343, 0.008853276033042227, 0.020406187952302608, 0.014040260421891996, 0.005873640828310813]",0,LongBeachCC_02092016_16-0125,model_C
tofueval_SmolLM2-1.7B-Instruct,271,271,1.6204193830490112,44,1.1590662002563477,0.19463863968849182,"[0.2518210862657394, -0.01188395972977477, -0.03158609238876538, 0.22081028334584765, -0.026750404546460646]","[0.08914244000995743, 0.0033697340442234813, 0.003555062156671986, 0.0321838859543029, 0.007974270597845712]",0,LongBeachCC_02092016_16-0125,model_D
tofueval_SmolLM2-1.7B-Instruct,272,272,1.1051539182662964,85,1.7687573432922363,0.2358366847038269,"[0.8356157526592998, 0.09526512046954047, 0.024213731419363553, 0.0459145813868792, 0.15808029944481164]","[0.14307829031638583, 0.012022934085186588, 0.0048012712117082735, 0.007113008653927596, 0.009319308386444819]",1,LongBeachCC_02092016_16-0125,model_E
tofueval_SmolLM2-1.7B-Instruct,273,273,2.8148281574249268,40,0.4892609119415283,0.14443814754486084,"[-0.0028657343471422793, -0.005368394718971103, 0.07890751746017485, 0.07674959057476372, 0.0023759971023537218]","[0.05001581796386745, 0.006145187565198285, 0.013798482280799362, 0.0066956583003047855, 0.009956835035836775]",1,LongBeachCC_02092016_16-0125,Model-Extra
tofueval_SmolLM2-1.7B-Instruct,274,274,0.9695503115653992,91,1.8143606185913086,0.2092132419347763,"[1.045811758410559, 0.023976671087918906, 0.031673481911779024, 0.03159706412678953, 0.03552530866031852]","[0.12286791680758093, 0.009482034107509958, 0.006113039008871235, 0.007870365057382575, 0.008235078536197581]",0,LongBeachCC_02092016_16-0125,model_A
tofueval_SmolLM2-1.7B-Instruct,275,275,1.021720051765442,67,2.241672992706299,0.2709156274795532,"[1.3215377343012327, -0.12082663709436779, -0.011885785650628717, -0.056305437826607095, -0.05831168385295531]","[0.16113495465334152, 0.015434682298630955, 0.002792502521773333, 0.005928152097302659, 0.008136808686407704]",0,LongBeachCC_02092016_16-0125,model_B
tofueval_SmolLM2-1.7B-Instruct,276,276,0.8492580652236938,30,2.6860711574554443,0.29666823148727417,"[1.9318297485200067, -0.05837229801400099, -0.053355357421484464, -0.07125672749631727, 0.013777626280595237]","[0.22492560255341232, 0.008521880701240055, 0.0013572749313955986, 0.0027801341769797244, 0.004760829299599815]",0,LongBeachCC_02092016_16-0125,model_C
tofueval_SmolLM2-1.7B-Instruct,277,277,1.0953398942947388,90,1.0180048942565918,0.1754002869129181,"[0.5255173950158577, -0.0021880713000427933, 0.0289506082481239, 0.1335675946242797, 0.013798329558792628]","[0.10255566338487875, 0.012849849635651682, 0.004743782497623922, 0.014803846599150145, 0.004288935914461136]",0,LongBeachCC_02092016_16-0125,model_D
tofueval_SmolLM2-1.7B-Instruct,278,278,0.8106294870376587,94,1.0816062688827515,0.19712264835834503,"[0.8868948854852785, -0.014275202666349868, 0.02040173610154678, -0.012221537837560506, -0.006248950096283188]","[0.1629907195276749, 0.004789425005389816, 0.003133907080788784, 0.0031383096888156557, 0.004166015419535994]",0,LongBeachCC_02092016_16-0125,model_E
tofueval_SmolLM2-1.7B-Instruct,279,279,1.7091128826141357,33,0.45756709575653076,0.12366116791963577,"[0.11692750185840961, 0.02062173865763753, 0.0018014802004803312, 0.06161015688893244, 0.09268413453052442]","[0.05401131929476943, 0.006653208155925809, 0.007596641437968091, 0.007371180330127655, 0.007908873058774836]",0,LongBeachCC_02092016_16-0125,Model-Extra
tofueval_SmolLM2-1.7B-Instruct,280,280,0.8776881694793701,107,1.2476680278778076,0.21032485365867615,"[0.5321643268167277, 0.03487127681130056, 0.3168503591664588, 0.08834451346203388, 0.02878012800389013]","[0.10510151584641671, 0.0040574838550026335, 0.03830223550607813, 0.012782058103229136, 0.0041549300516482415]",0,LongBeachCC_02092016_16-0125,model_A
tofueval_SmolLM2-1.7B-Instruct,281,281,1.224867820739746,90,1.5832213163375854,0.17963267862796783,"[0.3736471894869788, 0.1122218491212051, 0.009759066663941161, 0.0743181334148782, 0.16095269822593158]","[0.06594754073745814, 0.012685674901755798, 0.006053795574489919, 0.007727167484133841, 0.015734111268471275]",0,LongBeachCC_02092016_16-0125,model_B
tofueval_SmolLM2-1.7B-Instruct,282,282,1.1385828256607056,86,1.4201277494430542,0.21037718653678894,"[0.5499150414882109, -0.0018502181588108976, -0.022875285079312878, -0.011007078102963088, 0.06207888325687151]","[0.11464033844004007, 0.012268649909348697, 0.009438205389901562, 0.006980166317060689, 0.00973953660015764]",0,LongBeachCC_02092016_16-0125,model_C
tofueval_SmolLM2-1.7B-Instruct,283,283,1.179153323173523,74,1.3965009450912476,0.22319288551807404,"[0.5412278022126269, 0.10601923025584452, 0.30366073692739765, 0.013030618820119196, 0.022203802412715613]","[0.12288825402258127, 0.004828802929419121, 0.04687196070661328, 0.0050438151291915785, 0.003915161070288967]",0,LongBeachCC_02092016_16-0125,model_D
tofueval_SmolLM2-1.7B-Instruct,284,284,1.1006572246551514,43,0.7952432632446289,0.12586380541324615,"[0.6222905913736064, 0.20089663108431755, 0.035034199342738055, 0.03490546565816933, 0.053442506682734155]","[0.08916638849734947, 0.02020052767583429, 0.006932883344614861, 0.004108189053726545, 0.00540703962738113]",0,LongBeachCC_02092016_16-0125,model_E
tofueval_SmolLM2-1.7B-Instruct,285,285,2.235217571258545,60,1.2333526611328125,0.17567062377929688,"[0.07922971972833087, 0.039145027322410895, 0.21860358360233173, 0.10673190605648415, -0.11534229730429311]","[0.03505474361682559, 0.020760433985878044, 0.03927906661478744, 0.023066651941672945, 0.024325028938011427]",0,LongBeachCC_02142017_17-0099,Model-Extra
tofueval_SmolLM2-1.7B-Instruct,286,286,1.9832960367202759,65,0.3957572281360626,0.06956660747528076,"[-0.005313013235494369, -0.003206348972050294, -0.015888628887926012, 0.0024641601634077513, 0.33334276157502946]","[0.002246541068118929, 0.0008686728403937685, 0.0005366442609626504, 0.0002132248859057794, 0.0440297963163455]",1,LongBeachCC_02142017_17-0099,model_A
tofueval_SmolLM2-1.7B-Instruct,287,287,1.6498568058013916,33,1.138683795928955,0.1453646719455719,"[-0.010029520673979829, -0.011185766373466433, 0.015599644609293055, 0.017411759937672425, 0.7840152769631734]","[0.005762656478316675, 0.0017764449013418816, 0.0014234604066959118, 0.0007797366831985555, 0.09612936295381973]",1,LongBeachCC_02142017_17-0099,model_B
tofueval_SmolLM2-1.7B-Instruct,288,288,1.528767466545105,49,0.678307294845581,0.1339992731809616,"[0.049813403071163276, 0.030293847758374036, 0.01172267689045319, 0.0016529974759299764, 0.36508302080649313]","[0.00691069453985768, 0.0021013818899129027, 0.0011693296266123664, 0.0004024030854870201, 0.06979402194523647]",1,LongBeachCC_02142017_17-0099,model_C
tofueval_SmolLM2-1.7B-Instruct,289,289,1.5660494565963745,38,0.6104378700256348,0.11354146152734756,"[0.06156745735968702, 0.013217361570097733, 0.017457496822221162, 0.014611873798122886, 0.32866245790501125]","[0.00671253525585694, 0.0021172755676724065, 0.0013492972350257716, 0.000595018377614571, 0.06990349485682887]",1,LongBeachCC_02142017_17-0099,model_D
tofueval_SmolLM2-1.7B-Instruct,290,290,1.6344598531723022,52,0.45180076360702515,0.11005062609910965,"[0.0022378109819188607, 0.025771820013547907, -0.020219615496618923, -0.00900789731475435, 0.23072058747997148]","[0.002457175320483447, 0.0010851217925147256, 0.0009568718106633101, 0.00034569174483924423, 0.05328017968542134]",1,LongBeachCC_02142017_17-0099,model_E
tofueval_SmolLM2-1.7B-Instruct,291,291,1.4141517877578735,60,2.0131239891052246,0.20818400382995605,"[0.256969017042987, 0.08633733568525107, -0.0432792230090854, 0.43355799267671197, 7.271853586037954e-05]","[0.04515189171311249, 0.01523843498696067, 0.011092443214306514, 0.052354161451644406, 0.022555842441619234]",0,LongBeachCC_02142017_17-0099,Model-Extra
tofueval_SmolLM2-1.7B-Instruct,292,292,1.7744563817977905,19,1.381905436515808,0.12461535632610321,"[0.0052637187849253865, -0.04581251036597678, -0.00477656648136441, 0.0008984658404523017, 1.0408822630660755]","[0.01167383280462194, 0.006485398468636336, 0.0024379224200019004, 0.0015567558712662407, 0.09774644265401453]",1,LongBeachCC_02142017_17-0099,model_A
tofueval_SmolLM2-1.7B-Instruct,293,293,1.9217466115951538,36,0.3454037010669708,0.09815998375415802,"[0.013697723852702539, 0.004591211567357176, -0.0024129084857930946, 0.010295415917021778, 0.10750130874677982]","[0.0035574722767124614, 0.0010389959288027563, 0.0007474813432963856, 0.0003498874410499613, 0.039306353137274326]",1,LongBeachCC_02142017_17-0099,model_B
tofueval_SmolLM2-1.7B-Instruct,294,294,1.569309949874878,40,0.3910152316093445,0.09485621005296707,"[0.01941392309911407, -0.010893961319629853, -0.017911126486592367, -0.002434536108057728, 0.1509104490050504]","[0.005129509374870622, 0.0011675278967942404, 0.0008547474287865953, 0.0003868445707723822, 0.05197261766190024]",1,LongBeachCC_02142017_17-0099,model_C
tofueval_SmolLM2-1.7B-Instruct,295,295,1.487091302871704,42,1.6246147155761719,0.24284736812114716,"[-0.030994756667842877, -0.017740178990823637, 0.006513839684582005, 0.013875562840396361, 1.4543325619050025]","[0.01020406665556298, 0.0008579953001420412, 0.000967452931977927, 0.0004006707397474245, 0.22355482739277205]",1,LongBeachCC_02142017_17-0099,model_D
tofueval_SmolLM2-1.7B-Instruct,296,296,2.156193494796753,68,1.6297560930252075,0.204178586602211,"[0.05720605042185579, 0.04470269572785208, 0.30370665873415953, 0.22954707001907296, -0.026549080351501556]","[0.038263121915641685, 0.02428535631783458, 0.04496047971257239, 0.02154388549449075, 0.017152969055457594]",0,LongBeachCC_02142017_17-0099,Model-Extra
tofueval_SmolLM2-1.7B-Instruct,297,297,1.7907992601394653,73,0.16774603724479675,0.05444449558854103,"[-0.0004839838461708022, 0.00957063535764201, -0.0025010792839927727, 0.007209380807144542, 0.07226372369539553]","[0.0013028364866267896, 0.0004047285642565391, 0.00043507036450249223, 0.00023943092727589927, 0.022766994092457374]",1,LongBeachCC_02142017_17-0099,model_A
tofueval_SmolLM2-1.7B-Instruct,298,298,1.4646116495132446,48,0.5952656269073486,0.11290416866540909,"[0.04714538997177442, 0.0077065117605646565, 0.011456569769203876, 0.0026226048069778094, 0.26544412473716267]","[0.005010747334788827, 0.0014041924629945395, 0.0011516251867078608, 0.0004450766076236808, 0.06490164214721972]",1,LongBeachCC_02142017_17-0099,model_B
tofueval_SmolLM2-1.7B-Instruct,299,299,1.5119231939315796,42,1.1888737678527832,0.1468440294265747,"[0.023066413710087847, -0.009348207078195022, 0.01458913394474491, -0.00554093725103095, 0.7308349424420157]","[0.008740784962973131, 0.0014404486077984032, 0.0014563421127983627, 0.0005495599087989181, 0.08724893666779583]",1,LongBeachCC_02142017_17-0099,model_C
tofueval_SmolLM2-1.7B-Instruct,300,300,1.2570446729660034,73,1.5326071977615356,0.19905264675617218,"[0.41499706436282907, 0.14696899443854455, 0.04451325120133595, 0.03169954631225166, 0.052656287510257714]","[0.07018310783531224, 0.02605515398483183, 0.012844970624205346, 0.005553449685677363, 0.009793372522763435]",0,LongBeachCC_02142017_17-0099,model_D
tofueval_SmolLM2-1.7B-Instruct,301,301,1.8947592973709106,54,0.5699449181556702,0.1032569482922554,"[0.006644951441288598, 0.014475330223191392, -0.0023973772304425774, 0.0012408372357539418, 0.30611572878627125]","[0.0019967622901343996, 0.0008658568647458904, 0.0009570823073132757, 0.0003535538129889809, 0.06087898380415195]",1,LongBeachCC_02142017_17-0099,model_E
tofueval_SmolLM2-1.7B-Instruct,302,302,2.150557518005371,48,1.0818723440170288,0.1969342827796936,"[0.012544485725811683, -0.1018391314476806, 0.43505974393337965, 0.08934823592426255, -0.00019598350142283985]","[0.007965572625797298, 0.007359811572352252, 0.1246759019510743, 0.01909747885270008, 0.012367228330883032]",0,LongBeachCC_03182014_14-0164,Model-Extra
tofueval_SmolLM2-1.7B-Instruct,303,303,1.4942846298217773,63,1.9905023574829102,0.27971580624580383,"[0.11095261346319661, -0.027025265210781187, 1.2106274122885976, 0.0511953704824139, -0.0005350628219145749]","[0.014832318473256438, 0.00837491702135132, 0.20820449389441545, 0.012191673174764594, 0.012860366690383382]",0,LongBeachCC_03182014_14-0164,model_A
tofueval_SmolLM2-1.7B-Instruct,304,304,1.4636937379837036,49,2.725168228149414,0.2999093532562256,"[0.44998586562352866, 0.08314301488251064, 0.633405359737499, 0.00897515368141823, -0.0032610712283081852]","[0.03144588486825063, 0.038683959686434774, 0.1048750784444119, 0.006187369835292977, 0.00823767220995529]",0,LongBeachCC_03182014_14-0164,model_B
tofueval_SmolLM2-1.7B-Instruct,305,305,0.9645153880119324,133,2.4616739749908447,0.2950507700443268,"[0.2578723804406189, 0.002198008858421848, 1.5555237484511593, 0.02459830764728121, 0.02395268021072318]","[0.03691253127149472, 0.012784377752503122, 0.202655608272657, 0.009382962626166934, 0.006632836291796371]",0,LongBeachCC_03182014_14-0164,model_C
tofueval_SmolLM2-1.7B-Instruct,306,306,0.8939496278762817,82,1.9811185598373413,0.24174131453037262,"[0.2972367759902249, -0.027570601600905874, 0.866019558496901, 0.0335016482788821, 0.07433596905675807]","[0.04126825953560372, 0.007232009411501256, 0.11637851312173929, 0.0039472506986296535, 0.005365599025550382]",0,LongBeachCC_03182014_14-0164,model_D
tofueval_SmolLM2-1.7B-Instruct,307,307,0.9005241394042969,92,2.420513153076172,0.3051005005836487,"[0.4230372985901182, -0.04402216866140446, 1.3319252378702082, -0.00841119488003365, 0.032815349917971456]","[0.04780674414245042, 0.009520037128155585, 0.18790640057151273, 0.004544867560515859, 0.006478295249211363]",0,LongBeachCC_03182014_14-0164,model_E
tofueval_SmolLM2-1.7B-Instruct,308,308,2.1880249977111816,54,0.9406444430351257,0.18562418222427368,"[0.037226636100159444, -0.04088557882803596, 0.02483615272460695, 0.18903684861746756, -0.03118979198431286]","[0.04602636915871227, 0.006583639818119182, 0.04647961531061271, 0.043891264762620535, 0.00801195172038273]",1,LongBeachCC_03182014_14-0164,Model-Extra
tofueval_SmolLM2-1.7B-Instruct,309,309,0.8891543745994568,98,1.7175076007843018,0.2555916905403137,"[0.2500287542613051, -0.024957992506382913, 1.0686301286272915, -0.0018511740867213622, 0.02549009690750497]","[0.04784634236589993, 0.006257149604068116, 0.1599304218882805, 0.004985321350364775, 0.0045780236905058275]",0,LongBeachCC_03182014_14-0164,model_A
tofueval_SmolLM2-1.7B-Instruct,310,310,0.8391949534416199,126,1.8934870958328247,0.2644824981689453,"[0.18933798066953184, 0.02537271285427056, 0.9427533780491637, 0.4013432388716273, 0.01343466434056089]","[0.039460546538824325, 0.007867947747209359, 0.1423877382377892, 0.0437117891691063, 0.006764283784060166]",0,LongBeachCC_03182014_14-0164,model_B
tofueval_SmolLM2-1.7B-Instruct,311,311,1.0544888973236084,51,2.458962917327881,0.2949353754520416,"[1.0817277446873121, 0.04198839132304249, 0.4120680440420413, 0.005247483866554045, 0.04947013545361366]","[0.15670928657170283, 0.0071158854207882824, 0.05463661263642208, 0.0037218843425245152, 0.009357005866042848]",0,LongBeachCC_03182014_14-0164,model_C
tofueval_SmolLM2-1.7B-Instruct,312,312,1.017547607421875,103,1.7628546953201294,0.2637917101383209,"[0.468493647020066, -0.02018770141904559, 0.7045723044000413, 0.2542012536983589, 0.025322185069191476]","[0.08463106506779404, 0.004868234103363189, 0.10576568438497895, 0.024638430088353983, 0.008164932842942329]",1,LongBeachCC_03182014_14-0164,model_D
tofueval_SmolLM2-1.7B-Instruct,313,313,1.4336916208267212,58,1.7995363473892212,0.2606721818447113,"[0.3723895233365354, 0.0056561627746399105, 0.40135392677520626, 0.04739180925013176, 0.008052740687632868]","[0.08358037467807097, 0.00969564782789003, 0.10098208624624712, 0.0040688168173174145, 0.00397461472487615]",0,LongBeachCC_03182014_14-0164,Model-Extra
tofueval_SmolLM2-1.7B-Instruct,314,314,1.026404857635498,54,3.1841938495635986,0.3348483443260193,"[0.907546164998402, 0.0020742943006553105, 1.374951020723933, 0.04506211872578408, -0.008140426111013867]","[0.12982646477191204, 0.004293864210959934, 0.1495060629299082, 0.004811509484364217, 0.004146461902242511]",0,LongBeachCC_03182014_14-0164,model_A
tofueval_SmolLM2-1.7B-Instruct,315,315,0.9187496304512024,107,1.8585875034332275,0.28325164318084717,"[0.21412538162380387, -0.0327865576989531, 0.9692249619989508, 0.018875862197584917, 0.008030789527306594]","[0.02895298570220063, 0.007887868537050181, 0.18093777007308287, 0.009680678870158475, 0.005243214900185415]",0,LongBeachCC_03182014_14-0164,model_B
tofueval_SmolLM2-1.7B-Instruct,316,316,1.2367857694625854,117,1.5101040601730347,0.20751750469207764,"[0.3926882153599818, 0.022038719065598827, 0.5864653111620544, 0.13356735287174487, 0.0200266601332726]","[0.040280513647878685, 0.0066941794276301975, 0.08784781469775124, 0.015659554872858528, 0.005672159701305676]",0,LongBeachCC_03182014_14-0164,model_C
tofueval_SmolLM2-1.7B-Instruct,317,317,1.1594785451889038,64,2.5997512340545654,0.2678356170654297,"[0.7343810672512063, 0.0016938980112399804, 1.0978136377609644, -0.03834131884485714, 0.03935666786520642]","[0.06312800717222444, 0.012418523766079659, 0.1400962525867726, 0.004076803033827403, 0.006110156873067041]",0,LongBeachCC_03182014_14-0164,model_D
tofueval_SmolLM2-1.7B-Instruct,318,318,0.8123785853385925,95,2.0627501010894775,0.2855735123157501,"[0.6850253958420485, 0.026373538602829764, 0.7288554671918973, 0.006276080805783797, -0.015579828271323717]","[0.09995957775719082, 0.006095591779578507, 0.13401946809769327, 0.005482547893734591, 0.005582134901700748]",1,LongBeachCC_03182014_14-0164,model_E
tofueval_SmolLM2-1.7B-Instruct,319,319,1.784824252128601,57,0.9848213791847229,0.15923266112804413,"[0.03734452271703304, 0.05252683295851998, 0.13696923985946596, 0.04607156508095693, 0.11230157059208866]","[0.017763046337661268, 0.022474885563848114, 0.024143711130084722, 0.005041648650500033, 0.016524420184412105]",0,LongBeachCC_03202018_18-0269,Model-Extra
tofueval_SmolLM2-1.7B-Instruct,320,320,1.2413437366485596,93,1.1622207164764404,0.17572250962257385,"[0.18567590487385532, -0.007272394874782686, 0.15937348656567454, -0.004803343948438969, 0.03427401905392671]","[0.03277950875481257, 0.02042392174124411, 0.0373377926774985, 0.006858226978744936, 0.012984786580330766]",0,LongBeachCC_03202018_18-0269,model_A
tofueval_SmolLM2-1.7B-Instruct,321,321,1.319868803024292,46,1.3759502172470093,0.21298937499523163,"[0.01612044947156075, 0.1621785758457997, 0.1421917606291928, -0.02455879027737588, -0.0694965664170804]","[0.015767584146764737, 0.02607561421957697, 0.016131940833499513, 0.0034680571172785953, 0.00592164156018063]",0,LongBeachCC_03202018_18-0269,model_B
tofueval_SmolLM2-1.7B-Instruct,322,322,1.285122275352478,78,1.4592666625976562,0.20018240809440613,"[0.07130864128330125, 0.06078829982270224, 0.3039575788637964, 0.09162544105828811, 0.05921712464194757]","[0.023484293447673294, 0.021427484908727843, 0.041221230034150035, 0.020103354638318905, 0.01494663748765718]",1,LongBeachCC_03202018_18-0269,model_C
tofueval_SmolLM2-1.7B-Instruct,323,323,0.9230955243110657,112,2.1473400592803955,0.265625536441803,"[0.9890722701529029, 0.08071736655009383, 0.5310346785612511, 0.04762834494124287, 0.006932112515179207]","[0.11689011286096727, 0.017148339578068113, 0.07063348670054788, 0.008950008246801795, 0.007122118714137672]",0,LongBeachCC_03202018_18-0269,model_D
tofueval_SmolLM2-1.7B-Instruct,324,324,1.1743781566619873,85,1.9237873554229736,0.23590807616710663,"[0.6263234991100891, 0.1202894292285611, 0.1870807919428711, 0.09184771772022085, 0.02162176572053474]","[0.07137843351592892, 0.03184113092352431, 0.04039676965461267, 0.010382547331209935, 0.007277224502192493]",0,LongBeachCC_03202018_18-0269,model_E
tofueval_SmolLM2-1.7B-Instruct,325,325,1.605613350868225,59,1.5438627004623413,0.20126129686832428,"[0.20819131545604097, -0.03254157702055744, 0.31902657599796114, -0.01789752766637968, -0.0223081157393793]","[0.035274537073022104, 0.021319927916704465, 0.036110566375697796, 0.0024751057069313563, 0.004698512025898107]",0,LongBeachCC_03202018_18-0269,Model-Extra
tofueval_SmolLM2-1.7B-Instruct,326,326,1.013970971107483,93,1.7236533164978027,0.22034333646297455,"[0.7408914959208829, 0.11755539985300544, 0.3643869898333999, 0.009979776604659589, 0.0007106173482507758]","[0.07999742957466419, 0.01595234713529921, 0.05345765890919704, 0.008642289112111285, 0.005252297467918456]",1,LongBeachCC_03202018_18-0269,model_A
tofueval_SmolLM2-1.7B-Instruct,327,327,1.6232202053070068,68,1.3351078033447266,0.225003182888031,"[0.19133199083529795, 0.0020462386455619708, 0.22026538891719505, 0.05987360313627184, -0.020630900537071284]","[0.029907799393346497, 0.03149644104041727, 0.032302369761208975, 0.014297128067412627, 0.0069459875704333575]",0,LongBeachCC_03202018_18-0269,model_B
tofueval_SmolLM2-1.7B-Instruct,328,328,1.1387410163879395,98,1.4966435432434082,0.20562884211540222,"[0.11363687087624867, 0.14257542090124806, 0.4984506747516615, -0.01892519831886714, -0.06716521076714807]","[0.02086635445427978, 0.026535179694940788, 0.0772717642284988, 0.003912740438238416, 0.007076936041851449]",0,LongBeachCC_03202018_18-0269,model_C
tofueval_SmolLM2-1.7B-Instruct,329,329,1.2342000007629395,89,1.6196718215942383,0.2051761895418167,"[0.3962049333981106, 0.10629337188252935, 0.21541729971278492, 0.11107487459790473, -0.031238482776265546]","[0.051323348102069566, 0.03302160121392661, 0.04971698290963556, 0.009747166454722605, 0.006863837049134039]",0,LongBeachCC_03202018_18-0269,model_D
tofueval_SmolLM2-1.7B-Instruct,330,330,1.0370699167251587,67,2.0455875396728516,0.2465744912624359,"[0.6867318233918664, 0.15644369711988665, 0.1998410344991064, 0.035951843035864336, -0.037576631319349074]","[0.07952377235889303, 0.02473738592881539, 0.03500853876455969, 0.014052869762142971, 0.004446060851112587]",0,LongBeachCC_03202018_18-0269,model_E
tofueval_SmolLM2-1.7B-Instruct,331,331,2.1960623264312744,60,1.5176823139190674,0.19066764414310455,"[0.08352481197216548, -0.014471999163894604, 0.29612488626589767, -0.03395309292682214, -0.013170363949029706]","[0.019727867356535474, 0.02218717284399645, 0.04780515652582077, 0.004047637042314515, 0.00790514665596523]",0,LongBeachCC_03202018_18-0269,Model-Extra
tofueval_SmolLM2-1.7B-Instruct,332,332,1.667235016822815,33,1.1605322360992432,0.13303354382514954,"[-0.07332469983322715, 0.031911499946462835, 0.17828002742802104, 0.039045456952104964, -0.01959141669794917]","[0.009377881203280676, 0.010312579413893576, 0.010786390604897117, 0.0032120802556385047, 0.0030872881585778623]",0,LongBeachCC_03202018_18-0269,model_A
tofueval_SmolLM2-1.7B-Instruct,333,333,1.4771870374679565,44,2.0376157760620117,0.24882572889328003,"[0.2078934710007161, 0.12856690836699933, -0.013172021709165578, -0.0010069602199523201, 0.014240605884300418]","[0.036608837354089534, 0.0241868927306231, 0.007089504362718138, 0.002661507345816393, 0.007113463152390667]",0,LongBeachCC_03202018_18-0269,model_B
tofueval_SmolLM2-1.7B-Instruct,334,334,1.4895094633102417,56,1.065682053565979,0.16393519937992096,"[0.03538545112158837, 0.11950299878039264, 0.242500514448953, 0.03914808759665383, -0.033579499760110466]","[0.006364443564312491, 0.02136523508787442, 0.040734692159795874, 0.008343397851246794, 0.008007566012565803]",0,LongBeachCC_03202018_18-0269,model_C
tofueval_SmolLM2-1.7B-Instruct,335,335,1.170617938041687,93,2.027071237564087,0.2855605185031891,"[0.5312967555537349, 0.025242134865605892, 0.4869112142064247, 0.21653535752840336, -0.018772954421976504]","[0.07363238579857233, 0.021638799452407462, 0.08076050578262206, 0.021125840985976255, 0.005577608194187178]",0,LongBeachCC_03202018_18-0269,model_D
tofueval_SmolLM2-1.7B-Instruct,336,336,1.405188798904419,72,1.1768358945846558,0.19871877133846283,"[0.21281025092705855, 0.07089350838941755, 0.12530436674917508, 0.12502777051496927, -0.002844866776203819]","[0.044394371087397154, 0.0335769009370463, 0.030204471870943748, 0.015927311183808177, 0.009119418497440456]",0,LongBeachCC_03202018_18-0269,model_E
tofueval_SmolLM2-1.7B-Instruct,337,337,2.69867205619812,59,1.3636717796325684,0.16995756328105927,"[0.03171033342220915, 0.0045955634811080176, 0.01309903776687491, 0.06881571927115764, 0.5825661685346365]","[0.007030201900537793, 0.003272733046056385, 0.003118211666641385, 0.051361608118448636, 0.08413633923802251]",0,LongBeachCC_04172018_18-0326,Model-Extra
tofueval_SmolLM2-1.7B-Instruct,338,338,1.3853527307510376,58,1.2668417692184448,0.16909150779247284,"[0.1285933492028311, 0.0132923433212172, 0.014645873442500958, 0.2873471995702983, 0.07672936614471837]","[0.02659926914302481, 0.004728806740731357, 0.006044439591066513, 0.05834693042103528, 0.025695562823494614]",0,LongBeachCC_04172018_18-0326,model_A
tofueval_SmolLM2-1.7B-Instruct,339,339,1.3920471668243408,64,1.294738531112671,0.16177138686180115,"[0.04377286649219059, 0.022189220736436255, -0.008170171289293648, 0.29187600412046777, 0.42457110874988757]","[0.021617730281818126, 0.0021605219443401324, 0.003422665823514137, 0.052902962558196265, 0.060278170198571956]",0,LongBeachCC_04172018_18-0326,model_B
tofueval_SmolLM2-1.7B-Instruct,340,340,1.5258245468139648,65,0.9503339529037476,0.14113397896289825,"[0.06526314473594538, 0.0026295549422054765, -0.025079972390757085, 0.2317842446392975, 0.07448245480907364]","[0.02543733184984376, 0.004842161841035984, 0.005281347540550576, 0.05266334531494207, 0.019733993161200766]",0,LongBeachCC_04172018_18-0326,model_C
tofueval_SmolLM2-1.7B-Instruct,341,341,1.6829127073287964,55,1.356829285621643,0.15715566277503967,"[0.05352399255815809, -0.0013565089228160848, 0.009195648542002097, 0.3458493415329775, 0.379389307799548]","[0.021030763729041526, 0.002355717806213678, 0.00351850293561504, 0.06376628614642124, 0.047133094684646826]",0,LongBeachCC_04172018_18-0326,model_D
tofueval_SmolLM2-1.7B-Instruct,342,342,1.8175915479660034,30,0.8232107758522034,0.11222967505455017,"[0.00962192052490233, 0.09877578116914568, 0.03449204909799543, 0.24220974189714373, 0.055745814256564094]","[0.027558675533812978, 0.007073934585787356, 0.009480524783945536, 0.04677276679358329, 0.015457168686407386]",0,LongBeachCC_04172018_18-0326,Model-Extra
tofueval_SmolLM2-1.7B-Instruct,343,343,1.4217424392700195,43,1.3367486000061035,0.1680048406124115,"[1.0532972929656754, 0.06762327070565904, 0.03907335768556994, -0.022061113870349376, -0.030463357243672023]","[0.13693020090127098, 0.01162045744324534, 0.0067674002635919545, 0.009788499540916767, 0.012143643677967872]",0,LongBeachCC_04172018_18-0326,model_A
tofueval_SmolLM2-1.7B-Instruct,344,344,1.5888231992721558,68,1.6964775323867798,0.21702958643436432,"[1.029398903127431, 0.009903038897070527, -0.05388702911985841, 0.4796120491460255, 0.13598616697602076]","[0.12018826080411064, 0.012926813976267729, 0.013641204245573135, 0.06045429429270023, 0.01251652344085548]",0,LongBeachCC_04172018_18-0326,model_B
tofueval_SmolLM2-1.7B-Instruct,345,345,1.8108066320419312,89,1.1174196004867554,0.15309599041938782,"[0.018891959836355963, 0.03594341185759803, -0.025206992445102227, 0.7073056548872271, 0.14877070733838194]","[0.03305369417082628, 0.006938000311876157, 0.006337213620482861, 0.07540865378749341, 0.05082999255992955]",0,LongBeachCC_04172018_18-0326,model_C
tofueval_SmolLM2-1.7B-Instruct,346,346,1.2879544496536255,51,1.5404855012893677,0.17383712530136108,"[0.045061887348614015, 0.14272485803424692, 0.15380408425128325, -0.03805414346439362, 0.2956413148255224]","[0.02145958939469411, 0.027448041842463307, 0.026139890119820312, 0.004692321161611271, 0.05010513635683952]",1,LongBeachCC_04172018_18-0326,model_D
tofueval_SmolLM2-1.7B-Instruct,347,347,1.364198088645935,84,1.3803694248199463,0.15995414555072784,"[0.0912943864286284, 0.040442474985649735, -0.027875266263955773, 0.30275792269206986, 0.5312219713387527]","[0.021709047107248938, 0.003515713153655313, 0.003880583545196714, 0.05566507883870166, 0.07602991979619371]",0,LongBeachCC_04172018_18-0326,model_E
tofueval_SmolLM2-1.7B-Instruct,348,348,1.964097261428833,50,1.1164312362670898,0.13548597693443298,"[-0.012451955726137385, 0.06674071628483944, -0.008683331845095382, 0.1045728599850554, 0.34690388436079955]","[0.0042242103087846775, 0.003188151403373922, 0.0026767920127895193, 0.06852406947306008, 0.04119976503701764]",1,LongBeachCC_04172018_18-0326,Model-Extra
tofueval_SmolLM2-1.7B-Instruct,349,349,1.3956242799758911,54,1.3993784189224243,0.1713385283946991,"[0.1574834576086788, 0.050089865286416305, -0.04051265439139334, 0.4945166839046309, -0.0491701447366116]","[0.02151182515700822, 0.003054284592777818, 0.003936947377808421, 0.07930149193688336, 0.020241382391018473]",0,LongBeachCC_04172018_18-0326,model_A
tofueval_SmolLM2-1.7B-Instruct,350,350,1.9016836881637573,45,1.0057086944580078,0.17201267182826996,"[-0.003909102231005414, 0.0033094707876443865, -0.04014263575275739, 0.42645040292603276, 0.5913837037126844]","[0.005971262055224239, 0.004062791223016878, 0.0052615408770584, 0.07001547354820004, 0.09969840854343298]",0,LongBeachCC_04172018_18-0326,model_B
tofueval_SmolLM2-1.7B-Instruct,351,351,1.5781612396240234,55,1.2125567197799683,0.17804910242557526,"[-0.01466620197117498, 0.03963272394956386, 0.029811580839238808, 0.6327559023923558, 0.5064760206714378]","[0.004915678892873323, 0.0036916485824390706, 0.00403440797490682, 0.06225267750162195, 0.10209080905138267]",0,LongBeachCC_04172018_18-0326,model_C
tofueval_SmolLM2-1.7B-Instruct,352,352,1.483799695968628,55,1.141868233680725,0.17986741662025452,"[-0.011469406680606137, 0.052364030792589555, -0.03215671906628731, -0.002318790202050216, 0.9596867747372017]","[0.0030742473682370142, 0.003200062630507587, 0.002086080372712538, 0.027664257080554804, 0.11954797905220238]",0,LongBeachCC_04172018_18-0326,model_D
tofueval_SmolLM2-1.7B-Instruct,353,353,1.3950239419937134,41,1.7694751024246216,0.2023654729127884,"[0.18450811719124363, -0.000892849131515704, -0.059239222593577126, 0.6125358722851294, -0.03156790965507886]","[0.03306175123239749, 0.007040198640180922, 0.004409006214512085, 0.0679424205821572, 0.011927773817305712]",0,LongBeachCC_04172018_18-0326,model_E
tofueval_SmolLM2-1.7B-Instruct,354,354,1.0911390781402588,42,3.191405773162842,0.37948745489120483,"[1.9219293240000428, -0.007537773479097744, -0.006397691259345655, 0.000712166193547351, 0.7427746103985772]","[0.16890318055569273, 0.0033419339859641524, 0.001955553843169171, 0.003939106215641784, 0.12947554822208995]",1,LongBeachCC_04212015_15-0344,model_A
tofueval_SmolLM2-1.7B-Instruct,355,355,1.8362044095993042,45,0.7124830484390259,0.15445485711097717,"[-0.03543006744908376, 0.015662193819621785, 0.002616634770917396, 0.010984406458576106, 0.5595043387677935]","[0.005037526670235416, 0.0014282275418029005, 0.0007826263827357455, 0.0017686764931366067, 0.12266867655432886]",1,LongBeachCC_04212015_15-0344,Model-Extra
tofueval_SmolLM2-1.7B-Instruct,356,356,1.5050164461135864,22,0.6783495545387268,0.24579644203186035,"[0.11337509666654197, -0.07299231661652977, -0.010910526426001028, -0.06069554507055066, 0.6652663168920712]","[0.01551369283962148, 0.004804423253517598, 0.0009416809531434079, 0.00549013069245451, 0.20952780783938413]",1,LongBeachCC_04212015_15-0344,model_A
tofueval_SmolLM2-1.7B-Instruct,357,357,1.3660011291503906,62,0.04994872957468033,0.11187193542718887,"[-0.03331550070875129, -0.013942399015978746, -0.02032870205514501, -0.023090718681135425, 0.1013401467198198]","[0.004476033989161102, 0.0009776870747079938, 0.00042179283177428, 0.0007212421157360481, 0.0816085111550086]",1,LongBeachCC_04212015_15-0344,model_B
tofueval_SmolLM2-1.7B-Instruct,358,358,1.0507463216781616,44,1.5851092338562012,0.255113422870636,"[0.05627833495964296, 0.008803827852137725, 0.001681306641495956, 0.032241364006371113, 1.4713189456273208]","[0.007265127978805388, 0.0018696354332054068, 0.0005688720659587819, 0.002937871280132433, 0.23520037238697775]",0,LongBeachCC_04212015_15-0344,model_C
tofueval_SmolLM2-1.7B-Instruct,359,359,1.0659382343292236,47,1.160497784614563,0.21654470264911652,"[-0.013976629070462064, 0.015776334404437604, 0.016584876402741932, 0.008639399130070741, 1.1278333574969401]","[0.005034965893030935, 0.001080374053006071, 0.0006253250187431517, 0.001223217899079605, 0.18031713184021275]",0,LongBeachCC_04212015_15-0344,model_D
tofueval_SmolLM2-1.7B-Instruct,360,360,1.536625623703003,47,1.5688915252685547,0.22085177898406982,"[-0.04424035460242328, 0.031457799878169566, 0.005728725559434834, 0.04129489369076142, 1.2989600364198075]","[0.010448672584719501, 0.002643460828610532, 0.0018147035099629763, 0.004786904275349909, 0.17662102104030905]",0,LongBeachCC_04212015_15-0344,model_E
tofueval_SmolLM2-1.7B-Instruct,361,361,2.4468741416931152,47,0.6726816296577454,0.14989164471626282,"[-0.04084061502052986, 0.02505427994269957, -0.002525024490054459, -0.0021008970401685764, 0.5561612160242302]","[0.003328121435085082, 0.001635165877989029, 0.0006485902110562939, 0.0010681032292142573, 0.12195072375772648]",1,LongBeachCC_04212015_15-0344,Model-Extra
tofueval_SmolLM2-1.7B-Instruct,362,362,1.2812703847885132,40,1.6950695514678955,0.28069013357162476,"[-0.058169945932240806, 0.02423048293203465, 0.015022372414750861, 0.009318545735368389, 1.375560395931825]","[0.003538881709121711, 0.0010764298417086592, 0.00045974021431050005, 0.0006682182295406847, 0.24145533777773381]",0,LongBeachCC_04212015_15-0344,model_A
tofueval_SmolLM2-1.7B-Instruct,363,363,1.4056298732757568,42,0.8682748079299927,0.1493646651506424,"[-0.0017363735075507844, 0.03787124990707352, 0.013944014130781094, 0.0384520381201236, 0.7900930284744218]","[0.003258100012663774, 0.0014222328579004777, 0.0005896229057335793, 0.0008666256083718812, 0.12021435127826408]",1,LongBeachCC_04212015_15-0344,model_B
tofueval_SmolLM2-1.7B-Instruct,364,364,1.1782327890396118,39,1.5893406867980957,0.2563273012638092,"[-0.014305260247335983, 0.016377251404218186, 0.014078855371245971, 0.01740433766434972, 1.460944805580836]","[0.00838133052886219, 0.002722400029947144, 0.00048652583674806805, 0.0018632914329944656, 0.2319126633974986]",1,LongBeachCC_04212015_15-0344,model_C
tofueval_SmolLM2-1.7B-Instruct,365,365,1.0801736116409302,39,1.819394588470459,0.2724541127681732,"[-0.04314636095883683, 0.013936012631837422, 0.00629161979453877, 0.05444413102612508, 1.4312828541375124]","[0.003461641117977566, 0.0009365851214263388, 0.0003201633378525096, 0.002674827441919019, 0.24764111047037518]",0,LongBeachCC_04212015_15-0344,model_D
tofueval_SmolLM2-1.7B-Instruct,366,366,1.4316531419754028,71,1.0051015615463257,0.17918089032173157,"[0.04044358449048136, 0.019502437009962282, 0.013374222227098408, 0.016384482351139935, 0.8195377549558877]","[0.0062192944011125175, 0.0034030099558674306, 0.0009774709034986763, 0.005079570366686465, 0.14693185610958992]",1,LongBeachCC_04212015_15-0344,model_E
tofueval_SmolLM2-1.7B-Instruct,367,367,1.9783986806869507,60,1.2770038843154907,0.21568337082862854,"[0.47247413637718033, 0.6284280036129833, 0.21866560557779546, -0.056420650649427743, -0.04057264962854485]","[0.04020331959544213, 0.1166684455575402, 0.04501264077049806, 0.009935266615813513, 0.015159608483403038]",0,LongBeachCC_04222014_14-0307,Model-Extra
tofueval_SmolLM2-1.7B-Instruct,368,368,0.8777868151664734,69,2.591977834701538,0.28216031193733215,"[0.5818965608319242, 1.2438659883786307, 0.9104368960488237, -0.02196474307792401, 0.007113102914906673]","[0.03535896036783674, 0.15257552049652934, 0.08160287956125893, 0.004222715136482135, 0.0071244279637839745]",0,LongBeachCC_04222014_14-0307,model_A
tofueval_SmolLM2-1.7B-Instruct,369,369,1.23261559009552,65,1.4139372110366821,0.20120500028133392,"[-0.023670273399329745, 0.9824375756232677, 0.574089453921904, 0.007713444723720805, 0.010463303076148105]","[0.0038253268347769056, 0.14775610277404036, 0.07101159688214606, 0.0034929442374959764, 0.002841795176359833]",0,LongBeachCC_04222014_14-0307,model_B
tofueval_SmolLM2-1.7B-Instruct,370,370,1.3659377098083496,45,1.7272371053695679,0.25001510977745056,"[-0.02041818884374354, 1.1218295583883042, 0.6143845149958603, 0.034086462303821466, 0.030287429581625877]","[0.00403872594181141, 0.1724389345052057, 0.08774600245976166, 0.003089032789555151, 0.002989242101446305]",0,LongBeachCC_04222014_14-0307,model_C
tofueval_SmolLM2-1.7B-Instruct,371,371,1.1697396039962769,61,2.0770962238311768,0.28149881958961487,"[-0.03979644104377958, 1.3924729442464847, 1.1145604724070672, -0.029556039550564, -0.07313223668759627]","[0.002737182943573704, 0.16024370779713848, 0.13664571297467923, 0.003906803876356073, 0.003294890923449262]",0,LongBeachCC_04222014_14-0307,model_D
tofueval_SmolLM2-1.7B-Instruct,372,372,1.5915480852127075,29,1.950313687324524,0.23629136383533478,"[0.004117521529631882, 1.5275571263146361, 0.32216420447943606, 0.05825156260859864, 0.0700929499419952]","[0.0047722477654039315, 0.19929337192774382, 0.03676227307773686, 0.003179755251008389, 0.003451448670806838]",0,LongBeachCC_04222014_14-0307,model_E
tofueval_SmolLM2-1.7B-Instruct,373,373,2.1818714141845703,42,0.9682573676109314,0.2035578042268753,"[0.05873986576972086, 0.7341071146684477, 0.2583396736355055, 0.00706018129685184, 0.022996564832283184]","[0.015122341149987863, 0.16630422217635246, 0.015299121005271098, 0.012288943576658355, 0.0066378662392837995]",1,LongBeachCC_04222014_14-0307,Model-Extra
tofueval_SmolLM2-1.7B-Instruct,374,374,1.5529649257659912,53,1.4805762767791748,0.24974986910820007,"[-0.015272465464151092, 1.016666159321519, 0.5107157472213555, 0.024376512354378203, -0.010734788206255477]","[0.0031987967828914442, 0.15332263939097107, 0.09190444467904459, 0.0028856107330964406, 0.0033741904627032577]",0,LongBeachCC_04222014_14-0307,model_A
tofueval_SmolLM2-1.7B-Instruct,375,375,1.1807403564453125,56,1.5275238752365112,0.21196630597114563,"[0.01573453684522974, 1.0434459946892665, 0.6606558379062335, 0.046138088643731735, 0.012646293913348927]","[0.004371006444742928, 0.13728770258460696, 0.08964151023615077, 0.002927234319585129, 0.0037516403533451076]",0,LongBeachCC_04222014_14-0307,model_B
tofueval_SmolLM2-1.7B-Instruct,376,376,1.4424402713775635,40,1.7873538732528687,0.23806151747703552,"[0.017447067779721694, 1.400119595299475, 0.4006021515786415, 0.04913509340549353, 0.011126078513916582]","[0.004134284178689995, 0.19144016452410142, 0.05182108349154078, 0.0025608358118631713, 0.00342256784441588]",0,LongBeachCC_04222014_14-0307,model_C
tofueval_SmolLM2-1.7B-Instruct,377,377,1.6545716524124146,38,1.6954492330551147,0.26736435294151306,"[-0.020969664190871345, 1.3287534711156408, 0.6323793371970838, 0.1051391435980086, -0.03610945005723471]","[0.01150495115210728, 0.22897024885567493, 0.059458111989012026, 0.006657216372763, 0.0045803984617362545]",0,LongBeachCC_04222014_14-0307,model_D
tofueval_SmolLM2-1.7B-Instruct,378,378,1.2856942415237427,68,1.6933367252349854,0.23318278789520264,"[0.0036755077937200174, 1.2757279067903737, 0.6109499341940082, -0.0006871608789772247, 0.01897043529927888]","[0.004614227863311606, 0.16925198477841097, 0.08197058558229241, 0.005287738184055048, 0.0041680717138573905]",0,LongBeachCC_04222014_14-0307,model_E
tofueval_SmolLM2-1.7B-Instruct,379,379,2.1985154151916504,26,1.0623879432678223,0.21117280423641205,"[-0.05241499076230237, 0.6000610532154007, 0.10182466520032343, -0.024553736698670454, -0.16206500274487412]","[0.006393710551037657, 0.15950713175404346, 0.01128227446609414, 0.002646598774215538, 0.005544032417009685]",0,LongBeachCC_04222014_14-0307,Model-Extra
tofueval_SmolLM2-1.7B-Instruct,380,380,1.09482741355896,53,1.8141106367111206,0.2533856928348541,"[-0.0005384419090883315, 1.0251605719553618, 0.9937192435312647, 0.020675211142142356, 0.04324317356008149]","[0.005699850704462613, 0.16181638865432518, 0.08911253814810306, 0.004011863805711948, 0.005646630635476198]",0,LongBeachCC_04222014_14-0307,model_A
tofueval_SmolLM2-1.7B-Instruct,381,381,1.578197956085205,32,1.5310722589492798,0.24254709482192993,"[-0.11569700524978543, 1.3834509309435816, -0.00528250329898583, -0.1068362024743692, -0.11468004762059536]","[0.009050536648459229, 0.20626740322427395, 0.00849474363444358, 0.0033416115225080034, 0.004472061090666557]",1,LongBeachCC_04222014_14-0307,model_B
tofueval_SmolLM2-1.7B-Instruct,382,382,0.8495053052902222,37,1.827937126159668,0.24757647514343262,"[0.05150935378057782, 1.5558622196014669, 0.009592037754938812, 0.04615007452603832, 0.04771768193175966]","[0.003194149175485379, 0.20347819071911225, 0.004765933929701458, 0.0014815895174251636, 0.0023951811285154987]",0,LongBeachCC_04222014_14-0307,model_C
tofueval_SmolLM2-1.7B-Instruct,383,383,1.0162569284439087,39,1.8381447792053223,0.27183371782302856,"[0.008231646585045382, 1.5642204459350653, -0.03748747855290556, 0.028176830964348015, -0.02163668758331392]","[0.004217199063975549, 0.2266488000899792, 0.005347985177172048, 0.0017583959718369723, 0.00279480557888653]",0,LongBeachCC_04222014_14-0307,model_D
tofueval_SmolLM2-1.7B-Instruct,384,384,1.07144033908844,36,1.6647828817367554,0.2756684422492981,"[0.0034343293874472794, 1.2549183552425045, 0.1872027184193333, -0.007723692625101346, 0.03298990983360758]","[0.004351897608621079, 0.22721622992200233, 0.012815764166286195, 0.004289345686275838, 0.004685898660530559]",0,LongBeachCC_04222014_14-0307,model_E
tofueval_SmolLM2-1.7B-Instruct,385,385,2.002350330352783,79,0.9041396379470825,0.12311733514070511,"[0.14272102456531766, -0.005762158010171172, -0.0007416839586847898, 0.16679828659346904, -0.03202285281127566]","[0.011456569468337657, 0.010769913207051231, 0.004686465495368897, 0.038735526680272726, 0.03124337194122181]",0,LongBeachCC_05062014_14-0330,Model-Extra
tofueval_SmolLM2-1.7B-Instruct,386,386,1.6248739957809448,90,0.4732256531715393,0.07647256553173065,"[-0.0514562277847694, 0.01241032752311892, -0.005069502272332708, -0.03823070789997776, 0.44506840317044405]","[0.0054004172142817376, 0.0034698089273458915, 0.0004624332037059907, 0.0077495711087572595, 0.05149183194128758]",1,LongBeachCC_05062014_14-0330,model_A
tofueval_SmolLM2-1.7B-Instruct,387,387,1.6325724124908447,84,1.143233299255371,0.12502062320709229,"[0.04230896203495961, -0.009298173497968708, 0.005377179242454336, -0.018399667148644636, 0.7187397610077391]","[0.004268507571385358, 0.001175117066769157, 0.000769936590597267, 0.002355680052243683, 0.08691055677459622]",1,LongBeachCC_05062014_14-0330,model_B
tofueval_SmolLM2-1.7B-Instruct,388,388,1.520770788192749,57,1.4373102188110352,0.1618359535932541,"[0.005046952573027005, -0.04880815668423709, -0.016697895843862443, -0.029544768152399023, 1.151643288828302]","[0.00933904240601853, 0.00183162238309913, 0.0008519640635457012, 0.003036151331559124, 0.10783335540671894]",1,LongBeachCC_05062014_14-0330,model_C
tofueval_SmolLM2-1.7B-Instruct,389,389,1.2656055688858032,58,1.8236441612243652,0.19813643395900726,"[0.04980364001902013, -0.01853953216401539, -0.013483033041823012, -0.009679524545108193, 1.0937367849742416]","[0.011273736255824243, 0.001684475001544844, 0.001092993573538165, 0.0028005328668486667, 0.11624885760233908]",1,LongBeachCC_05062014_14-0330,model_D
tofueval_SmolLM2-1.7B-Instruct,390,390,1.5646295547485352,76,2.2968573570251465,0.2378709763288498,"[0.6490505094127577, 0.21631899542607194, 0.24437459882296694, 0.007131546050291753, 0.8730419124530224]","[0.0725137248210606, 0.03828292183408465, 0.021157623551815913, 0.009290441540638551, 0.07784795711545724]",1,LongBeachCC_05062014_14-0330,model_E
tofueval_SmolLM2-1.7B-Instruct,391,391,2.3954415321350098,57,1.0882905721664429,0.15238843858242035,"[0.043000877426381694, -0.0051825754017683495, -0.015330406755470392, 0.22444175680478415, 0.3079008247964738]","[0.008662770853174663, 0.003654989929744165, 0.003079337307881041, 0.06560898272590221, 0.057401371816491804]",1,LongBeachCC_05062014_14-0330,Model-Extra
tofueval_SmolLM2-1.7B-Instruct,392,392,1.2972402572631836,97,1.9679806232452393,0.21811386942863464,"[0.049034064026685524, 0.1921119360277893, 0.42087333233656554, 0.2167937121765735, 0.3782401433462903]","[0.02542085647136793, 0.04019677939314734, 0.04384300807375964, 0.044061840816316505, 0.05070565389888595]",1,LongBeachCC_05062014_14-0330,model_A
tofueval_SmolLM2-1.7B-Instruct,393,393,1.2194329500198364,29,2.246711254119873,0.26222124695777893,"[-0.031946686144661285, 0.022898529190570116, 0.01734697881379518, 0.005090356073823982, 1.5607962343713333]","[0.006802184909623787, 0.0014160898742281052, 0.002934019564612566, 0.0034372110349067952, 0.18553845799560176]",0,LongBeachCC_05062014_14-0330,model_B
tofueval_SmolLM2-1.7B-Instruct,394,394,1.6603673696517944,42,1.2918469905853271,0.16707953810691833,"[0.08418626047759539, 0.023058036852273204, -0.04298204185795926, 0.0024872970589924427, 0.9334702903316134]","[0.00914503945005847, 0.0020998885069968224, 0.0035619843497226526, 0.007083315767626378, 0.09473616547793859]",1,LongBeachCC_05062014_14-0330,model_C
tofueval_SmolLM2-1.7B-Instruct,395,395,1.8260834217071533,44,1.3813822269439697,0.23206402361392975,"[-0.0874765332237902, -0.011903425361114469, -0.03141616998155686, -0.06358866061253304, 1.072345676831901]","[0.022461913133817936, 0.0028078536895257207, 0.00267223558776922, 0.00751000880997956, 0.11249007894234224]",1,LongBeachCC_05062014_14-0330,model_D
tofueval_SmolLM2-1.7B-Instruct,396,396,2.0635268688201904,49,0.6126733422279358,0.14329588413238525,"[-0.07663500236765462, 0.08695157902429299, -0.03487355296252942, -0.015443851220972684, 0.6134054584960852]","[0.0056045105730121655, 0.006335096645726685, 0.0025311586098408097, 0.005539303498413314, 0.07297828603459865]",1,LongBeachCC_05062014_14-0330,model_E
tofueval_SmolLM2-1.7B-Instruct,397,397,2.19966459274292,63,1.2757785320281982,0.17890030145645142,"[0.09056153003540304, -0.004573621668867649, -0.013869669657969286, 0.21649816945668252, 0.5396735506753126]","[0.006210568954610074, 0.0038486761944128258, 0.0029202539502413915, 0.04194975272560167, 0.1041100250477607]",1,LongBeachCC_05062014_14-0330,Model-Extra
tofueval_SmolLM2-1.7B-Instruct,398,398,1.6085216999053955,47,2.6196744441986084,0.2511722147464752,"[-0.0009075170382857323, -0.007788226924876266, -0.02422360473490776, 0.22539610819930725, 1.397148136208032]","[0.009009777329722172, 0.0029073616411125765, 0.002117119518748331, 0.017513206512840624, 0.15986189998418807]",1,LongBeachCC_05062014_14-0330,model_A
tofueval_SmolLM2-1.7B-Instruct,399,399,1.9085242748260498,34,2.843172073364258,0.26167479157447815,"[0.23958611502038205, 0.0026039190535597943, -0.027118078145362875, -0.05238897008273531, 1.7316158084089266]","[0.041526645317978415, 0.003976587082005982, 0.00271719408534837, 0.008845851584898328, 0.12455556348568815]",1,LongBeachCC_05062014_14-0330,model_B
tofueval_SmolLM2-1.7B-Instruct,400,400,1.0380845069885254,36,3.0278379917144775,0.3474906086921692,"[0.12168576115638846, 0.027811551751154993, -0.01865170118657665, 0.05993052870811274, 1.7124030553321872]","[0.00988367367972387, 0.0018673744822308436, 0.002045733210454475, 0.004133765076403506, 0.2117141597086124]",0,LongBeachCC_05062014_14-0330,model_C
tofueval_SmolLM2-1.7B-Instruct,401,401,1.263869285583496,96,2.052813768386841,0.2648954689502716,"[1.0685373150633193, 0.23232712275178832, -0.00043626278147712583, -0.028923477641455975, -0.042667091172764536]","[0.12652927048278192, 0.0775513813928228, 0.00594731381902136, 0.010002983071681607, 0.027028082222888845]",0,LongBeachCC_05062014_14-0330,model_D
tofueval_SmolLM2-1.7B-Instruct,402,402,2.587080240249634,70,1.5021255016326904,0.21023724973201752,"[0.22212979144283704, 0.629303049828325, 0.14951259900948832, 0.09888943473675421, 0.025392649296138967]","[0.06465545526131922, 0.08264297437272035, 0.03867538303436179, 0.01568200590658567, 0.00980578996532131]",0,LongBeachCC_05102022_22-0507,Model-Extra
tofueval_SmolLM2-1.7B-Instruct,403,403,1.7159450054168701,43,1.2425696849822998,0.22640378773212433,"[0.5017675761306701, -0.02307718162706425, -0.011070184409618378, 0.008737697883314171, -0.019479480842778157]","[0.0692356675822656, 0.08659462854915927, 0.005244206904662437, 0.0035242851715740343, 0.006325478788714336]",0,LongBeachCC_05102022_22-0507,model_A
tofueval_SmolLM2-1.7B-Instruct,404,404,1.6101934909820557,79,2.4868619441986084,0.29542404413223267,"[0.07354647199007316, 0.9238955716483142, 0.578473111043192, 0.013117065760041765, 0.269079742791084]","[0.025134215547707384, 0.11747899448343986, 0.07630424853058558, 0.007857519690698518, 0.03344157277296768]",1,LongBeachCC_05102022_22-0507,model_B
tofueval_SmolLM2-1.7B-Instruct,405,405,1.4978517293930054,60,2.1762795448303223,0.2634117901325226,"[0.18874504827156974, 1.6832915984715024, 0.0018969016537691155, 0.030073005463539932, 0.01833736722279961]","[0.03893962322802812, 0.1932417673524469, 0.005217613239134759, 0.003554030111627071, 0.0058042434338252255]",0,LongBeachCC_05102022_22-0507,model_C
tofueval_SmolLM2-1.7B-Instruct,406,406,1.5592683553695679,71,1.8184431791305542,0.2222866714000702,"[0.18655870633071098, 0.7224733318123494, 0.6528517300144993, 0.027553737086582517, 0.016954621220680616]","[0.04293380066317209, 0.0806741635220584, 0.08180394212052908, 0.006069125714404922, 0.007816177022963094]",0,LongBeachCC_05102022_22-0507,model_D
tofueval_SmolLM2-1.7B-Instruct,407,407,1.7401692867279053,39,2.194499969482422,0.2814936935901642,"[0.18268184380259556, 1.6225449613844738, -0.008643232757607713, 0.02048056195370662, 0.007744425561470099]","[0.03231534058301268, 0.20018415229442793, 0.006213614376275263, 0.00386102569758898, 0.006407179692942942]",0,LongBeachCC_05102022_22-0507,model_E
tofueval_SmolLM2-1.7B-Instruct,408,408,3.2464683055877686,62,1.2687312364578247,0.20944078266620636,"[-0.06734221620905784, 0.17887813423670107, 0.41498479030786023, 0.028218139113197403, 0.043571110274041855]","[0.018800118651040153, 0.05679284397985846, 0.06334402414488009, 0.02263826598890216, 0.010460440823554828]",0,LongBeachCC_05102022_22-0507,Model-Extra
tofueval_SmolLM2-1.7B-Instruct,409,409,1.050514817237854,35,2.544128894805908,0.3321191668510437,"[-0.030713470412384983, 2.3872351970091197, 0.021098677865562163, 0.024983228990043113, 0.0077997163719763715]","[0.01628914318381638, 0.30189331124836044, 0.0048571235208068435, 0.0028807395326241802, 0.0071928771041971885]",0,LongBeachCC_05102022_22-0507,model_A
tofueval_SmolLM2-1.7B-Instruct,410,410,1.1882492303848267,61,2.1514835357666016,0.2921491861343384,"[0.127249835810021, 1.5697253648054281, -0.029409282941936104, -0.009501651199496367, 0.0012060968018304862]","[0.0329775722612332, 0.2137923346275128, 0.005635213668073611, 0.003396981410422414, 0.00691035886107098]",0,LongBeachCC_05102022_22-0507,model_B
tofueval_SmolLM2-1.7B-Instruct,411,411,1.3419623374938965,41,2.2881734371185303,0.3017365336418152,"[0.20822030861816573, 1.3561481641741788, -0.027704752234901053, 0.01553969015651269, -0.02175741164274968]","[0.04050035435612677, 0.20064299517891812, 0.004548026816359552, 0.00302906255520367, 0.008299434826368248]",0,LongBeachCC_05102022_22-0507,model_C
tofueval_SmolLM2-1.7B-Instruct,412,412,1.4463869333267212,47,2.3116939067840576,0.3120502829551697,"[0.1824547041584044, 1.2517235250549112, -0.07635196242382393, -0.05150328528017123, 0.16604844159743887]","[0.07243597803403161, 0.1677994122335494, 0.006011781446973823, 0.004061961151239031, 0.016206370700332474]",0,LongBeachCC_05102022_22-0507,model_D
tofueval_SmolLM2-1.7B-Instruct,413,413,1.2020975351333618,62,2.6475718021392822,0.30184704065322876,"[-0.06418849356076305, 1.4002708607792644, 0.868400022356523, 0.0004733551303938692, -0.013620111403138107]","[0.021992382982802844, 0.17134514393945854, 0.07032718188093573, 0.005148778588066659, 0.00780420614677131]",0,LongBeachCC_05102022_22-0507,model_E
tofueval_SmolLM2-1.7B-Instruct,414,414,1.3714954853057861,37,1.6312901973724365,0.24208474159240723,"[0.41820632356432946, 1.0362050206324942, 0.03304977871704142, 0.041231109203795926, 0.05300732596928405]","[0.09542475970020688, 0.16989866967275236, 0.0048406137685142805, 0.0034988206760907495, 0.009868167583615129]",0,LongBeachCC_05102022_22-0507,Model-Extra
tofueval_SmolLM2-1.7B-Instruct,415,415,1.367248773574829,77,2.070317506790161,0.26715365052223206,"[0.1561290574715134, 0.7949235277906568, 0.5223107483803427, 0.007424877409962332, 0.008848127630817425]","[0.04968121380846112, 0.13230397989026607, 0.06377361195095604, 0.00895238041535871, 0.00952969874929472]",1,LongBeachCC_05102022_22-0507,model_A
tofueval_SmolLM2-1.7B-Instruct,416,416,0.9771998524665833,83,2.128906488418579,0.296980082988739,"[0.731326993546415, 1.275968587532512, -0.05713151112110817, 0.010596698036954559, -0.011880813955107749]","[0.11140961565300142, 0.17392850932727683, 0.013926719485354339, 0.003743738748686287, 0.004383435417568204]",0,LongBeachCC_05102022_22-0507,model_B
tofueval_SmolLM2-1.7B-Instruct,417,417,0.820160984992981,45,3.129777431488037,0.3606683611869812,"[0.13009064396222433, 2.0217044180155628, 0.02079112397429223, 0.019136996446953467, 0.008537195140444155]","[0.0384373140665654, 0.23666240298431754, 0.003255978266760293, 0.0033452881482339256, 0.00583373046093685]",0,LongBeachCC_05102022_22-0507,model_C
tofueval_SmolLM2-1.7B-Instruct,418,418,1.7257859706878662,58,1.835610270500183,0.22472694516181946,"[0.06770925574879773, 0.7247373900890094, 0.32365645406916255, 0.03070377365782343, 0.1481131760379428]","[0.03701797546567957, 0.11726097921551816, 0.03758714358452286, 0.0037032112900149136, 0.018573753020879442]",0,LongBeachCC_05102022_22-0507,model_D
tofueval_SmolLM2-1.7B-Instruct,419,419,1.5553401708602905,59,1.7933746576309204,0.24360869824886322,"[0.11250146584964152, 1.4355539271402789, -0.011121931777856612, 0.0008320643682964146, -0.016778311291630616]","[0.03866400185610072, 0.18284471041840597, 0.004770039207699992, 0.0032313311094647793, 0.006158604565348083]",0,LongBeachCC_05102022_22-0507,model_E
tofueval_SmolLM2-1.7B-Instruct,420,420,2.514822244644165,28,1.565260648727417,0.2893083095550537,"[-0.07403170126885275, -0.12979215158806515, 0.04773546331177515, 0.029475465601145907, 1.165138290629589]","[0.00943947557731357, 0.007235604458011429, 0.0015202010846248218, 0.006225076145197152, 0.23455708783252963]",0,LongBeachCC_06212022_22-0692,Model-Extra
tofueval_SmolLM2-1.7B-Instruct,421,421,1.6409623622894287,26,2.7556569576263428,0.3004893362522125,"[-0.005901332376407271, -0.10551337983182608, -0.07675583775576691, -0.012696431626234418, 2.2459288312282015]","[0.004927902782980071, 0.0060599778744738425, 0.0016908316048039969, 0.004670914783502029, 0.2605640992221477]",0,LongBeachCC_06212022_22-0692,model_A
tofueval_SmolLM2-1.7B-Instruct,422,422,2.0048344135284424,43,2.415276527404785,0.31711605191230774,"[-0.08695606606835458, -0.09867814152392723, -0.028128452219218246, -0.015773258969179447, 2.0528057469827914]","[0.00938379576974627, 0.011440232064826816, 0.0016331075859517606, 0.003856183519595101, 0.2769248916106441]",0,LongBeachCC_06212022_22-0692,model_B
tofueval_SmolLM2-1.7B-Instruct,423,423,1.199004054069519,45,2.1516637802124023,0.33359450101852417,"[-0.02831668749907597, -0.04355199906583746, 0.014430374106531316, 0.024697246820546248, 1.6551904993070718]","[0.0046276008127152735, 0.003917259918785653, 0.0013872812319050353, 0.0025495157537515447, 0.279431071326639]",0,LongBeachCC_06212022_22-0692,model_C
tofueval_SmolLM2-1.7B-Instruct,424,424,1.9539355039596558,57,1.6248871088027954,0.32078060507774353,"[-0.05916401670685701, -0.0850835382821459, 0.0036171226783424794, 0.025419889764331554, 1.1708360394058808]","[0.026113565991412895, 0.013921710936775375, 0.004616368246426592, 0.006343979161076811, 0.23455072575435273]",0,LongBeachCC_06212022_22-0692,model_D
tofueval_SmolLM2-1.7B-Instruct,425,425,0.9710966348648071,50,2.620938301086426,0.3444787859916687,"[-0.0014104353455513775, -0.022585531305558106, -0.027934870555691306, 0.0021851319549932666, 2.2736502126319103]","[0.01353131368405144, 0.009503633617628111, 0.001532613519211452, 0.0025612601920551015, 0.27814009661679845]",0,LongBeachCC_06212022_22-0692,model_E
tofueval_SmolLM2-1.7B-Instruct,426,426,2.1969573497772217,63,0.31683191657066345,0.12993362545967102,"[-0.03028218659167737, 0.08209382238446923, 0.04272596344682305, -0.005725414961532459, 0.2750208226572131]","[0.005464945427272524, 0.015489357396053798, 0.0012635665612961814, 0.002142507470368729, 0.10427463497879737]",1,LongBeachCC_06212022_22-0692,Model-Extra
tofueval_SmolLM2-1.7B-Instruct,427,427,1.5708743333816528,50,0.9691362977027893,0.21022045612335205,"[0.0025684218666174275, 0.09510299555546226, 0.029595524532232957, -0.01648275999883481, 0.6261688787223829]","[0.00791519437318982, 0.02671867264947423, 0.001762516424840328, 0.0026526151985095227, 0.1615637505995278]",1,LongBeachCC_06212022_22-0692,model_A
tofueval_SmolLM2-1.7B-Instruct,428,428,1.9893540143966675,43,1.5104094743728638,0.2508523464202881,"[0.015709571988461606, -0.15996253346811287, -0.013909711027186267, -0.06341826515702895, 1.3163870947239555]","[0.020592905694731233, 0.015357236680787019, 0.0028016601275370847, 0.003985445710202186, 0.20389480675243418]",1,LongBeachCC_06212022_22-0692,model_B
tofueval_SmolLM2-1.7B-Instruct,429,429,1.5109543800354004,42,1.6910279989242554,0.3334420621395111,"[0.021193221567782097, -0.05100077916592584, 0.047507462546144824, 0.03489994811241645, 1.449380263210471]","[0.0031252512464799934, 0.014226370781373242, 0.0012203859956040712, 0.0017060682034204838, 0.30679833980775584]",0,LongBeachCC_06212022_22-0692,model_C
tofueval_SmolLM2-1.7B-Instruct,430,430,1.154054880142212,53,2.191676616668701,0.2612244784832001,"[0.021183729988770897, 0.07306838595573112, -0.0007936512324275374, 0.022531368499980057, 1.8018776244738683]","[0.012934938274890196, 0.012211128659761823, 0.002829423145704798, 0.003879474760278679, 0.21901024329382673]",0,LongBeachCC_06212022_22-0692,model_D
tofueval_SmolLM2-1.7B-Instruct,431,431,1.0499557256698608,44,2.1518681049346924,0.2774944603443146,"[0.05927048141345701, 0.0025857525980964883, 0.05239486172761396, 0.024423621629590674, 1.783824760948557]","[0.008205746937199686, 0.0041277635180970215, 0.002100339679127604, 0.0027866718060833243, 0.25306954235608453]",0,LongBeachCC_06212022_22-0692,model_E
tofueval_SmolLM2-1.7B-Instruct,432,432,2.011829137802124,44,1.6106654405593872,0.25371092557907104,"[0.006000738565159158, -0.028191205409298578, 0.026639200229924012, 0.0205134345211594, 1.2946405978450044]","[0.01866588517039376, 0.009959031020612614, 0.0031942730722366005, 0.006499039804220336, 0.18808094232173805]",0,LongBeachCC_06212022_22-0692,Model-Extra
tofueval_SmolLM2-1.7B-Instruct,433,433,1.656481385231018,49,2.203921318054199,0.2827064096927643,"[0.05588311173444393, 0.0004021733196224181, 0.02746978610048245, -0.010201656932436815, 1.853352093376942]","[0.01468825440908789, 0.008090906716602706, 0.0032626124795636048, 0.007100910108497791, 0.2295074267251447]",0,LongBeachCC_06212022_22-0692,model_A
tofueval_SmolLM2-1.7B-Instruct,434,434,1.4079921245574951,63,1.8779507875442505,0.27992263436317444,"[-0.0747684373909001, 0.08439813555892287, 0.02058376476250285, 9.535518172866894e-05, 1.671454609563062]","[0.010389420433044156, 0.02125390916279006, 0.0013227133111174212, 0.003405112505704654, 0.22206321500330556]",0,LongBeachCC_06212022_22-0692,model_B
tofueval_SmolLM2-1.7B-Instruct,435,435,1.6397085189819336,47,1.8475984334945679,0.3191005289554596,"[-0.04534356280167598, -0.08309266600813413, 0.020851388405022358, -0.03133630932987874, 1.4973898548541524]","[0.021169913261106326, 0.008267880919515363, 0.00225385909534404, 0.0044054356160697665, 0.25298692938420264]",1,LongBeachCC_06212022_22-0692,model_C
tofueval_SmolLM2-1.7B-Instruct,436,436,1.562811255455017,38,2.4451613426208496,0.2931431829929352,"[0.01956046702836925, -0.0664355734773524, -0.03684638644144319, -0.04222137276218219, 2.047990314744694]","[0.004795818446584271, 0.006837841767279721, 0.001585519696056873, 0.003932322592150758, 0.25824297272010643]",0,LongBeachCC_06212022_22-0692,model_D
tofueval_SmolLM2-1.7B-Instruct,437,437,0.9618697762489319,51,2.4895999431610107,0.3487551808357239,"[0.07907747195519073, -0.02041588052069011, 0.002863721564769067, -0.0018498782106761093, 2.122151319228864]","[0.005329069906015521, 0.011447215827496226, 0.0017438514639526019, 0.0030296652969262956, 0.296161486609979]",0,LongBeachCC_06212022_22-0692,model_E
tofueval_SmolLM2-1.7B-Instruct,438,438,2.2426578998565674,42,1.3303531408309937,0.19081032276153564,"[1.0488755600970416, -0.08371463980819542, -0.027484347564279147, 0.01008736417584476, 0.007167837218037762]","[0.1496290765159453, 0.008498816142318469, 0.004625181579372327, 0.0016915103457601315, 0.002698552029826152]",0,LongBeachCC_08112020_20-0678,Model-Extra
tofueval_SmolLM2-1.7B-Instruct,439,439,1.4785075187683105,39,1.469905972480774,0.2099655419588089,"[1.1964776137581048, 0.011864036255969834, -0.04114125029016764, 0.03115510631304903, 0.0010297130256031568]","[0.16205122089461207, 0.006238524097753748, 0.004820230682899143, 0.0015663720453934122, 0.0038789237751655327]",0,LongBeachCC_08112020_20-0678,model_A
tofueval_SmolLM2-1.7B-Instruct,440,440,1.2459608316421509,86,1.3344208002090454,0.19696567952632904,"[0.9657357674113036, 0.20905672316980917, 0.019882532142049925, 0.022496412719361657, -0.005579422016358707]","[0.14588249292602656, 0.03639588961220059, 0.00806993108445504, 0.0037597385545680927, 0.004472676356906663]",1,LongBeachCC_08112020_20-0678,model_B
tofueval_SmolLM2-1.7B-Instruct,441,441,1.79624342918396,85,1.3842966556549072,0.21210645139217377,"[0.7666962493546581, 0.40263369750498573, 0.06595076909151805, 0.025655873660477536, 0.03798444335561191]","[0.14953167018282007, 0.05164100318670535, 0.011409329930163093, 0.0034055924079546135, 0.007666673637311974]",1,LongBeachCC_08112020_20-0678,model_C
tofueval_SmolLM2-1.7B-Instruct,442,442,1.723942518234253,42,1.3906981945037842,0.202004075050354,"[0.9474621657725601, -0.05026647710197028, -0.00761832416589771, 0.027465240675069037, 0.048540381847747734]","[0.13586665189913696, 0.026037227706096712, 0.006705038795535941, 0.002057603118200426, 0.00334182677033823]",0,LongBeachCC_08112020_20-0678,model_D
tofueval_SmolLM2-1.7B-Instruct,443,443,1.1950525045394897,54,2.0319907665252686,0.2693004906177521,"[1.5780959527042728, 0.4308949203696102, -0.0005288093579346659, 0.01958705607103184, 0.01542089406521646]","[0.18672869259360056, 0.05275263956668318, 0.004304653970056852, 0.0016613813587961583, 0.002929932946682567]",0,LongBeachCC_08112020_20-0678,model_E
tofueval_SmolLM2-1.7B-Instruct,444,444,2.7724270820617676,50,1.0510462522506714,0.14452092349529266,"[0.676630644518882, -0.049235386159271005, 0.04187162950634957, 0.004184658341109752, 0.01736608937382698]","[0.09081944895908237, 0.006936730652814731, 0.004314824039465748, 0.0026553699924261307, 0.003590910175989848]",1,LongBeachCC_08112020_20-0678,Model-Extra
tofueval_SmolLM2-1.7B-Instruct,445,445,1.2299048900604248,52,2.169896125793457,0.3006022274494171,"[1.673329540492537, 0.04819417117239656, 0.02603959356649564, 0.009514986275462434, 0.01693445041019004]","[0.2465426931515909, 0.006124410934157472, 0.0033362369717206794, 0.001705735702732734, 0.0024983968349156036]",0,LongBeachCC_08112020_20-0678,model_A
tofueval_SmolLM2-1.7B-Instruct,446,446,1.50812828540802,43,0.07033342868089676,0.08608695864677429,"[0.1226104122429523, 0.027254425065028808, 0.006882796350996508, -0.013078561464194642, -0.012225459362271913]","[0.024483291557306414, 0.008982495774330874, 0.0025512496454740716, 0.0008727971904844771, 0.002142310214938249]",1,LongBeachCC_08112020_20-0678,model_B
tofueval_SmolLM2-1.7B-Instruct,447,447,1.308268427848816,46,1.719907522201538,0.21850772202014923,"[1.4596026606058055, 0.18122325272744763, 0.04930160799741988, -0.002307234946942038, -0.0011271645375729902]","[0.1748114008422936, 0.019888293181279354, 0.0059624230236058, 0.0012783489227449932, 0.0026670055802083957]",0,LongBeachCC_08112020_20-0678,model_C
tofueval_SmolLM2-1.7B-Instruct,448,448,1.1168380975723267,48,1.0499829053878784,0.14101146161556244,"[0.8635776539643606, 0.05271560250548646, 0.05238676874432713, -0.009111806362246474, -0.022668044451468933]","[0.08458620091732882, 0.00925797746670772, 0.004442354642075467, 0.0022858518319329355, 0.002797050645312993]",0,LongBeachCC_08112020_20-0678,model_D
tofueval_SmolLM2-1.7B-Instruct,449,449,1.6992433071136475,59,1.3974902629852295,0.20619754493236542,"[0.8408146512465773, 0.35051225123421875, 0.015018406521402678, -0.022551234053858255, -0.004118549471752623]","[0.12488675473324, 0.04458471976570347, 0.005152901062609675, 0.0019602360573147868, 0.003397541118490261]",0,LongBeachCC_08112020_20-0678,model_E
tofueval_SmolLM2-1.7B-Instruct,450,450,2.836254358291626,48,1.1765271425247192,0.17468245327472687,"[0.5987617432353242, 0.3134031323327993, 0.054440711644322924, 0.001675310471910052, -0.044498198321283176]","[0.07453104877621779, 0.07760413293241679, 0.008180765045532704, 0.006024794454816629, 0.006997740092250145]",0,LongBeachCC_08112020_20-0678,Model-Extra
tofueval_SmolLM2-1.7B-Instruct,451,451,1.49409019947052,49,2.726449966430664,0.3432732820510864,"[2.0638840937492797, 0.022085099032015672, 0.04466636112430228, 0.011825777020077316, 0.011649307472944945]","[0.2756532270613374, 0.014628169872223077, 0.007361936403515069, 0.006487653630645174, 0.00498718460759698]",0,LongBeachCC_08112020_20-0678,model_A
tofueval_SmolLM2-1.7B-Instruct,452,452,1.8771384954452515,48,0.15802134573459625,0.10400787740945816,"[0.02964938823909809, 0.07706091485063855, -0.02406711527146399, -0.043624341449079417, -0.016646538783485692]","[0.01988750851342047, 0.034140601232744906, 0.011910359161220185, 0.005356683295455393, 0.004998954635084374]",1,LongBeachCC_08112020_20-0678,model_B
tofueval_SmolLM2-1.7B-Instruct,453,453,1.5036977529525757,70,1.1997150182724,0.20284271240234375,"[0.7757500819961674, 0.25084579025860876, -0.0071450154164007735, -0.024631272633892618, -0.01607551018241793]","[0.11439012668353306, 0.0648679516523511, 0.005632635832340124, 0.003415004500415567, 0.00454339929282079]",0,LongBeachCC_08112020_20-0678,model_C
tofueval_SmolLM2-1.7B-Instruct,454,454,1.5939580202102661,46,1.2099170684814453,0.17933103442192078,"[0.46693167062071356, 0.4878197025669658, 0.001396110119379085, 0.00018077878200489542, -0.0253587043641702]","[0.05690437460409315, 0.09374721677285498, 0.014946596532472935, 0.007559706501247685, 0.007453925552829826]",1,LongBeachCC_08112020_20-0678,model_D
tofueval_SmolLM2-1.7B-Instruct,455,455,1.4404689073562622,83,0.868133544921875,0.14787225425243378,"[0.5048178908613605, 0.23924200081179503, 0.05757968587112187, -0.0038286379334399006, -0.011846415170451558]","[0.07212170967133978, 0.0420989544467572, 0.0066763174489600915, 0.002361411536294765, 0.003736359222883433]",0,LongBeachCC_08112020_20-0678,model_E
tofueval_SmolLM2-1.7B-Instruct,456,456,1.5600844621658325,61,2.2139430046081543,0.2198474258184433,"[0.2960828985870037, 0.0822717517854829, 0.0013127751671327432, 0.9370530714685494, -0.048142655229684514]","[0.020253789236776953, 0.013904583443170433, 0.00955562161936064, 0.09688366677175032, 0.005533388368050629]",0,LongBeachCC_08132019_19-0733,Model-Extra
tofueval_SmolLM2-1.7B-Instruct,457,457,1.7031320333480835,71,1.4536107778549194,0.17744268476963043,"[0.2321800843752678, 0.16470317530788442, -0.01660848367454248, 0.21812427442473306, 0.2605164352149381]","[0.03667793827744518, 0.025577471037611526, 0.00952004356990919, 0.03761503107310245, 0.02364200217692689]",0,LongBeachCC_08132019_19-0733,model_A
tofueval_SmolLM2-1.7B-Instruct,458,458,1.585616946220398,50,1.330055832862854,0.16010379791259766,"[-0.00929016858106479, 0.33447492247913035, 0.010353122288361192, 0.02511627372005023, -0.010327593548572623]","[0.024994234958176095, 0.031921955165380496, 0.015409849472744099, 0.02444942334186635, 0.004458511184966482]",0,LongBeachCC_08132019_19-0733,model_B
tofueval_SmolLM2-1.7B-Instruct,459,459,1.5479600429534912,56,1.8570936918258667,0.2641981542110443,"[0.5865385679925177, 0.1554766779840325, 0.04193474149048727, 0.3798636908707392, 0.025978112893686296]","[0.07105151237699049, 0.03625582400640529, 0.013637503913547075, 0.048609454542055834, 0.006713832625467019]",1,LongBeachCC_08132019_19-0733,model_C
tofueval_SmolLM2-1.7B-Instruct,460,460,1.5984621047973633,53,1.8393096923828125,0.23652629554271698,"[0.3160601631081487, 0.11052868937423348, -0.028409628099805833, 0.3174196416621958, -0.01360578904749896]","[0.06721578913788588, 0.03911954124953997, 0.009420318433461394, 0.036749788930703874, 0.007362376885485335]",0,LongBeachCC_08132019_19-0733,model_D
tofueval_SmolLM2-1.7B-Instruct,461,461,1.490684151649475,68,1.5540112257003784,0.19290722906589508,"[0.11460323427694247, 0.18132294325829101, -0.04206300515215844, 0.6091429707149099, -0.012000659876160653]","[0.026065048305634476, 0.022085747428718605, 0.01521551313715677, 0.06828939738443296, 0.006072472800844801]",0,LongBeachCC_08132019_19-0733,model_E
tofueval_SmolLM2-1.7B-Instruct,462,462,1.8625503778457642,55,1.6661893129348755,0.18785370886325836,"[0.26707334793172777, 0.028103206370195203, 0.03185439735481685, 0.7973143240098249, -0.016824132862331514]","[0.015539993425905282, 0.00919394279745492, 0.009371423154582524, 0.0941213018237084, 0.012612348243386475]",1,LongBeachCC_08132019_19-0733,Model-Extra
tofueval_SmolLM2-1.7B-Instruct,463,463,1.593599557876587,53,1.2096281051635742,0.15880003571510315,"[0.1886281014973614, 0.0050651297513571265, 0.058488039176840825, 0.3003104309472343, 0.01020902775025944]","[0.01716867832469431, 0.010776587940268175, 0.01047933458742265, 0.04474918523555971, 0.013801766415661335]",0,LongBeachCC_08132019_19-0733,model_A
tofueval_SmolLM2-1.7B-Instruct,464,464,0.6409664154052734,50,3.514200210571289,0.3864719867706299,"[2.7850413696095346, -0.0009277527010999619, 0.0043114218751725275, -3.4244216367369516e-05, -0.0030138516781153158]","[0.3266985678590572, 0.0011814117822723346, 0.0016568486205915179, 0.0025267475642544923, 0.0031446135085161585]",0,LongBeachCC_08132019_19-0733,model_B
tofueval_SmolLM2-1.7B-Instruct,465,465,1.2534401416778564,62,1.5317797660827637,0.20794318616390228,"[0.635577864039841, 0.0899300040264866, 0.03258899663946537, 0.3574073481459275, -0.011383914363485077]","[0.07267130675846865, 0.028378075043132955, 0.012617675636577022, 0.03371314059370801, 0.010642629069769599]",0,LongBeachCC_08132019_19-0733,model_C
tofueval_SmolLM2-1.7B-Instruct,466,466,1.4755340814590454,78,1.341572880744934,0.18332771956920624,"[0.3217432822417229, 0.07630772194683325, 0.032219646507982334, 0.34424811006913214, 0.004822911624311625]","[0.03611316664631513, 0.03532834993865208, 0.01107371878398803, 0.04317724962492939, 0.008280959786623918]",0,LongBeachCC_08132019_19-0733,model_D
tofueval_SmolLM2-1.7B-Instruct,467,467,1.4863009452819824,50,1.2028822898864746,0.1679900586605072,"[0.04256249192869291, 0.10433790626761037, -0.0343310180248227, 0.22594306834042072, 0.008323802028317005]","[0.02261598830375078, 0.014610500881753979, 0.01078560768171883, 0.03708620541345226, 0.008920076604117639]",0,LongBeachCC_08132019_19-0733,model_E
tofueval_SmolLM2-1.7B-Instruct,468,468,2.3750226497650146,50,1.2274000644683838,0.16949713230133057,"[-0.05500927400309592, 0.4147195605468005, -0.002872862317599356, 0.15433170218020678, 0.01844919176073745]","[0.03566290519433096, 0.0411891373074468, 0.00985182982054539, 0.026066142920026323, 0.005064228343653668]",0,LongBeachCC_08132019_19-0733,Model-Extra
tofueval_SmolLM2-1.7B-Instruct,469,469,1.3823951482772827,68,1.68704354763031,0.21856391429901123,"[0.5467772941543337, 0.14981805120270805, -0.012253381167551303, 0.3624559792360207, 0.02153163120307427]","[0.06982767032776097, 0.036838882240745614, 0.011584641083760183, 0.0644506911018338, 0.0060509319977801864]",0,LongBeachCC_08132019_19-0733,model_A
tofueval_SmolLM2-1.7B-Instruct,470,470,0.7463122606277466,46,2.950387477874756,0.33803611993789673,"[2.1687430247987756, -0.035429210938198834, 0.027043257885294304, -0.007036399190126204, 0.15483167066391298]","[0.27323406769429587, 0.0035972562241953633, 0.001412943028462312, 0.002714445249249247, 0.011656913102241184]",0,LongBeachCC_08132019_19-0733,model_B
tofueval_SmolLM2-1.7B-Instruct,471,471,2.283292293548584,25,1.321916937828064,0.23532842099666595,"[0.5969729832065059, 0.05916545090294676, -0.0037679409215343185, 0.026474292570492254, -0.06377064570362563]","[0.08543152225916856, 0.020119815935363477, 0.004781186830296064, 0.006506916190382981, 0.0190920992833162]",0,LongBeachCC_08132019_19-0733,model_C
tofueval_SmolLM2-1.7B-Instruct,472,472,1.6274646520614624,58,1.2104148864746094,0.18104484677314758,"[0.3408259751296759, 0.15920849540396312, -0.03218420171457371, 0.14680929078048363, -0.023681512205728034]","[0.07877290296957246, 0.023333070887850946, 0.013102742988939224, 0.02134225833369567, 0.005267682721308057]",0,LongBeachCC_08132019_19-0733,model_D
tofueval_SmolLM2-1.7B-Instruct,473,473,1.4074270725250244,46,1.485883355140686,0.1605536788702011,"[0.09246051540337605, 0.15581731533869891, 0.20754974050752303, 0.10898598072906127, -0.00940730529470349]","[0.03945204332233951, 0.019275092613050358, 0.011539907493986744, 0.014921824252768523, 0.007688508891686504]",0,LongBeachCC_08132019_19-0733,model_E
tofueval_SmolLM2-1.7B-Instruct,474,474,2.445573329925537,53,1.1583585739135742,0.18938420712947845,"[0.11448561210176503, 0.08963172130708424, 0.14673071212293404, 0.028549744065561034, 0.10709399237178864]","[0.029070413154429087, 0.019655216514640313, 0.05652301411299839, 0.018225241140996485, 0.011842965398225817]",0,LongBeachCC_08152017_17-0671,Model-Extra
tofueval_SmolLM2-1.7B-Instruct,475,475,1.1386499404907227,110,2.4876177310943604,0.28357720375061035,"[0.11036085740144534, 1.3653019923822616, 0.1583662155970656, 0.005487618053501303, -0.039647427464263856]","[0.02644677625463704, 0.1343568306133875, 0.01804364019907222, 0.0034237864946920706, 0.014398567389292277]",1,LongBeachCC_08152017_17-0671,model_A
tofueval_SmolLM2-1.7B-Instruct,476,476,1.3830146789550781,68,2.2223987579345703,0.27859359979629517,"[0.1155268362710879, 1.1583440284157405, -0.004809830947659279, 0.04124874982431613, 0.0748803536662308]","[0.028824032826110745, 0.10876721594409258, 0.005720983150815621, 0.003383724008592574, 0.031079138459049586]",0,LongBeachCC_08152017_17-0671,model_B
tofueval_SmolLM2-1.7B-Instruct,477,477,1.483768343925476,53,1.537674069404602,0.23969227075576782,"[0.022246127841342212, 0.8408663303990699, -0.008002559006095084, 0.021039900146888613, -0.1058594775456383]","[0.012200939811897493, 0.07930231165109601, 0.004394303077228354, 0.003146985983942116, 0.010459347103430858]",0,LongBeachCC_08152017_17-0671,model_C
tofueval_SmolLM2-1.7B-Instruct,478,478,1.580830454826355,58,0.7899842262268066,0.12041492760181427,"[0.011668340212681556, 0.08985553121049727, 0.05908487069998579, 0.03764227241406153, 0.048559598010515084]","[0.010680203071168418, 0.01873233911113669, 0.01727521967442389, 0.002974929194100821, 0.014468439284255823]",0,LongBeachCC_08152017_17-0671,model_D
tofueval_SmolLM2-1.7B-Instruct,479,479,1.673295497894287,63,0.9720674753189087,0.1932356059551239,"[-0.0033302948946901966, 0.10050965608966109, 0.032395286075327365, 0.2149811199614926, -0.008819582617087733]","[0.016754413096119636, 0.03286185909457835, 0.019610379593388412, 0.02594055753639074, 0.018204969258910013]",0,LongBeachCC_08152017_17-0671,model_E
tofueval_SmolLM2-1.7B-Instruct,480,480,2.6458723545074463,54,1.3407950401306152,0.23098525404930115,"[0.06752375608495506, 0.34597906808226575, 0.29340394987203006, 0.04389512847733891, 0.05942582706187817]","[0.02898326310113825, 0.05482144109568994, 0.04084857066785238, 0.008890499985092767, 0.010446553230537945]",1,LongBeachCC_08152017_17-0671,Model-Extra
tofueval_SmolLM2-1.7B-Instruct,481,481,1.3296597003936768,78,1.1180440187454224,0.1636434644460678,"[0.057142420022454385, 0.30839955001153074, 0.03137397062043116, 0.007158580582211307, -0.05136550803693423]","[0.02217262518150001, 0.028822216039904956, 0.006355685315940882, 0.0031639007196126376, 0.005999939636305603]",1,LongBeachCC_08152017_17-0671,model_A
tofueval_SmolLM2-1.7B-Instruct,482,482,1.8862144947052002,68,0.8258922100067139,0.1363677680492401,"[0.05905710443253424, 0.0018386783421566874, 0.2774888191882329, -0.015304154233650906, -0.03043466411477044]","[0.024871942089622977, 0.0237723132919628, 0.01854528306493568, 0.005245632195075867, 0.006268972683742772]",1,LongBeachCC_08152017_17-0671,model_B
tofueval_SmolLM2-1.7B-Instruct,483,483,1.50849187374115,95,0.8190435171127319,0.1567995399236679,"[-0.00800821128926289, -0.009496338321141114, 0.05201883276887728, 0.2820080845010173, 0.04902289935792061]","[0.014130440284857047, 0.01865045952038743, 0.019620602598967564, 0.045656601240745276, 0.009596021616815912]",0,LongBeachCC_08152017_17-0671,model_C
tofueval_SmolLM2-1.7B-Instruct,484,484,1.4340691566467285,75,2.356675624847412,0.2780378460884094,"[0.10057578814099542, 0.9857801297935658, 0.04795018885168247, 0.008805479709990323, 0.07345387506531552]","[0.029377701599223656, 0.08240143765462563, 0.010274136472041088, 0.007656754579074914, 0.013342223837523003]",0,LongBeachCC_08152017_17-0671,model_D
tofueval_SmolLM2-1.7B-Instruct,485,485,1.511831521987915,75,0.9083768725395203,0.1552686095237732,"[0.010121536462878188, 0.055919780461117626, 0.14027654261793943, 0.18953797397203742, 0.0031050518744935593]","[0.013818733964047472, 0.018903723401126626, 0.02547199547368412, 0.02682282035290579, 0.011081604870547986]",0,LongBeachCC_08152017_17-0671,model_E
tofueval_SmolLM2-1.7B-Instruct,486,486,2.2807326316833496,52,1.6543712615966797,0.24218304455280304,"[0.009203851639400594, 0.5476959300655065, 0.14723076228088197, 0.36616377569421626, 0.03458917122379017]","[0.040383602028249206, 0.0621907874156722, 0.05104031896847188, 0.021049312723203702, 0.01327501748217121]",1,LongBeachCC_08152017_17-0671,Model-Extra
tofueval_SmolLM2-1.7B-Instruct,487,487,0.8290432691574097,47,3.906379222869873,0.45707276463508606,"[1.6089015895828351, 0.015170301559648694, 0.010432077056549966, 0.012313315959119714, -0.03913137092666225]","[0.22736087380415368, 0.008345984018055884, 0.0016374257898434657, 0.0011991998281275223, 0.002802580812908189]",0,LongBeachCC_08152017_17-0671,model_A
tofueval_SmolLM2-1.7B-Instruct,488,488,1.922818899154663,45,1.2051070928573608,0.21955381333827972,"[0.6441852272785683, 0.14006427571229224, 0.003176183149237962, -0.028368493848635504, -0.01387964611801888]","[0.07712480487401384, 0.022331560461700265, 0.0039202870078447125, 0.0064573570235653376, 0.010349460388013338]",1,LongBeachCC_08152017_17-0671,model_B
tofueval_SmolLM2-1.7B-Instruct,489,489,0.8172063231468201,52,3.5245704650878906,0.45465847849845886,"[1.7478362716848586, -0.04522669215825422, -0.03157015782674604, -0.00023992396633660135, -0.036525207834739164]","[0.2511522880339236, 0.0131527272965461, 0.0023357670127972176, 0.0010145570040374597, 0.003485295898669322]",0,LongBeachCC_08152017_17-0671,model_C
tofueval_SmolLM2-1.7B-Instruct,490,490,1.430516242980957,35,2.6519625186920166,0.3452359437942505,"[0.5172826813966301, 0.7874592661458467, 0.05982115798563297, 0.00583922249830461, -0.10224465402342113]","[0.093729371844425, 0.12097326241554193, 0.008320497956758897, 0.002439340718254763, 0.009107441284686501]",0,LongBeachCC_08152017_17-0671,model_D
tofueval_SmolLM2-1.7B-Instruct,491,491,1.821677803993225,48,2.1332125663757324,0.2809724807739258,"[0.002856003999719784, 0.743398868758959, 0.011384245809798207, -0.018916824616705224, -0.008563510450282289]","[0.03523710564028685, 0.09319735248482175, 0.009570328730850028, 0.00499493660241986, 0.011159876344038366]",0,LongBeachCC_08152017_17-0671,model_E
tofueval_SmolLM2-1.7B-Instruct,492,492,2.3037261962890625,36,1.7436689138412476,0.2310907244682312,"[0.7385097534085313, -0.041019316710945636, 0.26806479775243336, 0.06665145698934793, 0.04393875777410964]","[0.11682424638679044, 0.008113967116413632, 0.02472672257297543, 0.007082977248501265, 0.007519168134927491]",0,LongBeachCC_08252020_20-0608,Model-Extra
tofueval_SmolLM2-1.7B-Instruct,493,493,1.609682559967041,41,2.2402212619781494,0.22829996049404144,"[1.8362599640684316, -0.031166094133102267, 0.028403022626795376, -0.013000392276231518, -0.04211626505151266]","[0.1793827761309619, 0.004862032161503155, 0.004162601719968268, 0.004090263371697402, 0.004070110595044176]",0,LongBeachCC_08252020_20-0608,model_A
tofueval_SmolLM2-1.7B-Instruct,494,494,0.9026725888252258,107,1.9604157209396362,0.2774815559387207,"[0.6743870198560191, 0.5015699846496496, 0.8050936502053633, 0.0030354698023771884, -0.0009518329649249736]","[0.08029918714108084, 0.07880578486470495, 0.10734155092519086, 0.0049690057724113435, 0.003858208897004133]",0,LongBeachCC_08252020_20-0608,model_B
tofueval_SmolLM2-1.7B-Instruct,495,495,1.298979640007019,62,2.4400675296783447,0.24495743215084076,"[1.659589618504528, -0.003062564357664556, 0.34124611467714494, 0.028303377918951635, 0.02545367536015786]","[0.16392737172258598, 0.006512143691436779, 0.019361569983309145, 0.004750417611108465, 0.008779145223211198]",1,LongBeachCC_08252020_20-0608,model_C
tofueval_SmolLM2-1.7B-Instruct,496,496,1.3370658159255981,107,1.2589401006698608,0.20428863167762756,"[0.5631963163788352, 0.360433763019288, 0.014949889030257483, 0.2233040335438014, 0.022344446726900603]","[0.07536334332366453, 0.04190808363615939, 0.03226254448942778, 0.041915408194917944, 0.005608185196132725]",0,LongBeachCC_08252020_20-0608,model_D
tofueval_SmolLM2-1.7B-Instruct,497,497,1.4894447326660156,39,2.1132731437683105,0.17739510536193848,"[1.6787617564416275, -0.0075358789629088, 0.00887208621805677, -0.018416075501590967, 0.01656174077055393]","[0.141088421834679, 0.0030703638196707917, 0.004934669712733571, 0.0029532568079071683, 0.0024233216224671104]",1,LongBeachCC_08252020_20-0608,model_E
tofueval_SmolLM2-1.7B-Instruct,498,498,2.5198814868927,48,0.9871827960014343,0.19463765621185303,"[0.374035877993568, 0.07094690435424884, 0.012522883772135174, 0.016781176373835176, 0.010584746556408694]","[0.08614520836042239, 0.007355376186765739, 0.006549735332267659, 0.007291842244903535, 0.007029178783789429]",1,LongBeachCC_08252020_20-0608,Model-Extra
tofueval_SmolLM2-1.7B-Instruct,499,499,1.5425142049789429,67,-0.06483186036348343,0.04056074470281601,"[-0.05007827795569354, 0.023917467654821698, -0.004627334240671081, -0.0028253822716008594, -0.02547367858359896]","[0.004828746727315462, 0.002849612186194585, 0.004084811623310523, 0.0016152376508094376, 0.0020072373558900495]",1,LongBeachCC_08252020_20-0608,model_A
tofueval_SmolLM2-1.7B-Instruct,500,500,1.0560705661773682,91,2.5107829570770264,0.2748869061470032,"[1.1782863360214313, 0.6275472024265052, 0.6292579955645904, 0.019156818396148304, 0.006119144470386135]","[0.12594910115185085, 0.07059776820464682, 0.05581442500070497, 0.005096797844849029, 0.004094941675253262]",0,LongBeachCC_08252020_20-0608,model_B
tofueval_SmolLM2-1.7B-Instruct,501,501,1.4643328189849854,61,2.5232322216033936,0.26756399869918823,"[1.8717457891678528, 0.0022519277551852654, 0.12447439314326134, 0.01054284717175789, 0.03674831449724047]","[0.1789523333054156, 0.009340938469220374, 0.01833908405948008, 0.006553041211485625, 0.009695388599494271]",0,LongBeachCC_08252020_20-0608,model_C
tofueval_SmolLM2-1.7B-Instruct,502,502,1.2254160642623901,47,-0.1116781234741211,0.03175006061792374,"[-0.04703949266014264, 0.011580279406576239, -0.005819906606933379, 0.0011260173892840108, -0.0355771462596517]","[0.004874898736585586, 0.0009295894733247436, 0.0020964147915173213, 0.0014260366729781418, 0.0014883101233708464]",1,LongBeachCC_08252020_20-0608,model_D
tofueval_SmolLM2-1.7B-Instruct,503,503,1.9054431915283203,37,1.3554291725158691,0.16830213367938995,"[0.6584927680763744, 0.03761447976167138, -0.03364429396350641, -0.0031961451435612667, -0.0028678850409247585]","[0.049223533767036386, 0.01701630264289781, 0.019931300519650953, 0.004092912858460615, 0.0052773027917381215]",0,LongBeachCC_08252020_20-0608,model_E
tofueval_SmolLM2-1.7B-Instruct,504,504,2.1213529109954834,36,2.402010679244995,0.2804710865020752,"[1.5350676622086514, 0.07833474113916357, 0.035095187136903405, 0.01639764274780949, 0.0559437072240851]","[0.19528832578281355, 0.0059235358885416645, 0.0041533024902694, 0.004443151151362044, 0.010999206140695605]",0,LongBeachCC_08252020_20-0608,Model-Extra
tofueval_SmolLM2-1.7B-Instruct,505,505,1.7610793113708496,96,1.2811862230300903,0.17596513032913208,"[0.35243235813322826, -0.05349737115223737, 0.4421849992031639, 0.3431534328980585, 0.023418936656526057]","[0.046851871678768475, 0.014425980923779965, 0.057272538078507296, 0.02716094358193762, 0.009452232701770905]",1,LongBeachCC_08252020_20-0608,model_A
tofueval_SmolLM2-1.7B-Instruct,506,506,1.4704169034957886,74,1.6062909364700317,0.22528287768363953,"[1.180228806663984, 0.04601121404227121, 0.04466512321802863, 0.04393024573014495, 0.05169638212317148]","[0.1523907699137871, 0.01726966535689162, 0.01426350118081983, 0.00947372395711608, 0.010630519205499917]",0,LongBeachCC_08252020_20-0608,model_B
tofueval_SmolLM2-1.7B-Instruct,507,507,1.422970175743103,20,3.4378762245178223,0.3004930019378662,"[3.0245170444162794, 0.027687400937429628, 0.03182324456574861, -0.007091004779795185, 0.021352456693421118]","[0.2512097731374524, 0.0015259066101862117, 0.0025652869716850544, 0.00210542689446811, 0.006038895281562873]",0,LongBeachCC_08252020_20-0608,model_C
tofueval_SmolLM2-1.7B-Instruct,508,508,1.2246994972229004,41,2.6785330772399902,0.2950611710548401,"[2.233864470271439, -0.04040802567175067, 0.023717344218933182, 0.007506832469073011, -0.04737705003225994]","[0.2345909797245773, 0.004260555932333085, 0.004736141331227927, 0.004418054989822316, 0.010438043299129233]",0,LongBeachCC_08252020_20-0608,model_D
tofueval_SmolLM2-1.7B-Instruct,509,509,1.147302269935608,43,2.748643159866333,0.2987028956413269,"[2.2944832989122976, -0.0029288367835295843, -0.04831707979779864, 0.012187675124868144, 0.015377341698568185]","[0.23552855105290926, 0.0019117597327305365, 0.0025184414270248705, 0.002599280498289709, 0.007757226832083244]",0,LongBeachCC_08252020_20-0608,model_E
tofueval_SmolLM2-1.7B-Instruct,510,510,1.7753775119781494,58,0.8573614358901978,0.15017865598201752,"[0.1789294840920524, 0.020645857892994737, 0.08200057142751356, -0.06596447777902258, 0.04332144680866522]","[0.04214715339586637, 0.013778067975965376, 0.042085374909972946, 0.0074257857211015455, 0.009094570207112]",0,LongBeachCC_09042018_18-0783,Model-Extra
tofueval_SmolLM2-1.7B-Instruct,511,511,1.2684988975524902,129,1.5172364711761475,0.20034724473953247,"[0.2074021710721481, -0.005469544908115748, 0.30464266334135126, -0.007530690196205775, 0.5596057404858753]","[0.032532360050037484, 0.007548333125626858, 0.04914945582876245, 0.01213725571252791, 0.06110341683826084]",0,LongBeachCC_09042018_18-0783,model_A
tofueval_SmolLM2-1.7B-Instruct,512,512,1.3062044382095337,59,1.0757800340652466,0.18022315204143524,"[0.3577258431868651, -0.0868679017935469, -0.08452152403345789, -0.005744053111549751, 0.03995709837822765]","[0.07690100244914162, 0.011458036087518294, 0.016185426596729162, 0.0068967081426801425, 0.010863850648809726]",0,LongBeachCC_09042018_18-0783,model_B
tofueval_SmolLM2-1.7B-Instruct,513,513,1.517482876777649,49,1.2484257221221924,0.1631748378276825,"[0.6217977529491431, 0.054563903536086866, 0.020691149443986694, -0.005046580800530025, 0.06783898735219347]","[0.07584037338514166, 0.011523675584037253, 0.004859176567151735, 0.007526339888639141, 0.008452070345110398]",0,LongBeachCC_09042018_18-0783,model_C
tofueval_SmolLM2-1.7B-Instruct,514,514,1.1802297830581665,115,0.9728634357452393,0.14442694187164307,"[0.12426179247242702, -0.027152165735068318, 0.15614405997817496, 0.31301744522934316, 0.044097923054537004]","[0.033995132547718875, 0.009939227691379825, 0.029194704268849382, 0.04653096906208183, 0.01265806903903744]",0,LongBeachCC_09042018_18-0783,model_D
tofueval_SmolLM2-1.7B-Instruct,515,515,1.0414175987243652,101,1.3973405361175537,0.21690182387828827,"[0.02847429364876439, -0.023642682436378765, 0.5932251076080887, 0.301809321831921, 0.010349804052269308]","[0.021265967379110975, 0.009482755561685456, 0.09034053425567223, 0.04766210096277244, 0.00872622184987008]",0,LongBeachCC_09042018_18-0783,model_E
tofueval_SmolLM2-1.7B-Instruct,516,516,2.2093777656555176,75,0.8924212455749512,0.15408073365688324,"[0.2872527031491821, 0.03772126673720777, 0.2778983240776385, 0.11961270635249094, -0.0071398812392726545]","[0.032295612297796955, 0.0064466079404155606, 0.04652749291737564, 0.023062655862067915, 0.009773717802539371]",0,LongBeachCC_09042018_18-0783,Model-Extra
tofueval_SmolLM2-1.7B-Instruct,517,517,1.0809650421142578,155,1.004607915878296,0.13897700607776642,"[0.19797066185818685, -0.00953781584103126, 0.2685426481323497, 0.12075766529343392, 0.2166944001041796]","[0.04227221650629461, 0.007382366654519501, 0.03742880754960483, 0.023584519395017784, 0.02117981277459025]",0,LongBeachCC_09042018_18-0783,model_A
tofueval_SmolLM2-1.7B-Instruct,518,518,1.1349103450775146,36,0.6629416346549988,0.09809093922376633,"[0.050307135657122776, -0.03647386893377794, 0.4058655261566552, 0.008595499596493836, -0.06700157910300833]","[0.009715869285678814, 0.006250300068712831, 0.05852682360435008, 0.006921769029531788, 0.0038048548937644634]",0,LongBeachCC_09042018_18-0783,model_B
tofueval_SmolLM2-1.7B-Instruct,519,519,1.1612098217010498,102,0.9985243082046509,0.1698610484600067,"[-0.0062197345269298385, 0.01642189264028132, 0.32411420396380763, 0.5152627125575878, -0.009467459653558977]","[0.01185717338331397, 0.006057080158295018, 0.0481327309506228, 0.07452537302191665, 0.009992828290380345]",0,LongBeachCC_09042018_18-0783,model_C
tofueval_SmolLM2-1.7B-Instruct,520,520,1.2181535959243774,108,0.9082233309745789,0.1449933797121048,"[0.010137393950302524, 0.029346822096731222, 0.23869760741770193, 0.03451610112811236, 0.35562505640646797]","[0.009416747333301811, 0.004910907921827048, 0.028152369812725436, 0.021065955037203012, 0.05408259112681645]",0,LongBeachCC_09042018_18-0783,model_D
tofueval_SmolLM2-1.7B-Instruct,521,521,1.0969346761703491,79,1.5127514600753784,0.19741755723953247,"[0.7783941064321707, 0.017659061890989956, 0.1209328549242095, 0.33219091146683344, 0.25768610504986367]","[0.10047581998562144, 0.009019349877865386, 0.02685810329274295, 0.05468036358194718, 0.028976468011737606]",0,LongBeachCC_09042018_18-0783,model_E
tofueval_SmolLM2-1.7B-Instruct,522,522,1.7531590461730957,73,1.2476576566696167,0.1718652993440628,"[0.19157860245338756, 0.006463592293136434, 0.2600332694877679, 0.2257454994689571, 0.013291175588837837]","[0.02917123363108222, 0.008495745967356675, 0.04979747809507176, 0.044154893457370274, 0.009601098360951866]",1,LongBeachCC_09042018_18-0783,Model-Extra
tofueval_SmolLM2-1.7B-Instruct,523,523,1.1143395900726318,40,3.0183029174804688,0.37141767144203186,"[2.5187822753738147, 0.026228211179295614, 0.023502429553082037, -0.011142103224665334, 0.01164173662855319]","[0.3240317896230408, 0.008743954438250512, 0.0015377501203488464, 0.0015929845037135238, 0.00632050391326402]",0,LongBeachCC_09042018_18-0783,model_A
tofueval_SmolLM2-1.7B-Instruct,524,524,1.2754483222961426,73,1.2710598707199097,0.18457461893558502,"[0.5580118102097664, -0.038803779098288194, 0.01748046500481544, 0.10609848176612366, 0.301808710835957]","[0.112708669660696, 0.008690895898973693, 0.0036828820898522716, 0.012342077526221283, 0.028762668788995017]",1,LongBeachCC_09042018_18-0783,model_B
tofueval_SmolLM2-1.7B-Instruct,525,525,1.3025703430175781,144,1.3328028917312622,0.20075342059135437,"[0.459292210184281, -0.002268580117743113, 0.3177376789165767, 0.24937675524132727, 0.055602179017316504]","[0.06401013558761627, 0.008551313290016398, 0.04939650810331702, 0.04828357866239388, 0.009220277693215293]",1,LongBeachCC_09042018_18-0783,model_C
tofueval_SmolLM2-1.7B-Instruct,526,526,1.3493778705596924,114,1.3586368560791016,0.22598406672477722,"[0.649170898844635, -0.0463868350963917, 0.3708417177825284, 0.03413419928932726, 0.017692324657426133]","[0.11948805991545541, 0.010496915722557643, 0.047713357876809345, 0.00760152722660566, 0.007878941288174502]",0,LongBeachCC_09042018_18-0783,model_D
tofueval_SmolLM2-1.7B-Instruct,527,527,1.2546298503875732,93,1.151666522026062,0.17448118329048157,"[0.5461972600308507, -0.031365844356622145, 0.088161068753795, 0.02608873779755286, 0.04754453781749352]","[0.09966316650942283, 0.013319351073067826, 0.01268664754398028, 0.005111266448891676, 0.007475422367596982]",1,LongBeachCC_09042018_18-0783,model_E
tofueval_SmolLM2-1.7B-Instruct,528,528,2.687427520751953,63,0.970676839351654,0.19309644401073456,"[0.18377203299176126, -0.03387739881873131, 0.09923965415902554, 0.2584619466215372, 0.0089931758268485]","[0.08659105918033877, 0.01745098797613219, 0.01653906811765092, 0.03451570070308027, 0.006178559739286328]",0,LongBeachCC_10112016_16-0929,Model-Extra
tofueval_SmolLM2-1.7B-Instruct,529,529,1.0471880435943604,51,2.0690884590148926,0.28641724586486816,"[0.9208629903767038, 0.5520008480126112, 0.02123795564437066, -0.005816005238824908, 0.05001763400493884]","[0.1606951641939197, 0.07738656786757786, 0.001884585966121556, 0.002998831441541994, 0.003223791999445501]",0,LongBeachCC_10112016_16-0929,model_A
tofueval_SmolLM2-1.7B-Instruct,530,530,1.5737985372543335,97,0.6722400188446045,0.10247654467821121,"[0.35666115905034307, 0.04645861575896636, -0.0009305911877801037, 0.024069404637800485, 0.056615362329316715]","[0.05657198505371182, 0.0037552042892608876, 0.0026109076188333214, 0.006630451751763439, 0.006620749870777316]",1,LongBeachCC_10112016_16-0929,model_B
tofueval_SmolLM2-1.7B-Instruct,531,531,1.7478915452957153,35,0.7387575507164001,0.1298217475414276,"[0.1505342054313847, 0.014893387603972639, -0.0035753437450953894, 0.05787734258919954, -0.055352216533252174]","[0.07358602627646178, 0.00594660321907473, 0.0034080447889469462, 0.011699059314560145, 0.006736406736932363]",0,LongBeachCC_10112016_16-0929,model_C
tofueval_SmolLM2-1.7B-Instruct,532,532,1.271871566772461,53,1.9505561590194702,0.28765004873275757,"[0.4855125634096352, 0.763580917175376, -0.003770544145361714, -0.07942097565545789, 0.0017230611608609699]","[0.16084959781602384, 0.08192270709958153, 0.0035206405628003886, 0.009697103480045011, 0.005104491874504366]",0,LongBeachCC_10112016_16-0929,model_D
tofueval_SmolLM2-1.7B-Instruct,533,533,1.5038797855377197,94,1.584159255027771,0.2245989888906479,"[0.2869188442521474, 0.1622261469782488, 0.2491031359194436, 0.6858949184906743, 0.02674586881551264]","[0.0750944290401389, 0.026211737859702024, 0.0303587250959452, 0.0840937027621386, 0.008651107325493242]",0,LongBeachCC_10112016_16-0929,model_E
tofueval_SmolLM2-1.7B-Instruct,534,534,2.6839520931243896,49,1.2581652402877808,0.22214166820049286,"[0.33418691051857813, -0.17324633808920578, 0.10949757672390159, 0.10355039653653393, -0.0068947059121363015]","[0.10503119668223639, 0.03494234989119256, 0.03072319283292389, 0.016400680933991087, 0.0048225953570942455]",0,LongBeachCC_10112016_16-0929,Model-Extra
tofueval_SmolLM2-1.7B-Instruct,535,535,1.4055397510528564,41,2.29378080368042,0.26570940017700195,"[1.263812766841999, 0.499446814993351, 0.0101885419884106, -0.015379174260377156, 0.028044727931889456]","[0.20135034009297492, 0.04724286709833683, 0.005239742726766187, 0.0067856121959932085, 0.006464735711899]",0,LongBeachCC_10112016_16-0929,model_A
tofueval_SmolLM2-1.7B-Instruct,536,536,1.206738829612732,83,2.0892860889434814,0.24047499895095825,"[0.7863724004724119, 0.3548620024749291, 0.30730774181232934, 0.08107355409806752, 0.062022680331144976]","[0.11412097780624438, 0.035767740507927526, 0.035879963265081215, 0.011371142148799477, 0.009340235092633565]",0,LongBeachCC_10112016_16-0929,model_B
tofueval_SmolLM2-1.7B-Instruct,537,537,1.4984782934188843,75,1.6579450368881226,0.23660306632518768,"[0.5582405252877136, 0.7612107782977788, 0.022496853166976506, 0.03572140154701932, 0.03559945706434822]","[0.1257528442297409, 0.08162329434580898, 0.004789814189913007, 0.00955889372244466, 0.005274941791174115]",0,LongBeachCC_10112016_16-0929,model_C
tofueval_SmolLM2-1.7B-Instruct,538,538,1.1549569368362427,109,1.4736970663070679,0.2325562983751297,"[0.5882275391967087, 0.6163153738374053, 0.005564788444535892, 0.10432381725975808, -0.0033860187443537177]","[0.10432422574950753, 0.0933225602721746, 0.003926566190042182, 0.014518929817597314, 0.005100934171907384]",1,LongBeachCC_10112016_16-0929,model_D
tofueval_SmolLM2-1.7B-Instruct,539,539,1.157814860343933,148,1.9447660446166992,0.2565930485725403,"[0.49224404886558043, 0.4744037747153237, 0.0013627424431851486, 0.7157879091835245, 0.12174189015732319]","[0.07637416365867933, 0.06674470972617459, 0.011274247348628582, 0.09656396545159703, 0.012047643899069118]",0,LongBeachCC_10112016_16-0929,model_E
tofueval_SmolLM2-1.7B-Instruct,540,540,1.9193367958068848,36,1.1504977941513062,0.23775070905685425,"[0.33193062529446454, 0.05662504669615171, 0.000181552310500087, 0.03373956388936171, -0.023791764503888164]","[0.11267401974570627, 0.019691119713772624, 0.020324005607512338, 0.009412154058231358, 0.008333056320932682]",0,LongBeachCC_10112016_16-0929,Model-Extra
tofueval_SmolLM2-1.7B-Instruct,541,541,1.5636131763458252,52,1.561667561531067,0.2249298393726349,"[0.33608076381138885, -0.05964341857179534, 0.39660698075469836, 0.1631362448231532, 0.06817702438834553]","[0.09158390926145679, 0.011853167291204815, 0.045484987251221846, 0.015285689188335009, 0.012751805817305676]",0,LongBeachCC_10112016_16-0929,model_A
tofueval_SmolLM2-1.7B-Instruct,542,542,1.1684026718139648,46,2.4642345905303955,0.2824345529079437,"[0.8693838950104059, 0.34108153578788014, 0.48434546877346607, 0.0326529978952136, 0.03784450146609624]","[0.14929370822900112, 0.04115274023870271, 0.04836468113159714, 0.013894797155467873, 0.00864162644634123]",0,LongBeachCC_10112016_16-0929,model_B
tofueval_SmolLM2-1.7B-Instruct,543,543,1.3966679573059082,70,1.7815078496932983,0.22563107311725616,"[0.47620901372616314, 0.283393674844826, 0.3347736857976997, 0.17614428994753065, -0.015047442321000354]","[0.09648824426590831, 0.031227364460210082, 0.04306451261757372, 0.01696696419939404, 0.0054078300438764665]",0,LongBeachCC_10112016_16-0929,model_C
tofueval_SmolLM2-1.7B-Instruct,544,544,1.2509087324142456,50,2.3776233196258545,0.290419340133667,"[0.8569863472501947, 0.7254178970353677, 0.20622661162168698, 0.08541032745971279, 0.002796871491020738]","[0.12647121402985362, 0.09007300816499991, 0.029153035699986275, 0.00658356518994367, 0.004929767973068238]",0,LongBeachCC_10112016_16-0929,model_D
tofueval_SmolLM2-1.7B-Instruct,545,545,1.2303051948547363,75,1.9602054357528687,0.26717814803123474,"[0.23681079414044537, 0.6436255038412734, 0.3156852507226434, 0.2528140893850597, -0.016904281932323406]","[0.0970687502499186, 0.08348529080611722, 0.035180233959140425, 0.038896781430922636, 0.005551411383166472]",0,LongBeachCC_10112016_16-0929,model_E
tofueval_SmolLM2-1.7B-Instruct,546,546,2.0577731132507324,68,0.6451311111450195,0.11415469646453857,"[0.017314766698023853, 0.16815569127142868, 0.2800238170893863, 0.0002607370398062117, -0.02378656016662717]","[0.006206835863421849, 0.04628512132073999, 0.03935173139646341, 0.0025643630342528922, 0.0053257807363640015]",0,LongBeachCC_10172017_17-0944,Model-Extra
tofueval_SmolLM2-1.7B-Instruct,547,547,1.6761136054992676,71,1.6215565204620361,0.21081142127513885,"[-0.022625538644718637, 0.26961608006681226, 0.4976568246251267, -0.024241556665568258, 0.586653975720278]","[0.02653839991411664, 0.055825597894986013, 0.05878982753887946, 0.0077172963364972305, 0.055340672152903]",0,LongBeachCC_10172017_17-0944,model_A
tofueval_SmolLM2-1.7B-Instruct,548,548,1.8498586416244507,40,0.8134258985519409,0.14973653852939606,"[-0.032080964650958776, 0.5941911502741277, 0.2819390224292874, -0.012192507088184357, -0.0382718687877059]","[0.008144401073514019, 0.09944603543262928, 0.02697629895847058, 0.0026615250128088517, 0.010495982655265834]",0,LongBeachCC_10172017_17-0944,model_B
tofueval_SmolLM2-1.7B-Instruct,549,549,1.489762783050537,66,1.7103404998779297,0.2441701591014862,"[0.08562284526873776, 0.2414791243570631, 1.1114601643692532, 0.030696118012366987, 0.035630832315126267]","[0.011383810506121143, 0.06588999378535929, 0.137071324573023, 0.0041228790281489965, 0.020348660663633684]",1,LongBeachCC_10172017_17-0944,model_C
tofueval_SmolLM2-1.7B-Instruct,550,550,1.6870242357254028,47,0.3946014642715454,0.13787643611431122,"[0.012796126187164733, 0.32104747603706857, 0.041187585232422705, -0.0034471424890959515, 0.028357193904354216]","[0.009921021446798671, 0.07599748119692061, 0.010371767536816286, 0.002134298736989954, 0.008771506800258067]",0,LongBeachCC_10172017_17-0944,model_D
tofueval_SmolLM2-1.7B-Instruct,551,551,1.6029114723205566,52,1.4958882331848145,0.17301127314567566,"[0.025645281971754648, 0.7919634782727092, 0.5923101134159459, 0.04183375253118216, 0.046589319952405416]","[0.008695048478190213, 0.09858754587185103, 0.0566716561071329, 0.0030593666315675925, 0.00787509927683389]",1,LongBeachCC_10172017_17-0944,model_E
tofueval_SmolLM2-1.7B-Instruct,552,552,3.0684731006622314,42,0.5969184637069702,0.1323421746492386,"[-0.06636255137744315, 0.24306727067700454, 0.1766178697414164, -0.000537366173895342, -0.11729038285002821]","[0.021436503382401065, 0.07230030009426021, 0.01944332627040456, 0.004222813629894517, 0.010694371142086484]",0,LongBeachCC_10172017_17-0944,Model-Extra
tofueval_SmolLM2-1.7B-Instruct,553,553,1.6674364805221558,102,1.224901556968689,0.1795998364686966,"[0.03868524587197302, 0.2173398678235518, 0.4111469507613448, -0.008035266529951318, 0.3361816531162499]","[0.027840097687283773, 0.03960438393954189, 0.05148083123353275, 0.00838908690986821, 0.042039544858466]",1,LongBeachCC_10172017_17-0944,model_A
tofueval_SmolLM2-1.7B-Instruct,554,554,1.5057669878005981,77,1.1757315397262573,0.2115345299243927,"[0.04102398927154189, 0.5749097755723088, 0.5050995169818256, 0.029231205854758427, 0.028872469428007478]","[0.011927068109964073, 0.1360240659408888, 0.06799203352763128, 0.0031118047003734057, 0.0053138022517073705]",1,LongBeachCC_10172017_17-0944,model_B
tofueval_SmolLM2-1.7B-Instruct,555,555,1.6292238235473633,74,1.2668893337249756,0.21102401614189148,"[0.3905803179171729, 0.21290424049555048, 0.4338675953024633, -0.020092628607557884, -0.01905244343199868]","[0.0656147968795906, 0.03555800370668909, 0.05579799811887308, 0.007758546780395763, 0.013171975767535687]",1,LongBeachCC_10172017_17-0944,model_C
tofueval_SmolLM2-1.7B-Instruct,556,556,2.074234962463379,43,0.9072423577308655,0.1539549082517624,"[0.0203499875009753, 0.3822100700453184, 0.5457259665492402, 0.014783430833716032, 0.005599066994131305]","[0.022656714092421638, 0.06372554610086724, 0.06439650001274733, 0.004367615262179793, 0.011247287137192934]",0,LongBeachCC_10172017_17-0944,model_D
tofueval_SmolLM2-1.7B-Instruct,557,557,1.4860596656799316,37,0.4513343572616577,0.15495698153972626,"[-0.029283898325662153, 0.2444878479314817, 0.2720404857316533, 0.043451140886424364, 0.06322698064802869]","[0.0155080822972908, 0.05738580876936179, 0.04974089632584789, 0.004276971071974274, 0.023165117905198318]",0,LongBeachCC_10172017_17-0944,model_E
tofueval_SmolLM2-1.7B-Instruct,558,558,2.1822707653045654,68,1.1779322624206543,0.21379078924655914,"[0.6603919081749422, 0.1849748320922064, 0.1601262200394344, 0.003181992956396083, 0.03796002253468888]","[0.1303536916485053, 0.07410410263800901, 0.020629404439211935, 0.0034585416019715064, 0.00807709358288294]",1,LongBeachCC_10172017_17-0944,Model-Extra
tofueval_SmolLM2-1.7B-Instruct,559,559,1.3866536617279053,39,1.8162078857421875,0.3317088484764099,"[1.462007963940358, 0.06823286978312983, 0.0029605794369649044, -0.007806314167399437, -0.04764541119743043]","[0.29366308881734043, 0.006226573086375235, 0.003928036952017395, 0.0023780062389657055, 0.009152111170246476]",1,LongBeachCC_10172017_17-0944,model_A
tofueval_SmolLM2-1.7B-Instruct,560,560,0.8837005496025085,49,2.2321832180023193,0.313709557056427,"[1.8449592150406846, 0.002620284280464129, -0.01120396207112876, 0.0006267978032879836, 0.05107274324851757]","[0.27415801589739536, 0.0035082055185563263, 0.0027835165363897857, 0.0021502480901466584, 0.005667086375027867]",1,LongBeachCC_10172017_17-0944,model_B
tofueval_SmolLM2-1.7B-Instruct,561,561,0.7714759111404419,51,1.6531699895858765,0.26727554202079773,"[1.264096147984531, 0.03542829623363693, 0.03304489329400217, 0.02094176142503891, 0.08405281165409285]","[0.22363815413875415, 0.004750798173339646, 0.003475975691389085, 0.002337516146580503, 0.011320742075333649]",1,LongBeachCC_10172017_17-0944,model_C
tofueval_SmolLM2-1.7B-Instruct,562,562,1.3941751718521118,72,1.045017123222351,0.15975427627563477,"[0.556896454360362, 0.022796480931800842, 0.0168492078632375, 0.09035334128728006, 0.05459661235444299]","[0.0999973384336133, 0.004989693427117143, 0.01052910530980474, 0.009139727909188069, 0.011151618742676166]",1,LongBeachCC_10172017_17-0944,model_D
tofueval_SmolLM2-1.7B-Instruct,563,563,0.6714627146720886,46,2.49387526512146,0.3183005452156067,"[2.0384717587882695, 0.02705506043528895, -0.008490494147459369, 0.036473351341555826, 0.039507286226422446]","[0.270709270827786, 0.006621237834313275, 0.0036394450230941206, 0.0029685983110104407, 0.007465887040577558]",1,LongBeachCC_10172017_17-0944,model_E
tofueval_SmolLM2-1.7B-Instruct,564,564,1.5811505317687988,37,1.925257921218872,0.2799355983734131,"[-0.08544007177241272, 1.0077496646538477, -0.07431094019871985, 0.020551980813694616, 0.05267032386256835]","[0.006145205054348775, 0.15226183086142064, 0.009453183238735152, 0.002819776733992291, 0.0033529969444660653]",0,LongBeachCC_11202018_18-1021,Model-Extra
tofueval_SmolLM2-1.7B-Instruct,565,565,1.7600258588790894,37,1.9509823322296143,0.2717052698135376,"[0.19672924080844717, 0.4162765171715511, 0.0949347364508572, 0.002606655834431483, -0.031005783207915926]","[0.01590716836789078, 0.10906787485809882, 0.01068078770507831, 0.004717931373650916, 0.00558193739647863]",0,LongBeachCC_11202018_18-1021,model_A
tofueval_SmolLM2-1.7B-Instruct,566,566,1.1299480199813843,121,2.0348830223083496,0.2509998679161072,"[-0.0029113041998867586, 1.043769940869567, 0.5744633380321724, 0.026981140192009295, 0.0015898915781607766]","[0.004157873701647189, 0.1458120046571077, 0.06486164470661343, 0.003548413115555933, 0.002765750069267431]",0,LongBeachCC_11202018_18-1021,model_B
tofueval_SmolLM2-1.7B-Instruct,567,567,0.8634825944900513,82,2.4805946350097656,0.34994637966156006,"[0.03335012259781141, 1.365599075582151, 0.6917065667105085, 0.0034937528182969646, -0.013643756709892088]","[0.007955664688901512, 0.1999300295435937, 0.09637271759092761, 0.002546111528620092, 0.002578017626402892]",0,LongBeachCC_11202018_18-1021,model_C
tofueval_SmolLM2-1.7B-Instruct,568,568,0.7410022020339966,54,2.852590322494507,0.3499349355697632,"[0.06952644953842671, 2.277597786429666, 0.013745250874004947, 0.016400043759387226, 0.004363130900418144]","[0.01612587601775212, 0.29266242413453897, 0.0038050139039653543, 0.002095493016213368, 0.0031911984957938935]",0,LongBeachCC_11202018_18-1021,model_D
tofueval_SmolLM2-1.7B-Instruct,569,569,0.7080298066139221,146,2.4626219272613525,0.31487298011779785,"[0.0008450422572497875, 1.485589979940464, 0.6039125057159752, 0.0044643045134201715, -0.020978111066167364]","[0.005331531002153273, 0.21340225018991066, 0.07281900665603887, 0.0019206445253864598, 0.002402819901052126]",0,LongBeachCC_11202018_18-1021,model_E
tofueval_SmolLM2-1.7B-Instruct,570,570,1.6188112497329712,53,1.8843125104904175,0.2596173584461212,"[-0.02391727479616233, 0.7867522080239998, 0.15370708140808176, 0.015556742712846553, -0.010379458469270623]","[0.004354471977501147, 0.1509182137168229, 0.017621003109044703, 0.002867298481567319, 0.003068313605710054]",0,LongBeachCC_11202018_18-1021,Model-Extra
tofueval_SmolLM2-1.7B-Instruct,571,571,0.6963055729866028,105,2.67697811126709,0.35351428389549255,"[-0.01275157748780094, 1.3938941531082882, 0.8946890608168143, 0.007009024305859514, -0.021357880651097123]","[0.007631036420300353, 0.20973471636160476, 0.11489195737134911, 0.0025795139819397915, 0.0022396637206016055]",0,LongBeachCC_11202018_18-1021,model_A
tofueval_SmolLM2-1.7B-Instruct,572,572,0.8947503566741943,81,2.345022201538086,0.30494311451911926,"[0.0010537528264031597, 1.4113440961062471, 0.5079347720846856, 0.05239930228268394, -0.03381650062941911]","[0.00921697853120776, 0.21001761501642766, 0.05421621042294781, 0.0027648521101728413, 0.0029674675842788593]",0,LongBeachCC_11202018_18-1021,model_B
tofueval_SmolLM2-1.7B-Instruct,573,573,0.8012213110923767,156,2.1950840950012207,0.2814473509788513,"[-0.020321181218407265, 1.0092694850883652, 0.8456853642894949, 0.03213756355051327, -0.02319885093703096]","[0.006753564805265091, 0.13147395282283889, 0.11941308013053287, 0.003145782710204478, 0.0031576387078666667]",0,LongBeachCC_11202018_18-1021,model_C
tofueval_SmolLM2-1.7B-Instruct,574,574,0.49883896112442017,124,3.0615923404693604,0.3836546838283539,"[-0.013924433290500724, 1.0126309329904373, 1.6346829439654327, 0.019568255748591553, -0.0019710252518639355]","[0.0035062769286042794, 0.15011038748404631, 0.1981579716953276, 0.0012778357242987407, 0.0023855875333093617]",0,LongBeachCC_11202018_18-1021,model_D
tofueval_SmolLM2-1.7B-Instruct,575,575,0.9251416325569153,97,2.5731208324432373,0.31160300970077515,"[-0.07418550154397963, 0.8786967571137099, 0.9141601469629077, -0.00605977786592083, -0.04309872880061373]","[0.010189517913886448, 0.13125630564420285, 0.12417947609037114, 0.0033782005638451815, 0.003746033536415161]",0,LongBeachCC_11202018_18-1021,model_E
tofueval_SmolLM2-1.7B-Instruct,576,576,2.053968667984009,34,1.330362319946289,0.2708399295806885,"[-0.09973598404929576, 0.11426478026474154, 0.01397576842282433, -0.01950917115797946, 0.01966006334003075]","[0.0028531826758888415, 0.12893805288946597, 0.017678114962149372, 0.002743729808016456, 0.002037642252001687]",0,LongBeachCC_11202018_18-1021,Model-Extra
tofueval_SmolLM2-1.7B-Instruct,577,577,1.05111563205719,57,1.9691555500030518,0.2663302719593048,"[-0.0477888723098818, 0.6834235745522994, 0.38091982250587436, 0.05517359567308806, 0.013074800892290864]","[0.005874119046953446, 0.15350240889982383, 0.03541461903480587, 0.002275498974616615, 0.0027364140629535477]",0,LongBeachCC_11202018_18-1021,model_A
tofueval_SmolLM2-1.7B-Instruct,578,578,0.4728199541568756,96,3.221691370010376,0.39483991265296936,"[-0.040372070350808066, 2.456332116685303, 0.015245928974839748, 0.03353285152996932, 0.016736013566401198]","[0.0041660655537564635, 0.33311316269364016, 0.005130466269221756, 0.0013299592657247672, 0.0015660945361446466]",0,LongBeachCC_11202018_18-1021,model_B
tofueval_SmolLM2-1.7B-Instruct,579,579,1.1379815340042114,90,1.9651226997375488,0.27460798621177673,"[-0.03768605821048065, 1.0579839161283517, 0.46365761501721053, 0.021199598161749437, 0.002102662667877869]","[0.004264049420963703, 0.1538189377482518, 0.06375430582707445, 0.002646128927881364, 0.0024163153349238404]",0,LongBeachCC_11202018_18-1021,model_C
tofueval_SmolLM2-1.7B-Instruct,580,580,0.8595796227455139,122,2.391244411468506,0.29121407866477966,"[0.00930877570379037, 0.8090405012624383, 1.2554048125290496, 0.03345836424318059, 0.016347201631378247]","[0.0038325521507246896, 0.11722003673106544, 0.13897309422477297, 0.003425165887018115, 0.00284807291419555]",0,LongBeachCC_11202018_18-1021,model_D
tofueval_SmolLM2-1.7B-Instruct,581,581,2.0546536445617676,40,1.7221225500106812,0.22943978011608124,"[-0.04538742299155274, 0.6878180049774528, 0.19605387183764833, 0.06748644166946179, -0.07762893318613351]","[0.0018872781875757028, 0.11900479152345725, 0.029773810023311854, 0.005345391699745505, 0.0033315193910482322]",0,LongBeachCC_11202018_18-1021,model_E
tofueval_SmolLM2-1.7B-Instruct,582,582,2.3674256801605225,61,0.8578354120254517,0.1033625677227974,"[0.121645595451586, 0.2270652009508206, 0.080885771383602, -0.03658366750746385, 0.026817778485505574]","[0.03360680267046444, 0.021583402505147294, 0.010761166693594563, 0.021154453253127373, 0.009258835990920965]",1,LongBeachCC_12052017_17-1101,Model-Extra
tofueval_SmolLM2-1.7B-Instruct,583,583,1.7680809497833252,67,0.6626299023628235,0.09664352983236313,"[0.021373510195216886, 0.1524230633925737, 0.015945415035995253, 0.030951584910421368, 0.0028063734815674903]","[0.02120633770622345, 0.023660765834413167, 0.006143199775911555, 0.01459307022718919, 0.009012613483151593]",1,LongBeachCC_12052017_17-1101,model_A
tofueval_SmolLM2-1.7B-Instruct,584,584,2.0971486568450928,67,1.1056392192840576,0.1238485723733902,"[0.0172809618616428, 0.0648603896554403, -0.053156901783189985, 0.18916710535973943, 0.6064220711755229]","[0.007431426761802108, 0.008900835765871307, 0.006140372045212725, 0.021664001209406272, 0.05394428757103042]",0,LongBeachCC_12052017_17-1101,model_B
tofueval_SmolLM2-1.7B-Instruct,585,585,2.015888214111328,75,0.9806206226348877,0.13251736760139465,"[0.20938793262136945, 0.07106902679098615, 0.10227322489217235, 0.2826871593915469, 0.08509402290355259]","[0.031698602246209094, 0.012197895144869714, 0.019289200900408712, 0.029672836502968494, 0.012668274979234107]",1,LongBeachCC_12052017_17-1101,model_C
tofueval_SmolLM2-1.7B-Instruct,586,586,1.601881504058838,95,0.9871532917022705,0.15207338333129883,"[0.3920441227965057, 0.3401991260761861, -0.006783314876022479, -0.013656534811965876, 0.07632103595809128]","[0.061794733621531796, 0.04033593043972551, 0.0064913461501084, 0.011436266737813353, 0.014998014768487241]",0,LongBeachCC_12052017_17-1101,model_D
tofueval_SmolLM2-1.7B-Instruct,587,587,1.6023653745651245,75,1.4164656400680542,0.17378492653369904,"[0.46207052393467163, 0.04366014323963706, 0.02994072748576097, 0.5034022737080522, 0.045536501631722785]","[0.07036676131804598, 0.010679959134516442, 0.00854054577412929, 0.04397343828784415, 0.025868688097583192]",1,LongBeachCC_12052017_17-1101,model_E
tofueval_SmolLM2-1.7B-Instruct,588,588,2.5474026203155518,46,1.0771061182022095,0.2311493158340454,"[0.6582826931313004, 0.2961888183768758, 0.029555049917215238, -0.054695300228954497, 0.12442053640868676]","[0.12955150765913498, 0.07688353990725653, 0.004041821849114058, 0.011070853137267555, 0.015408969111673365]",0,LongBeachCC_12052017_17-1101,Model-Extra
tofueval_SmolLM2-1.7B-Instruct,589,589,2.222012519836426,48,1.6429961919784546,0.20387768745422363,"[0.46669836360767175, 0.18598377240656797, 0.03829601325560361, 0.11992520264660318, 0.17158976194089823]","[0.0464593364981738, 0.021734246020438757, 0.006625970147406217, 0.025178103348101406, 0.019469989422456518]",1,LongBeachCC_12052017_17-1101,model_A
tofueval_SmolLM2-1.7B-Instruct,590,590,1.4396512508392334,69,1.3264106512069702,0.19575908780097961,"[0.7920029984991255, 0.21911009620120953, -0.020554916361436262, 0.08323489736927592, 0.007232843145755106]","[0.1221297825082149, 0.03541754104501878, 0.0036905501762466092, 0.01656109882404949, 0.009723413343408538]",1,LongBeachCC_12052017_17-1101,model_B
tofueval_SmolLM2-1.7B-Instruct,591,591,1.7797017097473145,65,1.5768414735794067,0.1883862316608429,"[0.6232728718309842, 0.6214981975101042, 0.05278523370104197, -0.07984975576658214, 0.021331685055450248]","[0.06800806602182442, 0.06967869005328829, 0.009029573505978742, 0.009539342411085273, 0.007662685823633043]",0,LongBeachCC_12052017_17-1101,model_C
tofueval_SmolLM2-1.7B-Instruct,592,592,1.8515546321868896,69,1.6812769174575806,0.25561991333961487,"[0.8329750603259763, 0.542383268866747, 0.03998844585283592, 0.0679604356984677, -0.006872420005717119]","[0.12359774832590198, 0.06923931402208995, 0.006484842789671782, 0.008667119772774417, 0.007846348618551165]",0,LongBeachCC_12052017_17-1101,model_D
tofueval_SmolLM2-1.7B-Instruct,593,593,1.7787922620773315,37,0.4231427311897278,0.10916031897068024,"[-0.04447759821935481, -0.007940022888392009, 0.027808251177162135, 0.14312247136557424, 0.0062350040377193204]","[0.020961228033254, 0.006431753935160216, 0.0018474334472164235, 0.012486882931576425, 0.005102933855842157]",1,LongBeachCC_12052017_17-1101,model_E
tofueval_SmolLM2-1.7B-Instruct,594,594,2.028857946395874,67,1.5278750658035278,0.17745372653007507,"[0.3161056885756305, 0.5837837660330288, 0.050974552838241254, 0.10586216047365148, 0.2241336382350927]","[0.05164714958252614, 0.061571376585512455, 0.007649599528722727, 0.01897864980697813, 0.026985937607086365]",0,LongBeachCC_12052017_17-1101,Model-Extra
tofueval_SmolLM2-1.7B-Instruct,595,595,1.9455149173736572,80,0.9864635467529297,0.1377411186695099,"[0.5172930566397553, 0.09067193528826464, 0.03859100680292613, 0.08933536187864774, -0.006851758811035324]","[0.08746081122884561, 0.01436715664213466, 0.003890628196580792, 0.012505388874421897, 0.0069466098585621696]",1,LongBeachCC_12052017_17-1101,model_A
tofueval_SmolLM2-1.7B-Instruct,596,596,1.4192007780075073,110,1.436854362487793,0.18496130406856537,"[0.16758933151886596, 0.2768100730776661, 0.008071344957451484, 0.1475733850510468, 0.6959244835970987]","[0.033429885890354234, 0.04541778900047316, 0.004721990015001541, 0.016585397319218743, 0.06957130672182436]",1,LongBeachCC_12052017_17-1101,model_B
tofueval_SmolLM2-1.7B-Instruct,597,597,1.5566271543502808,50,0.7770886421203613,0.10636124759912491,"[-0.0586755605059443, 0.1353944228470209, -0.012516703531437088, 0.1499327030488348, -0.045638010614202355]","[0.021286538803997244, 0.013287078086791552, 0.002974701146586085, 0.015853682071322053, 0.009610210525916046]",1,LongBeachCC_12052017_17-1101,model_C
tofueval_SmolLM2-1.7B-Instruct,598,598,1.5247191190719604,100,1.4748972654342651,0.17701144516468048,"[0.9119002205040306, 0.01474798048773664, 0.003697433596389601, 0.17751792971554095, 0.07045445630908943]","[0.11435448611980518, 0.012652174710001417, 0.0035940261806081254, 0.014213858453106241, 0.015139691867041165]",1,LongBeachCC_12052017_17-1101,model_D
tofueval_SmolLM2-1.7B-Instruct,599,599,1.5352455377578735,44,1.6318893432617188,0.1847698837518692,"[0.09780202369116027, 0.536878081595205, 0.03585995026655424, 0.1554042928943421, -0.043672144095084645]","[0.03237001526073093, 0.07605360380511622, 0.0032937079364940432, 0.02496716554533536, 0.00951498033077769]",0,LongBeachCC_12052017_17-1101,model_E
tofueval_SmolLM2-1.7B-Instruct,600,600,1.6722463369369507,42,1.2596675157546997,0.212362602353096,"[1.179187925468709, 0.15739639624509782, 0.031723661415439676, 0.0007053762972299453, -0.022368437524987496]","[0.17694829508920001, 0.038088341921506765, 0.004193889226252438, 0.001864353534529073, 0.005156659232462906]",0,SeattleCityCouncil_02082022_CB 120264,Model-Extra
tofueval_SmolLM2-1.7B-Instruct,601,601,1.1892435550689697,45,1.8809020519256592,0.2178196758031845,"[0.6264114295067783, 0.926367946416657, -0.0107831311729064, -0.02219193073364699, -0.008482911097235046]","[0.11507913980296709, 0.10376194705499478, 0.0032038729138144442, 0.0015019461456176942, 0.0030205393560208903]",1,SeattleCityCouncil_02082022_CB 120264,model_A
tofueval_SmolLM2-1.7B-Instruct,602,602,1.230510950088501,52,1.6745349168777466,0.2322082668542862,"[1.350197366474626, 0.22582797958211115, -0.024114659733291213, -0.01984964848144535, -0.029884250400825225]","[0.17809056899008843, 0.06824095299810569, 0.003159887717987868, 0.0019184954614694595, 0.0037414465768523977]",1,SeattleCityCouncil_02082022_CB 120264,model_B
tofueval_SmolLM2-1.7B-Instruct,603,603,1.2986125946044922,68,1.6597627401351929,0.2159549444913864,"[0.9261850259114427, 0.256740453747625, -0.016811779494780826, 0.022803323168987203, -0.0228230784429316]","[0.15706503266418997, 0.04394860119737132, 0.004794262045867768, 0.009108298090596049, 0.004497998438590484]",0,SeattleCityCouncil_02082022_CB 120264,model_C
tofueval_SmolLM2-1.7B-Instruct,604,604,1.2835830450057983,40,1.5617313385009766,0.2386491298675537,"[1.3892456568195484, 0.15593138914264273, -0.0012596545711858198, -0.05167197745322483, -0.014253193727199687]","[0.20653923443169334, 0.04329015316561709, 0.0036938779390879974, 0.0026219632600486876, 0.0038346093299423956]",0,SeattleCityCouncil_02082022_CB 120264,model_D
tofueval_SmolLM2-1.7B-Instruct,605,605,1.4259507656097412,74,1.64717698097229,0.22301001846790314,"[0.25422029721945316, 0.3103813559624, 0.6705338249104063, 0.11325875102824826, 0.12992076096880073]","[0.08175483152211536, 0.04665725219485207, 0.061008099403219496, 0.02912523611363102, 0.0139245112905895]",1,SeattleCityCouncil_02082022_CB 120264,model_E
tofueval_SmolLM2-1.7B-Instruct,606,606,1.5455293655395508,63,1.3186017274856567,0.19212254881858826,"[0.9060579430014413, 0.030017134980187706, 0.0007984879276981312, 0.012506619585485804, -0.007382599449354327]","[0.17299102104822403, 0.009198269926220371, 0.003333315787261069, 0.002275564343281509, 0.0025178602316748492]",0,SeattleCityCouncil_02082022_CB 120264,Model-Extra
tofueval_SmolLM2-1.7B-Instruct,607,607,1.6243211030960083,35,1.911288857460022,0.290016233921051,"[1.6054640499608857, -0.040143827621691996, -0.028383012897601086, -0.05469690038423453, -0.018715259203288172]","[0.2458736423935209, 0.002091709213138009, 0.003434352547161065, 0.002938112056290265, 0.003541898655385012]",0,SeattleCityCouncil_02082022_CB 120264,model_A
tofueval_SmolLM2-1.7B-Instruct,608,608,1.026288390159607,89,2.296248435974121,0.2825118899345398,"[1.7277557514643878, 0.5199355068515196, -0.014682080792318742, -0.0037467358812095933, -0.009603350490885603]","[0.21697935694011106, 0.06691299199081166, 0.004647516359746282, 0.0027134328867473773, 0.0035087293198956286]",1,SeattleCityCouncil_02082022_CB 120264,model_B
tofueval_SmolLM2-1.7B-Instruct,609,609,1.2563755512237549,64,2.0332491397857666,0.26609236001968384,"[1.5963764560292475, 0.20991420760492474, -0.0015835229050935595, 0.012254941014361975, 0.005377871590098948]","[0.2216313299140893, 0.02255253478556085, 0.0036266016085519936, 0.002479892145593965, 0.0037691754665587496]",0,SeattleCityCouncil_02082022_CB 120264,model_C
tofueval_SmolLM2-1.7B-Instruct,610,610,1.306955337524414,72,1.5594216585159302,0.22428090870380402,"[1.2532005188679451, 0.20395776103032404, -0.0031430309301059525, -2.044883775751158e-05, -0.006652557967047162]","[0.18662321352732963, 0.024774269760731233, 0.004057224312475682, 0.002984673892045622, 0.0031668013433040366]",0,SeattleCityCouncil_02082022_CB 120264,model_D
tofueval_SmolLM2-1.7B-Instruct,611,611,1.2895827293395996,36,2.2465624809265137,0.316874235868454,"[1.9027890058544774, -0.012290217996148082, -0.006336236619972624, -0.005450772184606952, -0.019995185407525342]","[0.2682673405910868, 0.0020785570353736046, 0.0028717485882528613, 0.0021496608067839893, 0.0032084320729255625]",0,SeattleCityCouncil_02082022_CB 120264,model_E
tofueval_SmolLM2-1.7B-Instruct,612,612,1.763155460357666,54,1.5648354291915894,0.24349963665008545,"[1.2153144510618101, 0.03106298031666989, -0.03901050041140816, 0.0017959631573089777, -0.03952561655131393]","[0.20380675805413542, 0.015935712380892423, 0.005066055521806616, 0.0023548352440364534, 0.002915766392106889]",0,SeattleCityCouncil_02082022_CB 120264,Model-Extra
tofueval_SmolLM2-1.7B-Instruct,613,613,1.351646065711975,98,2.1570940017700195,0.2738719880580902,"[0.8348454724778929, 0.3474691587112848, 0.42317255724630776, 0.12410182117672756, 0.12195455681592425]","[0.1465935732767228, 0.04389361170938208, 0.046758343306596624, 0.028826133577544336, 0.013801151002768137]",1,SeattleCityCouncil_02082022_CB 120264,model_A
tofueval_SmolLM2-1.7B-Instruct,614,614,1.1783483028411865,65,1.946092963218689,0.2634451687335968,"[1.2050997089800568, 0.6525703995685594, -0.0014702688856722, 0.005616908304084343, 0.0033169336488264468]","[0.18934914277029188, 0.07116175687452386, 0.0037848916952428297, 0.0030048629702483036, 0.003462875919873253]",1,SeattleCityCouncil_02082022_CB 120264,model_B
tofueval_SmolLM2-1.7B-Instruct,615,615,1.7684378623962402,64,1.5996758937835693,0.21849533915519714,"[1.251147726932686, 0.02517303649619862, 0.04646258784032398, 0.043286610509312595, 0.017194629002915462]","[0.18630314668189385, 0.0024052696379470717, 0.004104231081598186, 0.002963183461631047, 0.004704338145980813]",1,SeattleCityCouncil_02082022_CB 120264,model_C
tofueval_SmolLM2-1.7B-Instruct,616,616,1.162854552268982,74,1.9686915874481201,0.2418757528066635,"[1.4109025105985034, 0.2280512534229815, 0.015538470885666037, 0.004269763152429683, 0.016818211262501347]","[0.1962588091586981, 0.03309590858250001, 0.0038947475167874102, 0.002433597822303184, 0.003574286348391463]",0,SeattleCityCouncil_02082022_CB 120264,model_D
tofueval_SmolLM2-1.7B-Instruct,617,617,1.873798131942749,43,2.3239171504974365,0.28658780455589294,"[1.3461889132570852, 0.0431061281858917, 0.49960094187334236, 0.0039079544276107705, -0.025630224804381426]","[0.19755138370249312, 0.04421249937238266, 0.035263221797956865, 0.003005722738796363, 0.003010415718288345]",1,SeattleCityCouncil_02082022_CB 120264,model_E
tofueval_SmolLM2-1.7B-Instruct,618,618,1.3899900913238525,55,2.074035406112671,0.24280042946338654,"[0.5706652375530791, 0.2578224360334306, 0.2801792225940682, 0.0015566554748643697, -0.027103019736717793]","[0.07317784489026632, 0.040393736180571564, 0.037210838874716504, 0.011336876185272227, 0.005981677968743911]",0,SeattleCityCouncil_02162021_CB 119996,Model-Extra
tofueval_SmolLM2-1.7B-Instruct,619,619,1.0374743938446045,44,2.6595332622528076,0.2910650074481964,"[-0.01762620516423009, 0.4156735198193928, 1.2660804497513296, 0.07141965236025333, -0.0030964361034090293]","[0.018693001508795118, 0.05087624315109968, 0.1238411871987947, 0.007297868000085311, 0.003511657988714102]",0,SeattleCityCouncil_02162021_CB 119996,model_A
tofueval_SmolLM2-1.7B-Instruct,620,620,1.448398470878601,54,2.4165875911712646,0.2987854778766632,"[0.5570083101607721, 0.10490631304586444, 0.9355404273007514, 0.029634348166399396, 0.02424124113491012]","[0.07145727021054847, 0.018535973118694662, 0.08433794179924277, 0.00675773301180824, 0.01880444320549604]",0,SeattleCityCouncil_02162021_CB 119996,model_B
tofueval_SmolLM2-1.7B-Instruct,621,621,1.4247517585754395,34,2.2724356651306152,0.26643380522727966,"[1.0479250689557589, 0.31639843485112684, 0.6052416927790653, 0.04324563397847883, -0.06907974599915392]","[0.10346175021084705, 0.04705827793944028, 0.061707334421739424, 0.002781977005350414, 0.003258613485206083]",0,SeattleCityCouncil_02162021_CB 119996,model_C
tofueval_SmolLM2-1.7B-Instruct,622,622,0.7895136475563049,90,2.7240805625915527,0.33886972069740295,"[1.3274351792073704, 0.9353447060534058, 0.24922548736924202, -0.009321762786971197, 0.06219309456517092]","[0.1665519442347027, 0.11739222785539218, 0.02771784651709418, 0.00844065585759179, 0.006358521313712926]",0,SeattleCityCouncil_02162021_CB 119996,model_D
tofueval_SmolLM2-1.7B-Instruct,623,623,1.0944640636444092,68,1.041133165359497,0.17758741974830627,"[0.3403338140941581, 0.16860203004896046, 0.3849260072489308, 0.009349944083998493, 0.03138870459657911]","[0.05869958692436311, 0.021075794326116143, 0.05108981853801959, 0.005189557192843896, 0.006256247252167668]",0,SeattleCityCouncil_02162021_CB 119996,model_E
tofueval_SmolLM2-1.7B-Instruct,624,624,1.3927921056747437,63,1.6051931381225586,0.25845468044281006,"[0.8990206279392753, 0.5582450802157548, -0.03782349595008233, 0.0017601716854620637, -0.0342955919761499]","[0.1508996156785759, 0.08695713025098312, 0.0030453732398662337, 0.0021742816416224827, 0.002549143496061954]",0,SeattleCityCouncil_02162021_CB 119996,Model-Extra
tofueval_SmolLM2-1.7B-Instruct,625,625,1.2979053258895874,88,1.765579342842102,0.2820405960083008,"[0.64461338975525, 0.6861222217809303, 0.20095653834232508, 0.00843003066612172, 0.010133610811284267]","[0.11366810692491279, 0.09243559876927065, 0.027772202835832746, 0.001501096827059779, 0.00215446408635051]",0,SeattleCityCouncil_02162021_CB 119996,model_A
tofueval_SmolLM2-1.7B-Instruct,626,626,0.9978554844856262,83,2.229212999343872,0.30825328826904297,"[0.7124775046789851, 0.8359985973911973, 0.2719512867534579, -0.0016135135318393853, 0.07392944835097646]","[0.1039544021313118, 0.10666850490110573, 0.029742617230052688, 0.0034198487863973405, 0.005527404537944282]",0,SeattleCityCouncil_02162021_CB 119996,model_B
tofueval_SmolLM2-1.7B-Instruct,627,627,1.2040938138961792,51,2.0391149520874023,0.2677612900733948,"[1.187560211870518, 0.8714044449951354, 0.015505223385487482, 0.01685365641092443, 0.0874434042055452]","[0.15634917112937033, 0.09633997391913499, 0.0037051720075539254, 0.002466338167519722, 0.005230550476310372]",0,SeattleCityCouncil_02162021_CB 119996,model_C
tofueval_SmolLM2-1.7B-Instruct,628,628,0.9240403771400452,111,1.8872580528259277,0.2702372372150421,"[0.7391068636697218, 0.7397176668324752, 0.17721532212603838, 0.032097834935967996, 0.07012784206738427]","[0.10378598077538816, 0.11261088779833535, 0.0285574757839751, 0.007686087124308894, 0.006717834832779199]",1,SeattleCityCouncil_02162021_CB 119996,model_D
tofueval_SmolLM2-1.7B-Instruct,629,629,0.9675648808479309,123,1.4957071542739868,0.22578777372837067,"[0.6762289888370364, 0.5897472801741496, 0.16376274651555114, 0.02416821213083916, 0.027425761457956603]","[0.11024517801684497, 0.07237706704124387, 0.024356424856679538, 0.0023611965869523425, 0.002334808145173067]",0,SeattleCityCouncil_02162021_CB 119996,model_E
tofueval_SmolLM2-1.7B-Instruct,630,630,1.5468822717666626,63,2.108179807662964,0.2879016697406769,"[0.9564407917833517, 0.714143246401421, 0.31369796902701697, 0.0667945741020265, -0.024792614708227727]","[0.13692652252419585, 0.09012136487250708, 0.032217849937571, 0.0077273157474568475, 0.004513955116000568]",0,SeattleCityCouncil_02162021_CB 119996,Model-Extra
tofueval_SmolLM2-1.7B-Instruct,631,631,0.8563067317008972,91,2.4483211040496826,0.3018482029438019,"[1.0975877465782584, 0.8903110764027128, 0.2392948719164821, 0.08671130502601615, 0.012276210480354917]","[0.13298921526574714, 0.10866593863933563, 0.027043306368831017, 0.007147677764001296, 0.004454372409704624]",0,SeattleCityCouncil_02162021_CB 119996,model_A
tofueval_SmolLM2-1.7B-Instruct,632,632,1.1682827472686768,69,2.4405810832977295,0.29398027062416077,"[0.9683465535239573, 0.9246655976048846, 0.2572156509546482, -0.03285945550390128, -0.009219860219383154]","[0.10932762554527828, 0.11779638925429646, 0.03602945687785193, 0.006762782973579385, 0.010426903163652636]",0,SeattleCityCouncil_02162021_CB 119996,model_B
tofueval_SmolLM2-1.7B-Instruct,633,633,1.0204862356185913,112,2.532349109649658,0.360222727060318,"[1.3838638527210736, 0.7723214033012482, 0.16311654177031545, -0.01590511754898216, -0.0013159306307508295]","[0.2017444534979274, 0.10882501281032018, 0.02274187736344402, 0.0020506158923195373, 0.002669810136308927]",1,SeattleCityCouncil_02162021_CB 119996,model_C
tofueval_SmolLM2-1.7B-Instruct,634,634,1.1434661149978638,77,1.6798020601272583,0.24813655018806458,"[0.6694801818599184, 0.7334709363214713, 0.2790667847167159, 0.048059261729364366, 0.04035666610935231]","[0.11806647045819454, 0.08582820287454394, 0.030025120457592834, 0.0025327903052457614, 0.00405997521552131]",0,SeattleCityCouncil_02162021_CB 119996,model_D
tofueval_SmolLM2-1.7B-Instruct,635,635,1.0645804405212402,72,2.35312819480896,0.3367805480957031,"[1.4423084757872857, 0.8494141055242734, 0.008392253826766845, 0.00763057429705643, 0.0031217624443039917]","[0.21766968839155096, 0.11405225899083386, 0.002564906040788628, 0.0021950534054692777, 0.004021073345433656]",0,SeattleCityCouncil_02162021_CB 119996,model_E
tofueval_SmolLM2-1.7B-Instruct,636,636,1.9692312479019165,52,1.855203628540039,0.271747350692749,"[0.6485607721423059, -0.06844069481471357, 0.5566331307163637, -0.018604557502000647, -0.048499574132550224]","[0.1441729252737437, 0.004802204354501345, 0.06156054434657895, 0.002953567452139466, 0.007836926466591895]",0,SeattleCityCouncil_02212017_CB 118912,Model-Extra
tofueval_SmolLM2-1.7B-Instruct,637,637,1.0681850910186768,64,2.4178152084350586,0.2677515745162964,"[0.8176278475152685, -0.054586900531830906, 0.8242729747305475, 0.01768112341073902, 0.047059436991276016]","[0.12544464630067864, 0.007097392299712624, 0.08238130525941756, 0.002766595308369091, 0.005836616901234493]",0,SeattleCityCouncil_02212017_CB 118912,model_A
tofueval_SmolLM2-1.7B-Instruct,638,638,1.5998876094818115,73,1.4932352304458618,0.22248108685016632,"[0.4255761749969081, 0.045544500268951106, 0.7271355638505368, -0.004990498637397812, 0.011732140498567526]","[0.09014919848673282, 0.008745016832743776, 0.08055695837014953, 0.0030059445194164664, 0.00714154565495647]",0,SeattleCityCouncil_02212017_CB 118912,model_B
tofueval_SmolLM2-1.7B-Instruct,639,639,1.0885263681411743,68,1.925768494606018,0.2477084845304489,"[0.8923726544688928, -0.06142300752082305, 0.5881143188695098, 0.014912258172176628, 0.023018032288853324]","[0.15215674012600122, 0.007306714928303978, 0.06643483366911716, 0.00221924432525063, 0.0048511276882918005]",0,SeattleCityCouncil_02212017_CB 118912,model_C
tofueval_SmolLM2-1.7B-Instruct,640,640,0.6184844970703125,98,2.5458316802978516,0.348014235496521,"[0.6856337233134118, 0.0019386311630244432, 0.013091378594550888, 0.017144232698952617, 1.2485290315294428]","[0.09698128538380212, 0.0023941554384654578, 0.002838753696861965, 0.0018800047290492515, 0.20835902394812403]",0,SeattleCityCouncil_02212017_CB 118912,model_D
tofueval_SmolLM2-1.7B-Instruct,641,641,1.1322187185287476,96,2.3317811489105225,0.2608729302883148,"[0.5499887041696638, 0.02361903300212968, 1.0667558895947877, 0.002883405873338537, 0.1355665701715528]","[0.06723467229699054, 0.003948189513190907, 0.13004849967426443, 0.0033594796410151653, 0.014911285661033466]",0,SeattleCityCouncil_02212017_CB 118912,model_E
tofueval_SmolLM2-1.7B-Instruct,642,642,1.7238047122955322,57,1.3288074731826782,0.22848127782344818,"[0.4870933885561004, -0.04091698818458673, 0.33475051015659374, 0.016721894578694718, 0.01775166316247921]","[0.09484048067738433, 0.004791389191005261, 0.04708859837545899, 0.0015867458573825786, 0.0071043989787301]",0,SeattleCityCouncil_02212017_CB 118912,Model-Extra
tofueval_SmolLM2-1.7B-Instruct,643,643,1.1514883041381836,92,1.5766394138336182,0.23094525933265686,"[0.7094664171699665, 0.23336351894645108, 0.25105886673159344, 0.009673634165665135, 0.013385687548061074]","[0.1123793090532672, 0.03655319664448311, 0.048974933018598676, 0.0023375252428081694, 0.00583573234915182]",1,SeattleCityCouncil_02212017_CB 118912,model_A
tofueval_SmolLM2-1.7B-Instruct,644,644,0.9397823214530945,87,2.10292649269104,0.26855653524398804,"[0.871210892712858, 0.021575102679084867, 0.48622855017879635, 0.0015788411120442546, 0.006036713412941444]","[0.12958301092436453, 0.009938898081545317, 0.04957440848357854, 0.0023481181663793445, 0.007801325086901848]",1,SeattleCityCouncil_02212017_CB 118912,model_B
tofueval_SmolLM2-1.7B-Instruct,645,645,1.4218395948410034,45,2.2813498973846436,0.3068070113658905,"[0.12890523188333544, -0.03278278719323377, 0.08577387991050879, -0.0038316848325646584, 1.0995952925748296]","[0.06334580175882568, 0.009250662126416703, 0.004733091185375492, 0.0036073680944557255, 0.15390060610758763]",1,SeattleCityCouncil_02212017_CB 118912,model_C
tofueval_SmolLM2-1.7B-Instruct,646,646,1.3841376304626465,81,1.6954492330551147,0.24241894483566284,"[0.562605249679401, -0.03248098556399288, 0.6390796501954255, -0.009300467381066999, 0.0012030765592274371]","[0.12114047492254772, 0.01038927874006776, 0.06156906168819289, 0.0028616124392174466, 0.009590676579950979]",0,SeattleCityCouncil_02212017_CB 118912,model_D
tofueval_SmolLM2-1.7B-Instruct,647,647,1.031494379043579,126,1.9192672967910767,0.23500563204288483,"[0.3930824918430257, -0.012793753214195715, 1.2176440851319403, 0.02564726305423565, 0.033801263451355874]","[0.06901395895030353, 0.007362612018993339, 0.142719816176316, 0.0028286219897657766, 0.005078809539164857]",0,SeattleCityCouncil_02212017_CB 118912,model_E
tofueval_SmolLM2-1.7B-Instruct,648,648,2.142691135406494,56,1.4812041521072388,0.23061776161193848,"[0.6366932023538538, -0.06264732849844482, 0.21932608669313985, -0.01578857611145525, 0.08934060207996351]","[0.1148756753947282, 0.007545801773817727, 0.01648498809650586, 0.0033869429152316244, 0.025710644475192827]",1,SeattleCityCouncil_02212017_CB 118912,Model-Extra
tofueval_SmolLM2-1.7B-Instruct,649,649,1.0071183443069458,66,2.2700979709625244,0.2729474902153015,"[1.3201415879247538, 0.019122290498533843, 0.11600521641517073, 0.002890048185553028, 0.06431878353793184]","[0.17934810964572645, 0.004385365773821308, 0.03054530602116067, 0.0018050794723022232, 0.0060260135097437205]",0,SeattleCityCouncil_02212017_CB 118912,model_A
tofueval_SmolLM2-1.7B-Instruct,650,650,1.4709266424179077,83,1.7318888902664185,0.2261233776807785,"[0.4677309658383973, 0.0402431707855185, 0.7185516648610959, 0.017018032464667234, 0.1236032960015624]","[0.06937717611159665, 0.004713606980255671, 0.08438303902691466, 0.0027355112006481217, 0.015585020200674135]",1,SeattleCityCouncil_02212017_CB 118912,model_B
tofueval_SmolLM2-1.7B-Instruct,651,651,0.8081489205360413,62,2.49957537651062,0.3497885465621948,"[0.06749295225862655, -0.01282027726237204, 0.03221830232594643, -0.004235281213280565, 1.8774798867056117]","[0.03181998236005535, 0.002210522625494876, 0.004233474041638469, 0.0020422789872804234, 0.2956283839389911]",0,SeattleCityCouncil_02212017_CB 118912,model_C
tofueval_SmolLM2-1.7B-Instruct,652,652,1.332882046699524,77,2.404008388519287,0.2858830392360687,"[1.1359711907374637, -0.04992166021517508, 0.8662238352874962, -0.011487618892479312, 0.030500224400644323]","[0.1614826159481248, 0.009350770274959832, 0.08280046031567413, 0.0028501755718934874, 0.00811175554788081]",1,SeattleCityCouncil_02212017_CB 118912,model_D
tofueval_SmolLM2-1.7B-Instruct,653,653,1.164471983909607,42,2.581428050994873,0.24345819652080536,"[1.5864909355299286, 0.05216054043454018, 0.0003883915498071084, 0.01658251996767441, 0.12784114442737995]","[0.15358190648692016, 0.005059551045216419, 0.002813204702230602, 0.002133496796150645, 0.00953306337787364]",0,SeattleCityCouncil_02212017_CB 118912,model_E
tofueval_SmolLM2-1.7B-Instruct,654,654,1.4379041194915771,63,1.7550021409988403,0.2057802975177765,"[0.02617790769889123, 0.07335133105146861, 0.7418223407917789, 0.010134198189166093, -0.007005625968015502]","[0.0030199092672254274, 0.01723489671914851, 0.13867491442665814, 0.0021941689523488988, 0.002884579870682039]",0,SeattleCityCouncil_03092020_CB 119752,Model-Extra
tofueval_SmolLM2-1.7B-Instruct,655,655,1.023289680480957,68,2.1438770294189453,0.2613578736782074,"[0.04907429120516206, 0.18061917238906866, 1.0869103639445659, -0.016008944854547735, -0.00508014180473658]","[0.016444859519959422, 0.02559176472989159, 0.15018683053821913, 0.0015751926161375624, 0.0021753784636991762]",0,SeattleCityCouncil_03092020_CB 119752,model_A
tofueval_SmolLM2-1.7B-Instruct,656,656,0.785940945148468,95,2.0918872356414795,0.23502200841903687,"[0.12166927508201059, -0.030932247053562224, 1.277021913381759, 0.02209586150833945, 0.007343801037457428]","[0.015759809368343047, 0.017409691250003034, 0.15993848624849832, 0.002317442934394134, 0.002820613496298488]",0,SeattleCityCouncil_03092020_CB 119752,model_B
tofueval_SmolLM2-1.7B-Instruct,657,657,0.8520116806030273,60,2.3134753704071045,0.2859758734703064,"[-0.02933770041078484, 0.15393117019945446, 1.2814983017994868, -0.005667101915848131, 0.007491609781573061]","[0.008040170318675639, 0.023832910946619754, 0.1751146458113605, 0.0016268183326057322, 0.0021621733610042307]",0,SeattleCityCouncil_03092020_CB 119752,model_C
tofueval_SmolLM2-1.7B-Instruct,658,658,1.4468941688537598,60,1.5859688520431519,0.2200179398059845,"[0.2975943813798949, -0.01862475940627822, 0.45513463638587076, -0.013398398250865284, -0.04475145709390441]","[0.022877680590287733, 0.03281647712337872, 0.08247825460897124, 0.0032830037394281438, 0.004414249117204842]",0,SeattleCityCouncil_03092020_CB 119752,model_D
tofueval_SmolLM2-1.7B-Instruct,659,659,1.362412691116333,74,1.927712321281433,0.22630217671394348,"[0.38244853609059054, 0.002350656118446873, 0.09253174450478165, -0.009440814924420084, 0.21021642692181017]","[0.05388060819230402, 0.028035965740357553, 0.04646000764216444, 0.0039971461583140685, 0.031928743956559875]",1,SeattleCityCouncil_03092020_CB 119752,model_E
tofueval_SmolLM2-1.7B-Instruct,660,660,1.9533876180648804,30,1.9366811513900757,0.2170828878879547,"[-0.03374487532225127, 0.051326738817927736, 0.23934125596036512, -0.02744334798771888, -0.047622770280577244]","[0.024467760749030277, 0.024559641759515215, 0.05096001740215191, 0.0038210986590153577, 0.003895756006628896]",0,SeattleCityCouncil_03092020_CB 119752,Model-Extra
tofueval_SmolLM2-1.7B-Instruct,661,661,1.3182979822158813,60,1.6860847473144531,0.1837807446718216,"[0.39168546105211133, 0.13126385198750842, 0.20880546517049273, 0.011739999909574786, 0.007062935609913741]","[0.04021669352259778, 0.03226956187383318, 0.05941973975820171, 0.0020686479220482093, 0.0026721072206782994]",0,SeattleCityCouncil_03092020_CB 119752,model_A
tofueval_SmolLM2-1.7B-Instruct,662,662,0.8688756823539734,106,1.7847402095794678,0.226093128323555,"[0.0029924885922535498, -0.032555054641770255, 1.2433705391364507, 0.0008318378633428541, 0.015367896589318747]","[0.012087727416514408, 0.022815458394084005, 0.14407506903719722, 0.0021262463557386066, 0.002865887249964664]",0,SeattleCityCouncil_03092020_CB 119752,model_B
tofueval_SmolLM2-1.7B-Instruct,663,663,1.029638409614563,97,1.8769603967666626,0.24543055891990662,"[0.15675408966700094, -0.003205203848768544, 1.157368445424507, -0.034446685219101957, -0.05235550362801602]","[0.04039734584472809, 0.029572419399085344, 0.12289034891846219, 0.0019339770906674286, 0.002454390085338523]",0,SeattleCityCouncil_03092020_CB 119752,model_C
tofueval_SmolLM2-1.7B-Instruct,664,664,1.380784273147583,58,1.4336154460906982,0.1939990073442459,"[0.02895949445644811, 0.14266084141202334, 0.6306693498105421, 0.007944012797389436, 0.01584372128829649]","[0.005844895763308661, 0.038439924235717626, 0.08488790612687055, 0.0017288296617623238, 0.0016848109481731532]",0,SeattleCityCouncil_03092020_CB 119752,model_D
tofueval_SmolLM2-1.7B-Instruct,665,665,1.233495831489563,66,1.502015471458435,0.18271930515766144,"[0.2096880333607039, -0.018022223748134406, 0.5450504967218766, -0.001928238328246428, -0.005525273161986137]","[0.034908349863020376, 0.04200671316770736, 0.07589721686842192, 0.002093208839934243, 0.002343620680504142]",0,SeattleCityCouncil_03092020_CB 119752,model_E
tofueval_SmolLM2-1.7B-Instruct,666,666,2.065516233444214,44,1.224217176437378,0.1977631151676178,"[0.0013184684529815886, 0.11918791332176294, 0.46727931462969124, -0.06727610758124766, 0.05524683981308375]","[0.018633620007966038, 0.02206886929178092, 0.10345795894086636, 0.004602840107385087, 0.0056571643318338]",0,SeattleCityCouncil_03092020_CB 119752,Model-Extra
tofueval_SmolLM2-1.7B-Instruct,667,667,1.1134507656097412,87,1.5374853610992432,0.21820227801799774,"[-0.006479852894406723, 0.20764898004722193, 0.9044246964394811, -0.0015384530546223938, 0.002779644094715323]","[0.009712925441681886, 0.04479641157333139, 0.10726963636771797, 0.001556585542841966, 0.0018322572264334938]",0,SeattleCityCouncil_03092020_CB 119752,model_A
tofueval_SmolLM2-1.7B-Instruct,668,668,0.8479738831520081,106,1.831770658493042,0.228025883436203,"[0.011564678970212556, 0.06448402131780244, 1.2888171860117923, -0.021581713833960372, -0.016095504613334033]","[0.013609009536225439, 0.021339808293236756, 0.14517513338922688, 0.0018383989893595324, 0.0023579546553410525]",0,SeattleCityCouncil_03092020_CB 119752,model_B
tofueval_SmolLM2-1.7B-Instruct,669,669,1.1731984615325928,80,1.84502375125885,0.21310698986053467,"[-0.00645307026024966, 0.38071838673495223, 0.5613174206668191, 0.03853476865988341, 0.14700269956265402]","[0.016576791328225225, 0.045089474748033355, 0.06205893939952034, 0.00378338408186778, 0.011101423005482048]",0,SeattleCityCouncil_03092020_CB 119752,model_C
tofueval_SmolLM2-1.7B-Instruct,670,670,1.263716220855713,52,1.558955430984497,0.23505502939224243,"[0.08397583465809405, 0.09269148973740252, 0.8550966088290667, -0.001872976493569485, -0.011561794562462287]","[0.026320999219391385, 0.022801867066723738, 0.11950069821288113, 0.002540995496146409, 0.002670033300557424]",0,SeattleCityCouncil_03092020_CB 119752,model_D
tofueval_SmolLM2-1.7B-Instruct,671,671,1.2902041673660278,41,1.920939326286316,0.2518308460712433,"[0.3343842631594914, 0.01406926920115039, 0.584852637549885, -0.008845072171491821, -0.009958345423134543]","[0.06216699227572862, 0.031499359066290755, 0.07892723781954307, 0.0019511190300208244, 0.0033764461498699016]",0,SeattleCityCouncil_03092020_CB 119752,model_E
tofueval_SmolLM2-1.7B-Instruct,672,672,1.4202412366867065,66,0.5095264911651611,0.1452580690383911,"[0.08490976461502159, 0.1966605205463676, 0.04019764778020159, -0.00037172673094601396, 0.009443853254142045]","[0.07275281933217423, 0.05925692397240675, 0.005305587810873862, 0.0029655056416135212, 0.003225246204985496]",0,SeattleCityCouncil_03202017_CB 118921,Model-Extra
tofueval_SmolLM2-1.7B-Instruct,673,673,1.2716225385665894,66,0.9086974859237671,0.16697187721729279,"[0.17099178171404425, 0.6769321756959967, -0.034642139186182634, -0.017766979253847792, 0.022575817034246]","[0.039815629440557714, 0.12411756629661033, 0.002984784054672907, 0.0029874931482185493, 0.0030527217351129475]",1,SeattleCityCouncil_03202017_CB 118921,model_A
tofueval_SmolLM2-1.7B-Instruct,674,674,1.038399577140808,98,1.0418994426727295,0.18927797675132751,"[0.25507580301200505, 0.5964656170679296, -0.024596280269364872, -0.023232864470108843, -0.019937690273559846]","[0.061625837611895155, 0.1302473632904227, 0.002147974572857851, 0.0019714742407855664, 0.002781737069538618]",0,SeattleCityCouncil_03202017_CB 118921,model_B
tofueval_SmolLM2-1.7B-Instruct,675,675,1.1268898248672485,77,0.9899117350578308,0.17951864004135132,"[0.30925824411414476, 0.6192349473338301, 0.03577295583681326, 0.013304372378517254, 0.015899662855532938]","[0.0647787816726902, 0.1200861337826215, 0.0028571048074885405, 0.002341172870955036, 0.0027379651785439546]",0,SeattleCityCouncil_03202017_CB 118921,model_C
tofueval_SmolLM2-1.7B-Instruct,676,676,1.1042189598083496,60,1.0425101518630981,0.16474303603172302,"[0.3917053939049462, 0.40047730227258094, -0.027242003222878945, 0.006663209635553358, 0.060102168509547485]","[0.06118723042997468, 0.09732777517916655, 0.00249607367327845, 0.0023288613774037495, 0.0034088961527615424]",1,SeattleCityCouncil_03202017_CB 118921,model_D
tofueval_SmolLM2-1.7B-Instruct,677,677,0.9460610151290894,115,1.0027973651885986,0.15835517644882202,"[0.2993003118692128, 0.6060358726900987, 0.007964788373425583, 0.002352298680520819, 0.017089646906938667]","[0.041235783522043955, 0.10297196936286207, 0.004381530505374643, 0.0029347500241902196, 0.004321063972270909]",0,SeattleCityCouncil_03202017_CB 118921,model_E
tofueval_SmolLM2-1.7B-Instruct,678,678,1.2720872163772583,69,1.1804267168045044,0.19935210049152374,"[0.2780113873722376, 0.26243304536151496, -0.019178551107567426, -0.027372103416448648, 0.0029402111346522966]","[0.0880072061511163, 0.0765032791014296, 0.0026340085191739067, 0.001616907043441735, 0.0030099202881831225]",0,SeattleCityCouncil_03202017_CB 118921,Model-Extra
tofueval_SmolLM2-1.7B-Instruct,679,679,1.0322048664093018,74,1.3561947345733643,0.21821635961532593,"[0.3724186949139285, 0.4595308985246103, 0.003265565398898026, 0.01370054063905578, 0.026684523906009713]","[0.0884571863525953, 0.10872249601173256, 0.002699460892168227, 0.002424907550221178, 0.004953365304118051]",0,SeattleCityCouncil_03202017_CB 118921,model_A
tofueval_SmolLM2-1.7B-Instruct,680,680,1.0079216957092285,101,1.4109643697738647,0.22086678445339203,"[0.5848930523005236, 0.5451829852034928, -0.002014459468182845, 0.00970809771078535, 0.0013747820812208338]","[0.08318240735391529, 0.1261790389118219, 0.0025391893762542455, 0.001907515509192128, 0.003693409418220014]",0,SeattleCityCouncil_03202017_CB 118921,model_B
tofueval_SmolLM2-1.7B-Instruct,681,681,1.2202802896499634,127,0.9659779667854309,0.17461544275283813,"[0.17962732455829766, 0.3354690764459147, 0.18846620559490948, -0.00047453846187765276, 0.008629835286135529]","[0.05139319297999496, 0.08029514976363668, 0.028096924387138254, 0.0026417155356712532, 0.003365324902977512]",0,SeattleCityCouncil_03202017_CB 118921,model_C
tofueval_SmolLM2-1.7B-Instruct,682,682,0.780791163444519,100,1.8955965042114258,0.27855852246284485,"[0.9027712599327787, 0.5801245056888729, -0.01788496531728015, -0.02325063046788273, -0.0083904466318927]","[0.16049120474006487, 0.09433335488451747, 0.0017707890673909787, 0.0017080086768658021, 0.0030605181348232692]",0,SeattleCityCouncil_03202017_CB 118921,model_D
tofueval_SmolLM2-1.7B-Instruct,683,683,0.753247082233429,58,2.1697473526000977,0.2548752725124359,"[0.5795305668665417, 0.9510945424375803, -0.023448063518273932, -0.022668931285744324, -0.004150589171331376]","[0.09664731703253046, 0.11704049956178691, 0.0020668899457930443, 0.002729675524913797, 0.003747679830133887]",0,SeattleCityCouncil_03202017_CB 118921,model_E
tofueval_SmolLM2-1.7B-Instruct,684,684,1.7937138080596924,56,0.8752907514572144,0.15448854863643646,"[0.08707085094127771, 0.2334353636272551, 0.016738231025686088, 0.0244088936836176, 0.0018248064277161444]","[0.061214741831203616, 0.05383244548283983, 0.003172436198968041, 0.001936494576966652, 0.003787659779585998]",0,SeattleCityCouncil_03202017_CB 118921,Model-Extra
tofueval_SmolLM2-1.7B-Instruct,685,685,0.8248675465583801,112,1.6529672145843506,0.22090649604797363,"[0.7110133105574538, 0.670862127349145, -0.01445196666301334, -0.01223894482401582, 0.010649837789839824]","[0.08718773095060735, 0.11049553194789853, 0.003305372006075962, 0.0026726850529676938, 0.003906081310136652]",1,SeattleCityCouncil_03202017_CB 118921,model_A
tofueval_SmolLM2-1.7B-Instruct,686,686,0.783046305179596,134,1.3324882984161377,0.18962803483009338,"[0.12475117067162446, 0.9097727869531754, -0.0316874288714983, -0.02230680460568475, -0.00975862849729799]","[0.04420374864613976, 0.13839007829218603, 0.0025344201081041783, 0.0018962773406371132, 0.0030041619895502746]",1,SeattleCityCouncil_03202017_CB 118921,model_B
tofueval_SmolLM2-1.7B-Instruct,687,687,0.9367894530296326,59,1.4152400493621826,0.19845397770404816,"[0.5528148452078497, 0.4583741038693885, -0.015174173817070107, -0.03149875300227057, -0.027359725950607414]","[0.09315088075552119, 0.07533530728060368, 0.002321830094997032, 0.001646936078014671, 0.0038129226795679304]",0,SeattleCityCouncil_03202017_CB 118921,model_C
tofueval_SmolLM2-1.7B-Instruct,688,688,0.9508009552955627,67,1.0291224718093872,0.1820601224899292,"[0.5359606969857905, 0.07430217672999924, 0.007376323005578954, -0.014974082499758146, -0.012654739363078173]","[0.10388335219728893, 0.05961465231167603, 0.0032902430943027162, 0.002995553693046952, 0.0064082148148386225]",0,SeattleCityCouncil_03202017_CB 118921,model_D
tofueval_SmolLM2-1.7B-Instruct,689,689,0.9479033350944519,116,1.634207010269165,0.21328194439411163,"[0.49524096511877674, 0.7480002223607605, -0.029128188426057022, -0.011603980123897505, 0.0016984039557271522]","[0.07015814040115119, 0.1458359012752947, 0.004145757043400424, 0.0028021798415924703, 0.002866945508096588]",1,SeattleCityCouncil_03202017_CB 118921,model_E
tofueval_SmolLM2-1.7B-Instruct,690,690,1.063799262046814,76,1.6700735092163086,0.27614909410476685,"[0.08410879714708579, 0.5810049599508362, 0.010566401359698685, 0.005850432442170323, 0.03859539359722188]","[0.027883591356301526, 0.09098837507667668, 0.0008055489927540437, 0.0011774352029820683, 0.004118601189846136]",0,SeattleCityCouncil_03282016_CB 118644,Model-Extra
tofueval_SmolLM2-1.7B-Instruct,691,691,0.9271121025085449,151,2.1346333026885986,0.29008564352989197,"[0.5120264947551629, 0.9566713189298078, 0.00373797567556643, -0.0049358075063495235, -0.03242295157634237]","[0.05880430452678724, 0.11636365185458789, 0.0011886714249049687, 0.0012706384943142089, 0.00424956433303635]",1,SeattleCityCouncil_03282016_CB 118644,model_A
tofueval_SmolLM2-1.7B-Instruct,692,692,0.6048380136489868,74,2.2086169719696045,0.2935628294944763,"[0.4962412165454274, 0.31074503046958757, 0.005996028431950804, 0.014039985895529704, -0.015632973454902076]","[0.06027654065997627, 0.04842245416205367, 0.001026563390871308, 0.000925726462791981, 0.0031214972546213422]",0,SeattleCityCouncil_03282016_CB 118644,model_B
tofueval_SmolLM2-1.7B-Instruct,693,693,1.2941800355911255,104,1.4277293682098389,0.22045058012008667,"[0.17573295932925248, 0.9691009371599648, 0.06009713785603638, 0.054535382790793216, 0.031182961115728876]","[0.05270141753650338, 0.13399218743427355, 0.007066971916611482, 0.005729692348541431, 0.011706629816405193]",1,SeattleCityCouncil_03282016_CB 118644,model_C
tofueval_SmolLM2-1.7B-Instruct,694,694,1.1793721914291382,123,1.9305719137191772,0.3205172121524811,"[0.10434072561054755, 0.246511623488618, -0.025490588097306862, -0.012293571318552746, 0.6411508673271288]","[0.04489880541684504, 0.048572333237748205, 0.0028075182170056454, 0.002727794707161001, 0.10266091404793688]",1,SeattleCityCouncil_03282016_CB 118644,model_D
tofueval_SmolLM2-1.7B-Instruct,695,695,0.4025377929210663,140,2.1292803287506104,0.29131680727005005,"[0.32086814782835843, 1.0234547522546305, 0.0007938183923085619, 0.006264727254165337, -0.0034257323602754955]","[0.039868671695294976, 0.13838150841513572, 0.0011283635219082758, 0.0010139021345659264, 0.0019336011764494287]",0,SeattleCityCouncil_03282016_CB 118644,model_E
tofueval_SmolLM2-1.7B-Instruct,696,696,2.6714656352996826,48,0.5866684913635254,0.19337253272533417,"[0.14994436335230907, 0.042737013495449595, -0.007435117365578965, -0.005449707219668198, 0.07236892709018623]","[0.02825128383142328, 0.006851919836284044, 0.0020351096691986945, 0.002641411655304182, 0.10536937043207217]",0,SeattleCityCouncil_03282016_CB 118644,Model-Extra
tofueval_SmolLM2-1.7B-Instruct,697,697,1.7827563285827637,37,1.3169218301773071,0.18927769362926483,"[0.06447581665565234, 0.0038608772290014736, 0.02254913783179143, 0.015307539664964015, 1.0172998410070668]","[0.011316338883605911, 0.004028468621195438, 0.001075701965247218, 0.0011197360776891033, 0.1538819363749762]",0,SeattleCityCouncil_03282016_CB 118644,model_A
tofueval_SmolLM2-1.7B-Instruct,698,698,0.7446383237838745,128,1.7388999462127686,0.2321709394454956,"[0.3342121116271244, 0.5338711086994863, 0.01781830151833219, 0.004374408959279208, 0.5911111432037615]","[0.044515542641523353, 0.08027046495937462, 0.006414709510821126, 0.003583288154029418, 0.06771424878595056]",1,SeattleCityCouncil_03282016_CB 118644,model_B
tofueval_SmolLM2-1.7B-Instruct,699,699,1.229477882385254,40,2.085209369659424,0.24000677466392517,"[0.17531739164260216, 0.022602182006812653, 0.00843329742201604, 0.02711823431600351, 1.4305208714155015]","[0.01867867294422467, 0.003624564152073617, 0.0014940537320399017, 0.001578171599453526, 0.19981238713553467]",0,SeattleCityCouncil_03282016_CB 118644,model_C
tofueval_SmolLM2-1.7B-Instruct,700,700,1.214090347290039,43,1.7778091430664062,0.25258609652519226,"[-0.0348310278604067, 0.007707671001066216, -0.013703266808459924, -0.0026373214001745677, 1.3158482925649624]","[0.013580548182416836, 0.0031902170871415917, 0.0005997396014166486, 0.0009631850065763797, 0.21225102809085214]",0,SeattleCityCouncil_03282016_CB 118644,model_D
tofueval_SmolLM2-1.7B-Instruct,701,701,1.5753933191299438,42,1.0633091926574707,0.22300295531749725,"[0.20355139163300573, 0.05526118506289398, 0.008905160745295385, 0.031400479823267755, 0.4670339528162176]","[0.059017162937033435, 0.01112106756175178, 0.002535418399063582, 0.0032295798193141914, 0.09484968113561297]",0,SeattleCityCouncil_03282016_CB 118644,model_E
tofueval_SmolLM2-1.7B-Instruct,702,702,0.7381535768508911,52,2.1076810359954834,0.30177515745162964,"[0.5066362681917291, 0.09962300619232477, 0.023228477848953426, 0.018031605787445396, 0.003337856980998857]","[0.04900832384859873, 0.01461872267813865, 0.0009336080754040338, 0.0006524339641443405, 0.0023960248671615913]",0,SeattleCityCouncil_03282016_CB 118644,Model-Extra
tofueval_SmolLM2-1.7B-Instruct,703,703,1.0426019430160522,62,1.5468629598617554,0.26294922828674316,"[0.24594869967474933, 0.08138377827333076, 0.0008915471600278491, -0.00267624419328997, 0.05407893846718399]","[0.06538752793341936, 0.05343668273396742, 0.0014954606688646773, 0.001763424654728301, 0.019468227466815383]",0,SeattleCityCouncil_03282016_CB 118644,model_A
tofueval_SmolLM2-1.7B-Instruct,704,704,0.9927725195884705,66,1.6472333669662476,0.24456045031547546,"[-0.026268552068248744, 1.2622826844325932, 0.009106608855566292, 0.0181569378500254, -7.02878557300816e-05]","[0.020651451598730615, 0.15057935763004274, 0.0021299033659433367, 0.0024450091562798525, 0.005853274144459591]",1,SeattleCityCouncil_03282016_CB 118644,model_B
tofueval_SmolLM2-1.7B-Instruct,705,705,0.6767784357070923,116,1.8843992948532104,0.2559487223625183,"[0.5954569153543381, 0.25215520582442597, 0.054956179183199276, 0.023112909531031116, 0.013539337924910421]","[0.06787344180280531, 0.042318100136957706, 0.007341926816099564, 0.0048438964334599375, 0.0033819645795196314]",1,SeattleCityCouncil_03282016_CB 118644,model_C
tofueval_SmolLM2-1.7B-Instruct,706,706,1.1266875267028809,119,1.7073605060577393,0.21259482204914093,"[0.33491220359960494, 0.9104193430264312, -0.01287821276424484, 0.0035306155033988738, -0.01214439790190135]","[0.054676724776680265, 0.115126633483287, 0.003593409337653833, 0.002587258178201952, 0.005811942182619624]",1,SeattleCityCouncil_03282016_CB 118644,model_D
tofueval_SmolLM2-1.7B-Instruct,707,707,0.8084772229194641,132,1.8521685600280762,0.2729090452194214,"[0.6217731607684431, 0.24382455379928256, 0.010246456586614702, 0.007206525678956303, 0.3459611524475887]","[0.07965874989997701, 0.052463816059485274, 0.0031136628886047238, 0.0026122282170380267, 0.04220950797719759]",1,SeattleCityCouncil_03282016_CB 118644,model_E
tofueval_SmolLM2-1.7B-Instruct,708,708,1.8563753366470337,54,0.8455225825309753,0.14769074320793152,"[-0.0008364604719746341, 0.016981178678516125, 0.035853006676781526, 0.011893485015779906, 0.45970641522661837]","[0.0157013013405255, 0.0015044561348215918, 0.0025354638354997405, 0.003713335286487631, 0.11178231218873744]",1,SeattleCityCouncil_05262020_CB 119794,Model-Extra
tofueval_SmolLM2-1.7B-Instruct,709,709,1.4023406505584717,40,1.2648200988769531,0.19171848893165588,"[0.13147216668567124, 0.007109538257100212, 0.004648265379182703, 0.025318972733657574, 1.0652289000950987]","[0.009121014748450307, 0.0014559446577663948, 0.003526550441671361, 0.003592069564729172, 0.1437485174277299]",1,SeattleCityCouncil_05262020_CB 119794,model_A
tofueval_SmolLM2-1.7B-Instruct,710,710,0.6644132733345032,48,2.760960340499878,0.2985289990901947,"[0.15873444420822125, 0.012072445112911131, 0.031484625988923653, 0.012790048321221548, 2.5080355275204056]","[0.008972767065730617, 0.0010799177652126939, 0.0016842784708686054, 0.0016908109902201336, 0.25244194042700957]",0,SeattleCityCouncil_05262020_CB 119794,model_B
tofueval_SmolLM2-1.7B-Instruct,711,711,1.1992733478546143,49,1.702368140220642,0.22644998133182526,"[-0.0517593096264303, -0.021301794691829187, 0.022903551418828418, -0.008995536063742534, 1.5064010362209732]","[0.012062098067196544, 0.0019415104458941493, 0.002330671727416033, 0.0031163959849496974, 0.18403543642259082]",1,SeattleCityCouncil_05262020_CB 119794,model_C
tofueval_SmolLM2-1.7B-Instruct,712,712,1.0012723207473755,59,2.19089412689209,0.2634352445602417,"[0.12748842932120108, 0.010724063255820203, 0.02586716180272653, 0.0173564339310653, 1.6644501463289105]","[0.012735520951456253, 0.001263384899928851, 0.0024858893404080015, 0.0015282798253022105, 0.20297357400766303]",1,SeattleCityCouncil_05262020_CB 119794,model_D
tofueval_SmolLM2-1.7B-Instruct,713,713,2.0575573444366455,39,0.7950273156166077,0.1458977460861206,"[-0.05011491251300471, -0.029199950924614828, -0.016681685589271814, 0.01047454215436935, 0.49207965688457567]","[0.032950427139043406, 0.0022296214889744683, 0.004608752897836847, 0.002968115319956082, 0.08434850980270661]",1,SeattleCityCouncil_05262020_CB 119794,Model-Extra
tofueval_SmolLM2-1.7B-Instruct,714,714,0.9599130749702454,91,1.8852531909942627,0.21170002222061157,"[0.15138077195984845, 0.011985653691466484, 0.044833962657731305, 0.01169821544345513, 1.6264846635173884]","[0.011775218559358229, 0.0007827316382781396, 0.002453507403085301, 0.001467076548543311, 0.16669626273619792]",1,SeattleCityCouncil_05262020_CB 119794,model_A
tofueval_SmolLM2-1.7B-Instruct,715,715,1.5518134832382202,35,2.036146402359009,0.25533661246299744,"[-0.049829097394831476, -0.02721494873653033, 0.037918435592603474, 0.0003793152780937297, 2.012029777906303]","[0.023892884507040434, 0.0015924479488863394, 0.0036264618381600094, 0.002429910570442319, 0.18841311787255108]",1,SeattleCityCouncil_05262020_CB 119794,model_B
tofueval_SmolLM2-1.7B-Instruct,716,716,0.7770187258720398,49,2.9506468772888184,0.3009703755378723,"[0.18338100071307462, 0.0008462303601994122, 0.05462207993117104, 0.00013096264221382385, 2.650783244602392]","[0.013877990549072978, 0.0011128021008827852, 0.0027634735407603755, 0.0021128556712014593, 0.2561570394912507]",0,SeattleCityCouncil_05262020_CB 119794,model_C
tofueval_SmolLM2-1.7B-Instruct,717,717,1.449191927909851,30,2.14689564704895,0.2629648745059967,"[0.19411457810395708, -0.010895336031292875, -0.010172654020910462, -0.003494801220949739, 1.877175343533357]","[0.05082861319927664, 0.002592099147902142, 0.004630803376403492, 0.0022828535781324413, 0.1675056816166034]",0,SeattleCityCouncil_05262020_CB 119794,model_D
tofueval_SmolLM2-1.7B-Instruct,718,718,1.3560072183609009,62,1.3169535398483276,0.1719067543745041,"[0.03385371599283497, -0.005228242408315231, -0.00977950642869297, -0.00872661845642142, 1.1105637469727005]","[0.009261882910821794, 0.001390636815299771, 0.0029670199141873447, 0.002472552680662756, 0.13530395173274296]",1,SeattleCityCouncil_05262020_CB 119794,model_E
tofueval_SmolLM2-1.7B-Instruct,719,719,2.054490327835083,40,0.5050300359725952,0.1035470962524414,"[-0.0034376887342659757, -0.04671924622089137, 0.006763945522834547, -0.004649376141605899, 0.33718999269767663]","[0.024141667859294103, 0.0021147644067241343, 0.004103964205705779, 0.002739822665171232, 0.0667818960690056]",0,SeattleCityCouncil_05262020_CB 119794,Model-Extra
tofueval_SmolLM2-1.7B-Instruct,720,720,1.8875842094421387,44,0.229180246591568,0.11637680977582932,"[0.016663612001800422, -0.010447484683192504, 0.050416920052322726, 0.008969540201591868, 0.25266927254398813]","[0.005659798531000474, 0.0015240577438672435, 0.0027393923067661904, 0.0023875789536511797, 0.08264116840940584]",0,SeattleCityCouncil_05262020_CB 119794,model_A
tofueval_SmolLM2-1.7B-Instruct,721,721,0.6741714477539062,47,2.754580497741699,0.27496469020843506,"[0.17241229518456633, 0.014921748475357394, 0.03365370670198512, 0.0009149400516725245, 2.66643346386387]","[0.009444119811652196, 0.000809366347911759, 0.0018265694831844737, 0.0011040098160449022, 0.2501515171730871]",0,SeattleCityCouncil_05262020_CB 119794,model_B
tofueval_SmolLM2-1.7B-Instruct,722,722,1.1084961891174316,47,2.8695194721221924,0.3723505735397339,"[0.07125634916449966, -0.0031748385787223206, -0.008968598311804136, -0.002228589852011089, 1.6970437797172828]","[0.05032670742193514, 0.0022441278669746564, 0.002154095872007948, 0.001224173430614428, 0.23816863171436745]",0,SeattleCityCouncil_05262020_CB 119794,model_C
tofueval_SmolLM2-1.7B-Instruct,723,723,1.814322590827942,63,1.275189995765686,0.15139083564281464,"[0.061531195372697856, -0.01968475903887006, -0.026457531259409965, -0.030989510023833385, 0.7962195634036251]","[0.02133428642108421, 0.001980241985606087, 0.0034269531566274557, 0.003489474545425591, 0.1201358709173898]",0,SeattleCityCouncil_05262020_CB 119794,model_D
tofueval_SmolLM2-1.7B-Instruct,724,724,1.2439966201782227,61,1.4061747789382935,0.19109320640563965,"[0.2412046451682414, -0.003349987130381213, 0.003272114864542897, -0.031217694402346483, 0.8690015223825762]","[0.04470493474080613, 0.0013077661050529133, 0.002748177235857242, 0.002675202978161533, 0.09848094197430507]",0,SeattleCityCouncil_05262020_CB 119794,model_E
tofueval_SmolLM2-1.7B-Instruct,725,725,1.2203947305679321,43,1.7716227769851685,0.2553493082523346,"[1.2465796258976023, 0.04204422630653764, 0.13180246783236346, 0.13151713150880315, -0.018382169413640907]","[0.12743576885176755, 0.008438646567449902, 0.024330248931989425, 0.018567808222799343, 0.00457128904495644]",0,SeattleCityCouncil_06222015_Res 31594,Model-Extra
tofueval_SmolLM2-1.7B-Instruct,726,726,0.5137476325035095,69,2.651773452758789,0.3260411024093628,"[2.2589121897050273, -0.01830103570925227, 0.07691418604277399, 0.003388588649745477, 0.03404871417961144]","[0.23955874796450624, 0.004575218618007004, 0.017072464582850153, 0.008844838366460704, 0.0044122558519535705]",1,SeattleCityCouncil_06222015_Res 31594,model_A
tofueval_SmolLM2-1.7B-Instruct,727,727,0.9887062311172485,40,1.8803787231445312,0.3072960674762726,"[1.3749749244758278, -0.06055546482039063, 0.09047260384995752, 0.013801997835344082, 0.015203048083185422]","[0.1721652705475208, 0.010646174786521101, 0.023269586364892802, 0.011723579217095903, 0.005170010414292392]",0,SeattleCityCouncil_06222015_Res 31594,model_B
tofueval_SmolLM2-1.7B-Instruct,728,728,0.8886535167694092,58,2.0197296142578125,0.2688900828361511,"[1.0036444876273765, 0.030119457767858845, 0.0825031463178236, 0.33547235736703696, -0.013333044712861262]","[0.1143611991916761, 0.004562020845610434, 0.0159779342957963, 0.036430235484125474, 0.004310891123380096]",0,SeattleCityCouncil_06222015_Res 31594,model_C
tofueval_SmolLM2-1.7B-Instruct,729,729,0.9451569318771362,41,2.5277960300445557,0.3358308672904968,"[1.765267276415238, 0.043176695302685315, 0.1759532292362121, -0.00984688072107596, 0.06105299098218405]","[0.18173778583647018, 0.007935514362499107, 0.02529434482662842, 0.007322547062668912, 0.004293645005196684]",0,SeattleCityCouncil_06222015_Res 31594,model_D
tofueval_SmolLM2-1.7B-Instruct,730,730,2.1530935764312744,60,1.3438044786453247,0.18710581958293915,"[-0.02153049559953312, 0.018638677503137538, -0.022829614158642167, 1.0914179075198869, -0.041620118533804394]","[0.006209477138812266, 0.0009059593960046187, 0.0014998471277673767, 0.1461505000249114, 0.011420563294965784]",1,SeattleCityCouncil_06222015_Res 31594,Model-Extra
tofueval_SmolLM2-1.7B-Instruct,731,731,0.8806615471839905,95,2.1334667205810547,0.2529894709587097,"[0.9694164428596482, 0.002202545251011064, 0.046117712912688916, 0.8976408310798242, -0.012810154811871288]","[0.08024976852102554, 0.0017979088323188893, 0.008428441075566777, 0.10342491746682514, 0.00793728423684929]",1,SeattleCityCouncil_06222015_Res 31594,model_A
tofueval_SmolLM2-1.7B-Instruct,732,732,0.9608720541000366,111,1.6952300071716309,0.25263160467147827,"[0.747217093612726, -0.05817116755936588, 0.033479401602898515, 0.7495634425132586, -0.0777359772284792]","[0.09208101001162061, 0.004320442575285064, 0.010341185594911253, 0.12649478076809828, 0.0089441557192954]",1,SeattleCityCouncil_06222015_Res 31594,model_B
tofueval_SmolLM2-1.7B-Instruct,733,733,1.1331051588058472,88,1.3854366540908813,0.22242340445518494,"[-0.025597144884655296, -0.011472012829472078, 0.05660884628642551, 1.0775549918671459, -0.05700007580493217]","[0.006791143795032378, 0.0013169971239945385, 0.008823710710725085, 0.15190904706869643, 0.009868769048719887]",0,SeattleCityCouncil_06222015_Res 31594,model_C
tofueval_SmolLM2-1.7B-Instruct,734,734,1.5174205303192139,53,0.6363227963447571,0.13603441417217255,"[0.043755045902112474, 0.01734523594289917, -0.029244068070459796, 0.4191560920345474, 0.0580402209485534]","[0.01800827049343735, 0.0019724501492007374, 0.0016979896001584904, 0.05558321131523045, 0.007283815867865241]",0,SeattleCityCouncil_06222015_Res 31594,model_D
tofueval_SmolLM2-1.7B-Instruct,735,735,1.093558669090271,82,1.2225041389465332,0.21322724223136902,"[-0.026169531573520168, -0.006126477784674513, 0.06257302799260686, 0.7292863038264176, 0.03625717533790654]","[0.017589637981029405, 0.004679870473923096, 0.021368524301900522, 0.10996272168466287, 0.007792070911161717]",1,SeattleCityCouncil_06222015_Res 31594,model_E
tofueval_SmolLM2-1.7B-Instruct,736,736,1.9671748876571655,63,1.1639831066131592,0.24526382982730865,"[0.29599893203299465, 0.027363307811601626, 0.09369041633273434, 0.5569678191518289, -0.035751311692394434]","[0.06236688330337197, 0.005993103303057618, 0.024551211043130718, 0.07388491616260552, 0.00960591527501449]",1,SeattleCityCouncil_06222015_Res 31594,Model-Extra
tofueval_SmolLM2-1.7B-Instruct,737,737,0.9663783311843872,60,2.8098247051239014,0.34520676732063293,"[2.4440802137677866, 0.06164036752161337, -0.011367758703030025, 0.018839754195323622, 0.00013107334859038626]","[0.2669745225624562, 0.004516624338609177, 0.004223777183835864, 0.008059458473105489, 0.0048825468450597025]",0,SeattleCityCouncil_06222015_Res 31594,model_A
tofueval_SmolLM2-1.7B-Instruct,738,738,0.8975743651390076,103,2.482874870300293,0.306313157081604,"[1.3696609110033446, 0.13888515409950203, 0.10094015228008801, 0.48304201942007846, -0.023553275557611254]","[0.14868837103569196, 0.008128906498912116, 0.021592928724541126, 0.06876080228932586, 0.005736652484089964]",1,SeattleCityCouncil_06222015_Res 31594,model_B
tofueval_SmolLM2-1.7B-Instruct,739,739,0.780135989189148,59,2.905217170715332,0.34597086906433105,"[2.405611032241229, 0.029347289460651987, 0.03618674976820268, 0.006523358298197262, -0.03165474066893586]","[0.257027095448131, 0.004266627484562609, 0.0068126212951891965, 0.0056359814995121885, 0.0030818114747967616]",0,SeattleCityCouncil_06222015_Res 31594,model_C
tofueval_SmolLM2-1.7B-Instruct,740,740,1.1029763221740723,50,1.305598497390747,0.20737990736961365,"[-0.04685881003300892, 0.024949839606269963, -0.0009062707157863769, 0.7350883438232995, -0.024511714697364368]","[0.026691565684523084, 0.002650725477346896, 0.007164432107389302, 0.07149416572941845, 0.005445607946796827]",0,SeattleCityCouncil_06222015_Res 31594,model_D
tofueval_SmolLM2-1.7B-Instruct,741,741,0.892747700214386,111,2.1396262645721436,0.3133310079574585,"[1.1184147304517316, 0.001440522757433313, 0.02445433725225886, 0.7895154292138843, -0.01951653101475729]","[0.1364488432177782, 0.0028796022434845153, 0.00993676330952374, 0.13873913622169434, 0.006901857822503279]",1,SeattleCityCouncil_06222015_Res 31594,model_E
tofueval_SmolLM2-1.7B-Instruct,742,742,0.9673528075218201,44,1.051673412322998,0.19791226089000702,"[0.42020668357789953, 0.5280330801223582, -0.004263006863600987, -0.02195819106253277, -0.012215480774598704]","[0.0909850941754526, 0.07370274291551224, 0.002229756289605947, 0.000954636291809989, 0.002114432514510802]",0,SeattleCityCouncil_07062020_CB 119814,Model-Extra
tofueval_SmolLM2-1.7B-Instruct,743,743,1.2235841751098633,79,1.776733636856079,0.22608710825443268,"[0.16177570130282762, 0.7585847957978538, 0.9492019024310369, -0.003757291111170058, -0.01067499809473299]","[0.039442452252646774, 0.09251344603370266, 0.08991801455331111, 0.0017170175734604585, 0.0049165885814659305]",0,SeattleCityCouncil_07062020_CB 119814,model_A
tofueval_SmolLM2-1.7B-Instruct,744,744,0.5208211541175842,139,2.159898281097412,0.28471967577934265,"[1.4443406032480473, 0.6290444145956401, 0.010955263900639615, 0.0015446944941078014, -0.014892553239203132]","[0.18329957762573437, 0.09900402408174415, 0.001841111725735064, 0.0007577768123263654, 0.0018679373978513776]",0,SeattleCityCouncil_07062020_CB 119814,model_B
tofueval_SmolLM2-1.7B-Instruct,745,745,0.7661439180374146,107,2.2075746059417725,0.2738093137741089,"[1.404123279361939, 0.42658132783790875, 0.0029034626848136714, -0.007258904371640447, 8.489492743180317e-05]","[0.18022147002485778, 0.08102766580420062, 0.001805152111717978, 0.0006300499025260634, 0.0018775641413446814]",0,SeattleCityCouncil_07062020_CB 119814,model_C
tofueval_SmolLM2-1.7B-Instruct,746,746,0.41702595353126526,134,2.342581033706665,0.3504197895526886,"[1.3596735438977023, 0.7789426374857789, 0.0038455933174544096, -0.006913974078943555, -0.004762795419028678]","[0.19033828407612133, 0.15244714282004115, 0.004215046051472404, 0.00037553851756856875, 0.0009573401244022452]",0,SeattleCityCouncil_07062020_CB 119814,model_D
tofueval_SmolLM2-1.7B-Instruct,747,747,0.8766970634460449,85,1.0309807062149048,0.19460980594158173,"[0.4372429712998222, 0.5138542450238567, 0.004281420095546363, 0.006569288219650522, -0.012653387145195772]","[0.08518803436287967, 0.07968247182910038, 0.0026476434691430233, 0.000977226303379051, 0.002321916378896811]",0,SeattleCityCouncil_07062020_CB 119814,model_E
tofueval_SmolLM2-1.7B-Instruct,748,748,1.4350063800811768,52,1.184464931488037,0.2094731330871582,"[0.3950934200010334, 0.6238096333696516, -0.013989220755460198, 0.006483259523240401, -0.04294342501900526]","[0.07970274159001398, 0.0801816624119213, 0.0024823948594198206, 0.0010095018649368425, 0.003548019488116202]",0,SeattleCityCouncil_07062020_CB 119814,Model-Extra
tofueval_SmolLM2-1.7B-Instruct,749,749,0.39369669556617737,155,2.5275814533233643,0.3670508861541748,"[1.202774015013429, 1.0839307994859653, 0.004360491732809497, -0.001732322121754424, -0.0017764945927586768]","[0.16811172409380237, 0.18602297240763033, 0.0010440045910113881, 0.000401953912804739, 0.0010747866230076397]",0,SeattleCityCouncil_07062020_CB 119814,model_A
tofueval_SmolLM2-1.7B-Instruct,750,750,0.5217031836509705,125,2.572326183319092,0.34938251972198486,"[1.541251646079356, 0.6594966144196224, 0.003923751968053693, 0.002062063825200312, 0.027003620785886598]","[0.22493658547435189, 0.09626075750105156, 0.0017356066148345236, 0.0006988488278175282, 0.004338147628302067]",1,SeattleCityCouncil_07062020_CB 119814,model_B
tofueval_SmolLM2-1.7B-Instruct,751,751,0.6935397386550903,83,3.032541036605835,0.3848568797111511,"[1.8549496595304549, 0.6087017114878985, 0.007988108467149018, 0.005218691720161938, -0.02818341930697536]","[0.25535815488126307, 0.10170101208115125, 0.0017465854563635775, 0.0008172704635292148, 0.0019456823777447031]",0,SeattleCityCouncil_07062020_CB 119814,model_C
tofueval_SmolLM2-1.7B-Instruct,752,752,0.8783870339393616,63,1.4795855283737183,0.24654796719551086,"[0.5005674575643044, 0.46319465324320064, -0.020260326657051568, -0.004544099043414462, 0.00018410376917075603]","[0.1117424014628341, 0.07802213400987237, 0.0017746188283841288, 0.0008305748242058879, 0.001508077256013556]",0,SeattleCityCouncil_07062020_CB 119814,model_D
tofueval_SmolLM2-1.7B-Instruct,753,753,0.8448888659477234,100,2.6766860485076904,0.3485986590385437,"[1.3715103753656148, 0.3066379478480667, 0.6136965336705543, -0.0017918708992510802, -0.01147999907789199]","[0.19437433150858852, 0.06621812702153193, 0.06993141271690093, 0.0007200671020154914, 0.0015688847488854662]",0,SeattleCityCouncil_07062020_CB 119814,model_E
tofueval_SmolLM2-1.7B-Instruct,754,754,1.437874436378479,34,1.5929796695709229,0.21907104551792145,"[0.32593467319726616, 0.5814396529544062, -0.010140216323420378, 0.006912124204545227, 0.0016749895538155483]","[0.0866468842697727, 0.07640926628546903, 0.005681715925260612, 0.0016230864368601355, 0.004069971477008494]",0,SeattleCityCouncil_07062020_CB 119814,Model-Extra
tofueval_SmolLM2-1.7B-Instruct,755,755,1.031078815460205,66,2.0989508628845215,0.3429090678691864,"[1.13267220229362, 0.45587946733443957, -0.005382041121871832, -0.017767536473415516, -0.022780817703746972]","[0.19195529772497882, 0.09419632219023835, 0.0023986489931799456, 0.0008208231368261102, 0.002799732057328032]",0,SeattleCityCouncil_07062020_CB 119814,model_A
tofueval_SmolLM2-1.7B-Instruct,756,756,0.293153315782547,121,2.8685853481292725,0.4057542383670807,"[1.6151575703935868, 0.9540029951967279, -0.0032391549069540238, -0.005023325739627077, -0.003855284048227039]","[0.21840218086817761, 0.16425214046829908, 0.000826902775458643, 0.0002945968581651726, 0.0008896723559011421]",0,SeattleCityCouncil_07062020_CB 119814,model_B
tofueval_SmolLM2-1.7B-Instruct,757,757,1.0184231996536255,101,1.7213845252990723,0.27732419967651367,"[0.6287361049411503, 0.6956857057817921, 0.03548434164352302, -0.01932369510811468, -0.012935671985027205]","[0.11429452074619326, 0.11053692841374364, 0.006014021640450016, 0.0020082232343298476, 0.003440655534992438]",0,SeattleCityCouncil_07062020_CB 119814,model_C
tofueval_SmolLM2-1.7B-Instruct,758,758,0.8566138744354248,60,1.731449007987976,0.25349152088165283,"[0.7473225781392102, 0.5121023126069001, -0.005211331068737005, 0.003400477347652971, 0.012469436792040748]","[0.11212494408379522, 0.08835500181450394, 0.003098452399793435, 0.0014610176889315576, 0.002070307511195324]",0,SeattleCityCouncil_07062020_CB 119814,model_D
tofueval_SmolLM2-1.7B-Instruct,759,759,0.7302465438842773,95,1.6631038188934326,0.2532489001750946,"[0.5959641496631345, 0.6740388338811164, 0.01105059713648332, -0.008882362223429434, -0.004345181810736233]","[0.09910515720372315, 0.10358181364865328, 0.0021096683875959188, 0.000682390017114262, 0.004643826636703651]",0,SeattleCityCouncil_07062020_CB 119814,model_E
tofueval_SmolLM2-1.7B-Instruct,760,760,1.7295942306518555,54,1.355802297592163,0.16935797035694122,"[0.07170155038167852, 0.7614835713021522, 0.009696699083414624, -0.004776411465880099, -0.02368284177188158]","[0.042178467720111294, 0.07830118066372062, 0.00941557992267774, 0.004634616693642278, 0.007748594029355563]",0,SeattleCityCouncil_08062018_CB 119319,Model-Extra
tofueval_SmolLM2-1.7B-Instruct,761,761,1.5867153406143188,43,1.9878811836242676,0.2938699722290039,"[1.2201050112266256, 0.34568935151883334, -0.0713626384846108, -0.05407617561218632, -0.07339811832901243]","[0.21212317108683934, 0.03749699407703596, 0.003051648731893375, 0.002947699203855865, 0.008080667385446189]",0,SeattleCityCouncil_08062018_CB 119319,model_A
tofueval_SmolLM2-1.7B-Instruct,762,762,1.3471930027008057,69,1.6491702795028687,0.24750444293022156,"[0.6344365921523485, 0.8822987482817553, -0.007167442226921633, 0.01874374072096965, -0.0003267022252459909]","[0.13332441125449818, 0.09094829252140316, 0.005283989547857952, 0.0037613717280044552, 0.005659862695029665]",0,SeattleCityCouncil_08062018_CB 119319,model_B
tofueval_SmolLM2-1.7B-Instruct,763,763,1.2679697275161743,58,1.7386343479156494,0.18687473237514496,"[0.47012294037374197, 1.20099922841012, -0.010431788131333225, 0.012048847344478166, 0.027578584398411453]","[0.061964503179630245, 0.09667231434847791, 0.004253300330686153, 0.0035049625512564146, 0.003946548000499206]",0,SeattleCityCouncil_08062018_CB 119319,model_C
tofueval_SmolLM2-1.7B-Instruct,764,764,1.0568135976791382,109,1.947144865989685,0.2629634141921997,"[0.7986510732900461, 0.6787642534344253, 0.01541217413375866, 0.03619102795683504, 0.4199049919698655]","[0.13236037729328118, 0.07532242136223516, 0.006328405370875431, 0.0028472213732178885, 0.057726516545040095]",0,SeattleCityCouncil_08062018_CB 119319,model_D
tofueval_SmolLM2-1.7B-Instruct,765,765,1.2672103643417358,51,1.6646335124969482,0.21580085158348083,"[0.8870877914912354, 0.45979530382999867, -0.047860563372452425, -0.018060155474813655, 0.030858291764518216]","[0.12232723079728426, 0.07416636161466765, 0.0030950440918630583, 0.0028060505543363416, 0.004546002437296813]",0,SeattleCityCouncil_08062018_CB 119319,model_E
tofueval_SmolLM2-1.7B-Instruct,766,766,1.462551236152649,43,1.6261345148086548,0.17939215898513794,"[0.056879891236962445, 0.8289824071212342, 0.03778284313570069, 0.008097957747955915, 0.05057091591541309]","[0.049865943902723094, 0.07882991942189915, 0.006454013189827386, 0.003975010605483138, 0.007369844572971234]",0,SeattleCityCouncil_08062018_CB 119319,Model-Extra
tofueval_SmolLM2-1.7B-Instruct,767,767,1.5624794960021973,40,1.522635817527771,0.21334043145179749,"[0.7485007907322142, 0.5537936590553727, 0.028070727683370933, 0.05177521966106724, 0.03272349518083502]","[0.10957383497152477, 0.06690819204732179, 0.006887617707525351, 0.005246153632037931, 0.004521803951547554]",0,SeattleCityCouncil_08062018_CB 119319,model_A
tofueval_SmolLM2-1.7B-Instruct,768,768,1.3493891954421997,52,1.3642195463180542,0.19335350394248962,"[0.4775434556750042, 0.6561095923935122, 0.0032525473964667003, 0.02165244626502709, 0.017694700749976058]","[0.05898514413611512, 0.09507673042999333, 0.0033640133944568508, 0.002869272921345739, 0.004348844174166162]",0,SeattleCityCouncil_08062018_CB 119319,model_B
tofueval_SmolLM2-1.7B-Instruct,769,769,1.3077811002731323,110,2.0887610912323,0.2480621486902237,"[0.6483888640675269, 0.4122407818466586, 0.010225662487294522, 0.020725625490707566, 0.8982558716257865]","[0.09167835415449303, 0.053786873060080224, 0.006183984385324947, 0.005754898016022025, 0.09032678578318651]",1,SeattleCityCouncil_08062018_CB 119319,model_C
tofueval_SmolLM2-1.7B-Instruct,770,770,1.0624806880950928,118,1.566555380821228,0.21005114912986755,"[1.0670991402111505, 0.23166114211599667, -0.003378066750636948, -0.003027144685324471, -0.019285399925138336]","[0.15282177450073073, 0.0403110956722076, 0.00593903198991399, 0.003338230586081663, 0.0044877492318846635]",0,SeattleCityCouncil_08062018_CB 119319,model_D
tofueval_SmolLM2-1.7B-Instruct,771,771,1.259285807609558,107,1.6121464967727661,0.21993158757686615,"[0.8166921714963511, 0.5459854464913244, 0.0055768882294640245, 0.03095085732074439, -0.0339461336232013]","[0.103233036097102, 0.07871390572166274, 0.010839660732473706, 0.005808940656482553, 0.005001551195044149]",0,SeattleCityCouncil_08062018_CB 119319,model_E
tofueval_SmolLM2-1.7B-Instruct,772,772,1.2494690418243408,32,1.7421053647994995,0.22794291377067566,"[-0.04609031360450899, 1.1106892991519999, -0.007293109461897984, 0.003271246314398013, 0.007237533194711432]","[0.022638512812704903, 0.1561305380964768, 0.005507747453634693, 0.004102008868812845, 0.003993372321474453]",0,SeattleCityCouncil_08062018_CB 119319,Model-Extra
tofueval_SmolLM2-1.7B-Instruct,773,773,1.0687072277069092,22,2.658876895904541,0.2650916576385498,"[-0.06071402263742956, 1.525991800177673, -0.026518528333822775, -0.035880931219170714, 0.04178622714243829]","[0.01747590782575902, 0.1892348024914761, 0.0035037859686946667, 0.002693483308162699, 0.00422336351849398]",0,SeattleCityCouncil_08062018_CB 119319,model_A
tofueval_SmolLM2-1.7B-Instruct,774,774,1.6781190633773804,35,1.2845134735107422,0.1721559464931488,"[0.08991032441613893, 0.033113021478077695, 0.022475687601114, 0.009177323803799351, 1.0954111232322508]","[0.014545619139261947, 0.014403625649089641, 0.0032801901290164487, 0.003127542434622553, 0.10725477736819553]",1,SeattleCityCouncil_08062018_CB 119319,model_B
tofueval_SmolLM2-1.7B-Instruct,775,775,1.12440824508667,80,2.088688611984253,0.261270135641098,"[0.5077144884686277, 1.1393274331159773, -0.031428769345075123, -0.018785565683356254, -0.027695575820689555]","[0.08544852539855582, 0.13026625504338085, 0.005151496588507598, 0.00517674946348734, 0.0050071160918435]",0,SeattleCityCouncil_08062018_CB 119319,model_C
tofueval_SmolLM2-1.7B-Instruct,776,776,1.6913355588912964,36,1.3150036334991455,0.19333405792713165,"[0.3909864000484554, 0.2120688931059299, -0.001830609075518118, -0.014018234350563338, 0.026675163373713277]","[0.04102439030086518, 0.04066852013380008, 0.004926229750556861, 0.003597174894366617, 0.00478164481986217]",0,SeattleCityCouncil_08062018_CB 119319,model_D
tofueval_SmolLM2-1.7B-Instruct,777,777,1.091915488243103,91,2.047654390335083,0.31666818261146545,"[1.0136676959307727, 0.772807872379317, -0.03614420396059778, -0.01581389337645685, -0.013607815433575664]","[0.16851429734216644, 0.1143006669118212, 0.004592565516304603, 0.0038698636333402738, 0.006520323565708013]",0,SeattleCityCouncil_08062018_CB 119319,model_E
tofueval_SmolLM2-1.7B-Instruct,778,778,1.4357850551605225,32,0.7741307020187378,0.18623849749565125,"[0.3254232833579067, 0.05836616676117501, 0.03874965670627262, 0.06534574644012991, 0.09345088982377092]","[0.1354682755088561, 0.007674926517346137, 0.002508659804814073, 0.002506518731536289, 0.009652551450443525]",0,SeattleCityCouncil_08082016_Res 31690,Model-Extra
tofueval_SmolLM2-1.7B-Instruct,779,779,1.2147141695022583,77,1.4723381996154785,0.21924059092998505,"[0.8406830469891732, 0.16135682522924202, 0.027613303403027263, 0.04606964373202312, 0.23298955641524577]","[0.14930979616266477, 0.02871391502699757, 0.004837802724895565, 0.004243672812736958, 0.022760558228789952]",0,SeattleCityCouncil_08082016_Res 31690,model_A
tofueval_SmolLM2-1.7B-Instruct,780,780,0.9069471955299377,99,1.8068946599960327,0.2663441598415375,"[0.8128998202552031, 0.31945843669117574, 0.5427774018756676, 0.0013892570527924831, 0.028999551729088347]","[0.15504438814456986, 0.04625027371218834, 0.07216396207031331, 0.002925006964508639, 0.0066726404666754046]",0,SeattleCityCouncil_08082016_Res 31690,model_B
tofueval_SmolLM2-1.7B-Instruct,781,781,0.49805447459220886,110,1.8602135181427002,0.24245886504650116,"[1.619167505726959, 0.041929884262092605, 0.032166554172280565, 0.03265952464905488, 0.03250219369534038]","[0.2174399678608593, 0.003509186979105876, 0.0032679040784645706, 0.003292166564077351, 0.004660515220274936]",0,SeattleCityCouncil_08082016_Res 31690,model_C
tofueval_SmolLM2-1.7B-Instruct,782,782,1.6182597875595093,73,1.006196141242981,0.1722380816936493,"[0.6107537121079076, 0.053148829137551555, -0.01744488090477019, -0.04940029325653335, -0.018216661495138745]","[0.10738450030351343, 0.01966960913372055, 0.0028114837154483725, 0.003074246618998337, 0.00923170566461086]",1,SeattleCityCouncil_08082016_Res 31690,model_D
tofueval_SmolLM2-1.7B-Instruct,783,783,0.8660077452659607,154,1.627816081047058,0.21536868810653687,"[1.3614400554881712, 0.09808918832837284, -0.011165728766503558, -0.028477096656541863, 0.023886165319024034]","[0.1745211421848462, 0.014901359937263286, 0.004451043182962315, 0.0033677071418639582, 0.006942855259185248]",0,SeattleCityCouncil_08082016_Res 31690,model_E
tofueval_SmolLM2-1.7B-Instruct,784,784,1.9009919166564941,25,1.189386010169983,0.21643121540546417,"[-0.1506974361363973, -0.14465201899089153, 0.22744566842957284, 0.027052913207007805, -0.03784181621565949]","[0.07219745005231744, 0.015047576441604633, 0.042270693190785094, 0.005210281040417613, 0.015152815013088912]",0,SeattleCityCouncil_08082016_Res 31690,Model-Extra
tofueval_SmolLM2-1.7B-Instruct,785,785,1.3269224166870117,70,1.2542592287063599,0.17946350574493408,"[0.5659635311973553, -0.033052992108267586, 0.03841784618705008, 0.1316614449633302, 0.09748814767528009]","[0.08123632396728502, 0.014446437705523911, 0.007803095243334773, 0.03021719602973495, 0.01442650128759299]",0,SeattleCityCouncil_08082016_Res 31690,model_A
tofueval_SmolLM2-1.7B-Instruct,786,786,0.6576710939407349,73,1.649864673614502,0.24342425167560577,"[0.29248424349139424, 0.9713213946007982, 0.4184308209640296, 0.056712299573282256, 0.031607947654763796]","[0.05795761988071581, 0.13589395380190214, 0.05571175099752609, 0.006322996848246176, 0.008571675509504169]",0,SeattleCityCouncil_08082016_Res 31690,model_B
tofueval_SmolLM2-1.7B-Instruct,787,787,1.319192886352539,55,1.5756895542144775,0.21849507093429565,"[0.5053063568668387, 0.23020062519221524, 0.2187467537667544, 0.06448006570486045, 0.06675458774453463]","[0.12203297039888474, 0.046190257804940155, 0.021827557213898466, 0.006189261174592337, 0.011601538898263574]",0,SeattleCityCouncil_08082016_Res 31690,model_C
tofueval_SmolLM2-1.7B-Instruct,788,788,1.2754466533660889,103,2.436150074005127,0.3027159571647644,"[1.4369589117512749, 0.5452438506463914, 0.01091897112391697, -0.0005667301435467168, 0.00782941101980452]","[0.18173072137979387, 0.05564099296209428, 0.009143013282096256, 0.0040509979996664535, 0.011841557002338677]",1,SeattleCityCouncil_08082016_Res 31690,model_D
tofueval_SmolLM2-1.7B-Instruct,789,789,1.6786298751831055,51,0.6151547431945801,0.1774863749742508,"[-0.13999702896199226, -0.07586773729417473, 0.16500086574267378, 0.08199403482071563, 0.03814150998482992]","[0.038446425192067216, 0.016317875023176776, 0.027250982383199753, 0.00637236453453357, 0.01899788054852341]",1,SeattleCityCouncil_08082016_Res 31690,model_E
tofueval_SmolLM2-1.7B-Instruct,790,790,1.8139632940292358,67,1.3098372220993042,0.21566013991832733,"[0.054404546448902476, 0.10354041950647944, 0.19358351172993582, -0.029421003998119085, 0.5245535232581949]","[0.03937908727347851, 0.01608529000173606, 0.037798468934528186, 0.013124359527545724, 0.0902011929514588]",0,SeattleCityCouncil_08082016_Res 31690,Model-Extra
tofueval_SmolLM2-1.7B-Instruct,791,791,0.8238638043403625,156,1.7803701162338257,0.2427237629890442,"[1.0230592779174539, 0.1527689630869505, 0.3601389146976241, 0.004010178737236203, 0.09202913155581299]","[0.15107214748340644, 0.03905272487216758, 0.052313074672305684, 0.005330846896873855, 0.007936280887562566]",0,SeattleCityCouncil_08082016_Res 31690,model_A
tofueval_SmolLM2-1.7B-Instruct,792,792,1.052431583404541,83,1.4009554386138916,0.20132921636104584,"[0.8419586490051286, 0.05749869336695298, 0.0016092236419573023, 0.0045346526015467145, 0.05498050324599881]","[0.12607556283461258, 0.013167464461894927, 0.008679240732280631, 0.006511963404262637, 0.00940729103887905]",0,SeattleCityCouncil_08082016_Res 31690,model_B
tofueval_SmolLM2-1.7B-Instruct,793,793,1.3423300981521606,53,0.5236103534698486,0.1045287624001503,"[-0.01542272578808479, 0.16639911786505934, 0.019769069671829644, -0.0012523523163388676, 0.016396035561623615]","[0.02370004888783818, 0.018250570437645226, 0.011249140115438113, 0.005365847524547651, 0.008413422665475906]",0,SeattleCityCouncil_08082016_Res 31690,model_C
tofueval_SmolLM2-1.7B-Instruct,794,794,0.9618737101554871,123,1.4004130363464355,0.21505865454673767,"[0.19203417223923872, 0.15476772074014558, 0.0865169888777935, 0.3933381105950643, 0.34910734694422285]","[0.03776733272889951, 0.02791541272052115, 0.016034948558000438, 0.06713141146266983, 0.05782581697985456]",0,SeattleCityCouncil_08082016_Res 31690,model_D
tofueval_SmolLM2-1.7B-Instruct,795,795,1.391524314880371,47,1.802987813949585,0.20613659918308258,"[0.6613321048051225, 0.22921657483985133, 0.0997743003053016, 0.05507827352537672, -0.012331339438691082]","[0.11646374550684142, 0.02861111596598192, 0.006225126874727372, 0.004333445582939563, 0.00982736194164511]",0,SeattleCityCouncil_08082016_Res 31690,model_E
tofueval_SmolLM2-1.7B-Instruct,796,796,2.2643094062805176,55,1.686722755432129,0.1985551118850708,"[0.02620887160883285, 0.7916212971353989, -0.06215525963661176, -0.042429708437570796, 0.0056385598044884815]","[0.00692226854119905, 0.1038565212745611, 0.013213222887464906, 0.008077206404083303, 0.006897993942600971]",0,SeattleCityCouncil_08142017_Res 31764,Model-Extra
tofueval_SmolLM2-1.7B-Instruct,797,797,1.6020820140838623,101,1.6223671436309814,0.2311716377735138,"[-0.022410350473076657, 1.2566632016165422, -0.014577599328776619, 0.2035055851274502, -0.043899882730905726]","[0.012305146382369448, 0.16776135012390447, 0.012894727404372053, 0.03103333469882705, 0.014445964702451537]",1,SeattleCityCouncil_08142017_Res 31764,model_A
tofueval_SmolLM2-1.7B-Instruct,798,798,1.3561819791793823,138,1.9110350608825684,0.30780094861984253,"[-0.028504474378322535, 0.9849262410189376, -0.01821411908093833, 0.6243251206807158, -0.02316368117201331]","[0.00565667331416673, 0.20745052609456013, 0.012882351689002106, 0.08122971779418575, 0.008215907034696102]",0,SeattleCityCouncil_08142017_Res 31764,model_B
tofueval_SmolLM2-1.7B-Instruct,799,799,1.6332495212554932,68,1.2735625505447388,0.17356400191783905,"[0.022142963022548322, 0.8568277399882551, 0.018385397030643243, 0.3137658913333058, -0.022109908559821846]","[0.00477483494115832, 0.09806134476296874, 0.004945683816967015, 0.051535958731740134, 0.007039721210824556]",1,SeattleCityCouncil_08142017_Res 31764,model_C
tofueval_SmolLM2-1.7B-Instruct,800,800,1.3748499155044556,116,1.8125576972961426,0.2603910565376282,"[-0.028662324805015394, 1.2415397471699618, 0.2712275604130339, -0.003928752848878503, 0.025766712194659893]","[0.009899818573910972, 0.16383110226637781, 0.03335377906881047, 0.009112811470466678, 0.010584877345191389]",1,SeattleCityCouncil_08142017_Res 31764,model_D
tofueval_SmolLM2-1.7B-Instruct,801,801,1.6824766397476196,57,1.5376009941101074,0.18835274875164032,"[0.11459996794419886, 0.7349244046776572, 0.023339608052067393, 0.5090041567158902, 0.13290285053274906]","[0.020655211543718202, 0.104821399529372, 0.007546502224980494, 0.047519782430403244, 0.021319723579341497]",0,SeattleCityCouncil_08142017_Res 31764,model_E
tofueval_SmolLM2-1.7B-Instruct,802,802,2.1378188133239746,54,1.50117826461792,0.19807714223861694,"[0.04389387579188527, 0.9352396734062091, 0.2040976669113324, -0.10038394071334214, 0.08487828236980864]","[0.00520817312633847, 0.12569097916763927, 0.048483513387677875, 0.013875885833436364, 0.01240948799996086]",0,SeattleCityCouncil_08142017_Res 31764,Model-Extra
tofueval_SmolLM2-1.7B-Instruct,803,803,1.165778398513794,90,2.148961305618286,0.30287042260169983,"[0.0054360364030192915, 1.6876051641793715, 0.0646904363914574, 0.3905362670908087, 0.007585696099623521]","[0.003282979928124203, 0.23868946487679446, 0.01349907925161915, 0.0655218416526572, 0.00967175014095321]",0,SeattleCityCouncil_08142017_Res 31764,model_A
tofueval_SmolLM2-1.7B-Instruct,804,804,1.243941307067871,83,2.146273612976074,0.27430057525634766,"[0.018050588398795933, 1.9418227896080296, -0.05781723396552457, -0.06879111943648657, -0.02085468778106193]","[0.006215214853811236, 0.24917768725686348, 0.01074798246769337, 0.013286003304896089, 0.006131784697947888]",0,SeattleCityCouncil_08142017_Res 31764,model_B
tofueval_SmolLM2-1.7B-Instruct,805,805,0.9966248869895935,120,1.989372730255127,0.3016071319580078,"[-0.003930022134106063, 1.4454969010674783, 0.35130326391760414, -0.03201562049847174, -0.005631377370082191]","[0.0032904183938531634, 0.23752624207592513, 0.051223944315366525, 0.017750513969717, 0.007419582606390426]",1,SeattleCityCouncil_08142017_Res 31764,model_C
tofueval_SmolLM2-1.7B-Instruct,806,806,1.017295002937317,75,1.900386095046997,0.23419012129306793,"[-0.017261415079895717, 1.3733169534317373, 0.010316156633392286, 0.5380630989681231, 0.020462470000687367]","[0.005445999096094359, 0.15838324917211138, 0.012269048137101586, 0.08381516469398775, 0.008343735726472611]",0,SeattleCityCouncil_08142017_Res 31764,model_D
tofueval_SmolLM2-1.7B-Instruct,807,807,1.6378527879714966,53,2.8008875846862793,0.3378202021121979,"[0.08503012906513968, 0.7943318188025722, 0.0024831580252931366, 1.5109664169403743, 0.08911964623586995]","[0.004948118951396505, 0.08336143952438538, 0.011400343402337452, 0.2251592391850932, 0.01910610194613153]",0,SeattleCityCouncil_08142017_Res 31764,model_E
tofueval_SmolLM2-1.7B-Instruct,808,808,2.2309935092926025,59,1.4604222774505615,0.23038364946842194,"[0.05499939740659132, 0.912025199397033, 0.19909989615602386, -0.006333827145666011, 0.061929160967800705]","[0.006410259859876533, 0.16573994173431547, 0.04095953596913467, 0.007500310444534002, 0.004233730562730871]",0,SeattleCityCouncil_08142017_Res 31764,Model-Extra
tofueval_SmolLM2-1.7B-Instruct,809,809,1.1990875005722046,97,2.0356366634368896,0.26140153408050537,"[0.014051569806209035, 1.7041714168111697, -0.00678428216506103, -0.01258647635494498, 0.033048329742855785]","[0.011779549911322188, 0.21759211744083398, 0.0042675819910429486, 0.007622508514158813, 0.015424079266401266]",0,SeattleCityCouncil_08142017_Res 31764,model_A
tofueval_SmolLM2-1.7B-Instruct,810,810,1.0715694427490234,68,1.3605637550354004,0.18407738208770752,"[-0.011209067234577721, 1.1977700702015734, 0.012446545497582787, 0.032865273757659665, 0.04168300971179954]","[0.006881738614785771, 0.17014418884506247, 0.0016051773561684968, 0.004663062988818049, 0.003831028560057348]",0,SeattleCityCouncil_08142017_Res 31764,model_B
tofueval_SmolLM2-1.7B-Instruct,811,811,0.9387444257736206,101,2.318617820739746,0.28180646896362305,"[-0.01213767315277779, 1.8785830281353855, 0.3451244636194718, 0.013925647548063299, -0.01731843420429418]","[0.006766577320338839, 0.23401638962709378, 0.04074969501101859, 0.008499672724219006, 0.0037697335012558367]",0,SeattleCityCouncil_08142017_Res 31764,model_C
tofueval_SmolLM2-1.7B-Instruct,812,812,1.4522947072982788,69,2.08390736579895,0.28054842352867126,"[0.011300661633182586, 1.3215769381545808, 0.02555491767850691, -0.06337679313509252, 0.1682074124303957]","[0.006144111250026638, 0.19797857954066442, 0.00755585235670562, 0.008727738391411074, 0.018897893467826932]",0,SeattleCityCouncil_08142017_Res 31764,model_D
tofueval_SmolLM2-1.7B-Instruct,813,813,1.187623143196106,111,1.6414616107940674,0.2566344141960144,"[-0.025764162606834475, 1.4521464561990585, -0.037470357934629696, 0.13610893853878192, -0.021088996602679596]","[0.0069155753010957735, 0.2401108152784267, 0.007689810057944759, 0.014928288870766852, 0.003506496105622212]",0,SeattleCityCouncil_08142017_Res 31764,model_E
tofueval_SmolLM2-1.7B-Instruct,814,814,2.063948631286621,54,1.0084989070892334,0.16362392902374268,"[0.24338561390457605, -0.018673383523020202, 0.001887171253286026, 0.14822055063969283, -0.056656051836735395]","[0.038779578015843676, 0.0045049592909991686, 0.009899442029597628, 0.012449533845365632, 0.01341824954461454]",0,SeattleCityCouncil_09122016_Res 31702,Model-Extra
tofueval_SmolLM2-1.7B-Instruct,815,815,1.0070992708206177,52,1.2382657527923584,0.2171427309513092,"[-0.0622241327777234, -0.026272881265080848, -0.035004322895981835, -0.01737632874122797, 0.30229574200851717]","[0.014400620035207094, 0.001468974945636931, 0.0025804752673169473, 0.0016554295998896752, 0.05038264005893849]",1,SeattleCityCouncil_09122016_Res 31702,model_A
tofueval_SmolLM2-1.7B-Instruct,816,816,0.665955126285553,86,1.7938404083251953,0.2421489953994751,"[0.772453024853729, -0.0011174394646733946, -0.006595354805381777, 0.007326122708100017, -0.032038647149536616]","[0.10387772069001913, 0.0027665253747069223, 0.0029727732426670437, 0.0016285433208464003, 0.014027908189410312]",0,SeattleCityCouncil_09122016_Res 31702,model_B
tofueval_SmolLM2-1.7B-Instruct,817,817,1.1754704713821411,39,1.5557303428649902,0.23323756456375122,"[0.1576713453620099, 0.0010269521019206597, 0.015819665907213513, -0.0032532525678666737, 0.42745584178751767]","[0.015351093367476447, 0.0027224735381073863, 0.004702433611316501, 0.0022620218003281387, 0.06163379453303209]",1,SeattleCityCouncil_09122016_Res 31702,model_C
tofueval_SmolLM2-1.7B-Instruct,818,818,0.904792070388794,98,1.245210886001587,0.1691775768995285,"[0.2182467004479674, -0.012401345278518345, 0.2917054534641187, 0.018535161400106925, 0.18684038907103598]","[0.04451063341722908, 0.004115492861724213, 0.026918835281685923, 0.0025404517919663965, 0.035314655042797384]",1,SeattleCityCouncil_09122016_Res 31702,model_D
tofueval_SmolLM2-1.7B-Instruct,819,819,1.3720329999923706,65,0.857525110244751,0.16163495182991028,"[-0.01662056524790107, 0.006988275704386, -0.038683517030977575, 0.005335282810175648, 0.21149799020405716]","[0.015698259937366506, 0.0035693606879983867, 0.00463760258804681, 0.0031825629518677416, 0.027775023691412153]",1,SeattleCityCouncil_09122016_Res 31702,model_E
tofueval_SmolLM2-1.7B-Instruct,820,820,2.002431631088257,49,1.3253015279769897,0.18983225524425507,"[0.42520094344544473, 0.02198454547359855, -0.00998079829269602, 0.15002767239074813, -0.0034666453934825807]","[0.06237673767868635, 0.005591784605675624, 0.009819732213034104, 0.025978892724512606, 0.011718747190329571]",0,SeattleCityCouncil_09122016_Res 31702,Model-Extra
tofueval_SmolLM2-1.7B-Instruct,821,821,0.8047464489936829,74,1.5667753219604492,0.20172084867954254,"[0.30514396358911827, 0.09499530318877274, -0.003955112827768332, 0.007629801112154775, 0.23729099499001136]","[0.04333366561680221, 0.02101070524977208, 0.0033011445784907395, 0.002278839795815509, 0.030735240539315412]",1,SeattleCityCouncil_09122016_Res 31702,model_A
tofueval_SmolLM2-1.7B-Instruct,822,822,1.2367805242538452,49,0.5939914584159851,0.12422958016395569,"[-0.06807069083665088, -0.03383612547790275, 0.012788294812399468, -0.04903480540117146, 0.30143071405948796]","[0.014433986811895654, 0.0014359627638228579, 0.0017007570374327854, 0.0033218846533986024, 0.029559710023430833]",1,SeattleCityCouncil_09122016_Res 31702,model_B
tofueval_SmolLM2-1.7B-Instruct,823,823,0.6949669122695923,64,2.2895660400390625,0.3149293065071106,"[0.873526614005641, 0.008529510372227378, -0.0009647346764722897, -0.0023747459479182, -0.01821689967050588]","[0.14272279677631872, 0.003242248994054009, 0.002724211845894331, 0.0018197713929239967, 0.010346976962157584]",1,SeattleCityCouncil_09122016_Res 31702,model_C
tofueval_SmolLM2-1.7B-Instruct,824,824,0.8304976224899292,62,2.3088653087615967,0.2726167142391205,"[1.1733331642491036, -0.029057802286960425, 0.4020241067985133, 0.00028053128945400876, -0.0006329188697911318]","[0.1448827500105014, 0.008404020738321232, 0.04566261228187467, 0.0022657234824017053, 0.005175094453108848]",0,SeattleCityCouncil_09122016_Res 31702,model_D
tofueval_SmolLM2-1.7B-Instruct,825,825,1.1631650924682617,103,1.3330975770950317,0.1925957202911377,"[0.38476435459086894, -0.02909958716640335, -0.005845793264946674, -0.010124792997655797, 0.19054941417650378]","[0.05908158345841713, 0.0022810534192081585, 0.004930465020636591, 0.002171437241497863, 0.03412327306078773]",1,SeattleCityCouncil_09122016_Res 31702,model_E
tofueval_SmolLM2-1.7B-Instruct,826,826,1.4052191972732544,58,0.9870062470436096,0.16343572735786438,"[0.24864955697858962, 0.00039071810696723647, -0.02479986696512085, 0.003296043794072265, 0.2614658331450332]","[0.03572318169934643, 0.0032641151943717606, 0.00703310458501274, 0.0023054326353727007, 0.031252397495022864]",1,SeattleCityCouncil_09122016_Res 31702,Model-Extra
tofueval_SmolLM2-1.7B-Instruct,827,827,0.9647291302680969,88,0.7320102453231812,0.13945937156677246,"[-0.032591591842736474, -0.01171333004183659, -0.023842718023884532, 0.005983071555337202, 0.19458168904648945]","[0.011329139408114874, 0.0013128349261354413, 0.002305711922009447, 0.0014995220707021417, 0.028061552473502616]",1,SeattleCityCouncil_09122016_Res 31702,model_A
tofueval_SmolLM2-1.7B-Instruct,828,828,1.1640578508377075,57,0.9490346908569336,0.16421759128570557,"[0.04185130101043461, -0.018611799419567546, 0.0028474640337088587, 0.01670833121068171, 0.2555908266028079]","[0.020508630835106408, 0.00282823368920697, 0.007365505799917197, 0.0030889670111328245, 0.04396332750271987]",1,SeattleCityCouncil_09122016_Res 31702,model_B
tofueval_SmolLM2-1.7B-Instruct,829,829,0.9554721117019653,78,1.0631753206253052,0.16557195782661438,"[0.4586631880025753, -0.008612029939495888, -0.016909398815746848, -0.009386831568777919, 0.24991098526385405]","[0.07238930753849743, 0.0018637800626376516, 0.002924768134387425, 0.0015603516989043643, 0.032133109303872635]",1,SeattleCityCouncil_09122016_Res 31702,model_C
tofueval_SmolLM2-1.7B-Instruct,830,830,1.0714534521102905,101,0.9044355750083923,0.13949544727802277,"[0.3044216411468045, -0.006818685042432689, 0.012369887986610007, -0.022468673819699095, 0.1625784156478205]","[0.04639787595292231, 0.0020090571751106745, 0.0031699568894487354, 0.0020440151509787804, 0.02426906531621684]",1,SeattleCityCouncil_09122016_Res 31702,model_D
tofueval_SmolLM2-1.7B-Instruct,831,831,1.261267900466919,103,1.2414402961730957,0.1732870638370514,"[0.46262279198193035, 0.037584744743071496, -0.006962147647869837, 0.14624455074403317, 0.1581526611834421]","[0.05862956810802838, 0.00872393390326782, 0.007423825111394215, 0.02431145036942467, 0.028013876638865044]",1,SeattleCityCouncil_09122016_Res 31702,model_E
tofueval_SmolLM2-1.7B-Instruct,832,832,1.068442463874817,36,1.9587974548339844,0.22869814932346344,"[1.0290060394230143, 0.0037518240925338534, -0.005822093317369258, -0.008107358030328114, 0.06336811118105995]","[0.13825475326868603, 0.0052052551037667805, 0.0016725466075639714, 0.001586244253619245, 0.004414155707681605]",0,SeattleCityCouncil_10072019_CB 119288,Model-Extra
tofueval_SmolLM2-1.7B-Instruct,833,833,1.0122050046920776,55,1.7383840084075928,0.24302981793880463,"[1.5112919742495499, 0.026699062510372393, -0.006047422325619581, -0.014723170997934755, -0.016570694204314017]","[0.1961853942521636, 0.005291805616756888, 0.002489786040397038, 0.0022509152356344035, 0.006437975932778334]",0,SeattleCityCouncil_10072019_CB 119288,model_A
tofueval_SmolLM2-1.7B-Instruct,834,834,1.11863112449646,41,1.6448663473129272,0.20332805812358856,"[1.0792750287289936, 0.11524520377577396, 0.023796484291002656, 0.009204122962617519, 0.04758805075586524]","[0.12347547524387198, 0.009389191219137191, 0.004019331717073306, 0.0028857014092853028, 0.006198356696808243]",0,SeattleCityCouncil_10072019_CB 119288,model_B
tofueval_SmolLM2-1.7B-Instruct,835,835,1.2598650455474854,53,1.260970115661621,0.22203515470027924,"[0.5033265673203992, 0.20021757355535333, 0.1756642502221885, -0.02669136461039636, 0.05035920893413208]","[0.11207517069458776, 0.019075925907076935, 0.02893901673786237, 0.002545250061569852, 0.004731727950491164]",1,SeattleCityCouncil_10072019_CB 119288,model_C
tofueval_SmolLM2-1.7B-Instruct,836,836,1.2143099308013916,80,1.5903022289276123,0.25651317834854126,"[0.15869570609202127, 0.31970063620710787, -0.013735762395936036, -0.034903588271845365, 0.6968160571073895]","[0.05596294837762059, 0.06252731209856677, 0.006244390662233456, 0.0036543695290021105, 0.08299323148682163]",0,SeattleCityCouncil_10072019_CB 119288,model_D
tofueval_SmolLM2-1.7B-Instruct,837,837,1.1212592124938965,77,1.7554610967636108,0.2661174237728119,"[1.0384506446932285, 0.31706839047301283, -0.020944583828805933, 0.010794122583556364, 0.012069093300084063]","[0.16474922878020246, 0.03944729205516394, 0.015234653563444321, 0.00383149953913803, 0.008400321242747437]",1,SeattleCityCouncil_10072019_CB 119288,model_E
tofueval_SmolLM2-1.7B-Instruct,838,838,2.245695114135742,32,1.783837080001831,0.22479090094566345,"[0.05014957519233576, 0.32960027331932906, -0.12656365355769594, 0.16671321332876232, 0.8127147207342205]","[0.011521208817327988, 0.026296213101034027, 0.026820231549280038, 0.012315001573583118, 0.13636515621453782]",0,SeattleCityCouncil_10072019_CB 119288,Model-Extra
tofueval_SmolLM2-1.7B-Instruct,839,839,1.4109934568405151,40,2.114084005355835,0.25822311639785767,"[-0.035351120597624686, 0.0027773672001785597, -0.050415517509100026, 0.06507590892433654, 1.5966359974874649]","[0.007258398635281082, 0.012029743270250037, 0.004222010179046265, 0.006324147068778529, 0.19708282974593203]",0,SeattleCityCouncil_10072019_CB 119288,model_A
tofueval_SmolLM2-1.7B-Instruct,840,840,2.2013750076293945,63,0.5607981085777283,0.1467766910791397,"[0.21950104339235363, 0.12250932466122322, -0.022248016038723846, 0.018766924106453118, 0.017154253789317047]","[0.03656765363084848, 0.020159136379824926, 0.00209694930206405, 0.0032583685728789693, 0.05636820601875303]",1,SeattleCityCouncil_10072019_CB 119288,model_B
tofueval_SmolLM2-1.7B-Instruct,841,841,2.9180238246917725,39,0.8543266654014587,0.17468930780887604,"[0.34791062342432827, 0.11624792865358102, -0.07487956139569481, -0.00569756945165304, 0.0002121639151412707]","[0.05839290137131078, 0.02296937441524978, 0.00499180889519033, 0.005288250813744246, 0.04693806311815234]",1,SeattleCityCouncil_10072019_CB 119288,model_C
tofueval_SmolLM2-1.7B-Instruct,842,842,1.0657182931900024,48,2.2759525775909424,0.31385600566864014,"[1.6174724313993163, 0.039248162976340005, -0.01959833451655868, -0.043606632278169855, -0.04334182843679931]","[0.1981630184588236, 0.01770626718824057, 0.0028613514971974987, 0.0024719815396376057, 0.0176584385399489]",0,SeattleCityCouncil_10072019_CB 119288,model_D
tofueval_SmolLM2-1.7B-Instruct,843,843,1.0970855951309204,93,1.9320064783096313,0.30942055583000183,"[1.1079314662264188, 0.3651507202656664, -0.06401058193941642, -0.04058826891691898, -0.08024418141858111]","[0.16517331447003136, 0.07440784502310263, 0.012231644971848941, 0.00525587902670898, 0.019587166594595647]",0,SeattleCityCouncil_10072019_CB 119288,model_E
tofueval_SmolLM2-1.7B-Instruct,844,844,1.7135926485061646,74,1.3502203226089478,0.20381823182106018,"[0.04697447981802602, 0.35527450956028217, -0.03869434235909737, 0.25695995897645796, 0.5276233312257761]","[0.012391481640849166, 0.06254275719793195, 0.014009243160871479, 0.028737999446228648, 0.06996101574556657]",1,SeattleCityCouncil_10072019_CB 119288,Model-Extra
tofueval_SmolLM2-1.7B-Instruct,845,845,1.4134434461593628,62,1.3194178342819214,0.23087601363658905,"[0.0026309979700947167, 0.7851069929850881, -0.06266360908487131, 0.1065930297285846, 0.1328461284955988]","[0.012654928984558512, 0.13881833672970853, 0.022492730271507402, 0.033573651275835274, 0.018040502807678188]",0,SeattleCityCouncil_10072019_CB 119288,model_A
tofueval_SmolLM2-1.7B-Instruct,846,846,1.0740669965744019,72,1.6891340017318726,0.2376333326101303,"[-0.030871412945038576, 1.0201888848769158, -0.03204525179070414, 0.014496937379943928, 0.03242196708000241]","[0.010459616761253522, 0.1836122533224827, 0.015815692184504196, 0.006510084385334933, 0.008686035472572308]",0,SeattleCityCouncil_10072019_CB 119288,model_B
tofueval_SmolLM2-1.7B-Instruct,847,847,1.009257197380066,51,1.8855575323104858,0.2737673819065094,"[0.011828697085958066, 1.1999118006856673, -0.059828888673840924, 0.09760297214283949, 0.06975636282853277]","[0.015996876484981232, 0.17760667243176917, 0.013680561183121552, 0.010777683317713787, 0.0066332046091755565]",0,SeattleCityCouncil_10072019_CB 119288,model_C
tofueval_SmolLM2-1.7B-Instruct,848,848,1.5931015014648438,48,1.8689316511154175,0.19768716394901276,"[0.012898781385956681, 0.19662887334561674, 0.1839386584700454, 0.7100446726847925, 0.054572956627453095]","[0.014219068583220936, 0.05372206288014544, 0.06150091443305428, 0.04383849817846416, 0.016859527893302584]",1,SeattleCityCouncil_10072019_CB 119288,model_D
tofueval_SmolLM2-1.7B-Instruct,849,849,1.3869943618774414,48,1.42587149143219,0.18669457733631134,"[0.08095696826027658, 0.487469976806248, 0.15563250164473175, 0.021332521070462462, 0.053070474043958406]","[0.03350888959676013, 0.09369234561948285, 0.0482159277829434, 0.0038777207505281317, 0.006350562071877637]",1,SeattleCityCouncil_10072019_CB 119288,model_E
tofueval_SmolLM2-1.7B-Instruct,850,850,1.6154152154922485,68,1.3198703527450562,0.21458123624324799,"[0.1279815673642588, 0.6220928924877251, -0.008871694693933771, -0.003836237562876811, 0.012941139984511263]","[0.03865977423163927, 0.12682351177489395, 0.008030570195802177, 0.0022442206533843786, 0.004237799549052986]",0,SeattleCityCouncil_11092020_CB 119945,Model-Extra
tofueval_SmolLM2-1.7B-Instruct,851,851,0.9253793358802795,66,2.0426552295684814,0.2708292603492737,"[0.9771045000125014, 0.49857266111697146, 0.005405199883419052, -0.016143482676163716, -0.0017445917695691935]","[0.13050283908200017, 0.08608904974857978, 0.004136791275241745, 0.0018411945584065588, 0.00388870365600269]",0,SeattleCityCouncil_11092020_CB 119945,model_A
tofueval_SmolLM2-1.7B-Instruct,852,852,1.101040244102478,86,1.5690468549728394,0.21655187010765076,"[0.016499028673933935, 1.2885173242735448, 0.03590764928376725, 0.018325545556784395, 0.013437914402582168]","[0.015387776217954355, 0.17285626569767817, 0.006090797844707552, 0.001982563520570249, 0.002828537511835177]",1,SeattleCityCouncil_11092020_CB 119945,model_B
tofueval_SmolLM2-1.7B-Instruct,853,853,1.3960200548171997,159,0.3888435959815979,0.08506418764591217,"[0.12959844278941904, 0.03431024306465479, 0.012693563246119872, 0.008959465162644058, 0.046819851409758105]","[0.0481100049476956, 0.009372360749785575, 0.003863245707751895, 0.0013403979401633511, 0.004822210641274675]",1,SeattleCityCouncil_11092020_CB 119945,model_C
tofueval_SmolLM2-1.7B-Instruct,854,854,1.3502097129821777,72,1.8440055847167969,0.27103862166404724,"[0.5655762404262027, 0.8185855765928459, 0.05388881099922097, 0.018806438335205813, 0.0026858429911650696]","[0.09061916282391597, 0.1135199934924142, 0.006834845183296541, 0.0017493949536376225, 0.002829180126550707]",0,SeattleCityCouncil_11092020_CB 119945,model_D
tofueval_SmolLM2-1.7B-Instruct,855,855,1.1023412942886353,96,1.6418508291244507,0.24036045372486115,"[0.158478033497128, 0.7000545779325572, 0.521974132415077, 0.0017282761017061905, 0.1508594336344989]","[0.034329892972617536, 0.11403994510031386, 0.06350223404602673, 0.0034012049911732825, 0.019554555663151046]",1,SeattleCityCouncil_11092020_CB 119945,model_E
tofueval_SmolLM2-1.7B-Instruct,856,856,1.3502357006072998,26,1.62892746925354,0.2451145499944687,"[0.2613880708612179, 0.029374593046108764, 0.014890215599734802, -0.00825799564783945, -0.02399633778930785]","[0.10326517524999172, 0.024364791175405395, 0.0018852986020192475, 0.0018034992508371662, 0.003577890730814313]",0,SeattleCityCouncil_11092020_CB 119945,Model-Extra
tofueval_SmolLM2-1.7B-Instruct,857,857,1.3291927576065063,58,2.136709690093994,0.2757335901260376,"[0.5211858138485194, 0.8240965826904546, -0.01032668104192547, 0.030947909691945073, 0.015830783299767566]","[0.118033807423354, 0.09947894121171039, 0.005396987734966701, 0.0018681089556343193, 0.0027339164204053744]",0,SeattleCityCouncil_11092020_CB 119945,model_A
tofueval_SmolLM2-1.7B-Instruct,858,858,1.2450076341629028,78,1.8826724290847778,0.2437085658311844,"[0.2830038132643751, 0.8105243450797085, 0.30107827574517076, -0.014969857196821324, -0.025260499064060218]","[0.0693311839892349, 0.10627215532627023, 0.04357391454056643, 0.0025539790758674105, 0.0033188343424206744]",1,SeattleCityCouncil_11092020_CB 119945,model_B
tofueval_SmolLM2-1.7B-Instruct,859,859,0.45577767491340637,75,2.536571741104126,0.335396945476532,"[1.9169212495166963, -0.031398541037318255, -0.0021194077536589853, -0.0010846166926785372, -0.0011430755093169865]","[0.2648477785998451, 0.006140941317153192, 0.001006870859294698, 0.000658144232002087, 0.0014660861041556927]",0,SeattleCityCouncil_11092020_CB 119945,model_C
tofueval_SmolLM2-1.7B-Instruct,860,860,0.7224700450897217,74,1.9498305320739746,0.2831726670265198,"[0.5730697363021161, 0.7931462307459622, -0.010536804961420048, -0.0076486011659555415, -0.006661188287088825]","[0.09909580985151319, 0.11386288571984059, 0.003041079117405683, 0.0014752931560015232, 0.0022899726816007927]",0,SeattleCityCouncil_11092020_CB 119945,model_D
tofueval_SmolLM2-1.7B-Instruct,861,861,0.8763121366500854,108,1.8950133323669434,0.29978612065315247,"[0.2676833181507795, 0.8895759811247343, 0.2859064544318918, -0.001761629463308728, -0.0070529254221414536]","[0.07696523553129787, 0.14561412261576834, 0.05344397655162707, 0.001800372499813134, 0.0024098578167729137]",1,SeattleCityCouncil_11092020_CB 119945,model_E
tofueval_SmolLM2-1.7B-Instruct,862,862,1.510688066482544,62,1.3972951173782349,0.22375628352165222,"[0.21304341480924538, 0.3924923204697646, 0.49915591431401424, 0.019590430218041518, 0.0369694210639277]","[0.052649263132670675, 0.06228253885088605, 0.0669523682979249, 0.0016090603739499902, 0.0031308064787422592]",0,SeattleCityCouncil_11092020_CB 119945,Model-Extra
tofueval_SmolLM2-1.7B-Instruct,863,863,0.9368652701377869,53,1.9778159856796265,0.31320610642433167,"[0.9806722580127962, 0.7966770612168165, 0.003851970041343417, 0.01811618980687888, 0.011905975307047999]","[0.15282580642733076, 0.09766602733173746, 0.0026685680640150407, 0.0011395702651566782, 0.0025287066035436408]",0,SeattleCityCouncil_11092020_CB 119945,model_A
tofueval_SmolLM2-1.7B-Instruct,864,864,1.2667102813720703,85,1.4743071794509888,0.24075113236904144,"[0.04439716301477507, 0.6623954378772074, 0.5094893850632669, 0.04973426429539412, 0.22838558794490596]","[0.021208663779749688, 0.13109780134318766, 0.0626382030325551, 0.004213871107100096, 0.021770100864684054]",1,SeattleCityCouncil_11092020_CB 119945,model_B
tofueval_SmolLM2-1.7B-Instruct,865,865,1.6149320602416992,69,0.5453693270683289,0.134222611784935,"[0.2722833196116287, 0.04013716742359237, 0.03970280545341877, -0.011428578362793432, 0.0344495151590124]","[0.0754184943532206, 0.014585328241319867, 0.00462327711605779, 0.0019964165376684146, 0.021034008246386002]",1,SeattleCityCouncil_11092020_CB 119945,model_C
tofueval_SmolLM2-1.7B-Instruct,866,866,1.178385615348816,76,1.5782115459442139,0.2736177444458008,"[0.33849733593371256, 0.9156091866951963, 0.00576781655897656, 0.011668940550168228, 0.03242433923450287]","[0.09195276628021307, 0.1409534594329934, 0.003790080098425326, 0.0015163278621553456, 0.0023636215216003478]",0,SeattleCityCouncil_11092020_CB 119945,model_D
tofueval_SmolLM2-1.7B-Instruct,867,867,0.9822683334350586,78,1.8522428274154663,0.26388365030288696,"[0.4457904575079178, 0.3878941470999892, 0.6387031401779192, 0.013485204797129531, 0.0419823043518987]","[0.09379830667818367, 0.062130282304957374, 0.08213093200426194, 0.0012375218434790907, 0.002105672240083013]",0,SeattleCityCouncil_11092020_CB 119945,model_E
tofueval_SmolLM2-1.7B-Instruct,868,868,2.8082706928253174,57,1.3831864595413208,0.2410740703344345,"[0.1901809991451732, 0.33946613308957274, 0.5225432365152397, 0.02964824286142462, 0.010488698438724927]","[0.08006906321909475, 0.054801527968313744, 0.05036455876497233, 0.006231902841471693, 0.008288952841356053]",0,SeattleCityCouncil_12142020_CB 119971,Model-Extra
tofueval_SmolLM2-1.7B-Instruct,869,869,1.5634174346923828,64,1.529207468032837,0.22238843142986298,"[0.6052323246344713, 0.33889642342865045, 0.14779798305426084, -0.032727960855936544, -0.024806591869491967]","[0.13706146475492176, 0.03995289253751366, 0.019573146542526842, 0.0045787603807170285, 0.0061056613721177655]",0,SeattleCityCouncil_12142020_CB 119971,model_A
tofueval_SmolLM2-1.7B-Instruct,870,870,1.7055195569992065,75,0.9875089526176453,0.17102020978927612,"[0.5629205480217934, 0.08124685838120058, 0.02854447576178548, 0.005176761038213348, 0.016699283957714216]","[0.08732287667090229, 0.03187191697358988, 0.00924317878866835, 0.0033422104170980067, 0.0023539005658130916]",1,SeattleCityCouncil_12142020_CB 119971,model_B
tofueval_SmolLM2-1.7B-Instruct,871,871,1.856900930404663,59,2.7541286945343018,0.30438169836997986,"[1.0738306013488417, 0.49606189060111733, 0.07178731656720136, 0.03893290939385671, 0.030703369513256633]","[0.18862056253789689, 0.08674122932606516, 0.018822408889179115, 0.007229269663169408, 0.005223561879667336]",0,SeattleCityCouncil_12142020_CB 119971,model_C
tofueval_SmolLM2-1.7B-Instruct,872,872,1.5312738418579102,117,1.973242163658142,0.26416927576065063,"[0.6847578905936744, 0.2127435782474802, 0.12867509025799778, 0.03500237580078841, 0.16018268256833773]","[0.13647831060638071, 0.04948165472153719, 0.025633152603148072, 0.006530444303921403, 0.014917276539404934]",0,SeattleCityCouncil_12142020_CB 119971,model_D
tofueval_SmolLM2-1.7B-Instruct,873,873,3.0247762203216553,46,1.185989260673523,0.20463380217552185,"[0.26325244463615766, 0.15023082897633963, 0.12278433405267804, 0.05558835849692316, 0.0032997348285077705]","[0.04636570698525959, 0.05413825119119239, 0.01837445179610412, 0.008962744130100042, 0.01097157478469181]",1,SeattleCityCouncil_12142020_CB 119971,Model-Extra
tofueval_SmolLM2-1.7B-Instruct,874,874,1.328237771987915,94,2.2252357006073,0.3045988380908966,"[0.6948402778628193, 0.5870102790739768, 0.3558635249109431, 0.014199611728241855, -0.01131909184775221]","[0.132692516896315, 0.09966905445187567, 0.04425867241859626, 0.004763890431686764, 0.0048926179179511805]",0,SeattleCityCouncil_12142020_CB 119971,model_A
tofueval_SmolLM2-1.7B-Instruct,875,875,1.7309610843658447,47,1.5331518650054932,0.2259065806865692,"[0.7055782579390847, 0.06491430362864853, 0.015302208970558452, 0.064422231890816, 0.21141640626221023]","[0.1237837550350455, 0.015933547625265537, 0.006615534805531113, 0.013513466659865213, 0.04533075802449256]",1,SeattleCityCouncil_12142020_CB 119971,model_B
tofueval_SmolLM2-1.7B-Instruct,876,876,1.6794110536575317,54,1.7827837467193604,0.2417505383491516,"[0.5443176465040004, 0.21023655167879984, 0.31649668215282467, 0.039785347505972755, 0.029253383803060622]","[0.12152089072171496, 0.05285047201331323, 0.0227791682784839, 0.00501435614673769, 0.005586476681485321]",0,SeattleCityCouncil_12142020_CB 119971,model_C
tofueval_SmolLM2-1.7B-Instruct,877,877,1.5122852325439453,64,1.9352617263793945,0.25634390115737915,"[0.8765163970565482, 0.21070112415009135, 0.07195721148082157, 0.03380233060215687, 0.04479519463393444]","[0.15102360285709437, 0.04236244960574709, 0.00592462585219522, 0.00495966297759054, 0.005750069985850814]",1,SeattleCityCouncil_12142020_CB 119971,model_D
tofueval_SmolLM2-1.7B-Instruct,878,878,3.0617990493774414,51,1.073824405670166,0.16719533503055573,"[0.16185557811752682, 0.13826951577885113, 0.2682241938101452, 0.07988625630484118, 0.009365728071048473]","[0.02504080628040017, 0.037460799800350754, 0.033579105732546764, 0.006318514096182851, 0.002757095650493141]",0,SeattleCityCouncil_12142020_CB 119971,Model-Extra
tofueval_SmolLM2-1.7B-Instruct,879,879,1.680585503578186,47,0.8889788389205933,0.15670165419578552,"[0.08386909486255312, 0.04360568151497183, 0.020614674278941165, 0.2780599361174106, 0.05234517638591376]","[0.024190585903987937, 0.008250008428458773, 0.0076603502303887, 0.05532724709062561, 0.010402688262671446]",0,SeattleCityCouncil_12142020_CB 119971,model_A
tofueval_SmolLM2-1.7B-Instruct,880,880,2.085573434829712,91,1.7062315940856934,0.18701645731925964,"[0.22637713916860724, 0.08167818373076843, 0.34383569731105856, 0.1843180375846594, -0.07892946842136783]","[0.04062306407414016, 0.027345891690636785, 0.04868147727113235, 0.019963264125430875, 0.0057794688107026225]",1,SeattleCityCouncil_12142020_CB 119971,model_B
tofueval_SmolLM2-1.7B-Instruct,881,881,1.7173385620117188,40,0.7942510843276978,0.1006791740655899,"[0.10820070058107376, 0.0711346440948546, 0.029837531328666955, -0.0005362775962566956, -0.044276137949782426]","[0.039830535324972514, 0.010812866978585588, 0.0031520587016530045, 0.005277978584308585, 0.002080595448001077]",0,SeattleCityCouncil_12142020_CB 119971,model_C
tofueval_SmolLM2-1.7B-Instruct,882,882,1.4111356735229492,45,0.9228612184524536,0.13813084363937378,"[0.07579582598474291, 0.018528676757382023, 0.01678501417239507, 0.0554368881508708, -0.019983686527444255]","[0.035182170906813956, 0.017229976270270224, 0.00269808136506779, 0.005305504523756908, 0.0026001247418915023]",0,SeattleCityCouncil_12142020_CB 119971,model_D
tofueval_SmolLM2-1.7B-Instruct,883,883,1.603575348854065,65,0.9905935525894165,0.13713370263576508,"[-0.002923744967959535, 0.08721766920509533, 0.10175836126929005, 0.048740711674774784, -0.01859203078604948]","[0.03335246794388065, 0.029730292787840323, 0.010895247061517484, 0.005705332596782962, 0.0025318615324907185]",0,SeattleCityCouncil_12142020_CB 119971,model_E
