model,resp_id,orig_idx,domain,mean_surprisal,n_ans,gap,jsd_noctx,chunk_drops,chunk_jsds,label
ragbench_Qwen2.5-0.5B-Instruct,0,0,finqa,0.7939451336860657,200,0.21009071171283722,0.054809655994176865,"[-0.007318636944823993, 0.016054304748827235, 0.016038972577403002, 0.09593554249435328, 0.02077733992435924]","[0.01563507604664224, 0.0034711286042139024, 0.002612945876065709, 0.013924764181353595, 0.0011993027923621468]",1
ragbench_Qwen2.5-0.5B-Instruct,1,1,pubmedqa,1.002631425857544,101,1.24471116065979,0.16554558277130127,"[0.46285196764290615, 0.6127047475017774, -0.009389981227466723, 0.23289191330404, 0.06316483552415442]","[0.0762958954708233, 0.0653227972142296, 0.009147329193792351, 0.024300246527915723, 0.012396399142022405]",1
ragbench_Qwen2.5-0.5B-Instruct,2,2,finqa,0.9184170961380005,36,0.06319557130336761,0.05283103510737419,"[0.012689644397394458, -0.030900708970749393, 0.030852362459073548, -0.00955697908562393, 0.03172120100554013]","[0.0021641654304858093, 0.0015001246846300849, 0.02309017080686794, 0.0021869181959396477, 0.001705908123131255]",1
ragbench_Qwen2.5-0.5B-Instruct,3,3,pubmedqa,1.850450038909912,159,1.3029263019561768,0.19592341780662537,"[0.4746716905530958, 0.315778580740189, 0.20987518480978906, 0.22157032363748788]","[0.07160288925130183, 0.06437614086639168, 0.051089764188369864, 0.036589016820053874]",1
ragbench_Qwen2.5-0.5B-Instruct,4,4,pubmedqa,0.9547480940818787,200,0.6295367479324341,0.1348215639591217,"[0.21536395388536106, 0.30268835797743293, -0.020106534355762734, -0.0402334714786025, -0.011077790154843684]","[0.04435453760724599, 0.048276967336825155, 0.01322394560674958, 0.016704719975043573, 0.0071647463886871775]",1
ragbench_Qwen2.5-0.5B-Instruct,5,5,finqa,0.7948954701423645,200,0.4031848907470703,0.07809200137853622,"[0.0014687963434960238, 0.012375205834387656, 0.36649068332234036, 0.013973964560249215]","[0.0031828377993548783, 0.0034648322677952237, 0.06981481927575359, 0.0010426398400110416]",1
ragbench_Qwen2.5-0.5B-Instruct,6,6,pubmedqa,1.1754332780838013,200,1.083648681640625,0.13730484247207642,"[0.17112380847269607, -0.04547600172718489, 0.46710927934426766, -0.016334958795060858, 0.3712863424956197]","[0.03667594034404047, 0.007560939021380122, 0.04699644600820562, 0.004469903303797053, 0.04250410817310929]",1
ragbench_Qwen2.5-0.5B-Instruct,7,7,pubmedqa,0.7952254414558411,80,0.7003564238548279,0.1500202864408493,"[0.8668863666855031, -0.03507328907685405, -0.032704440253814936, -0.009246456874029719]","[0.12818884341913872, 0.007182078309583772, 0.0026191023413165483, 0.002761431286602267]",1
ragbench_Qwen2.5-0.5B-Instruct,8,8,pubmedqa,1.4053349494934082,200,0.8964447975158691,0.1712338626384735,"[0.012079579018472942, 0.40725123728982, 0.029479563666163812, 0.25115243972810275, -0.011391974900898277]","[0.018969183540255834, 0.081941136743161, 0.026149895546535937, 0.05405253594807423, 0.005876476573238563]",1
ragbench_Qwen2.5-0.5B-Instruct,9,9,techqa,1.4751046895980835,200,-0.01646335981786251,0.02973063290119171,"[-0.009202375566474075, -0.0649038137220964, -0.05384189083273214, -0.05752932736327239, -0.05492002703386561]","[0.01657096351668571, 0.0035991827473009154, 0.002938333123329073, 0.006368199500332423, 0.004599393252504456]",1
ragbench_Qwen2.5-0.5B-Instruct,10,10,finqa,0.7666231989860535,90,0.12084011733531952,0.0640711560845375,"[0.1281302600815656, 0.001340467716535285, 0.0017887031822182407, -0.0015131090163170787, 0.08593595257494194]","[0.03181492264724789, 0.002512180659260189, 0.0023214802198001255, 0.0028168593800463287, 0.015399208050967495]",1
ragbench_Qwen2.5-0.5B-Instruct,11,11,finqa,1.1929396390914917,22,0.1283491551876068,0.1216338574886322,"[-0.22287538885211688, 0.36679147522690153, 0.044348298651377925, 0.03461533780996846, 0.08410917388424753]","[0.036469713303734934, 0.07201294481378474, 0.0015277014921676628, 0.0018868496943634289, 0.00285685484638262]",1
ragbench_Qwen2.5-0.5B-Instruct,12,12,pubmedqa,0.9192786812782288,93,1.5248425006866455,0.20860399305820465,"[0.7383903202266553, 0.5087005157420795, 0.03835212098893344, 0.3315664534392092]","[0.0965944367289726, 0.06750234133889085, 0.007928976183410503, 0.05597998056672897]",1
ragbench_Qwen2.5-0.5B-Instruct,13,13,pubmedqa,1.4036755561828613,200,0.7979897260665894,0.09493671357631683,"[0.15591990533305078, 0.0617488301265189, 0.27685829012084695, 0.04290460897850153]","[0.03291895294276344, 0.013055629539831557, 0.023887432401676848, 0.00918352199126943]",1
ragbench_Qwen2.5-0.5B-Instruct,14,14,finqa,1.0944026708602905,200,0.11334270238876343,0.050943151116371155,"[0.01670186261588242, 0.008353631328409392, 0.0041242518560829925, 0.0021665792050589517, 0.10419354394118273]","[0.009358937448380117, 0.0021771003933010037, 0.0021667869485393963, 0.0030754008122028153, 0.03887030801895776]",1
ragbench_Qwen2.5-0.5B-Instruct,15,15,hotpotqa,0.3297135531902313,29,0.712279200553894,0.1452256143093109,"[0.10981476771773706, 0.09943604919304751, 0.10290468172601762, 0.6427494558010949, 0.0643035312447143]","[0.00876162169744679, 0.00494000142987653, 0.04703805993361537, 0.055772801767394915, 0.007881693889438449]",1
ragbench_Qwen2.5-0.5B-Instruct,16,16,pubmedqa,1.490728735923767,125,1.109863519668579,0.14684486389160156,"[0.6888623560809065, 0.05586566705314908, 0.3747024848932633, 0.287102765454445]","[0.0875875532560458, 0.015256706888572807, 0.04860339893856144, 0.03270893598378461]",1
ragbench_Qwen2.5-0.5B-Instruct,17,17,pubmedqa,0.637112557888031,200,1.2861886024475098,0.22520799934864044,"[0.5504256446013642, 0.7134640753232725, 0.16547656973166341, -0.00860628363892829]","[0.09374779447242815, 0.1144504604527409, 0.026985251710412682, 0.003136199567000126]",1
ragbench_Qwen2.5-0.5B-Instruct,18,18,pubmedqa,1.0060096979141235,86,1.1930359601974487,0.1736770123243332,"[1.0626487873225288, 0.006491286219200045, -0.021742603725638323, 0.0030761362863073417, -0.024649173579365555]","[0.12828034312965006, 0.010101760452270419, 0.004595748400187097, 0.00712550109900814, 0.0032447222108053235]",1
ragbench_Qwen2.5-0.5B-Instruct,19,19,finqa,0.8902767896652222,115,0.5342320799827576,0.09915564209222794,"[0.5856266828491757, -0.01687372648429237, 0.0007228180608565353, -0.018630749185040655]","[0.083558012424233, 0.0018972214568372652, 0.0019263331624405629, 0.005350531755600415]",1
ragbench_Qwen2.5-0.5B-Instruct,20,20,pubmedqa,0.9853253960609436,103,1.0326124429702759,0.15770387649536133,"[0.2950780225903622, -0.03942025019081555, -0.021918315667207228, 0.6819772533355223, 0.019629993617395616]","[0.03638931403113629, 0.015067167573502974, 0.012054393653028173, 0.07594860894228872, 0.0075722504235296115]",1
ragbench_Qwen2.5-0.5B-Instruct,21,21,pubmedqa,1.052125334739685,127,1.3375916481018066,0.19472190737724304,"[0.3106826564698862, 0.48881341746649076, -0.017856669325136482, 0.038251064845328045, -0.000779641369785898]","[0.0398486577913968, 0.07444695951873456, 0.005856591990815413, 0.007242399647905055, 0.004058270123405962]",1
ragbench_Qwen2.5-0.5B-Instruct,22,22,pubmedqa,1.229395866394043,155,0.7099589109420776,0.11347027122974396,"[0.11099204853784496, 0.07260152829864726, 0.02265222468353562, 0.46467291565563607]","[0.026345114985750918, 0.02044675740327853, 0.005800762760451921, 0.06140622811787943]",1
ragbench_Qwen2.5-0.5B-Instruct,23,23,pubmedqa,0.7189769744873047,200,1.196229100227356,0.1842760145664215,"[0.29577289139223467, -0.015414199833962812, 0.43097123154621386, 0.5343587303984577]","[0.044917683487541354, 0.010497134903226027, 0.057645780014623255, 0.07395175041014611]",1
ragbench_Qwen2.5-0.5B-Instruct,24,24,techqa,0.6300876140594482,113,-0.005139024928212166,0.0239864531904459,"[-0.007377435990666986, -0.016706779352072803, 0.0037804943244374744, -0.0023185396659666964, -0.005929989376293641]","[0.0033286287656573528, 0.002061912522321515, 0.004065765834600793, 0.001600418793627172, 0.0029723194352053706]",1
ragbench_Qwen2.5-0.5B-Instruct,25,25,techqa,1.1478908061981201,94,0.07464785128831863,0.031813886016607285,"[0.01168975159112535, 0.030850892499268198, -0.03882865668020578, 0.01288465478903666, -0.014982874238952757]","[0.006252096835865775, 0.004155572491848692, 0.0019839537619319304, 0.011152551231097074, 0.0025855232180290047]",1
ragbench_Qwen2.5-0.5B-Instruct,26,26,pubmedqa,1.1281026601791382,104,0.46429723501205444,0.07759043574333191,"[0.28894610604480964, 0.05610633992078927, 0.011074075063080412, 0.07312631854760919, 0.19597072856434422]","[0.04220148604987246, 0.011610356030171413, 0.010775489486295423, 0.011136472963275313, 0.01807283918994839]",1
ragbench_Qwen2.5-0.5B-Instruct,27,27,pubmedqa,1.1246343851089478,142,1.6090494394302368,0.24567092955112457,"[-0.04698235871447509, -0.036691080427411975, 0.6885656530168912, 0.34720540576769743, 0.6994195605882972]","[0.008853108262214013, 0.012602680140449012, 0.09056357631669137, 0.05461137659896279, 0.0889715293355751]",1
ragbench_Qwen2.5-0.5B-Instruct,28,28,techqa,1.4903427362442017,200,0.19507381319999695,0.0279553085565567,"[-0.0010476648047551861, -0.019704081624186073, -0.017456276938537484, -0.01509702289931738, 0.13848456410087237]","[0.0016192850943980374, 0.0016274872056999358, 0.0007955725666477064, 0.00048590110003942754, 0.020110237671487993]",1
ragbench_Qwen2.5-0.5B-Instruct,29,29,techqa,1.8085057735443115,139,0.4112367033958435,0.09330467879772186,"[0.06340632912176372, 0.052954546924457065, 0.01402537436789323, -0.004515629036138157]","[0.03511237790728124, 0.012562608441152139, 0.00609588272916933, 0.007699644490994549]",1
ragbench_Qwen2.5-0.5B-Instruct,30,30,finqa,0.6220430731773376,103,0.11966538429260254,0.0739697515964508,"[0.02079787707338392, 0.03689094338039812, 0.015965051851633213, 0.013330084238426475, 0.2174083334113688]","[0.0026597370944676426, 0.00437371069540625, 0.0010960705109660917, 0.0013634230626546721, 0.06277278135365032]",1
ragbench_Qwen2.5-0.5B-Instruct,31,31,pubmedqa,1.1474204063415527,200,1.2111459970474243,0.1737826019525528,"[0.5087194027702935, 0.30531272828616013, 0.24763309536098177, 0.21391811328870744]","[0.06034629319818549, 0.05177044747983018, 0.03599099721217293, 0.03242800359068127]",1
ragbench_Qwen2.5-0.5B-Instruct,32,32,finqa,0.6287595629692078,123,0.48467230796813965,0.0854046419262886,"[0.22924851322148898, 0.06685919899492394, 0.08388124852606269, 0.015570787035700527, 0.015784271558368253]","[0.0283246609422992, 0.007778014783451404, 0.017746059566718025, 0.003708851349160583, 0.0011310492248158336]",1
ragbench_Qwen2.5-0.5B-Instruct,33,33,pubmedqa,0.8526374697685242,200,0.6393955945968628,0.15186595916748047,"[0.01080047411450323, 0.5459102102567067, 0.07180948241948044, -0.01672903790952887]","[0.01053998047103562, 0.11695040225476419, 0.021930442985403715, 0.005063302031308581]",1
ragbench_Qwen2.5-0.5B-Instruct,34,34,techqa,1.5541735887527466,200,0.3448296785354614,0.07603186368942261,"[0.09828344188950723, -0.0004899703026239877, 0.08929894832104765, 0.044028499258893135, 0.019190511052074727]","[0.015836109849940386, 0.005732434769386146, 0.027230264550671564, 0.012825904365378733, 0.0075127934929139426]",1
ragbench_Qwen2.5-0.5B-Instruct,35,35,pubmedqa,1.4419546127319336,200,0.6852855682373047,0.14759497344493866,"[0.2841344731173558, 0.19534223136408627, 0.014653231881882221, 0.07743946152917261]","[0.061250102618179196, 0.03183723167887706, 0.011781903701361642, 0.022362555341482987]",1
ragbench_Qwen2.5-0.5B-Instruct,36,36,pubmedqa,1.495306372642517,73,0.5696259140968323,0.10085654258728027,"[0.10089307797140576, 0.11351462044774663, -0.0010835493712252236, 0.026277906420359178]","[0.03850524332468523, 0.020298176124357917, 0.006337045837516884, 0.004728465834217512]",1
ragbench_Qwen2.5-0.5B-Instruct,37,37,pubmedqa,1.1037694215774536,51,0.4735166132450104,0.10091771185398102,"[0.2621357132375481, 0.022439667996628023, 0.0025824183816189807, 0.0230252330954553]","[0.062215450932822644, 0.006616912202417222, 0.005528630879682311, 0.007700438828381347]",1
ragbench_Qwen2.5-0.5B-Instruct,38,38,finqa,1.1944310665130615,34,0.4229888617992401,0.11702603101730347,"[0.004344630602752338, 0.5336481510337976, 0.03036760272388004, 0.0846521818136406, 0.07626432507822756]","[0.005470082007778889, 0.08946816410688745, 0.005166949221648685, 0.003625378330445314, 0.005269871000564308]",1
ragbench_Qwen2.5-0.5B-Instruct,39,39,pubmedqa,0.9323036670684814,200,0.9958229064941406,0.18115344643592834,"[0.4675094159646687, 0.24027599023771473, 0.1821238319329177, 0.030326482888490318, -3.58175669771299e-05]","[0.09641874287220162, 0.04414879978858721, 0.02920118865090444, 0.007295657992447531, 0.0027769111048019115]",1
ragbench_Qwen2.5-0.5B-Instruct,40,40,finqa,0.8101039528846741,147,0.313141793012619,0.09270711988210678,"[-0.015057754369916772, -0.015999920690347256, 0.3090764756298395, 0.00950268663462116, 0.001642466946317914]","[0.0023321164252359835, 0.0038271553423992, 0.06153041305242987, 0.002404936560523942, 0.002439023646021543]",1
ragbench_Qwen2.5-0.5B-Instruct,41,41,hotpotqa,1.0788006782531738,63,1.0203723907470703,0.17973855137825012,"[-0.06435920099810906, 0.054145677558269184, 0.9730887310223706, -0.07280210430814357]","[0.01028554895178389, 0.06275868989656457, 0.12606875001688062, 0.00954346213265151]",1
ragbench_Qwen2.5-0.5B-Instruct,42,42,pubmedqa,1.3556535243988037,200,0.5975927114486694,0.12072519212961197,"[0.39936381120467557, 0.25155119724031805, -0.014047478306680431, -0.022016067393707317]","[0.06946670410374736, 0.032598882681993756, 0.00458688429780711, 0.003778056303821131]",1
ragbench_Qwen2.5-0.5B-Instruct,43,43,pubmedqa,0.9134286642074585,103,0.4416752755641937,0.09513097256422043,"[0.2894523416687008, -0.011097531848348614, 0.2545285183017397, 0.0027588544524193813, 0.0174722689681906]","[0.04630055553973395, 0.006760128266406185, 0.033062526940725395, 0.006450071582685434, 0.006174374320962273]",1
ragbench_Qwen2.5-0.5B-Instruct,44,44,pubmedqa,0.7699012160301208,143,0.6781608462333679,0.10892020910978317,"[0.38322524260576907, 0.07823707474703538, 0.280284215299311, 0.018810484805669204, 0.02947350212610224]","[0.04614903095030989, 0.018866081813292034, 0.045384459817326146, 0.006447198012946106, 0.005280663192482433]",1
ragbench_Qwen2.5-0.5B-Instruct,45,45,pubmedqa,1.0250327587127686,200,1.757896065711975,0.26906511187553406,"[0.1099000792650918, 0.4645929428569332, 0.6838820336068409, 0.3086323899900526, -0.04383773523129435]","[0.02368766986209309, 0.06703178276455816, 0.10451061570262901, 0.05938854878976429, 0.00527939465575777]",1
ragbench_Qwen2.5-0.5B-Instruct,46,46,pubmedqa,1.1422306299209595,73,0.9384441375732422,0.15906621515750885,"[0.23625576615188337, 0.3684021889351006, -0.011604464269062378, 0.11307317772696802, 0.01471217683201633]","[0.04357639654260189, 0.040153622202134934, 0.01847130964332081, 0.01564553886821271, 0.0034178842205984153]",1
ragbench_Qwen2.5-0.5B-Instruct,47,47,finqa,0.6044968366622925,200,0.16560404002666473,0.04625607654452324,"[0.08703055392169973, 0.07303998526666078, -0.0005204112127034577, -0.004602621297508413]","[0.02346482902326521, 0.021878256048903637, 0.0023695421723036246, 0.0007987065512028835]",1
ragbench_Qwen2.5-0.5B-Instruct,48,48,pubmedqa,0.4859431982040405,200,1.085626244544983,0.14713183045387268,"[-0.0510671496697546, 1.0626326840636398, 0.001422324588839956, -0.029306370622031182, -0.03360545196624003]","[0.009300506921280842, 0.1315044759397483, 0.00351465925832116, 0.004074140603317602, 0.004982539943648589]",1
ragbench_Qwen2.5-0.5B-Instruct,49,49,pubmedqa,0.6607382297515869,200,0.7817273139953613,0.15170975029468536,"[0.22967597696985848, 0.42926335231200935, 0.10276052906018492, -0.01705286352509347, -0.0017091407365819578]","[0.04376955530251177, 0.08111944172448105, 0.013505908975736105, 0.007464678747009969, 0.00218114301753495]",1
ragbench_Qwen2.5-0.5B-Instruct,50,50,covidqa,2.096465826034546,36,0.1065274253487587,0.0806947648525238,[0.07581591755256846],[0.07733525816206566],1
ragbench_Qwen2.5-0.5B-Instruct,51,51,finqa,1.2194883823394775,89,0.13698183000087738,0.06184246391057968,"[-0.011481588046142329, -0.041329691887655284, 0.18812179761896894, -0.00852331730832733, -0.019400146284292378]","[0.0014720594879491637, 0.004749026847742682, 0.04181347880990216, 0.0023344956012612346, 0.0019959613854951567]",1
ragbench_Qwen2.5-0.5B-Instruct,52,52,hotpotqa,1.5476573705673218,28,1.2684072256088257,0.1708986908197403,"[-0.053230640229620416, 0.04321268755107407, -0.02343762196921619, 1.0366237529753042, 0.04820672298826269]","[0.015257256302642677, 0.01116403996201955, 0.015788511369245434, 0.1387724274500215, 0.024622799057330065]",1
ragbench_Qwen2.5-0.5B-Instruct,53,53,pubmedqa,1.0730278491973877,62,0.9227569103240967,0.15962466597557068,"[0.8036497951322799, -0.020418196456141173, 0.004615285323339894, -0.0715317071628247]","[0.10922296661497498, 0.003358092600437555, 0.0038213472998501357, 0.011404192557920067]",1
ragbench_Qwen2.5-0.5B-Instruct,54,54,techqa,1.3279553651809692,200,0.048910416662693024,0.019941484555602074,"[-0.02265686911994635, -0.015205835356391617, -0.0008703126553336915, -0.016502350852861128, -0.012073181049272535]","[0.0038222492392247886, 0.0034382508436874557, 0.0014701690818043288, 0.003397050842667113, 0.001586872209866783]",1
ragbench_Qwen2.5-0.5B-Instruct,55,55,pubmedqa,0.9655548930168152,104,1.391574740409851,0.20121195912361145,"[0.706751185639055, -0.035498578073831874, 0.5232553823414212, 0.03357197470988747, 0.02153993674353562]","[0.09511228120181578, 0.013430505891916548, 0.06411005066279948, 0.005408149725381096, 0.002541252851841591]",1
ragbench_Qwen2.5-0.5B-Instruct,56,56,pubmedqa,1.5157067775726318,112,1.062016248703003,0.14819662272930145,"[0.4999769768012681, -0.008728793241938806, -0.007888566054232018, 0.2814771418416707]","[0.07016725022061467, 0.014132714100321258, 0.014605992113056385, 0.032604567376158196]",1
ragbench_Qwen2.5-0.5B-Instruct,57,57,hotpotqa,0.9330487251281738,28,-0.2015329748392105,0.05403878912329674,"[-0.021658546506192318, 0.057316297238035725, -0.015727529806099483, 0.045409473916411765, -0.007249586037037911]","[0.008836043891554774, 0.05460055814390736, 0.018166052967870883, 0.020071014051885477, 0.01882747526420709]",1
ragbench_Qwen2.5-0.5B-Instruct,58,58,hotpotqa,1.1871882677078247,21,-0.18085074424743652,0.08053573966026306,"[0.1265477731247388, 0.05378071720146441, -0.03959555228772972, 0.14308163790874892, 0.37206519288676126]","[0.014044148377468531, 0.009853217203185306, 0.050915749978490306, 0.014226219802713743, 0.022444936531558466]",1
ragbench_Qwen2.5-0.5B-Instruct,59,59,pubmedqa,1.1625678539276123,135,0.8155726790428162,0.18980757892131805,"[-0.08062100599823108, 0.1723578936892712, 0.6356120924421904, 0.2841525366460364, 0.008812363103350906]","[0.010757985676309544, 0.039576279246661954, 0.09941510885063744, 0.058739795542551626, 0.012867609477343986]",1
ragbench_Qwen2.5-0.5B-Instruct,60,60,finqa,0.7951076030731201,175,0.09339403361082077,0.04389240965247154,"[-0.0060984158061260785, -0.010954971376494151, -0.009417340599215354, 0.11638081375035783, 0.0024334840243929127]","[0.0008629715316848368, 0.000562447499385306, 0.0007922457279801165, 0.033522043152188416, 0.0015565031880463817]",1
ragbench_Qwen2.5-0.5B-Instruct,61,61,pubmedqa,1.1070995330810547,90,0.7172403931617737,0.13884902000427246,"[0.5942204693420838, 0.24373254189916527, 0.06390127110364321, 0.02881494215493553]","[0.07677468181462928, 0.04680502908205995, 0.010225521346669413, 0.006236151711559993]",1
ragbench_Qwen2.5-0.5B-Instruct,62,62,pubmedqa,1.406874179840088,200,0.5353522300720215,0.1353624016046524,"[0.10010307031305274, 0.40822112709511205, -0.029034668963086006, -0.04613134318224184, -0.05121628413848157]","[0.039303985494650535, 0.06941457077812857, 0.014474660728800614, 0.014151850200319416, 0.006889160203630524]",1
ragbench_Qwen2.5-0.5B-Instruct,63,63,pubmedqa,1.2250275611877441,88,0.6074318885803223,0.1243043839931488,"[0.46289422523353674, 0.04330097279307665, 0.05883868416466695, 0.012346691752885487, 0.046642228082935784]","[0.04778495199571318, 0.009082792036077142, 0.015114447833108809, 0.029109330971204758, 0.009210066983628322]",1
ragbench_Qwen2.5-0.5B-Instruct,64,64,pubmedqa,1.1465976238250732,141,0.5866531729698181,0.10050520300865173,"[0.20964258586371615, 0.044262712599783115, 0.18141677140165677, 0.008406627853044947, 0.00898121621010574]","[0.020492681340932104, 0.01805499832798419, 0.0232422120918324, 0.005039883044810912, 0.00448010568188112]",1
ragbench_Qwen2.5-0.5B-Instruct,65,65,pubmedqa,0.6841146945953369,186,1.1818888187408447,0.17545688152313232,"[0.5374482344258594, 0.008241888862538804, 0.3389151157484482, 0.31644383801424847, 0.014178975721704538]","[0.08805155953430302, 0.0035643920860851056, 0.0444508780035091, 0.03599150551133678, 0.004327817260866015]",1
ragbench_Qwen2.5-0.5B-Instruct,66,66,pubmedqa,1.3969058990478516,115,0.38866934180259705,0.0883471891283989,"[0.04359728487907373, 0.36451490742672177, -0.004836104499283623, 0.012432105062030923, -0.010140172649791725]","[0.009913597070138157, 0.06048376894346943, 0.004742341657608731, 0.0036018298722182082, 0.003940566458023869]",1
ragbench_Qwen2.5-0.5B-Instruct,67,67,pubmedqa,1.1973390579223633,148,0.7446275949478149,0.14113549888134003,"[0.4690746605516766, 0.02810874566497002, 0.24689338110721876, -0.004572459068311685]","[0.08864454519663148, 0.020566365747260083, 0.03723777558421093, 0.006535340332022305]",1
ragbench_Qwen2.5-0.5B-Instruct,68,68,pubmedqa,0.7815845012664795,200,1.2824151515960693,0.23096631467342377,"[0.057468066743936105, 0.32929242988178886, 0.664634411130719, 0.03496341984080118]","[0.008756032144718517, 0.0419641816730018, 0.13630161143794794, 0.013409367662798672]",1
ragbench_Qwen2.5-0.5B-Instruct,69,69,hotpotqa,0.7973363399505615,23,-0.05096779763698578,0.021275924518704414,"[0.16889719515887444, 0.13453795815746122, 0.14793109987435263, 0.08985084115485496]","[0.02904405626697242, 0.012123272011412273, 0.010199553009531724, 0.005863130631931436]",1
ragbench_Qwen2.5-0.5B-Instruct,70,70,finqa,0.8508567214012146,95,0.38567665219306946,0.10017615556716919,"[-0.010109459784464554, 0.03762267145833496, 0.03892512287342302, 0.27589810257372127, 0.02612406409540965]","[0.0055400489522957, 0.002903054986711296, 0.002603645772809895, 0.06429648400062374, 0.0036412168370609857]",1
ragbench_Qwen2.5-0.5B-Instruct,71,71,techqa,1.4406574964523315,118,0.03278246894478798,0.022913796827197075,"[0.00331589332998161, -0.029922011237200206, 0.026298449890765692, 0.0051503587408861075]","[0.0036191665859493147, 0.003885196149935615, 0.004044521223306674, 0.0011296314547301614]",1
ragbench_Qwen2.5-0.5B-Instruct,72,72,pubmedqa,0.9370337724685669,199,0.7332361936569214,0.15440639853477478,"[0.01685422058053244, 0.10160298449216443, 0.2615433110583933, 0.20722270678570612, 0.0897009692500122]","[0.006755358425680394, 0.04125282205568076, 0.03939089597534462, 0.03314244284385624, 0.026859340962887907]",1
ragbench_Qwen2.5-0.5B-Instruct,73,73,pubmedqa,0.9833736419677734,48,0.4722834825515747,0.06845483928918839,"[0.2631780911308776, 0.27344928709059485, -0.010179795218808371, 0.024345725893188803, 0.03372106817027998]","[0.047173857280654374, 0.013024286836868923, 0.006427728732335325, 0.002324060332049053, 0.003443426905821667]",1
ragbench_Qwen2.5-0.5B-Instruct,74,74,pubmedqa,1.1941736936569214,200,1.2247498035430908,0.18891386687755585,"[0.4390336533941445, 0.36474902337007736, 0.22836363848373367, 0.02716698699307017, 0.16239867781370776]","[0.05433382015467004, 0.054363621646058104, 0.031201188853672193, 0.010799973419636899, 0.023100827432584764]",1
ragbench_Qwen2.5-0.5B-Instruct,75,75,pubmedqa,0.7597419619560242,200,0.8134410381317139,0.14524517953395844,"[0.3018018754437708, 0.17008993799437747, 0.22825296579730378, -0.005728916294924034]","[0.06073535107729157, 0.0337107789972832, 0.031960720460889075, 0.005825582405243796]",1
ragbench_Qwen2.5-0.5B-Instruct,76,76,pubmedqa,0.7595275044441223,200,1.185477614402771,0.19679275155067444,"[0.9226918178952382, 0.3127074383996478, -0.0034943000075827514, -0.016089847221064702, -0.006656937056636707]","[0.14178425091222033, 0.041946744247461254, 0.0032937918242907926, 0.0034692011551207005, 0.004623803693741451]",1
ragbench_Qwen2.5-0.5B-Instruct,77,77,techqa,1.486934781074524,200,0.10543063282966614,0.027689343318343163,"[0.003567148982316439, -0.01147089928106368, 0.03749426078973102, 0.004539389357138362, -0.023646265480806505]","[0.00459425031684404, 0.0014170814676364074, 0.008685561290604937, 0.003998290283323911, 0.005576319771992786]",1
ragbench_Qwen2.5-0.5B-Instruct,78,78,finqa,0.58698970079422,142,0.14007431268692017,0.030334142968058586,"[-0.007593422064608501, 0.18075507413991737, -0.006705131971743163, -0.003250485513041933, 0.005464176100028619]","[0.0022512935244390704, 0.022018308763801335, 0.001738279651983847, 0.0012022201232440865, 0.0028564500771042006]",1
ragbench_Qwen2.5-0.5B-Instruct,79,79,pubmedqa,1.5715409517288208,113,0.19874073565006256,0.04074309393763542,"[0.08702277745147206, 0.008924276547093267, 0.02006721354623591, -0.0007301698367448011, 0.08217156097270267]","[0.012093682696163583, 0.002458214679920156, 0.0037122620707876184, 0.0018466336012989105, 0.014835200027159288]",1
ragbench_Qwen2.5-0.5B-Instruct,80,80,pubmedqa,0.7773094773292542,200,1.0881168842315674,0.22317449748516083,"[0.36266108449748574, 0.1656812761448691, 0.5909580535275267, 0.0017643776668592182, -0.008830945074309966]","[0.07683131382368316, 0.03812013225523429, 0.1196786572824118, 0.004193640221256736, 0.004636100076490877]",1
ragbench_Qwen2.5-0.5B-Instruct,81,81,pubmedqa,1.222702980041504,200,1.0077840089797974,0.16069069504737854,"[0.803305922865984, -0.009969593557980262, -0.005280217053450542, -0.03672520246887416, 0.2271053321071804]","[0.11323550103077537, 0.0031405235709254953, 0.003191607770839937, 0.004285367010741368, 0.03266754833023583]",1
ragbench_Qwen2.5-0.5B-Instruct,82,82,techqa,1.7255215644836426,200,0.6320441961288452,0.099012091755867,"[0.43488492310108995, 0.032909008568121866, 0.015382590240196805, 0.020607039070100655, -0.008569598672229404]","[0.06815370481986975, 0.022385022761214374, 0.01175749242604411, 0.006174552297060245, 0.007217798595038402]",1
ragbench_Qwen2.5-0.5B-Instruct,83,83,pubmedqa,0.6739639043807983,200,1.3622585535049438,0.18932369351387024,"[0.6639634005022345, 0.4665100217078043, 0.006164947758838935, 0.011752794673602693]","[0.09543371191321057, 0.08129219393629888, 0.004564686607928437, 0.004223306844046704]",1
ragbench_Qwen2.5-0.5B-Instruct,84,84,pubmedqa,0.8728700280189514,200,0.8351844549179077,0.15096141397953033,"[0.43424050771060135, -0.022717503936564753, 0.22882386560671875, 0.14415587089940346, -0.0009509530272134725]","[0.0821568508448793, 0.013290720613594119, 0.028499684284393822, 0.02382099464654587, 0.003256322471527824]",1
ragbench_Qwen2.5-0.5B-Instruct,85,85,pubmedqa,1.3321605920791626,135,0.5223739743232727,0.08943727612495422,"[0.009474488060664886, 0.4633569169311226, 0.01226128467234149]","[0.01107155168293772, 0.0513814594691515, 0.008390722942465345]",1
ragbench_Qwen2.5-0.5B-Instruct,86,86,pubmedqa,0.8721247315406799,92,0.767095148563385,0.11751735955476761,"[0.6958383128600041, 0.07918069270616125, 0.061099389935090745, 0.08041702815954403, 0.04870354625793128]","[0.09341699679016133, 0.00684311302432251, 0.005102788396481527, 0.004960682235832792, 0.005681725559167924]",1
ragbench_Qwen2.5-0.5B-Instruct,87,87,finqa,1.1985832452774048,29,0.024953600019216537,0.0770285353064537,"[-0.005337063917663884, 0.03511047917357967, -0.019123947501894095, -0.036995188612308993, -0.04230277574302379]","[0.002239646711637792, 0.06723043488275066, 0.0025595084856408433, 0.0018569451018022626, 0.0016387406821928411]",1
ragbench_Qwen2.5-0.5B-Instruct,88,88,finqa,0.7466612458229065,44,0.06325934827327728,0.06418537348508835,"[-0.0653976650136201, -0.040980449813146566, -0.06072130426658036, 0.13312096454595493, -0.03592211835378769]","[0.002810910183975905, 0.0014112352749306597, 0.0024098573556049596, 0.03997605967871594, 0.007350175582361244]",1
ragbench_Qwen2.5-0.5B-Instruct,89,89,pubmedqa,0.991584062576294,200,0.7882161140441895,0.14335305988788605,"[0.5636344689155454, -0.010845714017441423, 0.16160798527622774, -0.02322162081378792, 0.0696293034562359]","[0.08069839455077385, 0.01134936528839802, 0.022211061321971995, 0.010571294722137737, 0.00978205349625739]",1
ragbench_Qwen2.5-0.5B-Instruct,90,90,pubmedqa,0.9960103631019592,200,0.7518821954727173,0.13722673058509827,"[0.2472211595437784, -0.004018036362322164, 0.16917234927902428, 0.3141885950566848, 0.050407713950980905]","[0.036776020149147826, 0.013961861932938717, 0.025220163570102868, 0.05289801103798524, 0.010715392264270776]",1
ragbench_Qwen2.5-0.5B-Instruct,91,91,pubmedqa,0.6625696420669556,144,1.6436543464660645,0.2153220772743225,"[0.53582318419381, -0.04183991291900055, 0.2764963941321462, 0.9034142852221313]","[0.0628027882966917, 0.00475722703459416, 0.04126447529458331, 0.10789379742775632]",1
ragbench_Qwen2.5-0.5B-Instruct,92,92,finqa,1.5677183866500854,49,0.15844441950321198,0.10161524266004562,"[-0.0470980178442729, -0.056793233161145935, -0.03155436570159509, -0.020910678701196103, 0.13121290256480725]","[0.007606749351657063, 0.0028779621686077675, 0.006131844512941713, 0.0208522363813783, 0.04653073668703432]",1
ragbench_Qwen2.5-0.5B-Instruct,93,93,pubmedqa,0.8797268867492676,102,0.9425703883171082,0.20284244418144226,"[1.1116210699640434, 0.0009693670903730248, -0.03159585614307995, -0.015696915664856686, -0.06922520948857072]","[0.1730694840037043, 0.012918034633740966, 0.008254443453432268, 0.00657190395944208, 0.006176617271621558]",1
ragbench_Qwen2.5-0.5B-Instruct,94,94,techqa,1.3237707614898682,200,-0.0014516162918880582,0.014143726788461208,"[0.0007207024111630744, -0.0055427303555188705, -0.003985661711494686, 0.004130886641833058, -0.0038023131692079912]","[0.0011147693168294382, 0.0008041811417706413, 0.0007353340610632131, 0.0012952572677949093, 0.0036799007234589]",1
ragbench_Qwen2.5-0.5B-Instruct,95,95,pubmedqa,1.2507482767105103,82,1.0045456886291504,0.17392462491989136,"[0.6223407108814061, 0.33796714734294586, 0.4489785124034558, 0.011529130558412318, 0.00489277533743894]","[0.08492078203049992, 0.03487021209755811, 0.05222609031226589, 0.008763495013787046, 0.005617651428515384]",1
ragbench_Qwen2.5-0.5B-Instruct,96,96,hotpotqa,0.9665206074714661,45,0.606825053691864,0.09652727097272873,"[0.32414130736659796, 0.18337039945359315, 0.00893222204888136, 0.002205065319948416, 0.06579326533667174]","[0.06868834858339849, 0.029091042268302975, 0.008151878635562246, 0.010572738469502636, 0.012766781629938526]",1
ragbench_Qwen2.5-0.5B-Instruct,97,97,pubmedqa,1.3579363822937012,200,0.9217180013656616,0.13915683329105377,"[0.20635767329768556, 0.1491260917597924, 0.3943331830298632, 0.16381125354806841]","[0.043711834958417344, 0.02959182767958211, 0.048435126721071385, 0.03154717415110042]",1
ragbench_Qwen2.5-0.5B-Instruct,98,98,delucionqa,0.9094231128692627,166,1.7628886699676514,0.2427210509777069,"[-0.014412833476820975, -0.006039367348815845, 0.3273216249222772, 0.5251477091907697, -0.01918464365928274]","[0.008456403679814224, 0.006615279836003274, 0.05524622753860496, 0.05578351583547494, 0.004623231853414321]",1
ragbench_Qwen2.5-0.5B-Instruct,99,99,techqa,1.1791505813598633,200,0.043059010058641434,0.04485711082816124,"[0.06480647788605097, -0.027853310187542776, -0.030061057675825394, -0.02309470188295677, -0.008705752166542879]","[0.026277269907548657, 0.004299530409731034, 0.0030277768115863067, 0.002379863383812619, 0.0049108422929461425]",1
ragbench_Qwen2.5-0.5B-Instruct,100,100,pubmedqa,1.5644378662109375,85,0.4263901710510254,0.1065218448638916,"[0.09665122403667363, 0.03672692366766141, -0.04784528350180207, -0.016222387653097563, -0.006923384280697278]","[0.025193919576734995, 0.004585907310879252, 0.0059484014785485834, 0.02035451328183225, 0.003336435353375745]",1
ragbench_Qwen2.5-0.5B-Instruct,101,101,pubmedqa,0.9482006430625916,86,0.9769096970558167,0.16954366862773895,"[-0.034650370310944624, 0.0020560187492032296, 0.9439460308721483, -0.06469571645568574]","[0.008336403897456072, 0.004793221929762588, 0.12673056066134006, 0.009327458081175728]",1
ragbench_Qwen2.5-0.5B-Instruct,102,102,pubmedqa,0.8684426546096802,132,1.4575780630111694,0.20072400569915771,"[0.8097156261388887, 0.43847480041170106, 0.36312760721550363, 0.003530858698669039, 0.007873918092466662]","[0.09025102020699495, 0.06955727330701798, 0.04831900814789021, 0.004458323056310705, 0.005359322441151879]",1
ragbench_Qwen2.5-0.5B-Instruct,103,103,techqa,0.913496732711792,55,0.03243328258395195,0.08008762449026108,"[0.025784985085589473, 0.030809239551043983, 5.1499644971706654e-05, 0.039228579559659756, 0.01721174763833088]","[0.004899664151062924, 0.0030847480222291777, 0.01680607861471799, 0.024510684225606382, 0.0029684134126744706]",1
ragbench_Qwen2.5-0.5B-Instruct,104,104,pubmedqa,0.9675860404968262,135,0.82392817735672,0.12504397332668304,"[0.0943579286806198, 0.2565871281420388, 0.03546968635451372, 0.18903578062707782, 0.012871123838124698]","[0.022732298611162216, 0.018136156672235133, 0.005818823742546791, 0.04455924721777301, 0.007530966286598987]",1
ragbench_Qwen2.5-0.5B-Instruct,105,105,pubmedqa,1.2073150873184204,94,1.1508415937423706,0.25000086426734924,"[-0.03370130117791439, -0.00936246842974605, -0.07572306164185763, 1.2435046534897374, -0.0383088810614278]","[0.007170581471460449, 0.004543259441022728, 0.011264988506693354, 0.22275786223892594, 0.015124802943222328]",1
ragbench_Qwen2.5-0.5B-Instruct,106,106,pubmedqa,1.3847427368164062,155,0.5487887263298035,0.09837844967842102,"[0.14985203980856068, 0.03686347140124018, -0.03540670045722143, 0.2835438240379928, -0.03453249560030423]","[0.04705992424484623, 0.012746399330158312, 0.013260050717984804, 0.03429747460898621, 0.006257468773489541]",1
ragbench_Qwen2.5-0.5B-Instruct,107,107,techqa,1.1160759925842285,200,0.0028777115512639284,0.01029274147003889,"[0.0031906303561481763, 0.011716941007998685, 0.0076147638003749305, 0.0016457851828863568, 0.01286786970211324]","[0.0019254953505281947, 0.0003842751045226578, 0.0007435864197060482, 0.0004938236371131666, 0.0007332506249457537]",1
ragbench_Qwen2.5-0.5B-Instruct,108,108,pubmedqa,1.4354315996170044,45,0.534946858882904,0.12914705276489258,"[0.5652423103820992, 0.07965002718786612, -0.03361712102891438]","[0.09774722892907574, 0.005274528948947616, 0.012150917650046722]",1
ragbench_Qwen2.5-0.5B-Instruct,109,109,pubmedqa,1.0026780366897583,200,1.2339674234390259,0.169026181101799,"[0.6346039356935944, 0.31611535424701287, 0.23335253791141441, 0.06968157290844829, 0.08837745515258576]","[0.07771912443578004, 0.045744545203449435, 0.037914469385939356, 0.015374679081610339, 0.009703814755272332]",1
ragbench_Qwen2.5-0.5B-Instruct,110,110,delucionqa,0.9607963562011719,76,2.365107774734497,0.28174808621406555,"[1.443242120581281, 0.3432042244578138, 0.07161884786726085, 0.06029169656248039, 0.08423371055388136]","[0.1667153150225102, 0.024097520306446466, 0.006683158560856614, 0.005882282950767005, 0.0042362310022600455]",1
ragbench_Qwen2.5-0.5B-Instruct,111,111,finqa,0.5827277898788452,136,0.2511994242668152,0.06738416105508804,"[0.08599410939243726, 0.16675404522239118, 0.0014962820734584672, -0.014328955899536729, 0.0030422418237860175]","[0.017859433282962495, 0.028706214284540114, 0.0019776684074403637, 0.0010385134346019744, 0.000788425689177618]",1
ragbench_Qwen2.5-0.5B-Instruct,112,112,pubmedqa,0.7268345952033997,122,0.6456286311149597,0.11748149991035461,"[0.013357916292467261, 0.5256021081271475, 0.009697731462646977, 0.26050241043090777, 0.017315064602222326]","[0.00452068642674722, 0.054191488051475944, 0.0029197414781742363, 0.052420981480460545, 0.004811604157648766]",1
ragbench_Qwen2.5-0.5B-Instruct,113,113,pubmedqa,0.6722411513328552,200,0.86283278465271,0.13188911974430084,"[0.10410291144618668, 0.5751191672514733, 0.22324832900686714, -0.014872319340049671]","[0.01977919060034239, 0.08403902180095187, 0.03231079666755179, 0.002158210528730393]",1
ragbench_Qwen2.5-0.5B-Instruct,114,114,pubmedqa,1.1736949682235718,200,0.6827642917633057,0.11358663439750671,"[0.35747450850131485, 0.1724146407780887, 0.0021259905495764997, -0.02650367373879533]","[0.050552536732391073, 0.04168302855639716, 0.0024112732787162374, 0.0028612326784371333]",1
ragbench_Qwen2.5-0.5B-Instruct,115,115,pubmedqa,1.1769028902053833,179,0.5489595532417297,0.11810967326164246,"[0.027512252522393796, 0.5055244185948329, 0.025015986300308997, 0.023631159965060756]","[0.011948305997498083, 0.08658701903721099, 0.008508790680865044, 0.005019207053468735]",1
ragbench_Qwen2.5-0.5B-Instruct,116,116,finqa,0.8811603784561157,189,0.4235849678516388,0.0991310253739357,"[0.27545457853622335, 0.01108728415018172, 0.08030550617422404, -0.0034338691604470567, -0.007212551779462071]","[0.05655222772618672, 0.008938448237383335, 0.012657572864667907, 0.0017395023294809152, 0.00144764946849807]",1
ragbench_Qwen2.5-0.5B-Instruct,117,117,pubmedqa,1.6310924291610718,113,0.5336790680885315,0.11362215876579285,"[0.03858435833997614, 0.09207667756385715, 0.015615204383399047, 0.13970848687432383, 0.06710007062933057]","[0.022746521905743364, 0.013704223777720279, 0.009548027598396652, 0.033430977424339176, 0.0142211890018921]",1
ragbench_Qwen2.5-0.5B-Instruct,118,118,techqa,1.0866312980651855,56,-0.09624612331390381,0.06226525455713272,"[-0.02088673167041374, 0.0010314092687622178, 0.023222452772513082, -0.07275041147853958]","[0.006272131892075095, 0.050292424560049245, 0.0016914857243506276, 0.010996508208994069]",1
ragbench_Qwen2.5-0.5B-Instruct,119,119,pubmedqa,1.4771368503570557,200,0.6277358531951904,0.12662075459957123,"[0.08763873326615794, 0.19098924866785638, 0.3804775273656196, -0.04632661324588753, -0.04420461366421932]","[0.034207626352070405, 0.036931512604120656, 0.055747837519003834, 0.01038896894994707, 0.011133916654027019]",1
ragbench_Qwen2.5-0.5B-Instruct,120,120,covidqa,0.8374555706977844,68,1.0862514972686768,0.1654985249042511,"[0.03584260396695861, 1.0604127909362646, 0.009983567160789415, 0.007126397945686382]","[0.00727916321022678, 0.14598867808240357, 0.005354121696815138, 0.006049762611749041]",1
ragbench_Qwen2.5-0.5B-Instruct,121,121,pubmedqa,0.7887030839920044,200,1.1041381359100342,0.17236927151679993,"[0.02605039670757151, 0.29334998934264833, 0.0742359597004895, 0.7333543392598995]","[0.011721954674402325, 0.04428325788071419, 0.016051478365055372, 0.09578424117322669]",1
ragbench_Qwen2.5-0.5B-Instruct,122,122,pubmedqa,0.8294516801834106,200,0.8260266780853271,0.16353823244571686,"[0.40626459414578675, 0.1462947971034646, 0.3191762601380424]","[0.08244056825625762, 0.03326035697604695, 0.051313227997079734]",1
ragbench_Qwen2.5-0.5B-Instruct,123,123,covidqa,1.3989332914352417,123,2.1932077407836914,0.28704634308815,"[0.03432507332955886, 0.3678111406431075, -0.06090199997149794, 0.5026454370318212, 1.1414294614593181]","[0.01396687784674516, 0.05447263580301072, 0.01822739901647458, 0.07912095548834433, 0.1316803670149733]",1
ragbench_Qwen2.5-0.5B-Instruct,124,124,pubmedqa,0.9758796095848083,200,1.3077912330627441,0.1855057179927826,"[0.6860252431835636, -0.013740156836910274, 0.34436539180054526, 0.0019041113921400665, 0.2363912376110602]","[0.10710313215543607, 0.00961123011590857, 0.043714537096431055, 0.006606560244905353, 0.03401199195935831]",1
ragbench_Qwen2.5-0.5B-Instruct,125,125,pubmedqa,1.0532865524291992,200,1.4165345430374146,0.2048300802707672,"[0.1452960465826618, 0.2258083820084721, 0.6981901979269969, 0.27877109677170664, -0.03003423772725]","[0.027603323880618973, 0.0411287549626201, 0.09371378238892362, 0.03586075085286211, 0.002919164062183768]",1
ragbench_Qwen2.5-0.5B-Instruct,126,126,pubmedqa,1.544326901435852,97,0.6122957468032837,0.09848631173372269,"[0.07416043800564234, 0.12671241691990046, 0.15974213272740187, 0.12457247344609078, -0.05280158345955719]","[0.01819951849539351, 0.02918635507736272, 0.029329815634407484, 0.02275836648349288, 0.0050130400987190744]",1
ragbench_Qwen2.5-0.5B-Instruct,127,127,pubmedqa,1.1500848531723022,200,0.5115675926208496,0.12097200751304626,"[0.21611020054064284, 0.019912492244111492, 0.126631253069404, 0.13229369265135574, -0.026853360881355003]","[0.04671866215145577, 0.011824596535200271, 0.02087628103576094, 0.022914120570185617, 0.014640240182522177]",1
ragbench_Qwen2.5-0.5B-Instruct,128,128,covidqa,0.6660865545272827,24,0.6385625004768372,0.10842940956354141,"[-0.019860085384910537, -0.005985789685231187, 0.13706575361599485, 0.12033856029574963]","[0.003564191010658154, 0.003419686442550566, 0.028247411354792955, 0.019592228094637676]",1
ragbench_Qwen2.5-0.5B-Instruct,129,129,techqa,1.48152494430542,200,0.013865489512681961,0.012655777856707573,"[-0.0006082042141315469, 0.0008944371878897073, -0.0010293563996765442, -0.0012277064200952737, -0.00326413024701651]","[0.0013987820695405162, 0.0006407918230075893, 0.00047134730425057113, 0.0008669760815917016, 0.0034523153780372695]",1
ragbench_Qwen2.5-0.5B-Instruct,130,130,pubmedqa,0.9594600200653076,200,1.1113412380218506,0.1709275096654892,"[0.2199253202054797, 0.8427183216327149, 0.0344424662727397, 0.039588852725323705, -0.013720033487925321]","[0.03241125383001929, 0.11551895123213426, 0.0095942958860595, 0.010560603275650138, 0.0030628083953877193]",1
ragbench_Qwen2.5-0.5B-Instruct,131,131,pubmedqa,0.6543313264846802,99,1.1207982301712036,0.15112543106079102,"[1.1223050498824476, 0.36017344296463977, 0.010764670082869887, 0.015018148247695581, 0.01754828463146917]","[0.1309294612542613, 0.03647287005406866, 0.0025453796403093008, 0.002524759282809757, 0.0018572401061381545]",1
ragbench_Qwen2.5-0.5B-Instruct,132,132,techqa,1.6301360130310059,200,0.035963550209999084,0.04844573512673378,"[-0.05542404590944898, -0.023729045124528055, -0.02581351843138691, -0.03076165352999851, -0.03688823742174464]","[0.010083421104249056, 0.01549424933358523, 0.005749949268771388, 0.005536818190136046, 0.004426845481826831]",1
ragbench_Qwen2.5-0.5B-Instruct,133,133,techqa,1.2484837770462036,200,0.750410258769989,0.120214082300663,"[0.3199413708409031, 0.11267863114228589, 0.025341380991440586, -0.0003402988792771566, 0.02212555644049132]","[0.0442556443855009, 0.03399930374263207, 0.008408553665290839, 0.006636776521760055, 0.006058968501869515]",1
ragbench_Qwen2.5-0.5B-Instruct,134,134,pubmedqa,0.619727611541748,199,1.6906126737594604,0.24890664219856262,"[0.4002596054272101, -0.004365868160561487, 0.4387478806129183, 0.9618226664776863]","[0.058952626796922654, 0.005122867045553915, 0.063419434987839, 0.1355220160139906]",1
ragbench_Qwen2.5-0.5B-Instruct,135,135,pubmedqa,1.4509488344192505,84,0.9059153199195862,0.15725576877593994,"[0.005141176289076351, 0.28925335882723585, -0.021756155068682607, 0.5268978790559881, -0.06522095998436617]","[0.012910558885889281, 0.02937283192761697, 0.005742838355843105, 0.07696002709434695, 0.007658096024364286]",1
ragbench_Qwen2.5-0.5B-Instruct,136,136,finqa,1.5984861850738525,26,0.05072395130991936,0.06137722358107567,"[0.052340526812118836, 0.0911506533582444, 0.08585242177874673, 0.04026657776893654]","[0.002945102452564732, 0.0017068078403693876, 0.02462607723069036, 0.002853795867604976]",1
ragbench_Qwen2.5-0.5B-Instruct,137,137,pubmedqa,0.9496385455131531,37,0.7339269518852234,0.15001033246517181,"[0.7998116675925967, -0.015236069335318264, 0.0008961978019215167, -0.01774850465527207]","[0.1416776882825797, 0.005426912212179694, 0.0033541251869558656, 0.0022365601420187274]",1
ragbench_Qwen2.5-0.5B-Instruct,138,138,finqa,0.7955173850059509,181,0.23704056441783905,0.056999996304512024,"[-0.011687117228704278, 0.22323481070187737, -0.008729342257929828, -0.011684965983480781, -0.0003114170454438652]","[0.001214387529114227, 0.045835987832410975, 0.0009648500908413374, 0.0008143510586086819, 0.0013549120628591075]",1
ragbench_Qwen2.5-0.5B-Instruct,139,139,pubmedqa,1.4024677276611328,84,0.3898267149925232,0.09024602919816971,"[0.11962649797966324, 0.2483487180334123, 0.066014333948585, 0.024020527646122163]","[0.03361771519782053, 0.03438464341690492, 0.009474975102375674, 0.005853188220699494]",1
ragbench_Qwen2.5-0.5B-Instruct,140,140,pubmedqa,0.6639705896377563,200,1.105189323425293,0.17664377391338348,"[0.706464822711041, 0.17497868813555215, 0.2753548312878229, -0.009356374405588213, -0.033109730574915376]","[0.11141558947568683, 0.04054000101310052, 0.02837348731163985, 0.002864755682194584, 0.0068160217222879285]",1
ragbench_Qwen2.5-0.5B-Instruct,141,141,techqa,0.8268945217132568,200,-0.01829887554049492,0.016196923330426216,"[-0.02328129918738341, 0.0031002671301121154, 0.004942559274822998, 0.006621870091321398, 0.008511167960641615]","[0.00407436596449088, 0.004010332597314346, 0.002476841937121321, 0.0012672498372722884, 0.0024730335277433823]",1
ragbench_Qwen2.5-0.5B-Instruct,142,142,pubmedqa,0.9131125807762146,150,0.848571240901947,0.17478856444358826,"[0.3775693883448548, 0.5230501022910782, -0.019401375068312823, -0.05166168176980136]","[0.07376331743303505, 0.10077692367178656, 0.00394872338222361, 0.004724441795024177]",1
ragbench_Qwen2.5-0.5B-Instruct,143,143,finqa,0.6038749814033508,200,0.24197028577327728,0.044645484536886215,"[0.23857713908636696, 0.00596045740646332, 0.010361552978956752, 0.0014851382615506737, 0.0067628304870368085]","[0.041533573223583885, 0.0016603272742152341, 0.0023760685725682153, 0.001718480721271618, 0.00157773339730241]",1
ragbench_Qwen2.5-0.5B-Instruct,144,144,pubmedqa,0.6496520042419434,200,1.075730562210083,0.1607370227575302,"[0.6793204691550397, 0.1620302890668887, 0.36392895953592186]","[0.09251363973405984, 0.03237859011648329, 0.0430651161182849]",1
ragbench_Qwen2.5-0.5B-Instruct,145,145,pubmedqa,1.960892915725708,79,0.4396042227745056,0.11645124852657318,"[0.21929366024313465, -0.08653201667011326, -0.008071732986755257, -0.05478652132987458, 0.0680474677989613]","[0.03523628652584205, 0.04073313839097852, 0.00821668338704236, 0.010898801458092978, 0.013896767144254089]",1
ragbench_Qwen2.5-0.5B-Instruct,146,146,finqa,1.1633570194244385,74,0.22344832122325897,0.09571494907140732,"[0.15607240145756215, 0.0349952399094921, 0.030699368962421036, 0.024830354088063923, -0.017969542737134633]","[0.07744664819668631, 0.0017013889563924221, 0.0020065036582058984, 0.002047663078728321, 0.01051102964364215]",1
ragbench_Qwen2.5-0.5B-Instruct,147,147,pubmedqa,0.8884168267250061,200,0.88482266664505,0.16311363875865936,"[0.22012640923495894, 0.26262630837143663, 0.1881560971232824, 0.03951802735334922, 0.2228412493800539]","[0.04508674848979517, 0.035571167356073304, 0.04138916340501304, 0.012009910478249565, 0.03347560210874981]",1
ragbench_Qwen2.5-0.5B-Instruct,148,148,pubmedqa,0.9272322058677673,134,0.5415340662002563,0.11116573959589005,"[0.33693549421991775, 0.04696789257141165, 0.01059554520987203, -0.008214842343424332, -0.004363122843534314]","[0.05091464283581052, 0.027468662790542685, 0.005680613302541051, 0.0018229307123216664, 0.0032153145673361936]",1
ragbench_Qwen2.5-0.5B-Instruct,149,149,covidqa,0.7394246459007263,85,2.5828473567962646,0.3063386380672455,"[0.017092284735447133, 0.5977920232676244, 0.04128209562049425, 0.4060514486320993, 0.0016376157442102661]","[0.005044381241446792, 0.07958563039996186, 0.008614177425462298, 0.04421328365271072, 0.0008816863252818888]",1
ragbench_Qwen2.5-0.5B-Instruct,150,150,finqa,1.5709937810897827,25,-0.09405913949012756,0.07510372251272202,"[0.2601706171687692, -0.043415670241229234, -0.007384198600193486, 0.032594749985728415, 0.07722820133436471]","[0.028974071694537997, 0.0038414999199358137, 0.002958040795310808, 0.002437451145074192, 0.003839751524149051]",1
ragbench_Qwen2.5-0.5B-Instruct,151,151,pubmedqa,1.3133745193481445,200,0.7707504034042358,0.14112992584705353,"[-0.019936196403768917, 0.5295624180007144, -0.028020721810198667, 0.09058855457527898, -0.009399037932998908]","[0.011302363528023704, 0.09082915351410378, 0.010130510909450835, 0.028591319152174607, 0.010577366215991334]",1
ragbench_Qwen2.5-0.5B-Instruct,152,152,pubmedqa,0.9897851347923279,200,0.9761903285980225,0.1443891078233719,"[0.20749476430202776, 0.6621659784160261, 0.0719948969102552, -0.008555119097081842, -0.001074390000258063]","[0.05956253765944098, 0.0843651475981349, 0.00809357145532573, 0.0037069457069978285, 0.0038322981460089524]",1
ragbench_Qwen2.5-0.5B-Instruct,153,153,pubmedqa,0.7934428453445435,200,1.4342007637023926,0.197494775056839,"[0.7505696830418674, 0.6938936154610564, 0.01900395027121249, 0.023972731136163928]","[0.10282477632251812, 0.09572374782809526, 0.0033686993862694693, 0.0032879939836360705]",1
ragbench_Qwen2.5-0.5B-Instruct,154,154,techqa,1.3121899366378784,200,0.7056548595428467,0.12307680398225784,"[-0.04264677575280075, 0.16164107570872147, 0.008967079268059024, 0.21247294172746478, 0.0004959584614698542]","[0.0092085008880008, 0.024016982749101315, 0.017047406673632394, 0.052697171142972364, 0.006262890051455088]",1
ragbench_Qwen2.5-0.5B-Instruct,155,155,finqa,1.157907247543335,67,0.03818190097808838,0.08162752538919449,"[0.044594851337838484, 0.00698432859782987, 0.09840704946903166, 0.02275755788113161, 0.03931445159903535]","[0.0028736589821086616, 0.00668226818531176, 0.0501247801125353, 0.0027398589366846374, 0.0012918058154038638]",1
ragbench_Qwen2.5-0.5B-Instruct,156,156,pubmedqa,1.61650550365448,93,0.5353972911834717,0.14232498407363892,"[0.11962182572241672, 0.40136493665669415, -0.01590108863448584, -0.007998348859023624, -0.013199533369662541]","[0.02753303864083821, 0.05881413888455818, 0.016211636323254015, 0.007199977285095414, 0.00445003491242499]",1
ragbench_Qwen2.5-0.5B-Instruct,157,157,pubmedqa,1.0297002792358398,134,1.2518678903579712,0.18301233649253845,"[0.5627521385009024, 0.1840482297836266, 0.15320483636350585, 0.37152103500491973]","[0.07418511188010099, 0.03468618712407387, 0.02399549686009041, 0.057307022734202726]",1
ragbench_Qwen2.5-0.5B-Instruct,158,158,covidqa,1.071051836013794,18,0.3980177044868469,0.09984783083200455,"[0.21917916618319092, -0.021689866254746448, -0.03231347500129939, -0.03816991839064738, -0.0663572614351627]","[0.03625330238576731, 0.0021127438674852783, 0.00295335636015971, 0.004797625322930167, 0.005002770395132454]",1
ragbench_Qwen2.5-0.5B-Instruct,159,159,pubmedqa,0.8461911678314209,200,0.35880208015441895,0.10007058829069138,"[0.05326207949345644, 0.10024054046640686, 0.10423442061455716, -0.002734630539180216, -0.01982663338995735]","[0.037393050161452876, 0.018428582583681817, 0.021394451000814527, 0.005730100726125187, 0.005989834884000658]",1
ragbench_Qwen2.5-0.5B-Instruct,160,160,pubmedqa,0.8935107588768005,200,1.213942050933838,0.20401565730571747,"[0.22805967863626847, 0.4213852577553143, 0.56458054993529, -0.0313866444592486]","[0.04331812846543926, 0.06735746701565092, 0.09118215260070134, 0.006874707227369434]",1
ragbench_Qwen2.5-0.5B-Instruct,161,161,pubmedqa,0.70670086145401,117,0.8263986110687256,0.17159190773963928,"[-0.007511034652788711, 0.4659653834983729, 0.20355098491916318, -0.011108415313980689, -0.010205476840423038]","[0.01126834274133044, 0.09423226936403586, 0.03696006612900498, 0.005568153640114128, 0.0019519697953241505]",1
ragbench_Qwen2.5-0.5B-Instruct,162,162,covidqa,1.136911392211914,46,0.7831882834434509,0.10174040496349335,"[0.03370577999391136, 0.03323116764817235, 0.04365515440183473, 0.04264796736679668, 0.8422049020769009]","[0.003255730804717725, 0.002164010719472186, 0.001677488315104493, 0.0025417003941297285, 0.08821498521344844]",1
ragbench_Qwen2.5-0.5B-Instruct,163,163,techqa,1.5317517518997192,195,-0.07762549072504044,0.0275361817330122,"[-0.025291122980445672, -0.018606561934444845, 0.006587109354306729, -0.02025602943387453, -0.019585819598227645]","[0.0034659894010619845, 0.0012297286870692075, 0.006595651217832873, 0.0045039387556232375, 0.0022295934600338233]",1
ragbench_Qwen2.5-0.5B-Instruct,164,164,pubmedqa,0.6959421038627625,200,0.9932848215103149,0.170912966132164,"[-0.02046702396283308, 0.06781930553486631, 0.8149227557006361, -0.027720380144570525, -0.025850703788371447]","[0.005053722131300802, 0.010469406387571639, 0.14557310403158566, 0.007967389420409105, 0.0024761388341849513]",1
ragbench_Qwen2.5-0.5B-Instruct,165,165,pubmedqa,0.8859425187110901,115,0.3905820846557617,0.07512904703617096,"[0.2733819454206241, -0.03433176044263351, 0.01801042773646338, -0.042888239798333457]","[0.05921066916178253, 0.008150886142386357, 0.007787149697610304, 0.007305653570270588]",1
ragbench_Qwen2.5-0.5B-Instruct,166,166,pubmedqa,1.1389744281768799,200,0.9756913781166077,0.1765265315771103,"[0.4878622070424899, 0.46881737143681673, 0.024768771381677653, -0.02924461758029793, -0.01920321743567911]","[0.08939324449679731, 0.07525307624005677, 0.013508163533528546, 0.00558078265271206, 0.009141931650627554]",1
ragbench_Qwen2.5-0.5B-Instruct,167,167,finqa,0.5234609246253967,82,0.4445069134235382,0.08982500433921814,"[-0.010918985425459552, 0.018396525994876633, 0.5152953029615003, -0.004871955329560212, 0.008827617966280824]","[0.0018634431489217827, 0.003187893311619557, 0.07636820738893646, 0.0010397800079622863, 0.0016251770385359433]",1
ragbench_Qwen2.5-0.5B-Instruct,168,168,pubmedqa,1.142594814300537,200,1.1271796226501465,0.17176884412765503,"[0.11329577262459224, 1.0356240523698579, -0.04548986561177799, 0.0004221263705449019]","[0.02831821341868988, 0.13046981699205532, 0.007625511569212477, 0.006848672599825392]",1
ragbench_Qwen2.5-0.5B-Instruct,169,169,techqa,1.1775939464569092,200,0.06215934827923775,0.011160772293806076,"[0.0034094932020570924, -0.007908806952742679, 0.025409012213009417, -0.014599697767973794, -0.002026453065445821]","[0.0025094951487247387, 0.001049956600902533, 0.002518466653968261, 0.00408180290292492, 0.002459728715059555]",1
ragbench_Qwen2.5-0.5B-Instruct,170,170,pubmedqa,1.5926870107650757,51,-0.2550696134567261,0.059369415044784546,"[-0.11080910027935627, -0.08730092339728977, -0.04132050356380276, -0.06790733120949738]","[0.01849945563978562, 0.004406011727220246, 0.0026131132601364573, 0.004516842601306588]",1
ragbench_Qwen2.5-0.5B-Instruct,171,171,techqa,0.7798206210136414,141,1.4360463619232178,0.20908179879188538,"[1.4104646632559765, 0.005573251716365728, 0.019725776948805705, 0.0015511311534192563, 0.026087535861463156]","[0.1983881556195204, 0.0024390957589984514, 0.005894720938637104, 0.002643670871255281, 0.0025957113746702]",1
ragbench_Qwen2.5-0.5B-Instruct,172,172,pubmedqa,1.1941817998886108,106,0.4483763873577118,0.11427124589681625,"[0.19921601558918103, 0.11690982636652202, -0.04853777594356836, -0.013293968912224062, -0.042050515352560255]","[0.06167588596486668, 0.037399767359844655, 0.006155540240354614, 0.005675828961600441, 0.006111635585636925]",1
ragbench_Qwen2.5-0.5B-Instruct,173,173,pubmedqa,0.8243230581283569,200,1.048776626586914,0.18360190093517303,"[0.5805140984882928, -0.055188248329125146, 0.14984312587637305, 0.2309570687288442, 0.16493673244911405]","[0.09406076288507165, 0.013775691888411554, 0.024629026825420154, 0.02810020294113315, 0.025320621700755764]",1
ragbench_Qwen2.5-0.5B-Instruct,174,174,pubmedqa,0.9329132437705994,194,0.625747799873352,0.10212153196334839,"[0.5536201580880515, 0.18153791880055353, 0.002564237553003492, -0.03109262852960699, -0.03205584535273899]","[0.07732214973075026, 0.02489476732525943, 0.004836690568390154, 0.003742008512858481, 0.003312334841156765]",1
ragbench_Qwen2.5-0.5B-Instruct,175,175,pubmedqa,1.1888539791107178,200,0.9013514518737793,0.14503955841064453,"[0.31332386264884915, 0.2779478612530511, 0.30449873443381875, -0.03667665911490985]","[0.06307909048221574, 0.04678727615018488, 0.03676591349177144, 0.004828935717992522]",1
ragbench_Qwen2.5-0.5B-Instruct,176,176,techqa,1.2830657958984375,200,0.3201157748699188,0.06875226646661758,"[-0.0010163008240215276, 0.03064861796895457, 0.32167383295756735, -0.018452663843249867, 0.029287344979256887]","[0.0043711019671437154, 0.003197502119144815, 0.046130281983337226, 0.008299213295044865, 0.003961455018638844]",1
ragbench_Qwen2.5-0.5B-Instruct,177,177,pubmedqa,1.1241496801376343,174,1.683885931968689,0.22934170067310333,"[0.4646316124913603, 0.8669470030539476, 0.33916704636379463, -0.0065857663404770015, 0.0030233981628018866]","[0.08272793494630058, 0.09822866402169833, 0.054676306006562515, 0.005900561875732486, 0.004728251409318481]",1
ragbench_Qwen2.5-0.5B-Instruct,178,178,pubmedqa,1.1436245441436768,92,0.4542243480682373,0.11819543689489365,"[-0.0477182128511231, -0.054965500086461325, 0.4552293098222435, -0.04690969346161775, -0.05906063316396008]","[0.02466061865399522, 0.015578669812509877, 0.0792289302523569, 0.008037415664809706, 0.008230004729018093]",1
ragbench_Qwen2.5-0.5B-Instruct,179,179,pubmedqa,0.9290770888328552,200,1.3321572542190552,0.22713395953178406,"[0.4330528431011407, 0.7984078120983394, 0.18692899869749455, -0.012154905778661487, -0.0014515196640240901]","[0.06741348450743317, 0.13732925284620875, 0.03188412769037882, 0.0037225720231137418, 0.0037976610229264905]",1
ragbench_Qwen2.5-0.5B-Instruct,180,180,pubmedqa,0.9133535027503967,200,0.5688979625701904,0.10776975750923157,"[0.233886470857326, 0.3903494977880166, -0.028492094050238278, -0.011840225331275179, -0.01773936920073879]","[0.04628261632058411, 0.056989496670117316, 0.0031975159319510738, 0.0022351891010512757, 0.0033674642126185006]",1
ragbench_Qwen2.5-0.5B-Instruct,181,181,techqa,1.1911135911941528,200,0.10559637099504471,0.020929472520947456,"[0.0010828528429010476, -0.0017036618290512705, 0.0030823643045005157, -0.006845593787656981, 0.011861251708178316]","[0.003130564463615997, 0.0011552665072650824, 0.0011652615279160016, 0.006718115734314551, 0.0030119195470522443]",1
ragbench_Qwen2.5-0.5B-Instruct,182,182,pubmedqa,1.2615361213684082,200,1.2498009204864502,0.1787497103214264,"[0.5722476426721369, 0.23671580572406128, 0.42116005422395575, 0.00029283340782967573, 0.001838886103078039]","[0.07792759987911381, 0.022981277660423842, 0.0567732130445205, 0.009477583967869236, 0.003283876250972071]",1
ragbench_Qwen2.5-0.5B-Instruct,183,183,pubmedqa,0.8855299949645996,139,0.7958645224571228,0.13948431611061096,"[0.5729507712453956, -0.002583335531283888, -0.039765237772136065, 0.1402404871102374]","[0.07621828961197784, 0.005072216284307703, 0.004774258383444332, 0.03499541772555199]",1
ragbench_Qwen2.5-0.5B-Instruct,184,184,pubmedqa,0.9831335544586182,200,1.176173210144043,0.19503450393676758,"[0.417383136944336, 0.3971925075240142, 0.011966864372116106, 0.47967419121498095, -0.014834310562728206]","[0.06395601111597898, 0.06015688712498559, 0.00829026614931763, 0.07100281873034874, 0.009409755784233767]",1
ragbench_Qwen2.5-0.5B-Instruct,185,185,pubmedqa,1.1476960182189941,125,1.5999016761779785,0.20405086874961853,"[0.5708025437380239, 0.23484590986517742, 0.001872519041671694, 0.4178201750398448, -0.09102478118284034]","[0.09458719431202212, 0.03824270521653568, 0.007561638231469942, 0.052314760530390685, 0.017818829786514924]",1
ragbench_Qwen2.5-0.5B-Instruct,186,186,pubmedqa,1.7064428329467773,200,0.27355435490608215,0.09595043212175369,"[0.07652354022598956, 0.054895074180458324, 0.10522764706336601, -0.0185889063052673]","[0.03122719142704568, 0.017400074404174574, 0.022203170102466176, 0.006571054424813383]",1
ragbench_Qwen2.5-0.5B-Instruct,187,187,pubmedqa,1.3945790529251099,66,0.6368327736854553,0.13472534716129303,"[0.6332228023587076, 0.0025828347830666285, 0.08941186449484315, 0.08906774724230425]","[0.1094854896456871, 0.015638721167554402, 0.027645889933920087, 0.019454426050012415]",1
ragbench_Qwen2.5-0.5B-Instruct,188,188,pubmedqa,1.1539924144744873,107,1.007001280784607,0.1319538652896881,"[0.02070590536952346, 0.8393027332730245, -0.019628068268774827]","[0.018638766099874474, 0.09003239725373353, 0.004771315488516134]",1
ragbench_Qwen2.5-0.5B-Instruct,189,189,techqa,1.809791922569275,200,0.1295611709356308,0.05322936177253723,"[0.054349261411316546, 0.014106872728552844, 0.006688977644771512, -0.02143733779052127, -0.021256059298320907]","[0.015158892867576696, 0.0271360504866891, 0.014915140885858023, 0.005549742225774708, 0.004511015852322089]",1
ragbench_Qwen2.5-0.5B-Instruct,190,190,pubmedqa,0.8866388201713562,200,1.0883820056915283,0.16878536343574524,"[0.48098691706983343, 0.37862924097019685, -0.021134740149107073, 0.4143491213791776]","[0.07437351697944365, 0.052429030961017274, 0.008282233476098674, 0.05714775322075631]",1
ragbench_Qwen2.5-0.5B-Instruct,191,191,pubmedqa,1.5307683944702148,200,0.8173679113388062,0.15426649153232574,"[0.21852398997372802, 0.6069966020797801, 0.13502107170232194]","[0.048954007339150396, 0.08408562934098426, 0.03596372872105448]",1
ragbench_Qwen2.5-0.5B-Instruct,192,192,hotpotqa,1.4150522947311401,13,-0.23202504217624664,0.0529424212872982,"[0.21924892089849052, 0.15961051775957458, 0.16689778125762061, 0.03602515248572812]","[0.03485038012219705, 0.017876999254860075, 0.030623519001157826, 0.014863836298130852]",1
ragbench_Qwen2.5-0.5B-Instruct,193,193,pubmedqa,1.260039210319519,122,1.411272644996643,0.19989727437496185,"[0.20070988481750304, 0.25336384513049454, 0.051218330871230795, 0.35601546045272997, 0.6570278938991384]","[0.02348899148029111, 0.04522723378195186, 0.011738788922947547, 0.05942933404962712, 0.05954409266967589]",1
ragbench_Qwen2.5-0.5B-Instruct,194,194,techqa,0.821692168712616,69,0.2226090431213379,0.06921873241662979,"[0.053764234004990176, 0.008866193217028816, -0.014040253158031113, 0.012478836848247844, -0.015081364086338157]","[0.0066203156615404005, 0.0037773404101541096, 0.007043613545687074, 0.008461081914091388, 0.0016316365841008071]",1
ragbench_Qwen2.5-0.5B-Instruct,195,195,pubmedqa,1.0682148933410645,90,0.43663161993026733,0.05184348300099373,"[0.23137489611221504, -0.00520573866001036, -0.03635922032440754, -0.03364064027237974]","[0.032703930899163604, 0.0031392404015128427, 0.0024222485172483094, 0.004177569116245649]",1
ragbench_Qwen2.5-0.5B-Instruct,196,196,finqa,2.1763644218444824,11,-0.24337314069271088,0.10786470770835876,"[-0.053843546214259484, 0.23326577136123722, 0.04182033668356863, 0.2315523705699227, 0.022944422586905686]","[0.03228163326275535, 0.01939177659633887, 0.004168605710881159, 0.014101919739253142, 0.003544795922855635]",1
ragbench_Qwen2.5-0.5B-Instruct,197,197,pubmedqa,0.654279351234436,200,0.8445138335227966,0.16790814697742462,"[0.49526481605138545, 0.024505864200118594, -0.011512520752994533, 0.058265021573224655, -0.003590531018171532]","[0.12186033926089522, 0.015056240880794292, 0.005960193630402131, 0.013849417041594947, 0.005853091283463456]",1
ragbench_Qwen2.5-0.5B-Instruct,198,198,pubmedqa,1.6054284572601318,200,0.6216469407081604,0.12177214026451111,"[0.2115516210045098, -0.010351341058558318, -0.021821846138736875, 0.046139436823468716, 0.17790519117370424]","[0.0368816309457452, 0.007609498298009498, 0.009008510236959068, 0.031991328764283934, 0.026973136415645627]",1
ragbench_Qwen2.5-0.5B-Instruct,199,199,pubmedqa,1.129287600517273,92,1.0257045030593872,0.15906575322151184,"[0.20405872348027226, 0.6888325867960031, -0.0028831201191396954, 0.038634365057472156, 0.030725135449565098]","[0.04740484409671916, 0.10518887831972804, 0.0038777917337162833, 0.004985388030640699, 0.005671696173996944]",1
ragbench_Qwen2.5-0.5B-Instruct,200,200,covidqa,1.2368229627609253,62,1.3819785118103027,0.22693072259426117,"[0.02489452050660416, 1.4554312034649024, 0.06837752347158335, 0.02612842106788277, -0.04977042749175281]","[0.008857914865684836, 0.2058778844150384, 0.009836666436610226, 0.0019777561328490102, 0.00922135466613059]",1
ragbench_Qwen2.5-0.5B-Instruct,201,201,pubmedqa,0.8135936260223389,200,0.49949660897254944,0.09816651046276093,"[0.4643976039518998, 0.030830625856571033, -0.02472038481392019, -0.03224478045201977, -0.000665150916327093]","[0.0666511349019438, 0.012799686697900334, 0.0035661292249475453, 0.0039034375803429456, 0.00239098076373395]",1
ragbench_Qwen2.5-0.5B-Instruct,202,202,techqa,1.5401585102081299,69,0.010151812806725502,0.03143519535660744,"[0.037159487259539645, -0.01898641544476445, 0.002480728523696071, 0.0033377472164051987, 0.012830470146213158]","[0.011500593399821388, 0.0015043894243658344, 0.0009289095369701723, 0.003503779732158285, 0.0027369602903523837]",1
ragbench_Qwen2.5-0.5B-Instruct,203,203,pubmedqa,1.1772117614746094,200,1.0469340085983276,0.18871663510799408,"[0.07961168239846302, 0.5217843409435227, 0.32270088446144657, 0.0338112598779253]","[0.03297113239082812, 0.0788599900308634, 0.05498513135793828, 0.01669685306280982]",1
ragbench_Qwen2.5-0.5B-Instruct,204,204,pubmedqa,1.0015950202941895,200,0.6766884326934814,0.12737472355365753,"[0.4886289031797787, 0.021390503794427786, 0.1865879260723159, 0.0019274979680994875]","[0.08378043227929083, 0.010968220928662049, 0.03504266970940307, 0.0040559696881405215]",1
ragbench_Qwen2.5-0.5B-Instruct,205,205,pubmedqa,1.1055052280426025,190,0.759390115737915,0.1298622041940689,"[0.004305172515609899, -0.017516676685188845, -0.00458305274345261, 0.5222662828837392, 0.21099677503418782]","[0.012200808402628868, 0.004682666277077966, 0.006308143401139731, 0.08360920406342266, 0.02982323069761665]",1
ragbench_Qwen2.5-0.5B-Instruct,206,206,pubmedqa,0.916108250617981,200,0.6688955426216125,0.11453782767057419,"[0.2970851189456698, -0.01226181616575559, 0.017204487659364533, -0.010724902855272375, -0.01905837433726447]","[0.06942012952550272, 0.00661221229057503, 0.0041550271323797005, 0.0029576575760442837, 0.0022403895343953194]",1
ragbench_Qwen2.5-0.5B-Instruct,207,207,finqa,1.113686442375183,24,0.01804853416979313,0.04851270839571953,"[0.009434060185071758, 0.0025280889625870864, 0.045277341856281815, -0.009017497478149986, 0.021495658926577715]","[0.002212171446656086, 0.0016334194344599002, 0.0107646998679319, 0.0005135040342653477, 0.0012765886597018532]",1
ragbench_Qwen2.5-0.5B-Instruct,208,208,pubmedqa,1.6054329872131348,81,0.4357553720474243,0.07503537088632584,"[0.4291363730501613, -0.033515236199053576, -0.004288672456509012, -0.030790755267047148]","[0.05394022817232146, 0.0034287456369538408, 0.004835477405890391, 0.0043058782679646565]",1
ragbench_Qwen2.5-0.5B-Instruct,209,209,pubmedqa,0.983980655670166,133,0.7802619934082031,0.1288270801305771,"[0.5447227010003175, 0.2885506705495477, 0.03456268404901275, 0.006323758037226919, -0.012323096212065522]","[0.08381219335923479, 0.03431594322721961, 0.008597805640670786, 0.008942768422892962, 0.006339179415279763]",1
ragbench_Qwen2.5-0.5B-Instruct,210,210,pubmedqa,1.0457655191421509,124,0.8779727816581726,0.15124008059501648,"[-0.0384770851112168, 0.3547042465916533, 0.5708041450094653, -0.03257409630660116]","[0.0075298024017361204, 0.04487491069354537, 0.073882381061209, 0.005322767026551069]",1
ragbench_Qwen2.5-0.5B-Instruct,211,211,pubmedqa,1.000639796257019,200,0.9023134708404541,0.16012389957904816,"[0.39411243729221496, 0.3008066280922276, 0.010001704027517917, 0.05565005710070636, 0.006565039813385738]","[0.08593690963293227, 0.04818108373603394, 0.00424803550370072, 0.015767860257436723, 0.0051345237833135115]",1
ragbench_Qwen2.5-0.5B-Instruct,212,212,pubmedqa,0.9296696782112122,75,0.3809639513492584,0.08828507363796234,"[0.3456819986576496, 0.019075690356912672, 0.007568796158860399, 0.019559738050229498, 0.0529922981053096]","[0.047352220996178855, 0.007290701957082699, 0.0030515144611369277, 0.0036168167492966557, 0.006107299915781065]",1
ragbench_Qwen2.5-0.5B-Instruct,213,213,pubmedqa,1.1354584693908691,200,1.124396562576294,0.20594097673892975,"[0.20019832952431899, 0.35470068547955635, 0.23426473524669972, -0.02675742006498922, -0.021709171024183432]","[0.04581937316420977, 0.07575973299436697, 0.06140775110200451, 0.0032565138519963454, 0.0027806329217568405]",1
ragbench_Qwen2.5-0.5B-Instruct,214,214,techqa,0.7921428084373474,200,-0.08653245866298676,0.01993662305176258,"[-0.044064399638627946, -0.04004293116188364, -0.03135930559297776, -0.03440000044413864, -0.023042461680943233]","[0.005175504431772282, 0.005637524821435491, 0.002083120120136357, 0.0023414329821577697, 0.003383140192898253]",1
ragbench_Qwen2.5-0.5B-Instruct,215,215,pubmedqa,1.0436599254608154,200,0.7812358140945435,0.13284239172935486,"[0.2527864767672452, 0.3336889921520367, 0.18619626451120097, 0.011175815043105785]","[0.043439267428127405, 0.049098050217739345, 0.02166559250475757, 0.004645403445439911]",1
ragbench_Qwen2.5-0.5B-Instruct,216,216,pubmedqa,1.242526888847351,200,0.7122201323509216,0.13618013262748718,"[0.2631562326179119, 0.17084339293394804, 0.3602382016916454, 0.0061090202183913785, 0.005937315282208147]","[0.04958909421032331, 0.03505603335515616, 0.04097633758879908, 0.006913628194946568, 0.003708075021029913]",1
ragbench_Qwen2.5-0.5B-Instruct,217,217,pubmedqa,1.209598422050476,200,0.8719171285629272,0.17126807570457458,"[0.34305831619682065, -0.03601770032893001, 0.1581299898177167, 0.2187164303695954, -0.05326541116491171]","[0.05309515168169753, 0.010421638841931724, 0.02978921994917748, 0.05218247557183133, 0.003305941100459364]",1
ragbench_Qwen2.5-0.5B-Instruct,218,218,pubmedqa,1.1389575004577637,59,1.2007402181625366,0.1989682912826538,"[-0.008237605266789984, 1.262101949653312, 0.008605548905769079, 0.023937879956003785, 0.06696090585738618]","[0.008485801622428126, 0.18627812659961834, 0.0056675993899963206, 0.00441525885171513, 0.005020798666395175]",1
ragbench_Qwen2.5-0.5B-Instruct,219,219,pubmedqa,1.2814936637878418,100,0.6878603100776672,0.11150248348712921,"[0.17890843087052416, 0.40669272717348576, -0.017324485499266302, 0.015421130484710374, -0.03150215716211278]","[0.023449139824106454, 0.07080672105820895, 0.0039961293392642, 0.007534774398729951, 0.005985311004769471]",1
ragbench_Qwen2.5-0.5B-Instruct,220,220,pubmedqa,0.827423095703125,200,0.8935898542404175,0.16190701723098755,"[0.018708348017689787, 0.3087650675134864, 0.4779660670954308, 0.0034379666601034842, 0.00803836977193896]","[0.011900946686186416, 0.0636570094280836, 0.07261094843429504, 0.009356776187062649, 0.0037807525055917777]",1
ragbench_Qwen2.5-0.5B-Instruct,221,221,finqa,1.1079093217849731,22,0.41413286328315735,0.1185402125120163,"[-0.01490417095655258, -0.06943356110952498, 0.6982636051063971, -0.053737855539524884]","[0.004461190620283808, 0.006860850106937216, 0.11431428660682225, 0.0165874673758708]",1
ragbench_Qwen2.5-0.5B-Instruct,222,222,pubmedqa,1.0331400632858276,196,1.2552578449249268,0.21271932125091553,"[0.3090204048862967, -0.040330225641336793, 0.5944523081696909, 0.28335907735178195, 0.06745867253828097]","[0.06997079417559995, 0.009749031202341784, 0.08241787773062943, 0.046926459054017405, 0.028020949625510744]",1
ragbench_Qwen2.5-0.5B-Instruct,223,223,pubmedqa,0.9545971751213074,113,0.6441156268119812,0.14041931927204132,"[0.4468195695696836, 0.2213169884751921, 0.0006857191170574154, 0.010574745447366187, -0.0006370414197171907]","[0.08009618182279359, 0.051726357423848464, 0.008126412311802656, 0.0025928807085013905, 0.0031661584081801074]",1
ragbench_Qwen2.5-0.5B-Instruct,224,224,covidqa,0.5769075155258179,46,0.5993901491165161,0.14655397832393646,"[0.6520995082360257, 0.02006783203502061, 0.022683401901442423, 0.014304179297586534]","[0.1395711207526248, 0.006379161319505724, 0.005936813817334535, 0.0026947063971882153]",1
ragbench_Qwen2.5-0.5B-Instruct,225,225,pubmedqa,1.2188055515289307,162,0.5678340196609497,0.13660085201263428,"[0.5224914742958828, 0.000810030168945503, -0.011144352111381366, -0.019724040402695805, -0.01097405079068873]","[0.12011595068573488, 0.015117605421250627, 0.004299876585345482, 0.0035575836097840353, 0.002280365124689969]",1
ragbench_Qwen2.5-0.5B-Instruct,226,226,pubmedqa,1.2394211292266846,87,1.1475344896316528,0.1652917116880417,"[-0.01242429262308816, 0.21526758560520093, -0.024070699295114684, 0.8765819668067331, -0.03066039243084111]","[0.013530664270233658, 0.02386751198214474, 0.0025497108959125292, 0.1180815496072578, 0.003910228615077567]",1
ragbench_Qwen2.5-0.5B-Instruct,227,227,pubmedqa,1.2777196168899536,200,0.7076438665390015,0.11872150748968124,"[0.4176139335273183, 0.21780636727613456, 0.0504140386333529, 0.004060292181275144]","[0.07309114338385257, 0.030121976042916002, 0.011645228765361821, 0.008674728912745877]",1
ragbench_Qwen2.5-0.5B-Instruct,228,228,techqa,1.2383100986480713,200,0.03423725813627243,0.02122570015490055,"[-0.003886816490739875, -0.000988175192696872, -0.01641878863038073, 0.026349654500827456, 0.01444096894921131]","[0.0016739165238976738, 0.000941052170534249, 0.006779050141232688, 0.002205650065862983, 0.0025296610323499637]",1
ragbench_Qwen2.5-0.5B-Instruct,229,229,covidqa,1.0524742603302002,68,1.015463948249817,0.17592863738536835,"[0.6362166893118162, 0.04016507951090422, -0.023904226749263055, 0.2115134680288908, -0.010180003821520747]","[0.11698899766887942, 0.029643154784546887, 0.008300609425562133, 0.017037107283222497, 0.0008777787409754598]",1
ragbench_Qwen2.5-0.5B-Instruct,230,230,finqa,0.9848958849906921,29,0.13387134671211243,0.041436418890953064,"[-0.003277905949650223, -0.02183050892883079, -0.0067186997596857916, 0.1475997739729917, 0.002930448219558457]","[0.0011464241373538432, 0.001252514100636698, 0.0016099252724659202, 0.02789844629839912, 0.0019096700010589396]",1
ragbench_Qwen2.5-0.5B-Instruct,231,231,pubmedqa,0.8262218236923218,115,1.070119857788086,0.15490122139453888,"[0.6440158923310778, -0.025521063888853585, 0.48104577041049196]","[0.06636759100280137, 0.015059197087239178, 0.07258905022195514]",1
ragbench_Qwen2.5-0.5B-Instruct,232,232,pubmedqa,0.8377437591552734,108,0.8396992087364197,0.11003371328115463,"[0.530519969005531, 0.2211702938974735, -0.0011010998631448914, 0.01988191556717909]","[0.0644269961018764, 0.04043740212832524, 0.003878290032512647, 0.004472165784541197]",1
ragbench_Qwen2.5-0.5B-Instruct,233,233,pubmedqa,1.298405408859253,200,1.1248852014541626,0.15517036616802216,"[0.4834915872685087, 0.09798527249303333, 0.2514099455602718, -0.011769166137592038, -0.012432354709067112]","[0.08265821104247763, 0.025587685753818618, 0.04118337601897593, 0.006098838738555799, 0.003381936455847381]",1
ragbench_Qwen2.5-0.5B-Instruct,234,234,techqa,1.3206127882003784,106,1.2834770679473877,0.15948034822940826,"[1.2517128952215402, -0.01528056473415625, -0.03759711252082782, 0.0013703425958463515, -0.002817385257707051]","[0.14423420516575206, 0.003609181942384, 0.005900997715613966, 0.002872386079204416, 0.0033328424282968146]",1
ragbench_Qwen2.5-0.5B-Instruct,235,235,pubmedqa,1.7020882368087769,91,0.7936572432518005,0.11994067579507828,"[0.47557421745016026, 0.10596028457979088, 0.0701209826325834, -0.004222622374072671, -0.02143988822801755]","[0.06035325609351915, 0.018432136208163113, 0.028878736815286275, 0.0038999596330101197, 0.0066932573434634515]",1
ragbench_Qwen2.5-0.5B-Instruct,236,236,pubmedqa,0.94141685962677,200,0.793911337852478,0.14064133167266846,"[0.11749685792708987, 0.35258529425937013, 0.11868116732135604, -0.004581465764640597, 0.15898860761917605]","[0.02526297258427121, 0.05965684793795049, 0.033200803850021714, 0.005396334556793931, 0.020905761683808352]",1
ragbench_Qwen2.5-0.5B-Instruct,237,237,hotpotqa,1.5431554317474365,27,1.396128535270691,0.23463590443134308,"[-0.18610721248518936, 1.0414393971031704, -0.2036377871825405, -0.10340285807588198]","[0.05251525894696156, 0.16716229309006142, 0.02321671400162544, 0.019880710439767628]",1
ragbench_Qwen2.5-0.5B-Instruct,238,238,pubmedqa,0.6172229647636414,200,1.6678435802459717,0.243165984749794,"[0.7966845923248502, 0.3588369809534879, 0.10110119215352029, 0.27974600844789393, -0.020002763375484848]","[0.113751559711088, 0.06319276380735075, 0.017866861973560404, 0.03881190305185779, 0.006214827601972957]",1
ragbench_Qwen2.5-0.5B-Instruct,239,239,pubmedqa,1.151239275932312,200,0.848907470703125,0.18748120963573456,"[0.15937365573346995, 0.0056376592970519826, -0.022274003218429924, 0.4738065273519527, 0.23989662715339932]","[0.041996698007214235, 0.006598338997247027, 0.007771815643665861, 0.09252461776906074, 0.04441782496251122]",1
ragbench_Qwen2.5-0.5B-Instruct,240,240,pubmedqa,1.0891296863555908,200,0.825747549533844,0.1211790069937706,"[-0.017737261406514337, -0.004414498390742665, 0.37795477856234355, 0.26137336560700075]","[0.014974684360054766, 0.009255060133992856, 0.056369233937330704, 0.02610612371897986]",1
ragbench_Qwen2.5-0.5B-Instruct,241,241,pubmedqa,0.8468480706214905,200,0.8738918900489807,0.1480780392885208,"[0.4710497783981373, 0.14197140892434618, 0.19139940501975616, -0.01378717661641531]","[0.0679114510565455, 0.03278719987608923, 0.04925745230256858, 0.008573127273652403]",1
ragbench_Qwen2.5-0.5B-Instruct,242,242,hotpotqa,1.3704988956451416,39,0.9125201106071472,0.16385354101657867,"[0.05634967725050862, 0.11679260725250994, 0.5172485116408774, 0.9777860180150199, 0.16247968093412987]","[0.012926068664018412, 0.018373584023463944, 0.03392283304718802, 0.12109555627677811, 0.012763358753324074]",1
ragbench_Qwen2.5-0.5B-Instruct,243,243,pubmedqa,1.3828461170196533,97,0.25596240162849426,0.08930608630180359,"[-0.023694898653179124, -0.028351055595034192, -0.016429598769231158, 0.018496052547936754]","[0.01613281853433446, 0.006835828354614487, 0.006408365406637705, 0.03150007234024864]",1
ragbench_Qwen2.5-0.5B-Instruct,244,244,pubmedqa,0.8461950421333313,200,0.9897757172584534,0.16964952647686005,"[0.4867026458777082, -0.011590966185005982, 0.24366063198522853, 0.1910865761731816]","[0.07579495367196074, 0.006572395372405211, 0.03666590168835484, 0.03554519119141229]",1
ragbench_Qwen2.5-0.5B-Instruct,245,245,techqa,1.1311308145523071,126,0.3127919137477875,0.05046527087688446,"[0.011898766528334125, -0.024079456305188946, -0.04487455089886117, -0.0056297536815229305]","[0.0075541136571626024, 0.001621336707104536, 0.013076705602098096, 0.0028878605881220306]",1
ragbench_Qwen2.5-0.5B-Instruct,246,246,pubmedqa,1.1896567344665527,200,0.5528440475463867,0.12968970835208893,"[0.2836418226813339, 0.3341487791069767, -0.0133534945277097, 0.014396805689739268]","[0.05202292537079444, 0.06028919323595602, 0.0104455334993294, 0.005980381903251555]",1
ragbench_Qwen2.5-0.5B-Instruct,247,247,pubmedqa,0.6278858780860901,200,2.0608327388763428,0.25337642431259155,"[0.7481864630891232, 0.024001133763831603, 1.0492048079369396, 0.41175166899740817, 0.009250259150694546]","[0.08753716520670764, 0.009476676231888774, 0.11241103143449833, 0.05757714431914621, 0.010374197089058157]",1
ragbench_Qwen2.5-0.5B-Instruct,248,248,techqa,0.7271331548690796,200,0.9149965643882751,0.11851165443658829,"[-0.028359211594215596, 0.10727073631438543, 0.47169191275455885, 0.07666807476134636, 0.003016692144137778]","[0.0062882885489625555, 0.020178260439603832, 0.059321933256711645, 0.021540975911499914, 0.0011745652564172815]",1
ragbench_Qwen2.5-0.5B-Instruct,249,249,pubmedqa,0.6939253211021423,200,0.6668869256973267,0.1316402405500412,"[0.4812416145735301, 0.1129217531039933, 0.11769076636571868, -0.008388453544538379, -0.003462700800411085]","[0.06843446271788324, 0.030901969503678187, 0.02414135010966774, 0.0034336177021609873, 0.001133081859823406]",1
ragbench_Qwen2.5-0.5B-Instruct,250,250,finqa,0.8018423318862915,200,0.15343992412090302,0.047083646059036255,"[0.019243564552221384, -0.005146646106366859, -0.0075017445667739935, 0.15289787751341408, -0.013157585694052044]","[0.007823980902862147, 0.0014702445555243315, 0.0014586648977270044, 0.030909641383620467, 0.006851213921033174]",1
ragbench_Qwen2.5-0.5B-Instruct,251,251,pubmedqa,1.0990383625030518,103,1.1185332536697388,0.1779603362083435,"[1.1217113517051578, -0.009042252906192958, -0.019503898261673296, -0.021769091264837538, -0.04232179782545766]","[0.1506946202178599, 0.008043359407289516, 0.007590903830594435, 0.003810312822892432, 0.0034638502997362377]",1
ragbench_Qwen2.5-0.5B-Instruct,252,252,pubmedqa,0.7061580419540405,88,1.2620445489883423,0.2003253549337387,"[1.1640139185685918, 0.05101664960231615, -0.03274520077311329, 0.01890985265669604]","[0.17859080985503664, 0.01406584205779161, 0.009517059249829788, 0.005131892939406413]",1
ragbench_Qwen2.5-0.5B-Instruct,253,253,pubmedqa,1.0981402397155762,109,1.1185084581375122,0.19674599170684814,"[-0.017683533910854716, 0.8635891901706708, 0.003961142354171964, 0.22781011420117023, -0.05568945567085744]","[0.0122454187518268, 0.1426277953690535, 0.027598756155869236, 0.035301041014021435, 0.005241489660397277]",1
ragbench_Qwen2.5-0.5B-Instruct,254,254,pubmedqa,0.9130082726478577,200,1.0716314315795898,0.20896482467651367,"[-0.016579136597749768, 0.38228063794796524, 0.006922131331225501, 0.5473024683054291, 0.1980225542525136]","[0.006498420251363264, 0.06251676308692054, 0.007105216484369947, 0.09980034344292477, 0.04507490912934799]",1
ragbench_Qwen2.5-0.5B-Instruct,255,255,techqa,1.575319528579712,200,-0.06287982314825058,0.01808784529566765,"[-0.022541276099836978, -0.013839367526052228, -0.023883970986917122, -0.00819638795535866]","[0.002534953112640039, 0.0006131075745889802, 0.0015647978432821218, 0.006124743492725884]",1
ragbench_Qwen2.5-0.5B-Instruct,256,256,covidqa,1.3079054355621338,33,0.46293964982032776,0.07293947786092758,"[0.2560431989883055, 0.18765439391735886, -0.01740601358720927, 0.1600664910034869]","[0.04255340431406942, 0.025246594856195192, 0.009351133806720816, 0.02968653476156388]",1
ragbench_Qwen2.5-0.5B-Instruct,257,257,pubmedqa,1.028894066810608,118,0.7389497756958008,0.1593366116285324,"[-0.023369395974009808, -0.023318005827342735, 0.5774268439549969, 0.22149349147525368]","[0.009040105577364134, 0.0042092445490774, 0.09243696670010906, 0.04443559656987846]",1
ragbench_Qwen2.5-0.5B-Instruct,258,258,pubmedqa,0.5411033034324646,200,1.563899278640747,0.22882643342018127,"[0.6810298970665918, 0.5912102011292814, 0.024810592109838582, 0.004456631404987092, -0.013269738513890843]","[0.09027237588972184, 0.09604588354883688, 0.008809840472344774, 0.0057075229520700075, 0.003019693287608618]",1
ragbench_Qwen2.5-0.5B-Instruct,259,259,finqa,1.4200737476348877,51,0.6546873450279236,0.126549631357193,"[0.5136113850121368, 0.034228907557953075, 0.05787000584635226, 0.04753338843675367, 0.020103235267942735]","[0.10569798978280696, 0.004135659523151791, 0.008649418838913066, 0.003930766831184187, 0.0024347562549252746]",1
ragbench_Qwen2.5-0.5B-Instruct,260,260,covidqa,1.216545581817627,89,1.2063093185424805,0.2270772010087967,"[0.45534826437596054, 0.41215150114874816, 0.06765816784418041, 0.16739748559174064]","[0.08785165283654678, 0.061553454453091995, 0.03561603384475112, 0.031512016135984394]",1
ragbench_Qwen2.5-0.5B-Instruct,261,261,finqa,0.8676115274429321,99,0.2816826105117798,0.10256493836641312,"[-0.020476939554578397, 0.3317921440164245, 0.025890044306356455, 0.012714534451131639, 0.02392326225537655]","[0.006604947453668919, 0.0849205733855232, 0.003408313351948289, 0.002887614750421227, 0.002022596516399223]",1
ragbench_Qwen2.5-0.5B-Instruct,262,262,finqa,0.739357590675354,200,0.3991985023021698,0.10385161638259888,"[0.4259289455185171, -0.03286034419363773, -0.025492137119009613, -0.0330542234180416, -0.01705763382284431]","[0.09295865581509688, 0.0020414472226656954, 0.001495578730249889, 0.0024010277988402605, 0.0011762351129681293]",1
ragbench_Qwen2.5-0.5B-Instruct,263,263,pubmedqa,0.6752203106880188,200,1.7052921056747437,0.24195097386837006,"[1.2016533373021911, 0.5757049863428813, -0.01900801941888858, -0.02241003018003994, -0.024583580703751978]","[0.1614067064708746, 0.074654796407578, 0.005711361840588438, 0.0038318657965432123, 0.01406717375527343]",1
ragbench_Qwen2.5-0.5B-Instruct,264,264,pubmedqa,0.8117182850837708,200,0.7418909668922424,0.11447180807590485,"[0.6802976748959275, 0.03144471445751549, 0.012996969258275044, 0.009112815095320456]","[0.09713375679047431, 0.02003967037956901, 0.0029475270236055807, 0.0029453519486001057]",1
ragbench_Qwen2.5-0.5B-Instruct,265,265,finqa,2.1365914344787598,31,-0.337838739156723,0.06421628594398499,"[-0.07251849702380798, -0.058189135265732356, -0.06455429519906654, -0.10977623089597581, -0.04571437696927939]","[0.0031350545649612258, 0.004220340810206835, 0.0029046096922742907, 0.013746346797160509, 0.003943381396194098]",1
ragbench_Qwen2.5-0.5B-Instruct,266,266,pubmedqa,1.1919256448745728,200,0.913815975189209,0.16344860196113586,"[0.552949166049857, 0.43162986771959366, -0.01795234308894692, -0.001222922862023097]","[0.09382182974046031, 0.0653930653724339, 0.004430509985229065, 0.009395439484797237]",1
ragbench_Qwen2.5-0.5B-Instruct,267,267,finqa,0.729746401309967,113,0.6794906854629517,0.18161679804325104,"[0.6539343397065774, -0.020968396580960027, -0.039978881991643414, -0.017568670229573286, -0.0074353078838113405]","[0.16543724146961608, 0.0023820279285141585, 0.0030733840701099428, 0.0024186283584028277, 0.0023051813432240944]",1
ragbench_Qwen2.5-0.5B-Instruct,268,268,pubmedqa,1.1637569665908813,200,0.7035230994224548,0.130848690867424,"[0.245330671916372, 0.12101750079420526, -0.021144977570220363, -0.0366130441470159, 0.094613092113741]","[0.06352737772262841, 0.029058397943154048, 0.005071621184466366, 0.004680602318311102, 0.017681624809439567]",1
ragbench_Qwen2.5-0.5B-Instruct,269,269,finqa,1.6026062965393066,29,0.20006880164146423,0.060872964560985565,"[-0.10130170690987644, 0.002745675970800221, 0.03949034068299907, 0.026996853881804592, -0.0019983298241578297]","[0.015208298998788512, 0.0008201321863202009, 0.0010014106975835728, 0.001056464969004647, 0.0013074915792489704]",1
ragbench_Qwen2.5-0.5B-Instruct,270,270,pubmedqa,0.9450837969779968,95,0.5804138779640198,0.11297387629747391,"[0.0540919283185806, 0.3126775615298883, 0.03749850860707451, -0.01787185512074709, 0.014051870228152104]","[0.04789137193605065, 0.04139564702029116, 0.01103136449419313, 0.004975574452887605, 0.0017058133962270978]",1
ragbench_Qwen2.5-0.5B-Instruct,271,271,pubmedqa,1.2764228582382202,200,0.49223557114601135,0.10912984609603882,"[0.2200571432383731, -0.024898566305646453, 0.21734619412103712, -0.023713647866225075, -0.011023766535054165]","[0.03602244410158619, 0.0044149867059462625, 0.044713239774906696, 0.005747199920930086, 0.0029579771110030606]",1
ragbench_Qwen2.5-0.5B-Instruct,272,272,finqa,0.8246855735778809,140,0.17156855762004852,0.05201371759176254,"[0.0016888492657601872, 0.0064711771144889746, 0.21482233562233627, 0.00689554088298142, -0.0038472376534692946]","[0.0018732431367514631, 0.0016472225580400845, 0.04042669748303029, 0.001510740043496282, 0.0019959170317694736]",1
ragbench_Qwen2.5-0.5B-Instruct,273,273,finqa,0.9997749328613281,60,0.37416550517082214,0.09165357053279877,"[0.03469592401628082, 0.02378379281544767, 0.04368789242419856, 0.43860482238881865, 0.012047224117547254]","[0.004678666549722266, 0.0052806738870998515, 0.0035314727100124324, 0.07209572560960092, 0.003413953463823797]",1
ragbench_Qwen2.5-0.5B-Instruct,274,274,pubmedqa,1.1583642959594727,200,1.5003390312194824,0.23584270477294922,"[0.6814851019434355, 0.4411718495309833, 0.2738583705759811, -0.0486837953596114]","[0.09607463087430461, 0.06155027747481256, 0.041727647648778544, 0.0170837541907963]",1
ragbench_Qwen2.5-0.5B-Instruct,275,275,pubmedqa,0.9815487861633301,200,0.9842129349708557,0.17253002524375916,"[0.1952130766283335, 0.36720218314121666, 0.028283172893352457, 0.36335592938932676, -0.024835155883620244]","[0.04576857403638556, 0.06682434482357508, 0.012974470621898888, 0.04787502881614159, 0.004967415838232938]",1
ragbench_Qwen2.5-0.5B-Instruct,276,276,delucionqa,1.298516035079956,60,1.192852258682251,0.1861782670021057,"[0.6573141838811959, 0.03517063727097896, -0.00925156511948444, 0.41297426769160667, 0.016528631954376274]","[0.09205447167508586, 0.018310277122388165, 0.010162715757026793, 0.06440400621656105, 0.014166793764161412]",1
ragbench_Qwen2.5-0.5B-Instruct,277,277,pubmedqa,1.5415756702423096,200,0.479590505361557,0.11845231056213379,"[-0.004275279862240495, -0.04732633680026083, -0.021756842777049316, 0.21927449296594204, 0.23444103628336962]","[0.008470220450332135, 0.009086603216156846, 0.007369746130608519, 0.03632568515331229, 0.050787203331955764]",1
ragbench_Qwen2.5-0.5B-Instruct,278,278,covidqa,0.8538135886192322,38,0.43006590008735657,0.09840668737888336,"[0.04781467052366919, 0.34951766768905435, 0.18138666110845456, 0.10572440509306609, 0.019987934043982886]","[0.03738974586889897, 0.03341303917692896, 0.020550578122418683, 0.007013689811192068, 0.0022027343644535186]",1
ragbench_Qwen2.5-0.5B-Instruct,279,279,techqa,0.9186587333679199,159,0.026669934391975403,0.023725563660264015,"[-0.02175201616074852, -0.023001918026370416, -0.03629743145003039, -0.03313888064305113, -0.023361637578005374]","[0.002773125895688201, 0.002269465596886215, 0.004469203957974746, 0.003648035114938094, 0.0009831333840347209]",1
ragbench_Qwen2.5-0.5B-Instruct,280,280,finqa,1.0604761838912964,185,0.23194532096385956,0.09446413069963455,"[-0.021844697707684657, -0.02395331018019702, -0.0032459121572401273, 0.1301916664870695, 0.05020587470445588]","[0.0019565460740227384, 0.0012250774785900222, 0.00334307884382775, 0.04220185792685855, 0.03875678589424723]",1
ragbench_Qwen2.5-0.5B-Instruct,281,281,pubmedqa,1.0930923223495483,136,0.69670170545578,0.11921876668930054,"[-0.0751024568659405, 0.6723386900076174, -0.07190679269698354, -0.03466658248046716]","[0.011070626156625248, 0.074040665120666, 0.009464648936582373, 0.005002336818900316]",1
ragbench_Qwen2.5-0.5B-Instruct,282,282,pubmedqa,0.7951760292053223,136,1.265191674232483,0.20713822543621063,"[0.1759979984842463, -0.013870434477132007, 0.6261876571296692, -0.015216144257726013]","[0.048553533583933814, 0.010697941353985593, 0.1015124435438073, 0.005240912487733429]",1
ragbench_Qwen2.5-0.5B-Instruct,283,283,pubmedqa,0.920216977596283,200,1.0385093688964844,0.19210679829120636,"[0.5458805048572697, 0.5692945070276084, 0.02523032874964201, -0.008159005897107363, -0.005174926307431633]","[0.08891175394615701, 0.08231210708710548, 0.019965767122408808, 0.010270572470975452, 0.0056834428291833205]",1
ragbench_Qwen2.5-0.5B-Instruct,284,284,finqa,0.6257652640342712,158,0.3759561777114868,0.06120961159467697,"[0.015087423973477886, -0.02022548529230896, -0.0017637961057436215, 0.3297367747666532, 0.01936755436105962]","[0.0027288058482169203, 0.0009628833577448283, 0.0006997582336810229, 0.04956564068842075, 0.0021110230161527016]",1
ragbench_Qwen2.5-0.5B-Instruct,285,285,finqa,0.9431291222572327,200,0.4399641454219818,0.08759316802024841,"[0.07716511641750799, 0.101656166888788, 0.18063124916384993, -0.017671396345274957, -0.012606824835024781]","[0.017806947675505, 0.02365423048793751, 0.03672779997658708, 0.0019309807519830712, 0.002527773820726509]",1
ragbench_Qwen2.5-0.5B-Instruct,286,286,pubmedqa,1.6328823566436768,102,0.46829646825790405,0.08589575439691544,"[0.1359742528161316, 0.018485790218797846, -0.05198068613597071, 0.09632942942306388]","[0.01785600983164921, 0.00601082440610217, 0.010217548642266788, 0.02774703491028321]",1
ragbench_Qwen2.5-0.5B-Instruct,287,287,finqa,0.7673351168632507,117,0.3597779870033264,0.06622421741485596,"[0.012544610611187706, -0.008020300542138778, 0.1549685735247481, 0.11630629744242982, -0.019258280015352423]","[0.0016379809756264059, 0.0004664202624607024, 0.03578848187234873, 0.01623740815790051, 0.0006166139991644946]",1
ragbench_Qwen2.5-0.5B-Instruct,288,288,pubmedqa,0.9173584580421448,172,0.4961252510547638,0.10698908567428589,"[0.05736186153901639, 0.39124942033946725, 0.06216217756763647, -0.060173455892124875, -0.0011625401368217903]","[0.016960967435734563, 0.05756976810968092, 0.020600735505881308, 0.013095694944189369, 0.0035953072637144403]",1
ragbench_Qwen2.5-0.5B-Instruct,289,289,pubmedqa,0.884804368019104,119,0.39714017510414124,0.10807281732559204,"[0.16391017542649505, 0.08316044338875252, 0.04088786425511769, 0.027771211984252336, 0.058423545936673066]","[0.028167886717403022, 0.02694104199443765, 0.007236977406383638, 0.006986185271001573, 0.0060673536603808925]",1
ragbench_Qwen2.5-0.5B-Instruct,290,290,pubmedqa,1.377591848373413,200,0.5492967367172241,0.0924283042550087,"[0.22749385940137926, 0.08974174037966122, 0.07022543976585212, 0.09438187881754743]","[0.03945242240657478, 0.022122858614557827, 0.015923810816836834, 0.01582976057893575]",1
ragbench_Qwen2.5-0.5B-Instruct,291,291,techqa,1.7050836086273193,200,0.01401525642722845,0.02196662500500679,"[-0.03107278193012462, -0.02077947829633558, -0.016347162504389418, -0.004887909826629766, -0.013006783946811993]","[0.0035144151367703103, 0.0030963370870352946, 0.001658548979583543, 0.001492214191392236, 0.003470925774421971]",1
ragbench_Qwen2.5-0.5B-Instruct,292,292,finqa,1.4652605056762695,19,0.217507466673851,0.1459198147058487,"[0.009048080972493872, 0.025708495452387358, 0.03206276420601889, 0.2833363552651319, 0.008936360821520028]","[0.005131147178752527, 0.002526292366143791, 0.0029287913107988346, 0.05843135700017324, 0.0057490695425210445]",1
ragbench_Qwen2.5-0.5B-Instruct,293,293,finqa,1.961638331413269,27,-0.4045010805130005,0.06357799470424652,"[-0.11865749558731935, -0.06608476531066655, -0.11617470324307322, -0.08099365411611938, -0.06901122574971749]","[0.012217596472804938, 0.004975182429242758, 0.007629890830516901, 0.0055536152136120885, 0.012681803420306366]",1
ragbench_Qwen2.5-0.5B-Instruct,294,294,finqa,0.7005903124809265,96,0.1825224608182907,0.0793386697769165,"[-0.012165799989929837, -0.005134630588865245, 0.08102904390201122, 0.1296162611993926, -0.02068491823424286]","[0.002141015715112715, 0.0013370986936592406, 0.010250923464595255, 0.021833516487572997, 0.0053454941606633595]",1
ragbench_Qwen2.5-0.5B-Instruct,295,295,pubmedqa,1.1882925033569336,200,0.8984123468399048,0.1609523445367813,"[-0.011043987582575028, 0.014350443253661069, 0.3682177966099471, 0.32125556729882193, 0.19474606413400125]","[0.012777737811766342, 0.0060690507248260415, 0.0651812336035718, 0.059280884583818506, 0.026071246734575837]",1
ragbench_Qwen2.5-0.5B-Instruct,296,296,pubmedqa,0.9370954036712646,149,0.9751101732254028,0.135945662856102,"[0.24964378546475025, 0.5195994796867913, 0.1820391695490853, 0.1815242577081976]","[0.035000143614961295, 0.064411566917495, 0.023168148491232964, 0.016554522097920698]",1
ragbench_Qwen2.5-0.5B-Instruct,297,297,finqa,0.763434112071991,182,0.7530259490013123,0.14604716002941132,"[0.014672656381672812, 0.33703909808170196, 0.4418374375009979, -0.0020281707507110495, 0.004719816045838013]","[0.0022452110466022615, 0.05176212077887717, 0.08456706866759386, 0.0007584095838589852, 0.0007399022359170043]",1
ragbench_Qwen2.5-0.5B-Instruct,298,298,pubmedqa,1.0561916828155518,78,1.0542562007904053,0.19170857965946198,"[0.1456695270165092, 0.4789823898996147, 0.11471292179554346, 0.03887881328382019, -0.007905440262570314]","[0.024733441900742455, 0.0606629037927236, 0.014916180861973771, 0.011886299003911005, 0.005934642352092221]",1
ragbench_Qwen2.5-0.5B-Instruct,299,299,pubmedqa,0.7065982222557068,200,0.9368883371353149,0.17189450562000275,"[0.16319824573777622, 0.5281235192042913, 0.3674005800157738, -0.004867924595691875]","[0.02736503121257442, 0.10824025875758253, 0.049513366759972824, 0.005510457577088061]",1
ragbench_Qwen2.5-0.5B-Instruct,300,300,techqa,1.0207535028457642,103,0.23532989621162415,0.022937947884202003,"[-0.003871058350456418, 0.11524894247543327, -0.0009621497530636951, -0.03096167082923246]","[0.0036933090533687136, 0.013166216293789655, 0.001865917263731845, 0.002394183316599114]",1
ragbench_Qwen2.5-0.5B-Instruct,301,301,pubmedqa,0.4290691018104553,85,1.544637680053711,0.21590089797973633,"[0.016787157695794388, -0.022062213258579825, 1.3794962854597115, -0.02953271683482479, -0.021010949722018696]","[0.005076341170160289, 0.0032561361339928144, 0.19757235092160552, 0.0035042223115122877, 0.0027792733947769512]",1
ragbench_Qwen2.5-0.5B-Instruct,302,302,finqa,0.7707833647727966,183,0.5469717383384705,0.0982302576303482,"[0.03962093175454222, 0.4839887041542038, 0.00373847329620616, 0.00011935032756675772, 0.007177509876663728]","[0.007182761252695922, 0.06957951546265786, 0.001360695454815823, 0.000782896557996424, 0.0006284488492484807]",1
ragbench_Qwen2.5-0.5B-Instruct,303,303,finqa,0.9958088397979736,79,0.18203310668468475,0.054595958441495895,"[-0.0031565234812315113, -0.0020225963066820177, 0.04007377835602446, 0.00752974770935746, 0.27770395533958964]","[0.001140452475083351, 0.001148284718397008, 0.003245882719334422, 0.01872016535577143, 0.03644662002774426]",1
ragbench_Qwen2.5-0.5B-Instruct,304,304,pubmedqa,1.3219302892684937,200,0.8847531080245972,0.15229162573814392,"[0.5046004076880126, 0.33017112683330196, 0.006317372354442341, -0.013309539917190704]","[0.08207744554706267, 0.06352458243045106, 0.0037406803124275714, 0.003482360236048123]",1
ragbench_Qwen2.5-0.5B-Instruct,305,305,pubmedqa,1.162764072418213,200,1.2746037244796753,0.2010793685913086,"[0.2174885401102074, 0.6544688278413378, 0.4850659110329434, 0.04954666753506899]","[0.05597364376423229, 0.09250888839819708, 0.060513603180902466, 0.013852930814467755]",1
ragbench_Qwen2.5-0.5B-Instruct,306,306,pubmedqa,1.245225191116333,137,0.5650744438171387,0.13008807599544525,"[0.080926228902185, 0.157326963873445, 0.17918860300738929, -0.009159972966095453, 0.2483715575233435]","[0.02647114517564716, 0.021388899234044852, 0.024246303367573774, 0.014092942671650434, 0.04379164540724961]",1
ragbench_Qwen2.5-0.5B-Instruct,307,307,pubmedqa,1.395048975944519,97,0.8405518531799316,0.17625822126865387,"[-0.03627868055695423, -0.108925916745235, 1.0440386069517584, -0.03299964336392148]","[0.007000624746815072, 0.015736204822781135, 0.14818526274485197, 0.010706840221783028]",1
ragbench_Qwen2.5-0.5B-Instruct,308,308,pubmedqa,1.378447413444519,200,0.5753108263015747,0.12363065779209137,"[0.12497779467143118, 0.16375951450514378, 0.021002286743821513, 0.24488115771942148, 0.06648098294396732]","[0.023708181622257313, 0.029621272506450254, 0.008895287713497808, 0.04536845315166943, 0.017124582641128754]",1
ragbench_Qwen2.5-0.5B-Instruct,309,309,hotpotqa,0.6755605340003967,48,-0.09493402391672134,0.0395633690059185,"[0.05304124870421371, 0.06797483127104442, 0.053571891447063535, 0.08386963164885704, 0.09979550251587928]","[0.01174664287798007, 0.005426014900918356, 0.0045346509350766935, 0.00725590685071668, 0.006704077105244603]",1
ragbench_Qwen2.5-0.5B-Instruct,310,310,pubmedqa,1.5104843378067017,96,0.5245214104652405,0.09616436809301376,"[0.19513233572994673, 0.062467437570376205, -0.007133736945509857, 0.2706538517468289, -0.03614082490389592]","[0.037005390740001566, 0.014766172168153938, 0.0033712358978164048, 0.02437187632278892, 0.007299246026777932]",1
ragbench_Qwen2.5-0.5B-Instruct,311,311,techqa,1.6484214067459106,146,-0.04158260300755501,0.030723368749022484,"[-0.0779462462804525, -0.011806091636011444, -0.008923170948884496, -0.00675479758676175, 0.010623334402113608]","[0.020287990081470753, 0.002332027277815672, 0.003768975151730305, 0.001901544051466703, 0.003325932115731183]",1
ragbench_Qwen2.5-0.5B-Instruct,312,312,pubmedqa,1.0427786111831665,200,0.9070554971694946,0.15594986081123352,"[0.07627968206491914, 0.10051878069118175, 0.4849822418382109, 0.1809217665472511]","[0.02468493204532777, 0.02060146345535358, 0.07647269277648988, 0.026140340036741493]",1
ragbench_Qwen2.5-0.5B-Instruct,313,313,pubmedqa,1.348845362663269,172,0.4410904347896576,0.0970894917845726,"[0.04040696560234744, 0.14513771036328846, 0.07472839082356057, 0.13031092774110145, -0.014027551898038837]","[0.011163584578982243, 0.01963212728852775, 0.012993746213360247, 0.028110152928822206, 0.004359170968860549]",1
ragbench_Qwen2.5-0.5B-Instruct,314,314,pubmedqa,1.7073386907577515,144,0.9151380062103271,0.15866915881633759,"[0.330436325697393, 0.17321710827857512, 0.1496592317396082, 0.30802337282274395]","[0.06145543151527338, 0.03867571544932326, 0.03982262640351545, 0.04269342887348494]",1
ragbench_Qwen2.5-0.5B-Instruct,315,315,pubmedqa,1.1981176137924194,200,0.9489912986755371,0.17552223801612854,"[0.4970896318681844, 0.3052509756255677, 0.3343851232903671, 0.03271576220232873, 0.03534145319120853]","[0.08927452328612162, 0.0549250490486105, 0.05324357558433945, 0.005806242357703724, 0.004522602325675109]",1
ragbench_Qwen2.5-0.5B-Instruct,316,316,pubmedqa,1.0574212074279785,200,0.7357531785964966,0.13138552010059357,"[0.42592475783386363, 0.06782359385650807, 0.17774852316836132, 0.04083569999926112, -0.02869684385123037]","[0.0678141380788415, 0.01540199347666089, 0.03093368883562903, 0.017448624486390826, 0.005157062968037849]",1
ragbench_Qwen2.5-0.5B-Instruct,317,317,pubmedqa,0.8165364265441895,200,1.3466190099716187,0.20864424109458923,"[0.7844802128069932, 0.03875738255752367, 0.3717868585223914, 0.27785874729650006]","[0.12367252536394745, 0.015284742522153963, 0.04508704206368577, 0.03522098697550249]",1
ragbench_Qwen2.5-0.5B-Instruct,318,318,pubmedqa,1.275803804397583,160,0.40436482429504395,0.08822381496429443,"[0.18223726581878735, 0.18247399722283716, 0.03509653978969709, -0.020190904382855025]","[0.025631988502162528, 0.03632213699114075, 0.00891676623763935, 0.011109751617272946]",1
ragbench_Qwen2.5-0.5B-Instruct,319,319,techqa,1.172278642654419,200,0.011117855086922646,0.00949395913630724,"[-0.003993003594941911, 0.013937489874178937, 0.0003344131855919841, -0.00927623629196205, 0.0012069446993018572]","[0.00272482432778645, 0.002037661297401954, 0.0013418890364402358, 0.0004903484412379555, 0.001749765636204188]",1
ragbench_Qwen2.5-0.5B-Instruct,320,320,techqa,2.128040075302124,190,-0.06331873685121536,0.0419323556125164,"[0.009600608284266567, -0.016012517604547995, -0.01680902847775111, -0.028664477366807037, -0.055892165978959955]","[0.0026164000039084626, 0.0012389651396676384, 0.0013295510832138366, 0.003725061550913348, 0.00327850572014684]",1
ragbench_Qwen2.5-0.5B-Instruct,321,321,pubmedqa,1.1306990385055542,200,0.35480937361717224,0.09677199274301529,"[0.2563941259630792, 0.06884808675954446, 0.06303894393515293, -0.02885607141057335, -0.03160444005010504]","[0.04969070738553143, 0.01712634686372894, 0.01638816475691158, 0.0069275187490416106, 0.005960320055947079]",1
ragbench_Qwen2.5-0.5B-Instruct,322,322,pubmedqa,0.9532589912414551,200,1.0711811780929565,0.21015773713588715,"[0.160781502234247, 0.5001561760157529, 0.3868300034251706, 0.010986020725711114, -0.0005172003740858599]","[0.06488333985415075, 0.08959509497782563, 0.04532073641641219, 0.005388116909421612, 0.003906225770222562]",1
ragbench_Qwen2.5-0.5B-Instruct,323,323,pubmedqa,1.278563141822815,185,0.45561161637306213,0.11836370825767517,"[-0.014325255562702345, 0.15046384544587676, 0.3712859253625022, -0.006636217038809461, 0.019731586203734216]","[0.009061505871713163, 0.05034778666773196, 0.047303385954496756, 0.006150062791495374, 0.004974743277536642]",1
ragbench_Qwen2.5-0.5B-Instruct,324,324,pubmedqa,0.7099764943122864,200,1.333376407623291,0.21872596442699432,"[0.598788166432605, 0.3408332801911183, 0.4882546475458116, 0.00040103739322375984, 0.009100972523867767]","[0.08862140303765323, 0.05125235747977783, 0.06993850175144786, 0.0066511434810344735, 0.002897344210199364]",1
ragbench_Qwen2.5-0.5B-Instruct,325,325,finqa,0.9313239455223083,200,0.5190935730934143,0.08195985108613968,"[0.3972068790224148, 0.003863367671310698, 0.00249307140993551, -0.009457908264575963, 0.0023157537369479543]","[0.06389537745769473, 0.0020980637754246345, 0.001364509194618222, 0.0011111039851670057, 0.002974530503182109]",1
ragbench_Qwen2.5-0.5B-Instruct,326,326,pubmedqa,1.0798635482788086,200,0.6018542647361755,0.1426677256822586,"[0.21467958063021797, 0.27282506880128493, -0.0024626309445557127, 0.12694270276830139]","[0.056006147565843205, 0.053557878504911116, 0.006899924093659138, 0.034665228865149514]",1
ragbench_Qwen2.5-0.5B-Instruct,327,327,delucionqa,1.463301658630371,32,2.6745901107788086,0.27836844325065613,"[0.14964749628961727, 0.18032322727049177, 0.17747916681582865, 0.12368849685117311, 0.46774308086060046]","[0.036753416439466946, 0.014961213492370007, 0.014613888409257925, 0.012748170598854358, 0.03485959542393857]",1
ragbench_Qwen2.5-0.5B-Instruct,328,328,pubmedqa,1.4125256538391113,109,0.4701322019100189,0.10382021963596344,"[0.016406134061463667, -0.006299598380458544, -0.009365754308661102, -0.031107568788508923, 0.41930068515945645]","[0.00976697432004349, 0.005107563233776783, 0.004677153147653321, 0.010693052285223593, 0.060904486704419954]",1
ragbench_Qwen2.5-0.5B-Instruct,329,329,delucionqa,0.9272691011428833,170,2.040234088897705,0.2830035984516144,"[1.0565193025445243, 0.41191178414394336, -0.013838306323390604, 0.00010177300253631342, 0.010990937672324756]","[0.1509191948637154, 0.04619627536045427, 0.00438050012413, 0.004175132245231172, 0.0035621633826401515]",1
ragbench_Qwen2.5-0.5B-Instruct,330,330,pubmedqa,0.7148647308349609,200,1.4433228969573975,0.20921950042247772,"[0.7937839413706752, 0.5552386939372628, 0.09358531371057324, 0.012532445831802762]","[0.11148124263617888, 0.07209661862481084, 0.025312491474693388, 0.006424699982732989]",1
ragbench_Qwen2.5-0.5B-Instruct,331,331,pubmedqa,1.4494028091430664,200,0.9350948929786682,0.17283883690834045,"[-0.027231057805984164, 0.0003114025612012483, 0.5751047779330111, -0.06853796080067695]","[0.030367255736700828, 0.028837169898731644, 0.09485288031157324, 0.011888579585515799]",1
ragbench_Qwen2.5-0.5B-Instruct,332,332,pubmedqa,0.9104414582252502,200,0.8941783308982849,0.1544666588306427,"[0.5779772849342567, 0.23913037181433539, 0.05400699895792911, 0.05713674874943081, 0.061585039991778105]","[0.0801852323308443, 0.03283150687771759, 0.02274321237606401, 0.016073241511130796, 0.014838476861568282]",1
ragbench_Qwen2.5-0.5B-Instruct,333,333,pubmedqa,1.4802168607711792,112,0.8356541991233826,0.14875218272209167,"[0.13112968888624113, 0.25562221018682457, 0.0714577638881175, 0.44463267016492736]","[0.02265850463217183, 0.04519316489246705, 0.016551766700988173, 0.07111935046484673]",1
ragbench_Qwen2.5-0.5B-Instruct,334,334,techqa,1.5640127658843994,200,-0.008081579580903053,0.02339950017631054,"[-0.006410050396607403, -0.0018297773726590094, 0.016398850104342274, -0.002978477499491419, 0.03966206795885228]","[0.0042356491110331265, 0.0008716327496881604, 0.003553452974065294, 0.0034430495874858023, 0.007930438836026496]",1
ragbench_Qwen2.5-0.5B-Instruct,335,335,techqa,1.117082953453064,200,0.07079552114009857,0.04616770148277283,"[0.031822493586159906, 0.030623222300337146, -0.02869845609692675, -0.013047788928524824, -0.0020884235240282577]","[0.017346865343139655, 0.01199562409445491, 0.0052621152211426644, 0.0036065555619927635, 0.0050656840761431]",1
ragbench_Qwen2.5-0.5B-Instruct,336,336,pubmedqa,1.647655725479126,81,0.3805617094039917,0.09591067582368851,"[0.2825922279620118, 0.021528470108068524, -0.015315762619318348, -0.02849912704981829]","[0.03768306179201464, 0.025671857545158494, 0.009690810534169503, 0.009292536851712949]",1
ragbench_Qwen2.5-0.5B-Instruct,337,337,techqa,1.0933457612991333,200,0.02568143606185913,0.029164647683501244,"[0.023080937411027663, -0.0009357152612574282, -0.011504923855959533, -0.02053297424111406, -0.040178324357220845]","[0.00893447979435166, 0.0018132260989249004, 0.002137387493701368, 0.0016574661660683178, 0.015014528848498116]",1
ragbench_Qwen2.5-0.5B-Instruct,338,338,pubmedqa,0.9341631531715393,82,0.8440760374069214,0.11867400258779526,"[0.8575124745037367, -0.0100211319076091, 0.02249860604684927, 0.008868932967022663]","[0.09604729306047596, 0.005147944284544099, 0.003958858968915609, 0.0027622703493325918]",1
ragbench_Qwen2.5-0.5B-Instruct,339,339,pubmedqa,0.7731451392173767,200,0.5630269646644592,0.10975576192140579,"[0.20859863185861285, -0.015925017057638796, -0.034409134486909354, 0.2424679053219188]","[0.04113576398330679, 0.008417439249901619, 0.0030726138364693158, 0.03600946359158748]",1
ragbench_Qwen2.5-0.5B-Instruct,340,340,pubmedqa,1.2113962173461914,200,0.9307204484939575,0.156130850315094,"[0.21914212000223415, 0.24197831429131839, 0.195870010862036, 0.28788198899215783, -0.02467606777121546]","[0.04394176203599045, 0.044532488166610304, 0.038001440303999344, 0.04614952128916741, 0.0064409844516004]",1
ragbench_Qwen2.5-0.5B-Instruct,341,341,pubmedqa,1.3307708501815796,155,0.1411275863647461,0.05013235658407211,"[0.06316703443597127, 0.021262415203572374, 0.04700381030927547, 0.00954299483856894, 0.00024209994243715153]","[0.011371493642070985, 0.0035569038516497687, 0.006763056298197145, 0.004136326455755301, 0.012218208776370294]",1
ragbench_Qwen2.5-0.5B-Instruct,342,342,pubmedqa,1.540062427520752,68,0.8962497115135193,0.14679047465324402,"[0.42997021735401875, -0.02723370679354155, 0.275356107046451, -0.01868928388638083, -0.056105250981625644]","[0.06574600798167547, 0.02275885967737047, 0.035421514588907646, 0.006554186342448113, 0.006371389319677773]",1
ragbench_Qwen2.5-0.5B-Instruct,343,343,pubmedqa,1.1725016832351685,200,0.7970109581947327,0.14837981760501862,"[0.3488476474713116, 0.3226313516253094, 0.02504952752589361, -0.016554469509314912]","[0.06086188229799063, 0.05421234379564794, 0.009755680264027263, 0.0049256792284677435]",1
ragbench_Qwen2.5-0.5B-Instruct,344,344,pubmedqa,0.715201199054718,200,0.5469214916229248,0.10519085079431534,"[0.04979773440989902, 0.3257346293418095, 0.21001635235230878, 0.02706316652598616, 0.009877328325947019]","[0.010460506251132812, 0.055008143413988936, 0.037707605557017555, 0.005820251278941697, 0.0020545945338190565]",1
ragbench_Qwen2.5-0.5B-Instruct,345,345,pubmedqa,1.2208466529846191,200,0.6057960391044617,0.12806744873523712,"[0.19940844765262228, 0.5003308848390133, 0.00310088943062965, 0.002264487015913801]","[0.04983153299368098, 0.08085468659099775, 0.004433350833184128, 0.005207204597585929]",1
ragbench_Qwen2.5-0.5B-Instruct,346,346,pubmedqa,1.1523767709732056,200,0.8211395144462585,0.17426200211048126,"[0.008018940923811897, 0.3276838585486257, 0.3159686521077856, -0.03299826106482215]","[0.023845446448760868, 0.07974733357010337, 0.062199149770486885, 0.00964468230913667]",1
ragbench_Qwen2.5-0.5B-Instruct,347,347,pubmedqa,0.973301112651825,200,0.834160327911377,0.184463232755661,"[0.8639443338351066, -0.006566037589022926, -0.004810482374944058, -0.002892992465406223]","[0.1767219048784642, 0.008913938186337874, 0.003391166124069045, 0.0024105942521889644]",1
ragbench_Qwen2.5-0.5B-Instruct,348,348,pubmedqa,0.8932939171791077,200,1.0591731071472168,0.19522146880626678,"[0.008762361050495713, 0.6744303118460107, 0.31586920565604487, 0.005973703012939495, -0.0010485715738957424]","[0.010678129030996786, 0.1253704312772584, 0.05973827257996419, 0.00640646554062414, 0.004250989211334826]",1
ragbench_Qwen2.5-0.5B-Instruct,349,349,pubmedqa,0.8824480175971985,34,0.21586108207702637,0.08524525910615921,"[0.21869305739014902, 0.11261296964093002, 0.0844202458512668, 0.0998883412565406]","[0.06200184418744089, 0.011122412507829187, 0.006016181878722444, 0.009469097026126024]",1
ragbench_Qwen2.5-0.5B-Instruct,350,350,finqa,1.086751937866211,46,0.4183272123336792,0.08666838705539703,"[0.05986433685305932, -0.00965235520249794, 0.0062861402155733785, 0.4020189417845991]","[0.006372354161212373, 0.004885606434725006, 0.0011956599522121628, 0.07019092339512999]",1
ragbench_Qwen2.5-0.5B-Instruct,351,351,pubmedqa,0.8057405948638916,200,1.1179594993591309,0.19379670917987823,"[0.10294408682707398, 0.7322951769209339, 0.12417196584305203, 0.1523098272122752, 0.028341739180086735]","[0.018729770048403652, 0.105440360389737, 0.01933253317845015, 0.025706789977354136, 0.003525077077640617]",1
ragbench_Qwen2.5-0.5B-Instruct,352,352,pubmedqa,1.521040678024292,79,0.06828223168849945,0.058963436633348465,"[-0.040371001935144, 0.16893718669939228, -0.020405499171207753, 0.02016087923540816]","[0.005773896204328605, 0.012264349111028769, 0.006074875824943958, 0.002404183468219275]",1
ragbench_Qwen2.5-0.5B-Instruct,353,353,techqa,2.047556161880493,200,-0.08434443175792694,0.023436270654201508,"[-0.012236847799540556, 0.0032529895133848186, -0.017215223005187, 0.0056461316698550945, -0.006350963103577669]","[0.0040853290992356505, 0.0008677932930140741, 0.007196084574867995, 0.006142064775823428, 0.002452010371669644]",1
ragbench_Qwen2.5-0.5B-Instruct,354,354,pubmedqa,1.6148959398269653,71,0.5788153409957886,0.10604355484247208,"[0.6269698035509759, -0.009081051248768476, 0.041924072249995836, 0.036778316347741744, 0.015076448552271115]","[0.07714508477664835, 0.01605316139699733, 0.012850693019137114, 0.009017061121866532, 0.007090186707840293]",1
ragbench_Qwen2.5-0.5B-Instruct,355,355,pubmedqa,0.7668163180351257,200,0.6860455870628357,0.12367172539234161,"[0.4507622926395629, 0.23349744186501994, -0.0020534326746724217, -0.02710521762987355]","[0.068240850342753, 0.041529008274695835, 0.005876456354835753, 0.0031147672644517856]",1
ragbench_Qwen2.5-0.5B-Instruct,356,356,pubmedqa,0.8528753519058228,200,1.3264050483703613,0.20171956717967987,"[1.066447426176137, 0.3044373894114915, -0.015795656261725525, -0.04262541753823825]","[0.1545770558494098, 0.047219641347088344, 0.004445364891339522, 0.005697707515388402]",1
ragbench_Qwen2.5-0.5B-Instruct,357,357,pubmedqa,1.078616738319397,200,0.33124271035194397,0.0897650271654129,"[-0.027156988430397176, 0.10635491500544049, 0.06572334295861765, 0.04143824289941222, -0.02855722476043411]","[0.006219899764872707, 0.027235878522380973, 0.023208158574108212, 0.021475321821495186, 0.008846504075628446]",1
ragbench_Qwen2.5-0.5B-Instruct,358,358,pubmedqa,1.4549540281295776,150,0.806517481803894,0.13674527406692505,"[0.5286874682197034, 0.037542906968787974, 0.3231001104721008]","[0.07493819205894131, 0.024227168941195223, 0.05741826787762922]",1
ragbench_Qwen2.5-0.5B-Instruct,359,359,pubmedqa,0.7659830451011658,166,1.0257136821746826,0.16323749721050262,"[0.04998113818466214, 0.4006137799834445, 0.27518232105381435, 0.3042562360009612, 0.0075002389184498815]","[0.011333624416378363, 0.05812095039409822, 0.04005334984055851, 0.031358800468390374, 0.004611513291719328]",1
ragbench_Qwen2.5-0.5B-Instruct,360,360,hotpotqa,0.680051863193512,52,0.48074084520339966,0.10471805185079575,"[0.49260585677250046, 0.4944879601410391, -0.033540245862870785, 0.05547246834647432, 0.09874047586205191]","[0.054632595946327016, 0.0667832061938655, 0.009642375616189943, 0.012083904974329148, 0.009130829477539439]",1
ragbench_Qwen2.5-0.5B-Instruct,361,361,pubmedqa,0.9917857646942139,134,1.016121506690979,0.1598861813545227,"[0.17248750104653168, 0.4539270408566344, -0.04652755491400994, 0.27007644294389505, -0.022332970957131014]","[0.046941577479654356, 0.06455729839356862, 0.00497092768882124, 0.037077855019793424, 0.007818956706294001]",1
ragbench_Qwen2.5-0.5B-Instruct,362,362,pubmedqa,1.061252236366272,200,0.5041385293006897,0.13496148586273193,"[0.05675756308643713, 0.11161709977468717, 0.3641404720574474, 0.09792318140896214, -0.02558167545054175]","[0.020387523123310984, 0.019882266752259597, 0.04992813133774881, 0.0403471776169313, 0.01089008043481968]",1
ragbench_Qwen2.5-0.5B-Instruct,363,363,finqa,0.723427951335907,162,0.05261745676398277,0.03509338200092316,"[0.08256247540684516, 0.006301615816586671, -0.0015063114664916398, -0.004190530652979838, -0.00921693064681418]","[0.017396879797943566, 0.0007686541538526449, 0.0008185031422882545, 0.00116717425789605, 0.0009941726235311948]",1
ragbench_Qwen2.5-0.5B-Instruct,364,364,pubmedqa,1.0427329540252686,200,1.789290189743042,0.2516794204711914,"[0.7675954431546961, 0.28112945222369945, 0.1566904434017897, 0.18667784147693622]","[0.10067484664619428, 0.05488464196098903, 0.03524492896934884, 0.030863616498272392]",1
ragbench_Qwen2.5-0.5B-Instruct,365,365,pubmedqa,0.7932771444320679,200,0.8757765293121338,0.16917605698108673,"[0.009279214353382486, -0.012244073035562906, 0.18573375224042138, 0.22635242742625905, 0.4803146853981252]","[0.0205385753286491, 0.010770971808344427, 0.02282802467433399, 0.05477285309696441, 0.08212886319270879]",1
ragbench_Qwen2.5-0.5B-Instruct,366,366,finqa,0.9835620522499084,23,0.27382853627204895,0.09739478677511215,"[0.6194139096714935, 0.02260901159349052, 0.0696757036576341, 0.021832787624984834]","[0.07780739673833513, 0.000843381815259462, 0.001315346991465622, 0.0010580443972141597]",1
ragbench_Qwen2.5-0.5B-Instruct,367,367,pubmedqa,1.2748124599456787,200,0.8001466393470764,0.16655540466308594,"[0.3565607518472325, 0.23914138295132034, 0.007681545604571056, 0.06240064289567045, 0.03587453217695838]","[0.08810969797158734, 0.03853228536460392, 0.010666751759636916, 0.032225776237801824, 0.009083877626662512]",1
ragbench_Qwen2.5-0.5B-Instruct,368,368,pubmedqa,1.1732102632522583,200,0.9713563323020935,0.16228069365024567,"[0.31510505657890464, 0.326785171036081, 0.22555211277201123, -0.02312370795571951]","[0.06946980445694408, 0.05638217267799291, 0.03403392208664087, 0.0066537038766716705]",1
ragbench_Qwen2.5-0.5B-Instruct,369,369,pubmedqa,1.0398001670837402,200,0.49239861965179443,0.10544474422931671,"[0.017202869245170404, 0.18546160285554605, 0.14107308434171273, -0.01630226069305081, -0.0020321684710006595]","[0.005503088958609936, 0.03656048555101691, 0.03586313959691509, 0.007823327462499065, 0.002544665643668509]",1
ragbench_Qwen2.5-0.5B-Instruct,370,370,finqa,0.8651486039161682,155,0.18160636723041534,0.06046636775135994,"[-0.007336971268347453, 0.0022628491083577823, 0.1934091204766446, -0.006767912855866598]","[0.0026222517253065617, 0.001563449387912618, 0.04165747614730178, 0.0026349174361675683]",1
ragbench_Qwen2.5-0.5B-Instruct,371,371,pubmedqa,0.8355587720870972,75,0.401650995016098,0.09372136741876602,"[0.1269077743978293, 0.1991983609060723, 0.03235502590629039, -0.034145832140469186, -0.017334034618834267]","[0.036045509266635536, 0.02115903408659051, 0.009035488213962328, 0.007550368367438978, 0.007376292793224669]",1
ragbench_Qwen2.5-0.5B-Instruct,372,372,pubmedqa,1.238740086555481,129,1.405796766281128,0.20021897554397583,"[0.011967336333361183, 0.31286648231391273, 0.22760700229242298, 0.9701348452750086]","[0.007997681738190918, 0.03948027254512715, 0.027377690765405527, 0.1305596868635013]",1
ragbench_Qwen2.5-0.5B-Instruct,373,373,pubmedqa,0.9071244597434998,200,1.4459551572799683,0.20612701773643494,"[0.17583901701676952, 0.6735823675412667, 0.5025146710455101, -0.007415220870279881, 0.003185284918954494]","[0.031340494633937156, 0.08807877263921852, 0.05992429926219614, 0.004628347936605195, 0.002981693979123605]",1
ragbench_Qwen2.5-0.5B-Instruct,374,374,pubmedqa,1.3386257886886597,77,1.1843113899230957,0.16483932733535767,"[0.09881991396497296, 0.029125051813167234, 0.11418699718177033, 0.16164339081353626]","[0.048474298289969645, 0.012972210170491135, 0.01724496367537481, 0.014960711091535583]",1
ragbench_Qwen2.5-0.5B-Instruct,375,375,pubmedqa,1.0191389322280884,200,1.1491520404815674,0.19812865555286407,"[0.7828915937263445, 0.4073564838932907, 0.029779845333805496]","[0.12032640834464474, 0.06253727751522063, 0.01045039883993553]",1
ragbench_Qwen2.5-0.5B-Instruct,376,376,pubmedqa,1.0296908617019653,200,0.7239173054695129,0.13016124069690704,"[0.23090217759708537, 0.5250568228625511, -0.02994127534100073, -0.009353707901894381]","[0.044854804923452604, 0.07232662135862825, 0.00403890025648586, 0.0021934431917606644]",1
ragbench_Qwen2.5-0.5B-Instruct,377,377,finqa,1.7177259922027588,51,0.37177085876464844,0.10851520299911499,"[0.027013541896760182, 0.28938978383138975, 0.032162202549122464, 0.007820233135277578, 0.05900705188861478]","[0.004851524487629135, 0.0530729101139478, 0.01062749516666586, 0.0032124058779180475, 0.005849977456560451]",1
ragbench_Qwen2.5-0.5B-Instruct,378,378,pubmedqa,1.2245441675186157,200,0.5608174204826355,0.10356868803501129,"[0.29952779346720715, 0.05842983810286342, -0.006064077381456628, 0.1675835072824998, -0.000829662391599868]","[0.05439515727461654, 0.011117082624995049, 0.003909032360617459, 0.017092313967922622, 0.003796878709822522]",1
ragbench_Qwen2.5-0.5B-Instruct,379,379,pubmedqa,0.5626007914543152,200,0.533582329750061,0.12203492969274521,"[0.0031968051574403945, -0.009263278920968787, -0.016755607345555746, 0.39639174197279997, 0.003630333569178674]","[0.01106194473195984, 0.0077576831748699246, 0.005991603251448794, 0.08570047960195794, 0.0035951453121495546]",1
ragbench_Qwen2.5-0.5B-Instruct,380,380,pubmedqa,0.5924478769302368,200,1.4925216436386108,0.20717720687389374,"[0.6723537298835618, 0.566465792132749, 0.31300810660598016]","[0.08972150878931132, 0.08102005363312116, 0.04202690359344572]",1
ragbench_Qwen2.5-0.5B-Instruct,381,381,techqa,1.0851225852966309,200,0.5410687923431396,0.10551489144563675,"[0.06420767358116791, 0.20603294000653477, 0.1014522185631813, 0.00892308503824097, 0.010080970147082553]","[0.013050951767905872, 0.03151779384031556, 0.02388123003237638, 0.004675005752970946, 0.007636099272662875]",1
ragbench_Qwen2.5-0.5B-Instruct,382,382,finqa,0.892489492893219,61,0.09342565387487411,0.10293813049793243,"[0.00624289607335935, 0.019905161452996135, 0.0038918656646050385, 0.20908118587147806, 0.032180203128727505]","[0.0017209963207138854, 0.0034508431015593324, 0.002741626802163432, 0.08663154214791781, 0.004291745705524933]",1
ragbench_Qwen2.5-0.5B-Instruct,383,383,pubmedqa,1.1605455875396729,200,0.7512999176979065,0.15339715778827667,"[0.466338203484338, 0.16936717906037985, 0.029683025398785503, -0.022671486978001667]","[0.09621814458394624, 0.03295715688830569, 0.020374178606136297, 0.009586807845296334]",1
ragbench_Qwen2.5-0.5B-Instruct,384,384,techqa,1.2301301956176758,200,0.533231794834137,0.11049192398786545,"[0.5192530972707391, -0.013439473276457647, -0.015753602654767745, -0.027047755507719557, -0.01548424899143356]","[0.08804898826225895, 0.005141428962048167, 0.0022532962504033093, 0.004928920379750252, 0.0061273236714743]",1
ragbench_Qwen2.5-0.5B-Instruct,385,385,pubmedqa,0.9475103616714478,200,1.2324882745742798,0.18283279240131378,"[0.9073640550124037, 0.27847682427320253, 0.006317611835456773, 0.010109845080660308]","[0.11629862618766594, 0.05414911064347592, 0.0036140997153972874, 0.0032212846426872945]",1
ragbench_Qwen2.5-0.5B-Instruct,386,386,pubmedqa,1.1955323219299316,98,0.6685383915901184,0.10648435354232788,"[0.021132382886022167, 0.039155138975576514, 0.3977234537582476, -0.003928025850214277]","[0.01980891541558935, 0.010292131177154181, 0.04859835655379409, 0.016105303863759395]",1
ragbench_Qwen2.5-0.5B-Instruct,387,387,pubmedqa,0.8879759907722473,152,1.2270411252975464,0.18089687824249268,"[0.3924948510317503, 0.6744302049773978, -0.025861686504461096, 0.30798356812122646]","[0.038308345158177895, 0.08748483135105582, 0.007457396089155416, 0.054264405021833204]",1
ragbench_Qwen2.5-0.5B-Instruct,388,388,pubmedqa,1.7827516794204712,69,0.3415752053260803,0.06841401755809784,"[0.15304763540906066, 0.20603127971412175, 0.03599350474837263, -0.010556000927771083, 0.023127795840306477]","[0.012916723898097254, 0.015695408497563585, 0.00769994542984031, 0.012248184246882902, 0.004424926370496035]",1
ragbench_Qwen2.5-0.5B-Instruct,389,389,pubmedqa,1.0068354606628418,200,0.9911485314369202,0.17776024341583252,"[0.21612407613871254, 0.35523944808269337, 0.3281379401586673, 0.022987624277238865, -0.006453109901353855]","[0.05195249458039882, 0.05833329589143034, 0.06131416165076928, 0.008380467649420567, 0.0032265711401680617]",1
ragbench_Qwen2.5-0.5B-Instruct,390,390,pubmedqa,0.5811870694160461,200,1.5859466791152954,0.2191435992717743,"[0.4207176340008846, 0.3331393646262495, 0.5380963414227631, 0.4025866719642454, -0.0020616983162244653]","[0.06522034759748095, 0.037952058960222385, 0.06436630391631852, 0.049349047928762955, 0.004793165457804492]",1
ragbench_Qwen2.5-0.5B-Instruct,391,391,pubmedqa,0.899420976638794,200,1.2653188705444336,0.21039725840091705,"[0.18128214127226217, 0.18286459375233163, 0.5730416391074823, 0.3947563078692042, -0.021779501082236266]","[0.03584746812096864, 0.03223454626349444, 0.10043678542498252, 0.06410676875340968, 0.0036210376252238064]",1
ragbench_Qwen2.5-0.5B-Instruct,392,392,pubmedqa,1.0254992246627808,200,0.8433714509010315,0.16985325515270233,"[0.1394733844842449, 0.1495053518984423, 0.3918176799650246, 0.10859238282138904]","[0.0205414731250994, 0.030375856547033776, 0.07881683048291961, 0.0350733245112059]",1
ragbench_Qwen2.5-0.5B-Instruct,393,393,pubmedqa,1.433303952217102,85,0.9962000250816345,0.1464150995016098,"[0.4461629656485884, 0.1132896738304921, 0.1155397387656301, 0.18145617572111353, 0.05073733917704564]","[0.08181127105593024, 0.022929212491223604, 0.012097503338319417, 0.019213413147746692, 0.0032477570635712576]",1
ragbench_Qwen2.5-0.5B-Instruct,394,394,pubmedqa,1.0509153604507446,150,0.8317229151725769,0.11620966345071793,"[0.045339054129732784, 0.32643506967256447, 0.36782414970879473, -0.012552073836880784]","[0.015197509448202027, 0.037824570099651664, 0.050104295515107915, 0.0041416303794828005]",1
ragbench_Qwen2.5-0.5B-Instruct,395,395,pubmedqa,0.8646592497825623,200,1.085625171661377,0.20873939990997314,"[-0.05800450905792786, 0.4521009759274239, -0.05875001434725163, 0.26833792610344065, 0.2940957368020872]","[0.01014381303311211, 0.07341956654456112, 0.006624506424799677, 0.05845883550900737, 0.05156726654468969]",1
ragbench_Qwen2.5-0.5B-Instruct,396,396,hotpotqa,0.7429646849632263,36,0.781216025352478,0.11971402168273926,"[0.712673565823934, 0.03102717688953918, 0.03672722376177262, 0.025259461963085213, 0.03739806567763379]","[0.10180262225533927, 0.005795808232316328, 0.008034221786677639, 0.006946222873409624, 0.007458061348030596]",1
ragbench_Qwen2.5-0.5B-Instruct,397,397,pubmedqa,0.9247990250587463,200,0.7791661620140076,0.1450115591287613,"[0.24108738298329627, 0.29279918888714745, 0.21403883796906029, -0.02737915466760569, -0.025294932951010197]","[0.05325250874971033, 0.04353470937930382, 0.03187332288842185, 0.004311084291485372, 0.0051168629466637585]",1
ragbench_Qwen2.5-0.5B-Instruct,398,398,pubmedqa,0.7070719003677368,200,0.968635082244873,0.1632789820432663,"[0.6224050170512464, 0.00860254705553757, -0.0005480740344614788, -0.0231965183595878, 0.16077583610976376]","[0.09087602162588865, 0.008230256745314577, 0.007312160350705952, 0.003870073216879746, 0.03509008891841184]",1
ragbench_Qwen2.5-0.5B-Instruct,399,399,hotpotqa,1.9378808736801147,12,2.449039936065674,0.28062164783477783,"[0.18705679618869908, 0.21427958851199946, 2.3431122874850794, -0.07393785101521644, -0.017755300425051246]","[0.03494528933197216, 0.023047344921603024, 0.20312410664822286, 0.019368225254311255, 0.011069374719947215]",1
ragbench_Qwen2.5-0.5B-Instruct,400,400,pubmedqa,0.6828880906105042,60,1.3231980800628662,0.23220589756965637,"[0.07299912318085262, 1.1306215949662146, 0.009827258195946343, -0.019191216562588428, 0.0007081338995097515]","[0.023674218953021863, 0.16844286218341342, 0.002296287645066286, 0.0033108275783604313, 0.0022984372230287894]",0
ragbench_Qwen2.5-0.5B-Instruct,401,401,pubmedqa,1.6996227502822876,70,0.4117956757545471,0.07903268933296204,"[-0.04427345764415804, -0.014607999061367342, -0.002679076580742341, 0.32145724060132386, 0.007290810675996389]","[0.007059187971974877, 0.00281701764704394, 0.007584816158643142, 0.033602725594286245, 0.01234239771746713]",0
ragbench_Qwen2.5-0.5B-Instruct,402,402,hotpotqa,0.4810127019882202,29,0.5044294595718384,0.08556707948446274,"[0.07796293838588288, 0.17731067235032744, 0.12467725806725176, 0.09850420569853605, 0.3342876713728903]","[0.009883181262556844, 0.015136659495126503, 0.011200351029268358, 0.008562137305841981, 0.01872074883180301]",0
ragbench_Qwen2.5-0.5B-Instruct,403,403,hotpotqa,1.1545108556747437,29,1.0864460468292236,0.15694770216941833,"[0.04982341366780145, 0.03428922340935969, 0.014157682931532878, -0.03617881000009847, 0.04748946291780659]","[0.02056488110760852, 0.0048323240134939445, 0.0038453073388829014, 0.004397781179775471, 0.0022672650024427136]",0
ragbench_Qwen2.5-0.5B-Instruct,404,404,finqa,0.446480929851532,200,0.1605830043554306,0.038682542741298676,"[0.006311171308178131, 0.11884263299168651, 0.005033255531101304, -0.004227539192526706, 0.011376558854340146]","[0.0014991024646733564, 0.02953021544446628, 0.0008567904165384732, 0.0009829413905802654, 0.0012351241964152137]",0
ragbench_Qwen2.5-0.5B-Instruct,405,405,finqa,0.5143462419509888,157,0.09274768084287643,0.02433476597070694,"[0.004803324189235172, 0.002240272204726439, -0.0039466565047156935, 0.0011226381081247342, 0.06833181600082842]","[0.001991263766917758, 0.0015177158569242497, 0.000988424263446034, 0.0020474004600269696, 0.027231001752063833]",0
ragbench_Qwen2.5-0.5B-Instruct,406,406,finqa,0.6640194654464722,200,0.004607069306075573,0.016885168850421906,"[-0.005702186423189346, -0.006402673957803699, -0.008811964539119685, -0.003433255307498655, -0.014505555302088169]","[0.0016488257416576602, 0.0016492540892048169, 0.0029433785952463153, 0.003829845892529704, 0.006433863431838631]",0
ragbench_Qwen2.5-0.5B-Instruct,407,407,finqa,0.8153045177459717,121,0.3288312554359436,0.08417008072137833,"[0.04853734536647442, -0.007633031091921841, 0.11146770091126057, -0.004357030631070317]","[0.00522455795654115, 0.002780527842389332, 0.03995531233608688, 0.00788088707461363]",0
ragbench_Qwen2.5-0.5B-Instruct,408,408,finqa,0.7580302357673645,182,0.06910146772861481,0.03775092959403992,"[-0.0015707870476131364, -0.005347850188110277, -0.0013655744754152573, 0.09129967162925823, 0.008865804537094221]","[0.0010653169924901725, 0.0008764906078418967, 0.0012344213543386373, 0.026047837596680733, 0.001252047617560143]",0
ragbench_Qwen2.5-0.5B-Instruct,409,409,pubmedqa,0.8898590207099915,69,1.4684399366378784,0.20520494878292084,"[0.8182237871978019, -0.031840848234924786, -0.02434998885604253, -0.01990718685726239, -0.07973434719497163]","[0.09573953406219766, 0.008141458083689676, 0.014925187457887136, 0.006909751375785313, 0.009193838332407105]",0
ragbench_Qwen2.5-0.5B-Instruct,410,410,pubmedqa,0.8808789253234863,200,0.7126896381378174,0.15201614797115326,"[0.4318924508421719, 0.37700449959304594, -0.05016715900189979, -0.02569949248110106]","[0.07774117136767274, 0.06563479600749617, 0.007205668671863421, 0.0027156906811485015]",0
ragbench_Qwen2.5-0.5B-Instruct,411,411,finqa,0.5578411221504211,159,0.11132504045963287,0.039188139140605927,"[-0.004612938337231753, -0.0046343851607064685, 0.004330836407273139, 0.1545720106610877, -0.0007878900392115725]","[0.002024388802352282, 0.0011828849253832908, 0.0006951799189272415, 0.029992102675552183, 0.0011623298562941306]",0
ragbench_Qwen2.5-0.5B-Instruct,412,412,finqa,0.5978639721870422,148,0.26160353422164917,0.06303972005844116,"[0.011739216499781326, -0.0008153686963318116, 0.009212321043314568, 0.12023557721637086, 0.04329123543607891]","[0.0010529368812105862, 0.001034932702350258, 0.0021137588502355698, 0.0384294468525851, 0.002538932135603024]",0
ragbench_Qwen2.5-0.5B-Instruct,413,413,finqa,0.8671764135360718,102,0.39396241307258606,0.12069345265626907,"[-0.018250807644589633, -0.011497548667710933, 0.3474271987169963, 0.03484216754329692]","[0.003994386814292292, 0.006635720692069451, 0.08980251217226574, 0.009143829081814797]",0
ragbench_Qwen2.5-0.5B-Instruct,414,414,finqa,0.640307605266571,83,0.27600544691085815,0.09091684222221375,"[-0.011546350355230795, 0.016093316690900344, 0.01826471301585817, 0.004590894773808755, 0.28787059952117994]","[0.006730875738602285, 0.0009509129585128914, 0.002160576808060489, 0.0007743298151553863, 0.0670782321902478]",0
ragbench_Qwen2.5-0.5B-Instruct,415,415,pubmedqa,1.4099011421203613,200,0.9303330183029175,0.1676354557275772,"[0.11391357671660444, 0.0482447103856066, -0.031509644719171774, 0.2119945587751772, 0.35980096071525625]","[0.02758203841979366, 0.019024176327937993, 0.0087171570137059, 0.039908630368668124, 0.06731687414507065]",0
ragbench_Qwen2.5-0.5B-Instruct,416,416,finqa,0.6671306490898132,200,0.39774224162101746,0.09243743866682053,"[0.0025296179476981704, 0.033600035232725534, 0.019270948687133114, 0.30820882762365726, 0.03483741093333947]","[0.003196143261342961, 0.0026076010150370976, 0.00362562179978525, 0.0673868449193705, 0.002448847884376981]",0
ragbench_Qwen2.5-0.5B-Instruct,417,417,finqa,1.255516529083252,33,-0.12538307905197144,0.03312326967716217,"[0.018753904085845836, 0.004477342599574457, -0.0313298187465989, 0.004708157887503975, 0.012998762112850025]","[0.0013418711291312104, 0.0013666247261846474, 0.019935492933855825, 0.0008977221849005273, 0.0017748643214196911]",0
ragbench_Qwen2.5-0.5B-Instruct,418,418,finqa,0.9653502106666565,26,0.18408001959323883,0.03968730941414833,"[-0.10690099154976451, -0.167022013260827, -0.13791734447701087, -0.018048574363319858, 0.02328450747710611]","[0.005798890387919842, 0.009638693471806356, 0.02424039863475094, 0.010774308062772993, 0.0009710299736521113]",0
ragbench_Qwen2.5-0.5B-Instruct,419,419,pubmedqa,1.181348443031311,200,0.9674608707427979,0.15731020271778107,"[0.21605602521919537, 0.20003318976623632, -0.023955155543208092, 0.6390117581459208, -0.00828253138108721]","[0.04193440647195899, 0.04736757523309905, 0.006887130017791279, 0.06500426656113596, 0.007969957161849166]",0
ragbench_Qwen2.5-0.5B-Instruct,420,420,techqa,1.348684549331665,194,-0.041581783443689346,0.01551719568669796,"[-0.025693874587699443, -0.010508674213738654, -0.033070038451564726]","[0.0027423806762649247, 0.0008258064931328679, 0.009124847814740458]",0
ragbench_Qwen2.5-0.5B-Instruct,421,421,pubmedqa,1.0114704370498657,123,0.9640698432922363,0.1306305229663849,"[0.9042574309020368, -0.030656163940801614, 0.02061040732127648, -0.001057554617464638]","[0.10121812546125737, 0.005963851957295535, 0.004561597943210273, 0.0057549594877630665]",0
ragbench_Qwen2.5-0.5B-Instruct,422,422,pubmedqa,0.8021194338798523,200,0.9664620161056519,0.17267829179763794,"[0.48004526200384817, 0.20344494211534994, 0.252074349934677, 0.21105621955821335]","[0.08923422724915767, 0.04184461636655328, 0.03097491201577398, 0.025681972556897394]",0
ragbench_Qwen2.5-0.5B-Instruct,423,423,finqa,0.8680355548858643,149,0.18375858664512634,0.053998179733753204,"[0.0021167162367358183, 0.1311107072662903, -0.016614308265423997, -0.016671554965662243, -0.014088678045903259]","[0.0038578589697083423, 0.03216751239757674, 0.0027351806464218724, 0.002493626333082695, 0.0028850778691902872]",0
ragbench_Qwen2.5-0.5B-Instruct,424,424,hotpotqa,1.988144040107727,25,1.644779920578003,0.15649139881134033,"[0.00457086592039559, -0.007099699320970103, -0.024664774765842595, 1.5131842740718275, 0.03933457415841986]","[0.02838819929296733, 0.016006214455046575, 0.024650189153617247, 0.1013329958403483, 0.01407650068624207]",0
ragbench_Qwen2.5-0.5B-Instruct,425,425,finqa,0.6911552548408508,152,0.22751393914222717,0.05261996388435364,"[-0.011687380399289276, -0.0024406814391966236, 0.1696658664196775, -0.008194508556649202, -0.007473058462706879]","[0.002156201328777778, 0.0011483133379376167, 0.031311321351554365, 0.001008990524568195, 0.0011343783748384937]",0
ragbench_Qwen2.5-0.5B-Instruct,426,426,pubmedqa,0.9063096642494202,200,0.8633133769035339,0.15355587005615234,"[0.2240553693129948, 0.005491284236440492, 0.3659519670554266, 0.06241432817704094]","[0.037184135171726106, 0.008761524494527962, 0.04525640553031666, 0.03153073324728361]",0
ragbench_Qwen2.5-0.5B-Instruct,427,427,finqa,0.5414484739303589,169,0.3478737473487854,0.07306782156229019,"[0.016440476138465256, -0.021522838057699886, 0.3308896934656134, 0.01759399275928029, 0.009038378538546369]","[0.004770395417413387, 0.0016389570444889398, 0.0626879034293243, 0.002752824427136703, 0.0016242948520920006]",0
ragbench_Qwen2.5-0.5B-Instruct,428,428,finqa,1.1227867603302002,61,0.436503529548645,0.07459655404090881,"[0.45013959341527043, -0.010412466917703896, 0.009441618647184949, -0.020053942376244166, -0.013277385893649702]","[0.0585161737686235, 0.003766576305857322, 0.0028648662694278947, 0.003081497506864476, 0.0027468483819675983]",0
ragbench_Qwen2.5-0.5B-Instruct,429,429,finqa,1.4564896821975708,20,0.4533986449241638,0.19973725080490112,"[0.06307515742373652, 0.010712923863320612, 0.5162157877493883, 0.06986422030022368]","[0.003389720473342095, 0.0018408893476134836, 0.08416758726016269, 0.003688853141375148]",0
ragbench_Qwen2.5-0.5B-Instruct,430,430,pubmedqa,1.2591290473937988,200,0.18613019585609436,0.08978302031755447,"[0.06442550823354849, 0.2085832408844931, -0.024903591011477603, -0.002281484925797486, -0.01995575328177665]","[0.015989065672896246, 0.04459399601740003, 0.007908735677997996, 0.002820712493800386, 0.007214327236409872]",0
ragbench_Qwen2.5-0.5B-Instruct,431,431,pubmedqa,1.362105369567871,112,0.9441288709640503,0.11696778237819672,"[0.36899118113660734, 0.3466587932345127, 0.341077408845974, -0.006153359659167888]","[0.03587601034801021, 0.05917152381372911, 0.034657966625405025, 0.010453668354269243]",0
ragbench_Qwen2.5-0.5B-Instruct,432,432,finqa,0.6673550605773926,155,0.20935693383216858,0.06159453094005585,"[0.0016145363472070762, 0.20977023251326415, 0.011030865685011479, -0.011296276734737975, 0.001017686773407296]","[0.004050057564014188, 0.03561735517097577, 0.0029162085098382515, 0.003590368682422019, 0.002176868440109742]",0
ragbench_Qwen2.5-0.5B-Instruct,433,433,techqa,1.5334112644195557,200,0.03134339675307274,0.0230813380330801,"[-0.0036618902220106973, -0.00162259660413838, -0.001260292998449586, 0.016217805606593173, 0.004928821254225113]","[0.002854232317196761, 0.0003312696454975139, 0.00026954516937507836, 0.0018674963907756136, 0.006247062374855545]",0
ragbench_Qwen2.5-0.5B-Instruct,434,434,finqa,0.6600560545921326,200,0.4387127757072449,0.08920654654502869,"[-0.012660108828824831, 0.012599296605853851, 0.013600747323207542, 0.3656537221499002, -0.0019389641243787992]","[0.0025297817581862603, 0.002362479194271998, 0.006616539193727675, 0.06624315311942439, 0.0027900591324382163]",0
ragbench_Qwen2.5-0.5B-Instruct,435,435,pubmedqa,1.8089158535003662,188,0.43167009949684143,0.11307067424058914,"[0.1815275667059394, 0.03744735630622946, -0.06471843515371686, -0.016047088452862537, 0.07317991048392364]","[0.03884611984671829, 0.019514720376719197, 0.011247966582725488, 0.009694745864514536, 0.012735153963381271]",0
ragbench_Qwen2.5-0.5B-Instruct,436,436,hotpotqa,0.9823378324508667,17,0.40484726428985596,0.09861112385988235,"[0.04448487890434027, 0.5154374688588231, 0.05397389065905479, 0.023447097787859947, 0.02214695668541989]","[0.022405462014616847, 0.09759502338468785, 0.011451470619580477, 0.012100627303228147, 0.005386736397943704]",0
ragbench_Qwen2.5-0.5B-Instruct,437,437,hotpotqa,0.5502024292945862,83,2.1212141513824463,0.30613014101982117,"[-0.011829274909343374, 0.004510234825128387, 0.3669719249472449, 1.5931092868999126]","[0.013229515336479106, 0.0036137735948274445, 0.04589347172991685, 0.21608642449399645]",0
ragbench_Qwen2.5-0.5B-Instruct,438,438,pubmedqa,0.8357329368591309,123,1.0368238687515259,0.1629456877708435,"[0.4402318462193133, 0.6033991609452878, -0.006307862115905235, -0.016766392347636886]","[0.09528342503454115, 0.06401010023466477, 0.004259861568468944, 0.007918385904782707]",0
ragbench_Qwen2.5-0.5B-Instruct,439,439,pubmedqa,0.6033638715744019,200,1.390447974205017,0.2276598960161209,"[0.5973767124616961, 0.3134842370841443, 0.33331003182233415, 0.14371649812384021, -0.011074873272145852]","[0.09505686940350216, 0.05819392727286228, 0.05961594472197596, 0.02098716692871321, 0.0027342898989838817]",0
ragbench_Qwen2.5-0.5B-Instruct,440,440,finqa,0.7384452819824219,148,0.5952593684196472,0.12258385121822357,"[0.5709947574922488, 0.024507632200947524, -0.021777257495399237, 0.018404095884764847, 0.04490085208312787]","[0.09782797466877508, 0.0018078442922916953, 0.0019406950824795125, 0.0010316394710301324, 0.0017561482189409534]",0
ragbench_Qwen2.5-0.5B-Instruct,441,441,finqa,1.0997427701950073,55,0.5154162049293518,0.10711102932691574,"[0.4032307442331909, 0.017873427475073683, 0.01775862668638927, 0.04004611276491646, 0.03147022196360261]","[0.07616663880504161, 0.004470022882425052, 0.0028064219389627647, 0.00420341148531365, 0.0064570560266247416]",0
ragbench_Qwen2.5-0.5B-Instruct,442,442,finqa,1.2869302034378052,100,0.4851609468460083,0.06617866456508636,"[0.09005639146309136, 0.10606071520055821, -0.019402108187958903, 0.0036134045775258984, 0.0037172661142551534]","[0.014398602640340954, 0.01004821115299066, 0.002499920032428804, 0.021268806309840897, 0.0024468529662007655]",0
ragbench_Qwen2.5-0.5B-Instruct,443,443,pubmedqa,1.2706010341644287,200,0.5513476133346558,0.11818922311067581,"[0.3554560587008655, 0.1979349796272254, 0.028861575766832175, 0.020758761585957474]","[0.06547806012639257, 0.0381045030116978, 0.010332142905641889, 0.006221222970657437]",0
ragbench_Qwen2.5-0.5B-Instruct,444,444,finqa,0.6126593947410583,200,0.502862811088562,0.10546107590198517,"[0.005448028030120895, 0.005503840578476229, 0.006057730558989078, -0.019058457224673475, 0.4671542554255484]","[0.0023424755511359764, 0.001591447289929846, 0.0017412938221050922, 0.002324305168898917, 0.09496341633238728]",0
ragbench_Qwen2.5-0.5B-Instruct,445,445,finqa,1.306522011756897,57,0.4413760304450989,0.12708140909671783,"[-0.22171383251732454, 0.33950593987786926, -0.07038766092527862, -0.08224736535971476, -0.04479503101107472]","[0.046399708523834134, 0.08691532891066195, 0.020762568743476737, 0.017301732750403767, 0.01911608862197667]",0
ragbench_Qwen2.5-0.5B-Instruct,446,446,finqa,0.6107316017150879,152,0.27913060784339905,0.05033294856548309,"[0.21229045208083694, -0.012046871125813883, -0.014513996426408562, -0.009277624265175626, 0.0014325184685138705]","[0.03968635370040337, 0.0012374937870326807, 0.0011221808076194468, 0.00073232261080641, 0.000852309771703194]",0
ragbench_Qwen2.5-0.5B-Instruct,447,447,covidqa,1.16905677318573,62,1.716757893562317,0.23090046644210815,"[0.18275953858122398, -0.03739023896571692, 0.49243772789956103, 0.03391376751800811]","[0.043210752935732996, 0.023112472408265895, 0.04656246444980547, 0.017785564455435162]",0
ragbench_Qwen2.5-0.5B-Instruct,448,448,finqa,0.5161532163619995,122,0.38826996088027954,0.09543972462415695,"[0.01682695816089108, 0.35161147733483405, -0.005375218316747451, 0.0034958633051828058]","[0.0029481233102922593, 0.0697008180444695, 0.0010037833575110512, 0.003787542460830149]",0
ragbench_Qwen2.5-0.5B-Instruct,449,449,pubmedqa,1.2107603549957275,102,1.3683346509933472,0.23228426277637482,"[1.0042108553233464, 0.2815685053959825, -0.06103774757155085, -0.009428718712186703]","[0.16238126630410346, 0.045461892576908296, 0.03126234399730535, 0.00476190145854458]",0
ragbench_Qwen2.5-0.5B-Instruct,450,450,covidqa,2.0073318481445312,15,1.4279483556747437,0.24452359974384308,"[-0.21897086483271172, -0.19969403739087283, 1.8235469877719879]","[0.011461561536998488, 0.010731170494788481, 0.21502968836575748]",0
ragbench_Qwen2.5-0.5B-Instruct,451,451,pubmedqa,0.8896743059158325,200,0.8743312358856201,0.15579481422901154,"[0.02172619412569702, 0.2613491102666876, 0.5464269475182436]","[0.008445525739815949, 0.04410125651277227, 0.08991210947050206]",0
ragbench_Qwen2.5-0.5B-Instruct,453,453,finqa,0.7105171084403992,107,0.15203645825386047,0.05205673724412918,"[-0.002280131731834906, 0.02342084944699345, 0.07526261203877166, 0.11144765246506794, -0.027933159650069258]","[0.0020969248815580982, 0.0017765710997187803, 0.008501145944314704, 0.03148115945152972, 0.0021597960193828363]",0
ragbench_Qwen2.5-0.5B-Instruct,454,454,pubmedqa,1.1540409326553345,115,0.498824805021286,0.10915681719779968,"[0.02937452859571789, 0.07803794699354473, 0.0758934790924207, 0.01867271914710253, 0.1834483924817584]","[0.012798532834120411, 0.007991430883670417, 0.022623313107847372, 0.006593284793758683, 0.04900894715445522]",0
ragbench_Qwen2.5-0.5B-Instruct,455,455,finqa,0.5800207853317261,86,0.9449926614761353,0.20933818817138672,"[0.6802606420554417, -0.0005206857134231372, 0.03595808362479147, 0.014897201920269063]","[0.1437747344999654, 0.0008213202864373068, 0.0015523518410821737, 0.0011319380375589602]",0
ragbench_Qwen2.5-0.5B-Instruct,456,456,finqa,1.3815267086029053,46,0.112209752202034,0.1024870052933693,"[0.2857981078767135, -0.004431809865625679, 0.002734999498186327, 0.004463135163385469, 0.011108522236178902]","[0.07181811866031318, 0.0017208156303082512, 0.001268402305260244, 0.0018524849762461995, 0.002592037599079642]",0
ragbench_Qwen2.5-0.5B-Instruct,457,457,finqa,0.7271408438682556,176,0.4492158591747284,0.099176786839962,"[-0.008993062344018199, -0.0010226506344459742, 0.06928022719589742, 0.22376929260643538, -0.007159294856216227]","[0.0021869623575061906, 0.0030186809233289998, 0.017420857532356913, 0.0503219206231502, 0.0025531944081221736]",0
ragbench_Qwen2.5-0.5B-Instruct,458,458,pubmedqa,0.45257559418678284,200,1.8002068996429443,0.25116869807243347,"[0.6776693688188675, -0.01097957247077602, 1.109131144072694, 0.0016534509051496116]","[0.10358836246771964, 0.007261905347933535, 0.1521097013701556, 0.004575601884110832]",0
ragbench_Qwen2.5-0.5B-Instruct,459,459,hotpotqa,0.9984450936317444,22,0.19588670134544373,0.03887748345732689,"[0.002888763155417771, 0.0628598537626782, 0.05606948221644747, 0.19532565299331592, 0.10542109987198439]","[0.008867882678879885, 0.006981778136998235, 0.013370297326508246, 0.025729341334888224, 0.005562625844711213]",0
ragbench_Qwen2.5-0.5B-Instruct,460,460,pubmedqa,0.9901663064956665,200,0.5703355669975281,0.1343359500169754,"[0.38234025985761944, 0.11382888562145127, -0.013547725140324474, 0.029861812095423376, 0.009815099692432341]","[0.08545399609222329, 0.03240354353878317, 0.00637572994240486, 0.006159777243494346, 0.004046610108773691]",0
ragbench_Qwen2.5-0.5B-Instruct,461,461,pubmedqa,0.748360812664032,110,1.6320114135742188,0.2394736409187317,"[-0.010802077871300175, 1.229120807360199, 0.418150919031541, -0.006545490713125963, -0.04875678546479983]","[0.007686597177301089, 0.16284657833910965, 0.0637874291670011, 0.0022427501744707776, 0.005267411242356378]",0
ragbench_Qwen2.5-0.5B-Instruct,462,462,pubmedqa,1.1360732316970825,200,0.6893086433410645,0.1336100548505783,"[0.41695707769716817, 0.184442102658395, 0.1710604726435713, -0.003843622942699767, -0.017963660936403586]","[0.0719894171144361, 0.03208440379865351, 0.027877135929938675, 0.004448332546369258, 0.004047687288361956]",0
ragbench_Qwen2.5-0.5B-Instruct,463,463,hotpotqa,1.1309783458709717,23,0.5941153168678284,0.17248132824897766,"[0.14268106222121074, -0.06901689570393342, 0.8750951680767289, 0.026430318439214836, 0.010141215060012537]","[0.011821170774767423, 0.01431744049847833, 0.15653403746799324, 0.005183674990981355, 0.003725901066532159]",0
ragbench_Qwen2.5-0.5B-Instruct,464,464,finqa,0.5699362754821777,200,0.044182226061820984,0.03981618583202362,"[0.0564729418657862, -0.005116157790203033, -0.00767868192859055, -0.005468896435347688, 0.00037046769828521066]","[0.033633365528123564, 0.0007045375644838714, 0.0009601921703010418, 0.0006152950023398773, 0.0005873667049090159]",0
ragbench_Qwen2.5-0.5B-Instruct,465,465,finqa,0.6430070400238037,200,0.154640331864357,0.040051594376564026,"[0.0047173437839956025, 0.005419043149787512, 0.09767698715607252, 0.010067201787405793, 0.01010723550131047]","[0.0015398532963651235, 0.003352564126351467, 0.027331040816760035, 0.001665753315421057, 0.0011258725746797892]",0
ragbench_Qwen2.5-0.5B-Instruct,466,466,finqa,0.7200731039047241,65,0.352220356464386,0.07933574914932251,"[0.27290493390184145, -0.005933304191813267, -0.01572470851685571, -0.022046034826366148, 0.0034061137952448917]","[0.07189617472853976, 0.00180254754647098, 0.004161406036126235, 0.0037051836759694912, 0.004008383403828912]",0
ragbench_Qwen2.5-0.5B-Instruct,467,467,hotpotqa,0.22093774378299713,34,0.6978890895843506,0.14506836235523224,"[0.12201914941161864, 0.7469756604653358, 0.06597925697218777, 0.0884771282760673, 0.07373531425037072]","[0.01356064382228878, 0.09155023592692861, 0.0038765378676677807, 0.004404437300912471, 0.003951042432191798]",0
ragbench_Qwen2.5-0.5B-Instruct,468,468,hotpotqa,1.1927003860473633,27,1.419207215309143,0.25378134846687317,"[0.11283695515157888, 0.15446711218532141, 0.9932142022514233, 0.21461282331950282]","[0.020812784345084597, 0.01765261834728133, 0.1969603647736491, 0.02570053888449045]",0
ragbench_Qwen2.5-0.5B-Instruct,469,469,finqa,0.994796633720398,36,0.4883286654949188,0.11252081394195557,"[0.10882212972925724, 0.38256387639396255, -0.004310746997968333, 0.013686682900192359, 0.047635589503341985]","[0.028200085222413424, 0.06266537847956657, 0.0015429874009511321, 0.0012829510210529014, 0.0020468978856698072]",0
ragbench_Qwen2.5-0.5B-Instruct,470,470,finqa,0.7847812175750732,104,0.17272886633872986,0.06123638153076172,"[0.006627074879518729, -0.011709902557535875, -0.0077076546059078495, 0.2105283633586973]","[0.007575210923842126, 0.0035780561693566316, 0.003019547651731522, 0.04581845246290383]",0
ragbench_Qwen2.5-0.5B-Instruct,471,471,pubmedqa,1.094354510307312,81,1.173224687576294,0.1585918813943863,"[0.19942110749554648, 0.8066578504395794, -0.027391800637321276, -0.02820612636206073, -0.012778517767378898]","[0.028179333876438832, 0.10646677167267549, 0.007356810744296831, 0.0024845274031084523, 0.0018219182443684225]",0
ragbench_Qwen2.5-0.5B-Instruct,472,472,finqa,0.689586877822876,176,0.22190552949905396,0.04673544317483902,"[0.14285658827959546, -0.02248232144617064, -0.021968618377071373, -0.02319275076527302, -0.012443559825186412]","[0.031556991245510216, 0.0007633520207403034, 0.0006154402812147711, 0.0007022170016132246, 0.0005576326599941501]",0
ragbench_Qwen2.5-0.5B-Instruct,473,473,finqa,1.0294935703277588,160,0.6145169138908386,0.13326939940452576,"[0.018184689083955163, 0.0269042472311412, 0.013934119263285537, 0.5657231581781161, 0.012577831782527938]","[0.0023183550512143824, 0.00964681849540483, 0.003386381764084234, 0.11023417356739493, 0.0013719383069878965]",0
ragbench_Qwen2.5-0.5B-Instruct,474,474,pubmedqa,0.6745675206184387,65,0.8597700595855713,0.11476919054985046,"[0.8669770556511384, -0.04582438924409801, 0.01658130057128871, 0.02091910799607691, 0.001837054722962141]","[0.10305100654497279, 0.007252135192800324, 0.005254403098019312, 0.0043499653693091795, 0.004952412439534179]",0
ragbench_Qwen2.5-0.5B-Instruct,475,475,pubmedqa,0.8986263275146484,200,1.7379831075668335,0.2548258900642395,"[0.7047748222153132, 0.7220524888551608, -0.00550756341599481, 0.0009252499422473193]","[0.09698201281170839, 0.11422311101348896, 0.006114758924629697, 0.01008119378578442]",0
ragbench_Qwen2.5-0.5B-Instruct,476,476,finqa,0.6924664378166199,112,0.5938482284545898,0.09556291997432709,"[-0.009727467304831603, -0.029780861714706525, 0.25600082246397243, -0.030136376188149176, -0.01354132331792357]","[0.0018889364363282115, 0.003021395698795004, 0.054884421676640774, 0.002324910249859765, 0.0007767608167743896]",0
ragbench_Qwen2.5-0.5B-Instruct,477,477,pubmedqa,0.717989981174469,200,0.8126689195632935,0.15964020788669586,"[0.2735170380831551, 0.572044345222057, -0.011990489034396888, -0.019578911736170993]","[0.05315654182345497, 0.08815617380440699, 0.006382986454236743, 0.003930473598500726]",0
ragbench_Qwen2.5-0.5B-Instruct,478,478,finqa,0.5297015905380249,200,0.1547912210226059,0.03770935907959938,"[0.1507653408964549, 0.008779646723042447, 0.008987034142094643, 0.007327240640582744, 0.007753147700778413]","[0.03528888976556946, 0.0005889080035569094, 0.0005395030048023841, 0.0005738901403330843, 0.0005369335649794494]",0
ragbench_Qwen2.5-0.5B-Instruct,479,479,finqa,0.5601487755775452,54,0.4791472256183624,0.14334926009178162,"[0.027536822023353967, 0.008590731129827502, 0.5466981091371289, 0.005146662953624973, 0.029771200018760484]","[0.0011766042793955424, 0.0019530687773433792, 0.13868240368951043, 0.001606733103710351, 0.00254275590043957]",0
ragbench_Qwen2.5-0.5B-Instruct,480,480,pubmedqa,0.9546287059783936,200,1.0972195863723755,0.20541690289974213,"[0.481420498628313, 0.42394428819178304, 0.2944769474347595, -0.008843295530668911]","[0.06959474720074013, 0.07539754769742238, 0.050980725646188885, 0.005592025524267399]",0
ragbench_Qwen2.5-0.5B-Instruct,481,481,delucionqa,0.95030277967453,85,1.2978790998458862,0.14443382620811462,"[-0.02989983452922281, 0.7798853444271063, 0.03758854986389291, 0.020445681893718703, -0.001128979955383864]","[0.008475365671029068, 0.10190485042451869, 0.008651709036700381, 0.0035056661858160463, 0.004169865122180989]",0
ragbench_Qwen2.5-0.5B-Instruct,482,482,pubmedqa,0.5757123827934265,200,1.182264804840088,0.20110057294368744,"[0.7826977596804682, 0.28113384339787445, -0.014879591709830038, -0.02274296510882664, -0.01801450781031008]","[0.11439909944791388, 0.06679453898973918, 0.0034834770392245316, 0.0024835903017460127, 0.0023033732539195382]",0
ragbench_Qwen2.5-0.5B-Instruct,483,483,finqa,0.5107776522636414,200,0.14074388146400452,0.03434745967388153,"[-0.017171367050085564, 0.13038706743509124, -0.00349429124594792, -0.005987610497226683, 0.00043251018847627164]","[0.0016922667928914593, 0.023644591186689965, 0.00045338668975958285, 0.0006762326359229575, 0.0005396942796707549]",0
ragbench_Qwen2.5-0.5B-Instruct,484,484,pubmedqa,1.4519153833389282,110,1.5097771883010864,0.22389398515224457,"[0.12027876393006988, 1.098986310715025, 0.1114119165630572, -0.021164414384442023]","[0.04099983411134541, 0.14521377950879302, 0.015732874980812994, 0.005386950355823088]",0
ragbench_Qwen2.5-0.5B-Instruct,485,485,hotpotqa,0.8932246565818787,54,1.2449243068695068,0.19243136048316956,"[0.10593680353944095, 0.10353044638425975, 0.18841890601719638, 1.3023637468082867]","[0.01940390838844737, 0.008095601019575767, 0.031117129173922977, 0.15217139347315525]",0
ragbench_Qwen2.5-0.5B-Instruct,486,486,pubmedqa,1.1354143619537354,181,0.669106662273407,0.14560231566429138,"[0.08754345288515103, -0.014435614084544976, 0.6015738101586423, 0.012283931931991128]","[0.04662826631695746, 0.009223964613673164, 0.08400096425751619, 0.004903735606710509]",0
ragbench_Qwen2.5-0.5B-Instruct,487,487,pubmedqa,0.8719264268875122,200,0.7139009237289429,0.1326831728219986,"[0.5226233981627775, 0.2876047124866182, 0.004470054141079345, 0.0033465653292751086, 0.0030937230815379735]","[0.08477587617800567, 0.036695464918699086, 0.0063906599622140445, 0.002890623210423513, 0.003320772332508568]",0
ragbench_Qwen2.5-0.5B-Instruct,488,488,finqa,0.6431108117103577,200,0.7955862283706665,0.12783914804458618,"[-0.004711662036677353, -0.02460573044599414, 0.6318276507865994, -0.0012370396578239705, 0.0018057463442301015]","[0.0022029345313549697, 0.004804368722723922, 0.08950984685234233, 0.0019505899105158164, 0.0021126493221868257]",0
ragbench_Qwen2.5-0.5B-Instruct,489,489,finqa,0.6540794968605042,112,-0.02809291146695614,0.02767062745988369,"[0.010545076921662908, 0.006833690312752034, -0.005557844311543444, 9.22711067151535e-05, 0.025387135379885097]","[0.0009295145603433395, 0.009745695588362326, 0.0009275188403522959, 0.000734691530437053, 0.002709647975923498]",0
ragbench_Qwen2.5-0.5B-Instruct,490,490,pubmedqa,1.4391571283340454,100,0.32695111632347107,0.09613151848316193,"[0.1117305499750546, -0.004478249568810497, -0.012267417612338249, 0.002753590181373511]","[0.028152658095274886, 0.02002205039772292, 0.010344663631107096, 0.003156562843057884]",0
ragbench_Qwen2.5-0.5B-Instruct,491,491,covidqa,1.408370018005371,58,0.4814998507499695,0.15287570655345917,"[0.318867413023013, 0.013339599203579288, 0.014501470757311145, -0.017187389215466503, 0.038339884661675976]","[0.06674328667815707, 0.033085635973450205, 0.005086481808857884, 0.004192882172533089, 0.016452859383066266]",0
ragbench_Qwen2.5-0.5B-Instruct,492,492,pubmedqa,0.8954127430915833,200,0.9787200689315796,0.15551616251468658,"[0.5350599737826996, 0.2989139701135832, 0.15383046776223183, -0.029288126520073093, -0.007498633180687193]","[0.07734775522051564, 0.051298156273628305, 0.03678607276536695, 0.0028941410957321525, 0.0033166008871467058]",0
ragbench_Qwen2.5-0.5B-Instruct,493,493,pubmedqa,0.6760599613189697,119,0.9152464270591736,0.1768328845500946,"[0.28895307806669546, -0.014408398777387263, -0.014847547156779849, 0.005892877622560424, 0.011191231548413722]","[0.03157295774500108, 0.005715694992603031, 0.0016883742892989564, 0.003492506591823484, 0.0028687993814715913]",0
ragbench_Qwen2.5-0.5B-Instruct,494,494,finqa,0.5945327877998352,141,0.11971437186002731,0.03548489138484001,"[0.013847094390025341, 0.0027601280221477035, 0.01725355939665925, 0.08972890968904837, 0.006835117462850389]","[0.0007546023957026143, 0.0008038121739213052, 0.0025529603200824614, 0.022234955515542314, 0.002575685586437955]",0
ragbench_Qwen2.5-0.5B-Instruct,495,495,pubmedqa,1.5582880973815918,68,1.144535779953003,0.16497448086738586,"[0.8764754863839377, -0.030760720735141897, -0.02514582916902488, -0.0013855373117086641]","[0.098552663495545, 0.007568057264934931, 0.008135765801746268, 0.0068955969126203425]",0
ragbench_Qwen2.5-0.5B-Instruct,496,496,covidqa,1.5047239065170288,17,0.5204446315765381,0.22575034201145172,"[0.04002830888513178, 0.6001453930238152, -0.014722806699116036, -0.04061320501322745, -0.07068666395132502]","[0.050257049864838754, 0.14633898194947773, 0.003577856989042182, 0.009141087090244703, 0.004809573688763682]",0
ragbench_Qwen2.5-0.5B-Instruct,497,497,pubmedqa,1.025866985321045,174,0.40346693992614746,0.09490799903869629,"[0.03051798384584036, 0.18381688854507913, -0.007346992846306556, -0.025863429714901166]","[0.010554882486203902, 0.04525243041836048, 0.0018695289451490429, 0.007315049719111279]",0
ragbench_Qwen2.5-0.5B-Instruct,498,498,finqa,0.615736722946167,171,0.12799642980098724,0.058012425899505615,"[-0.013660964312778464, -0.011268899260194462, 0.1600782787679651, -0.016838377793185547, -0.013783451681427706]","[0.0027628052219906005, 0.001349121771699138, 0.048035804986988326, 0.002854094223379014, 0.0017266610870013072]",0
ragbench_Qwen2.5-0.5B-Instruct,499,499,pubmedqa,0.8994576930999756,24,0.9229962825775146,0.0708845853805542,"[1.0733652430887257, -0.04836937750102758, -0.0262727912486298, -0.013620127415075936, -0.02548689023145319]","[0.05637546356077413, 0.005819120268341749, 0.005904440624808179, 0.010064755982114093, 0.011279991156015967]",0
ragbench_Qwen2.5-0.5B-Instruct,500,500,finqa,0.8368212580680847,86,0.19846157729625702,0.08857323229312897,"[-0.043044379026437235, -0.017832963959900226, -0.017283941138598782, 0.2624822975983653, -0.01664323076233734]","[0.00407566083277164, 0.0025235399484634614, 0.0028432075804031417, 0.06639851590110682, 0.006595965796709841]",0
ragbench_Qwen2.5-0.5B-Instruct,501,501,finqa,0.7246654033660889,141,0.09786830097436905,0.05769580975174904,"[-0.008555431427733774, 0.0018099345610912774, 0.0014024204524430582, 0.09666696406446051, -0.008221303801621345]","[0.0017557663570204622, 0.001085791037043888, 0.0015233121230768904, 0.04219638577018521, 0.002090864527547191]",0
ragbench_Qwen2.5-0.5B-Instruct,502,502,pubmedqa,1.2418577671051025,110,1.2323389053344727,0.2006099671125412,"[0.6452922529590565, 0.45892843689864754, -0.01297543208013601, -0.033035730357104595, -0.011854170847965922]","[0.13724676452265033, 0.05518073596110339, 0.00451623779485999, 0.0028426939787085425, 0.0033837365308448334]",0
ragbench_Qwen2.5-0.5B-Instruct,503,503,finqa,0.46725791692733765,188,0.1396150439977646,0.04317617416381836,"[0.014785011699683657, 0.15399798348721078, -0.0003829887435789173, -0.004441993614543034]","[0.0024414895115277904, 0.03724119539013015, 0.0014407212839548744, 0.0012114491294598333]",0
ragbench_Qwen2.5-0.5B-Instruct,504,504,covidqa,0.9927811026573181,27,2.2466185092926025,0.2768665552139282,"[0.08755731753815242, 1.7526391429343708, 0.3438133389141445, 0.14955964631668325, 0.08007603708042384]","[0.017765271539583745, 0.21335302862226618, 0.042495316856325696, 0.018076776830572204, 0.015747450181556308]",0
ragbench_Qwen2.5-0.5B-Instruct,505,505,pubmedqa,1.004870891571045,200,0.6774517893791199,0.14360849559307098,"[0.011067936900669793, 0.29080281659023965, 0.02956322798418796, 0.0733743609668204, -0.022680512254516998]","[0.012398525080597267, 0.04352433435159725, 0.01916053743853212, 0.03312037989254861, 0.00476651263693654]",0
ragbench_Qwen2.5-0.5B-Instruct,506,506,finqa,0.6806520819664001,200,0.020483842119574547,0.019298113882541656,"[-0.006379324264489696, 0.0004186721886867417, -0.009624634138415331, -0.0042274475395117864, -0.026957727176509252]","[0.0017089143095377324, 0.0013447870924592565, 0.0008964879383420765, 0.00037560039641768126, 0.0014805205682498369]",0
ragbench_Qwen2.5-0.5B-Instruct,507,507,pubmedqa,0.9558684229850769,179,0.6101073622703552,0.10959357768297195,"[0.13529849464385588, 0.07034833037397734, 0.019050204891592537, 0.07373404247132968, 0.20963156770907435]","[0.029483561028753505, 0.012080144232970344, 0.007344748028052921, 0.015099373841492448, 0.03508780058403993]",0
ragbench_Qwen2.5-0.5B-Instruct,508,508,finqa,0.902011513710022,88,0.49105167388916016,0.10259094834327698,"[0.016543053956318297, 0.0274593517390749, 0.032754415822492694, 0.06329245686657972, 0.5086084653491334]","[0.0025099265110295477, 0.002326495128499705, 0.003948269642504085, 0.007821234782408966, 0.09252910271654051]",0
ragbench_Qwen2.5-0.5B-Instruct,509,509,pubmedqa,1.226378083229065,113,0.41012969613075256,0.1057746633887291,"[-0.011762914984421063, -0.02023200746790498, 0.10179346744675526, 0.19645853002332367, -0.020098201078141264]","[0.021753702568766877, 0.013526215940385805, 0.023585303361453074, 0.04071447964802206, 0.010349824232819233]",0
ragbench_Qwen2.5-0.5B-Instruct,510,510,finqa,0.7516278624534607,157,0.08214274793863297,0.04452712461352348,"[-0.011944971735113882, -0.007098069653731182, -0.009756097946719935, 0.10470231120508827, 0.009868934881923898]","[0.0027576048290539716, 0.0017530688208260553, 0.001953824750601389, 0.028466732531639383, 0.0030421881907777004]",0
ragbench_Qwen2.5-0.5B-Instruct,511,511,pubmedqa,0.8795446753501892,158,0.39304319024086,0.10210663825273514,"[0.1238044771113972, 0.3016470228447625, 0.04968400015413172, 0.014465421110963125]","[0.03834396244070028, 0.04763472131746662, 0.005450928033661308, 0.005408228161274156]",0
ragbench_Qwen2.5-0.5B-Instruct,512,512,techqa,2.197270154953003,200,-0.0018753791227936745,0.02011406235396862,"[-0.0017123148709652014, -0.019752815780484524, -8.618920470325975e-05, 0.03312014315812121]","[0.003909076713146078, 0.0018039748968521963, 0.0014530495396843435, 0.004770328595250248]",0
ragbench_Qwen2.5-0.5B-Instruct,513,513,pubmedqa,1.1707468032836914,200,1.1358779668807983,0.18419048190116882,"[-0.00630930725480539, 0.40924726894082597, 0.6329675326552388, 0.13296590201805883, -0.012737170826694637]","[0.00961829298828718, 0.07842781703223978, 0.08595780274625199, 0.02219884766711509, 0.004466225588931821]",0
ragbench_Qwen2.5-0.5B-Instruct,514,514,finqa,0.649921178817749,200,0.11689641326665878,0.03328755497932434,"[0.02165747218049546, 0.024426036635566105, 0.0014836305256426385, 0.011552043388212497, 0.08320810774376469]","[0.0021426195954289897, 0.003918584819980246, 0.0019386313187996506, 0.0014496782364531314, 0.019984449367569327]",0
ragbench_Qwen2.5-0.5B-Instruct,515,515,finqa,0.5996913313865662,73,0.1881566196680069,0.0711555927991867,"[0.013544104985020854, 0.03497626872339337, 0.0327567444406693, 0.023831264285908132, 0.24954820302161962]","[0.002285088104989436, 0.003781844737973998, 0.005251865844770723, 0.004769836488625428, 0.07682124875670886]",0
ragbench_Qwen2.5-0.5B-Instruct,516,516,finqa,1.0775924921035767,64,1.0163124799728394,0.12302283942699432,"[0.5214675074542257, 0.08306083054985258, -0.01170573118823981, 0.04136790596384898, -0.007570398436104853]","[0.08851030921584524, 0.01935987920294302, 0.0038851235911367965, 0.004252471282053083, 0.002815847323980325]",0
ragbench_Qwen2.5-0.5B-Instruct,517,517,finqa,0.9195817112922668,69,0.12375374138355255,0.06534553319215775,"[0.20527778264160745, -0.002207949248812561, 0.01995176740770741, -0.005705822965067626]","[0.05270195733562658, 0.002738282949074847, 0.0014128793694549197, 0.001256323806057276]",0
ragbench_Qwen2.5-0.5B-Instruct,518,518,finqa,0.6713520884513855,142,-0.0768483579158783,0.02225993573665619,"[-0.0075706163908928915, -0.0038878445223667446, 0.0045788299767050185, -0.002316818515401139, -0.043357420967460814]","[0.0025056902272049078, 0.00023559795996029253, 0.000399243600481199, 0.0004643449396169585, 0.006137417419453218]",0
ragbench_Qwen2.5-0.5B-Instruct,519,519,pubmedqa,0.8019658923149109,127,0.8509756922721863,0.15362361073493958,"[0.18635065624829886, 0.03372524362810251, 0.6472863868105156, -0.07195345778899086, -0.03234987224937853]","[0.03365138796023147, 0.028113334653549222, 0.07207810951236719, 0.008189875578078789, 0.0065058466961109545]",0
ragbench_Qwen2.5-0.5B-Instruct,520,520,pubmedqa,1.0971187353134155,200,0.4549245834350586,0.10573530197143555,"[0.5069300943759663, -0.020215960570203605, -0.023773423645761797, -0.03184962345694657]","[0.0916260344599084, 0.009057400141168728, 0.00694765449655165, 0.0055794190895008455]",0
ragbench_Qwen2.5-0.5B-Instruct,521,521,finqa,0.6378712058067322,152,0.21603599190711975,0.045410409569740295,"[0.04670706439119206, 0.05177802226061084, 0.0059586427096396735, -0.004189069660517481, 0.007635054977057328]","[0.007531838394947654, 0.0148778779678007, 0.0006942325400688457, 0.0013488783643276448, 0.0036644285404456036]",0
ragbench_Qwen2.5-0.5B-Instruct,522,522,techqa,1.7369004487991333,191,0.481693297624588,0.08572044968605042,"[-0.05251597487747868, -0.01895523634669127, -0.0033445548617704016, 0.1754459015535482, -0.011125957387842661]","[0.00956484337785834, 0.0019185069131922867, 0.019098636718045778, 0.027079103515418756, 0.0067283368055521126]",0
ragbench_Qwen2.5-0.5B-Instruct,523,523,pubmedqa,0.9003031849861145,200,1.2636924982070923,0.19068141281604767,"[0.8248980578125247, 0.457727057732659, -0.026024988863146064, -0.004853182961992389]","[0.13153737811710756, 0.06026817949025364, 0.004535098957935446, 0.0025769021267934987]",0
ragbench_Qwen2.5-0.5B-Instruct,524,524,finqa,0.5890117883682251,200,0.28790608048439026,0.05621293559670448,"[-0.012612945222060716, -0.010656853676662052, 0.3075124915963701, -0.007670173524273025, -0.012830688834538079]","[0.0008365283873096274, 0.0010029121585864687, 0.04809436886460535, 0.0017260152731187618, 0.0008709230090932252]",0
ragbench_Qwen2.5-0.5B-Instruct,525,525,finqa,0.5846863389015198,200,0.11299865692853928,0.04710957035422325,"[-0.02607335416183844, -0.017451531020043945, -0.009894691471459396, 0.12241745221031124, -0.026229348622584324]","[0.002776079405881191, 0.0023689887492844976, 0.003483127340221728, 0.036211680910143686, 0.004318037657307486]",0
ragbench_Qwen2.5-0.5B-Instruct,526,526,finqa,0.7012245655059814,163,0.11297658085823059,0.04674616456031799,"[0.0002904910746032429, -1.6185842575000076e-06, -0.003010800931883332, 0.005765774916115311, 0.13931343000141544]","[0.002608246690836054, 0.0018166858467638808, 0.003550768383046753, 0.0025395620719000696, 0.036484719783515036]",0
ragbench_Qwen2.5-0.5B-Instruct,527,527,pubmedqa,1.2171200513839722,99,1.09538733959198,0.1442478448152542,"[1.1388166194353628, -0.022347671230193673, 0.025503377708868943, -0.021715196791296645]","[0.1434005610891759, 0.005296167566731551, 0.008458851289540601, 0.004826431474245138]",0
ragbench_Qwen2.5-0.5B-Instruct,528,528,finqa,0.6416414976119995,166,0.21596013009548187,0.05071957781910896,"[0.04941642977089404, 0.20961822814623735, -0.007120677611010525, -0.0037008505771363082, 0.008555498342298599]","[0.004827344202786244, 0.04215291129452996, 0.0008588601473335933, 0.0008210392416524236, 0.0009897280257057076]",0
ragbench_Qwen2.5-0.5B-Instruct,529,529,pubmedqa,1.0201770067214966,200,0.9411002993583679,0.17184796929359436,"[-0.0069039696461004494, 0.2562037094183324, 0.5458973969828549, 0.009822224431372888, -0.012779409548002149]","[0.020018295655348767, 0.051675309675505904, 0.07761581809848962, 0.002919738203262341, 0.002433974441470923]",0
ragbench_Qwen2.5-0.5B-Instruct,530,530,finqa,0.5010935068130493,181,0.32614609599113464,0.0883871391415596,"[0.016205417280814382, 0.30161863457756, 0.000541775740283891, 0.004388618873833155, 0.01764182295562666]","[0.009949645320001648, 0.07884706487667814, 0.003915035644789132, 0.002905277247137955, 0.00511164771165171]",0
ragbench_Qwen2.5-0.5B-Instruct,531,531,pubmedqa,0.7484562397003174,190,1.031386137008667,0.14811842143535614,"[0.23181424417559932, -0.01023452730927554, 0.4677750837139372, 0.3273846628060638, -0.0016290209711960894]","[0.03794620344116176, 0.00629647399712242, 0.05503910478101734, 0.035441885220769104, 0.005741953443299208]",0
ragbench_Qwen2.5-0.5B-Instruct,532,532,pubmedqa,0.7217983603477478,171,1.2880522012710571,0.21263045072555542,"[0.5436786799819265, 0.7818608304155665, -0.01128979858643037, -0.01741928189536519]","[0.08393075513769702, 0.11632303927463425, 0.006122714293975437, 0.004045551499026175]",0
ragbench_Qwen2.5-0.5B-Instruct,533,533,finqa,0.7011552453041077,200,0.42924797534942627,0.10118003934621811,"[0.35514800608244795, -0.00029248873574715616, -0.0024817298227890207, -0.005917842494185948, -0.013563038828149843]","[0.08256800481263894, 0.004014909507556865, 0.002625324568198195, 0.0022506632239304735, 0.0020710074391564605]",0
ragbench_Qwen2.5-0.5B-Instruct,534,534,finqa,0.933745265007019,36,-0.029934542253613472,0.046471331268548965,"[0.013330833655825498, 0.012580148146753345, 0.0295740246156634, 0.021938680276106324, 0.13764414984628578]","[0.002319313714694873, 0.0016011985750247328, 0.004892635114054479, 0.001242460241340066, 0.020789503928439344]",0
ragbench_Qwen2.5-0.5B-Instruct,535,535,pubmedqa,1.4182405471801758,114,0.9717369675636292,0.13689963519573212,"[0.6203564740063852, -0.03906862398173217, -0.0362839051977381, -0.027275381681472043]","[0.07549961824342813, 0.004813303184144452, 0.0028547973654320614, 0.009173635696605854]",0
ragbench_Qwen2.5-0.5B-Instruct,536,536,finqa,0.6373367309570312,171,0.3094059228897095,0.08544718474149704,"[-0.0011145464919212168, 0.020184292188409742, 0.29635920980251673, 0.006345638303718638, 0.0037441463848834735]","[0.0021736119624121563, 0.0020442610866053344, 0.06791337683365282, 0.005608651892653868, 0.0007258731065035441]",0
ragbench_Qwen2.5-0.5B-Instruct,537,537,pubmedqa,1.164074420928955,200,0.5676133632659912,0.11398573219776154,"[0.04183776136526831, 0.2852841224907843, 0.09261042486793031, 0.004148836276222027, 0.004397003379881426]","[0.010556679694558114, 0.05982900315839416, 0.029473316543090676, 0.004778362061310588, 0.006350087513673514]",0
ragbench_Qwen2.5-0.5B-Instruct,538,538,finqa,0.6005222797393799,166,0.1548459827899933,0.0604376457631588,"[0.008378799009591034, 0.02079479275360164, 0.18706072925668918, 0.0046335243392297935]","[0.005681960452830428, 0.006367512471465468, 0.04920424013622547, 0.0005053441972222572]",0
ragbench_Qwen2.5-0.5B-Instruct,539,539,pubmedqa,1.869028925895691,32,0.215268075466156,0.1599891036748886,"[0.45260550305647484, 0.05132873669936089, 0.0373908171623043, 0.04255030205604271, -0.059974289701131056]","[0.15814175552873166, 0.0195511790802243, 0.003766743478763601, 0.003252045832425665, 0.006050611385944649]",0
ragbench_Qwen2.5-0.5B-Instruct,540,540,finqa,1.2438182830810547,22,0.76348876953125,0.15896975994110107,"[0.0660982832163096, 0.8980794461174149, 0.030532261677845698, 0.062776069593383, 0.09180183507322165]","[0.0039553188398093134, 0.14430610984961526, 0.00643626987485649, 0.003968089196524199, 0.007633421831625045]",0
ragbench_Qwen2.5-0.5B-Instruct,541,541,pubmedqa,1.0011320114135742,200,0.9974821209907532,0.16963763535022736,"[0.12844005009574175, -0.02119040384066011, 0.2191662533097224, 0.6200970278140175, -0.01838716605722766]","[0.03564311671350936, 0.006299837418068819, 0.041203892204795096, 0.08831376052215084, 0.004085913409795126]",0
ragbench_Qwen2.5-0.5B-Instruct,542,542,finqa,0.8192397952079773,77,0.6740856170654297,0.1918473243713379,"[-0.08616259984440845, -0.04576150480674683, 0.4854774930610164, -0.0003905998828368074, 0.03753857621120608]","[0.006142993984045784, 0.0033646440267663786, 0.11599050813301594, 0.002410074315091665, 0.0014300353856419683]",0
ragbench_Qwen2.5-0.5B-Instruct,543,543,finqa,1.0276525020599365,104,0.20428308844566345,0.06642014533281326,"[0.033545266863816675, 0.013372258801137623, 0.011123325109941526, 0.002645719353840657, 0.1941099835051913]","[0.0037587654537613977, 0.003885807136733195, 0.005806855541346651, 0.0007396771782942197, 0.04664307926029073]",0
ragbench_Qwen2.5-0.5B-Instruct,544,544,hotpotqa,0.4970761239528656,25,0.4665736258029938,0.064888134598732,"[0.4169904560089344, 0.18778488577532698, 0.16270484567066887, 0.15038720614960766, 0.19704038751413464]","[0.03880355704110116, 0.016880753321602243, 0.015420002872460828, 0.01442390695301583, 0.014387486092127802]",0
ragbench_Qwen2.5-0.5B-Instruct,545,545,pubmedqa,0.9224531650543213,200,1.1395055055618286,0.17449313402175903,"[-0.012970920499337808, 0.5923776734541752, 0.2906095407123212, 0.012984792780162024, 0.282829660959851]","[0.009028276261304313, 0.08218669969430721, 0.03790372441832915, 0.012736423674934655, 0.03601619794499186]",0
ragbench_Qwen2.5-0.5B-Instruct,546,546,finqa,2.0129282474517822,19,0.05039997771382332,0.06702417135238647,"[-0.07744908775815643, 0.015494919130823723, 0.022781709114114118, 0.2249944556219577, 0.051717376114347166]","[0.0201637662087131, 0.002538258032401293, 0.0028619099915120293, 0.011376808251737347, 0.0010204189805718717]",0
ragbench_Qwen2.5-0.5B-Instruct,547,547,finqa,1.3439505100250244,50,0.4195977747440338,0.15044771134853363,"[0.02096239229821549, 0.014480874636608404, -0.0022624414819165397, 0.041208855703800965, 0.45705470880140636]","[0.002706091830274886, 0.00393230706884708, 0.0025311883021117863, 0.005444608983281114, 0.1174676256403552]",0
ragbench_Qwen2.5-0.5B-Instruct,548,548,finqa,0.49339619278907776,126,0.26956504583358765,0.058096423745155334,"[0.26457200521467134, 0.013234649841457386, -0.0018327855472134182, 0.013127531839330235, 0.00072227510773585]","[0.04433432494704854, 0.000549884101918083, 0.0014076727964433327, 0.0007661766442468087, 0.000607828549738268]",0
ragbench_Qwen2.5-0.5B-Instruct,549,549,pubmedqa,0.9538957476615906,200,1.3845949172973633,0.21375912427902222,"[0.42859011156461746, 0.3843823968207539, 0.629678049149461, 0.01634778027902257, 0.00014763903714197114]","[0.06559575621054861, 0.05722800766318347, 0.0799409538581441, 0.012045391096044184, 0.004084022826944036]",0
ragbench_Qwen2.5-0.5B-Instruct,550,550,finqa,0.6730367541313171,175,0.12856875360012054,0.06524449586868286,"[-0.01675760252559225, 0.007861625488492011, -0.007012154985817948, -0.008309407003772711, 0.07295563515548045]","[0.002733048246054588, 0.0020252526202776673, 0.0015611425071538829, 0.0016398618064178143, 0.04735102579237329]",0
ragbench_Qwen2.5-0.5B-Instruct,551,551,pubmedqa,1.1068899631500244,200,0.7013599276542664,0.14886616170406342,"[0.4864990057433897, 0.2351834240264452, 0.009792992814009267, 0.004916444432574281, 0.007676484514777257]","[0.09237116813729443, 0.047559880858734686, 0.003555992288809904, 0.0036471203414893696, 0.002019446736943564]",0
ragbench_Qwen2.5-0.5B-Instruct,552,552,techqa,1.7300585508346558,200,0.09590715169906616,0.014337606728076935,"[0.017328731195939327, -0.010269539765504305, -0.01587654251456115, -0.012567773879272864, -0.002802427320220886]","[0.002784548021224964, 0.0022622724167695196, 0.0022812559463909563, 0.00365706358905868, 0.002754944000048454]",0
ragbench_Qwen2.5-0.5B-Instruct,553,553,pubmedqa,0.5582172870635986,200,1.8096553087234497,0.27935659885406494,"[1.1356870543020887, 0.3071314310299169, 0.575725046557734, 0.005038192972155003]","[0.17784036647759877, 0.04089047872062515, 0.0798625466359551, 0.004891282119956913]",0
ragbench_Qwen2.5-0.5B-Instruct,554,554,pubmedqa,0.7135802507400513,200,0.7775453925132751,0.13888205587863922,"[0.300254173845733, -0.017306923574907956, 0.21813927869368968, 0.23417557977787623, -0.00601718737441729]","[0.04555461378132634, 0.005858738103960235, 0.03544424232630263, 0.04037932596441806, 0.006765958982859814]",0
ragbench_Qwen2.5-0.5B-Instruct,555,555,hotpotqa,1.035273551940918,26,0.034983955323696136,0.11998461931943893,"[0.09319516061553329, 0.034548425439844814, -0.08945624146312744, 0.06250795701089373, 0.039486807250096505]","[0.02224904810227949, 0.010269932231184296, 0.017810199976600834, 0.006714454947532781, 0.005430092935140552]",0
ragbench_Qwen2.5-0.5B-Instruct,556,556,finqa,0.6342640519142151,187,0.13695769011974335,0.04387613385915756,"[-0.004055058789949701, -0.0062962132817939226, -0.0005214251361070987, 0.0008709652633161388, 0.1664628900509493]","[0.0007130461485723936, 0.001261044842306578, 0.00068675991027178, 0.001006430450315059, 0.037325955417504525]",0
ragbench_Qwen2.5-0.5B-Instruct,557,557,finqa,1.3365106582641602,68,0.15333102643489838,0.04707130789756775,"[-0.015375104520658437, 0.0032434714885044634, -0.009178329566619889, -0.014180673500023284, 0.027941311793630817]","[0.0053113098625605, 0.002800457973185811, 0.0017483778391635951, 0.0019703900320965817, 0.003503468123113862]",0
ragbench_Qwen2.5-0.5B-Instruct,558,558,finqa,0.9126710891723633,69,0.24431654810905457,0.08243317157030106,"[0.12596623046809566, 0.1425663095516042, 0.17402776184452165, -0.006865218770605903]","[0.00809025838084809, 0.036391029613775536, 0.02641988625447723, 0.0016985469393178034]",0
ragbench_Qwen2.5-0.5B-Instruct,559,559,pubmedqa,1.1525468826293945,82,0.6885436177253723,0.10710083693265915,"[0.019706842680634287, 0.5775935158427473, 0.04347717211576088, 0.06308244366398245]","[0.03536248492427219, 0.06353223484843838, 0.01559518831130867, 0.00723163142887793]",0
ragbench_Qwen2.5-0.5B-Instruct,560,560,pubmedqa,0.8814592957496643,109,0.9099206328392029,0.12393716722726822,"[0.05110065199665068, 0.027302192132387847, 0.2035694956285466, 0.43562142575615953, 0.010624557478443363]","[0.014942899033475017, 0.012858976389598457, 0.03200237894733568, 0.04477262267214261, 0.006522438539767699]",0
ragbench_Qwen2.5-0.5B-Instruct,561,561,pubmedqa,0.9191069006919861,82,0.9284198880195618,0.1670789122581482,"[0.12991502747571781, 0.8660027979608791, -0.014031681313476506]","[0.04481856263459033, 0.12618706340655503, 0.005504782722340104]",0
ragbench_Qwen2.5-0.5B-Instruct,562,562,finqa,0.7963689565658569,135,1.1386709213256836,0.18250733613967896,"[-0.005457455853704855, 1.0438453378790318, -0.02000001765532244, 0.0026941219577864745, -0.012483803207875453]","[0.009410690467054518, 0.17370707794240878, 0.007376316833794708, 0.0068856447508812415, 0.006214170039905193]",0
ragbench_Qwen2.5-0.5B-Instruct,563,563,finqa,0.7664079666137695,169,0.14644762873649597,0.038213808089494705,"[0.04782787725043926, -0.004733316720741974, 0.06060288323573407, 0.00936163279778442]","[0.005624267655139461, 0.0016307457005957436, 0.013769907578787176, 0.0012835634923456882]",0
ragbench_Qwen2.5-0.5B-Instruct,564,564,hotpotqa,1.0127127170562744,20,-0.13611112534999847,0.06373457610607147,"[0.014008466392988339, -0.08342573481495492, 0.018688872462371366, -0.08914783344953321]","[0.013286445008270675, 0.010159177862624347, 0.01690856933782925, 0.08134041132725542]",0
ragbench_Qwen2.5-0.5B-Instruct,565,565,finqa,1.1839356422424316,83,0.13762378692626953,0.04591492563486099,"[0.10214276931539468, 0.004801162474422999, -0.005917909612249041, -0.006206992789994257, -0.010213064057908528]","[0.02451364474433765, 0.001010211163717546, 0.00044406656110209313, 0.00035534466593321396, 0.0036686453478638674]",0
ragbench_Qwen2.5-0.5B-Instruct,566,566,pubmedqa,1.4672192335128784,73,0.7283554673194885,0.1370030641555786,"[0.11139958792554265, 0.7481991342286426, -0.024226236343702735, -0.03444281360931847, -0.1000957188056144]","[0.022202305858452946, 0.1130880513084452, 0.009210309159125121, 0.007248814935705113, 0.011757247576671744]",0
ragbench_Qwen2.5-0.5B-Instruct,567,567,pubmedqa,0.8384944796562195,200,0.9955413937568665,0.19043214619159698,"[0.32420386892083114, 0.37302013940055984, 0.3621176656739772, -0.007179135893111379]","[0.056699357105749186, 0.06877645917032595, 0.07412836609187877, 0.004592497732554364]",0
ragbench_Qwen2.5-0.5B-Instruct,568,568,finqa,0.9547260403633118,55,0.6214671730995178,0.07988734543323517,"[0.019253026633294403, 0.02202902144439246, 0.047109965742135336, 0.4394791217483192, -0.0013779738377789645]","[0.004138970193779492, 0.0010681716304033401, 0.007528305902092698, 0.04792689539091393, 0.002965809505059011]",0
ragbench_Qwen2.5-0.5B-Instruct,569,569,finqa,0.6664779782295227,113,0.3765043318271637,0.08304628729820251,"[0.20035287441230792, 0.1603533458615428, 0.01609816194363329, -0.0024988360889965588, 0.07237296067785765]","[0.03373825844076303, 0.01920021647076645, 0.0019354936753017634, 0.0007440395445792369, 0.020833723658098262]",0
ragbench_Qwen2.5-0.5B-Instruct,570,570,pubmedqa,1.0780245065689087,192,1.102432370185852,0.19499902427196503,"[0.5692701776548953, 0.4648964135177304, 0.3684281190780941]","[0.07231703869381552, 0.07517144495733419, 0.07139797147928399]",0
ragbench_Qwen2.5-0.5B-Instruct,571,571,covidqa,0.7595809698104858,23,0.8071910738945007,0.10890255123376846,"[-0.13009210049605588, 0.8544966739035494, -0.03258672542268987, 0.02209821193853555, -0.02918363520502285]","[0.0036774494508237062, 0.08376971594478401, 0.0014279753903516078, 0.001006038072447431, 0.00556029364960246]",0
ragbench_Qwen2.5-0.5B-Instruct,572,572,hotpotqa,1.1625006198883057,18,2.8160200119018555,0.3116570711135864,"[0.18743416423932205, 3.277447814742724, 0.2759832146825324, 0.2725261566560625]","[0.007030325528780345, 0.323271579730014, 0.012407234949534995, 0.013774409955254264]",0
ragbench_Qwen2.5-0.5B-Instruct,573,573,finqa,1.229232907295227,58,0.014408547431230545,0.08824047446250916,"[-0.0215625446403935, 0.016361787614767247, -0.005098434265587927, 0.1996240836742486, -0.010314378828925014]","[0.004442763586180733, 0.0015528872794310826, 0.0019319842018740803, 0.05283985336033397, 0.003025309129715628]",0
ragbench_Qwen2.5-0.5B-Instruct,574,574,finqa,0.5538743734359741,178,0.02614600956439972,0.010543390177190304,"[0.0036122734465832028, 0.005088174435549559, -0.000853289260177324, -0.005138187382619456, 0.036316175362505386]","[0.0005003092613558723, 8.35885938143425e-05, 9.037586700376426e-05, 0.00017883871990260957, 0.005667588407249972]",0
ragbench_Qwen2.5-0.5B-Instruct,575,575,hotpotqa,2.089325189590454,23,1.2269322872161865,0.23616154491901398,"[-0.27238489765896584, -0.065160087982962, 1.2372046832106602, -0.06137792821771101, -0.05611714073861747]","[0.0625032786070812, 0.018448662756070364, 0.1421740423200232, 0.012619809719541556, 0.011167141142046286]",0
ragbench_Qwen2.5-0.5B-Instruct,576,576,finqa,1.0846939086914062,55,0.22150109708309174,0.12619444727897644,"[0.05484085028825079, -0.04632125779789931, -0.026261370018321694, 0.26880799930642585, -0.0017522116562428312]","[0.053938325597584935, 0.0051054038748103185, 0.003683868036027475, 0.07113318621221548, 0.003080606064341654]",0
ragbench_Qwen2.5-0.5B-Instruct,577,577,pubmedqa,1.1336236000061035,137,0.7644029855728149,0.14619340002536774,"[0.007718170478189684, 0.34945618035303627, 0.27954912673482074, -0.04969035744346061]","[0.012543526133658053, 0.07812680475867313, 0.04065627280338663, 0.00420069699451724]",0
ragbench_Qwen2.5-0.5B-Instruct,578,578,finqa,0.5566788911819458,124,0.23381541669368744,0.06742633134126663,"[0.004074792331376528, 0.24911426048435803, 0.0011767793782250773, 0.0023701113659663244, 0.03126051539968631]","[0.0056812345508238, 0.04830345167665355, 0.0023429616045482987, 0.0028134799675516003, 0.0026279968955769334]",0
ragbench_Qwen2.5-0.5B-Instruct,579,579,pubmedqa,0.8973788619041443,200,0.771036684513092,0.13734441995620728,"[0.8407813234470882, -0.07132706986524, 0.08346446079016687, -0.0767240898373825]","[0.12624990279376277, 0.01263104834014161, 0.0182301958377467, 0.01356486132150394]",0
ragbench_Qwen2.5-0.5B-Instruct,580,580,delucionqa,1.2635377645492554,98,1.21952486038208,0.2301660031080246,"[0.030625606952229163, 0.06186763851251364, 0.028884983047553724, 0.10055605877292989, 0.04125322944358287]","[0.01387261704650084, 0.01579402823446279, 0.0036896397388230125, 0.012491298149950812, 0.004805774557803952]",0
ragbench_Qwen2.5-0.5B-Instruct,581,581,pubmedqa,0.9180940389633179,125,0.9438327550888062,0.1630685180425644,"[0.18627452154224738, 0.7281625418133335, -0.0020926442957133985, -0.01836329175857827, -0.02330440399039071]","[0.030001422897505108, 0.1185700318564086, 0.003866972492174682, 0.0043692153960073485, 0.0030551409362087724]",0
ragbench_Qwen2.5-0.5B-Instruct,582,582,finqa,0.5470130443572998,194,0.14885970950126648,0.04796166345477104,"[-0.0009744687252798274, 0.005553100304077183, 0.10611406503241981, 0.0034054101325284238]","[0.0024059592907391095, 0.0019211049104632168, 0.02584493319949095, 0.000460070495907541]",0
ragbench_Qwen2.5-0.5B-Instruct,583,583,pubmedqa,0.9553515911102295,200,1.3541922569274902,0.20868152379989624,"[0.998799943784552, 0.08424890764736574, -0.01896309987275572, -0.01019487509986675]","[0.14666192822438348, 0.021863696956508746, 0.00526518310538755, 0.007354993746522638]",0
ragbench_Qwen2.5-0.5B-Instruct,584,584,pubmedqa,0.5714485049247742,142,0.9557572603225708,0.15679767727851868,"[-0.006083485528314425, 0.008911496616490976, 0.16053131044314078, 0.666361428241089]","[0.009650348960212916, 0.0029156607960285534, 0.028444541542215297, 0.09838176238682635]",0
ragbench_Qwen2.5-0.5B-Instruct,585,585,pubmedqa,0.9328786134719849,145,1.3286798000335693,0.16331246495246887,"[0.8979155225298106, 0.45443639675385356, -0.0009831062029504742, -0.020044816896715303, -0.016575843958080753]","[0.11757924818670454, 0.04406593869921792, 0.002699440395602045, 0.004137822282536102, 0.002349619708758449]",0
ragbench_Qwen2.5-0.5B-Instruct,586,586,finqa,0.811047375202179,39,0.1949494183063507,0.0956931933760643,"[-0.049250560258746516, 0.15271675863214812, 0.007822744850366293, 0.014916392106104653, 0.019928110356350094]","[0.010094802830082746, 0.034160560942726265, 0.0007985348394506731, 0.0009385205814559856, 0.0009292843321814778]",0
ragbench_Qwen2.5-0.5B-Instruct,587,587,finqa,0.5993320345878601,177,0.09892576932907104,0.04937756061553955,"[0.0010512789282212116, -0.012275416648677713, -0.0009130393494958406, -0.0017248195802097653, 0.0889111740827122]","[0.008715754442433608, 0.0012923560747361666, 0.0010667767530702608, 0.0011712727339345595, 0.03478465969168123]",0
ragbench_Qwen2.5-0.5B-Instruct,588,588,covidqa,1.3856977224349976,39,0.11936366558074951,0.06451329588890076,"[0.22074696519419562, 0.027954169397185653, -0.00750832210178487, 0.007928727397274297]","[0.03527129548336187, 0.0026943318607365175, 0.0010048674110538951, 0.004497310397188159]",0
ragbench_Qwen2.5-0.5B-Instruct,589,589,finqa,1.5257859230041504,52,0.05493231117725372,0.03695950657129288,"[0.02926686734253263, 0.0021371662693966823, -0.012765407067210898, -0.013645047347381478, -0.00832453616721278]","[0.005850930287666555, 0.0007539871937139581, 0.0007024934532007767, 0.0009458135218315314, 0.0027476026074719604]",0
ragbench_Qwen2.5-0.5B-Instruct,590,590,pubmedqa,1.0228464603424072,117,0.5272791981697083,0.1387833207845688,"[0.05203817246278298, 0.04392252266423493, -0.03338104423603046, 0.4815501794025769]","[0.0421051623780485, 0.0159924567046451, 0.00925929153872367, 0.061735763425895714]",0
ragbench_Qwen2.5-0.5B-Instruct,591,591,hotpotqa,0.6809616684913635,32,1.1288326978683472,0.1462235450744629,"[0.03176129135727024, 0.2795512830006146, 1.1936064439842085, 0.053782781374366095, 0.1662276734311945]","[0.012847656526162154, 0.019195162672918542, 0.11849927377380709, 0.016104735200288545, 0.0187702445239033]",0
ragbench_Qwen2.5-0.5B-Instruct,592,592,finqa,0.7356542348861694,43,0.5104511380195618,0.11287375539541245,"[0.08811878823244008, 0.029950861202683712, 0.05358672655289453, 0.01743880392854841, 0.5067700582805342]","[0.009576945922385678, 0.004702333874383297, 0.006379232547819818, 0.0071570664620341316, 0.10140228608208594]",0
ragbench_Qwen2.5-0.5B-Instruct,593,593,pubmedqa,0.8174822926521301,200,0.7806926965713501,0.13830527663230896,"[0.15537894232526925, 0.15635925624881566, 0.3946457355097482, 0.002895600751444363, 0.011891030610795496]","[0.038443628179942096, 0.02635387321363055, 0.06773913224856727, 0.004738938775956285, 0.003282857787592377]",0
ragbench_Qwen2.5-0.5B-Instruct,594,594,pubmedqa,0.9199199080467224,200,0.7589849829673767,0.1379118263721466,"[0.12087922072390028, 0.27977425515552684, 0.29566782255094265, -0.025538030191884217]","[0.026163012358391028, 0.04185729951726671, 0.05839525110518437, 0.005517348020103157]",0
ragbench_Qwen2.5-0.5B-Instruct,595,595,finqa,0.5920330882072449,157,0.2765358090400696,0.056248750537633896,"[0.19348206414499353, -0.0002608165475362367, -0.0023363807761968606, -0.0028191999708782256, -0.0026734046641070613]","[0.03821838671674602, 0.002626583096446899, 0.0008199821451160513, 0.0007872004336947241, 0.0008931009596694951]",0
ragbench_Qwen2.5-0.5B-Instruct,596,596,finqa,0.6741602420806885,132,0.1769174188375473,0.06954535841941833,"[0.26067797481574884, 0.0009984066489922175, 0.0004953293200010263, -0.009790773382775987, -0.0026898001928048407]","[0.058428215322624225, 0.0009284004635592962, 0.0006602436322841692, 0.0011116628497821433, 0.0006690177443643992]",0
ragbench_Qwen2.5-0.5B-Instruct,597,597,pubmedqa,1.1365675926208496,200,0.7950360178947449,0.1646440178155899,"[0.16558107459283292, 0.42274728599750233, 0.24067649340520347, 0.019939094112347674, 0.0060522162294603275]","[0.042069821062178506, 0.0789805914923727, 0.042571964811378676, 0.0041786044062236275, 0.0024409589654278106]",0
ragbench_Qwen2.5-0.5B-Instruct,598,598,pubmedqa,0.9026342630386353,200,0.4753347635269165,0.12204594910144806,"[0.2845153676769496, 0.10100753310315212, 0.011054087969182547, -0.007348635072330581]","[0.07033944063607421, 0.024725338536199785, 0.004523477315750668, 0.002186926063976955]",0
ragbench_Qwen2.5-0.5B-Instruct,599,599,pubmedqa,1.138727068901062,200,1.1175166368484497,0.15568822622299194,"[0.7854137394009012, 0.19575948521531245, -0.02129225842309097, -0.01161802033722779, -0.03219790317012666]","[0.11465688927457222, 0.032774742854874715, 0.0031811011427703307, 0.0041009904030954655, 0.004054426544109901]",0
ragbench_Qwen2.5-0.5B-Instruct,600,600,pubmedqa,1.6130212545394897,155,0.40862706303596497,0.09236007928848267,"[0.10529783092882304, 0.19926670887317385, 0.0014500079315058105, -0.01477297752238472, 0.006132226270382225]","[0.030413604722615117, 0.03169234110913815, 0.010470803905848463, 0.004797089974574426, 0.015446430222187524]",0
ragbench_Qwen2.5-0.5B-Instruct,601,601,pubmedqa,1.0629816055297852,168,0.2707460820674896,0.08588168025016785,"[-0.015859373715232192, 0.03430473405682105, 0.03486289067261948, 0.1833321027792235, -0.013442348000829779]","[0.00863483795730179, 0.0191408128468668, 0.003831507769666316, 0.033536341869516186, 0.0038904585764931825]",0
ragbench_Qwen2.5-0.5B-Instruct,602,602,pubmedqa,1.1854006052017212,112,1.051853060722351,0.2202054113149643,"[0.2548458562266335, 0.3210203207722121, 0.5227752780184736, -0.036654129684133556, -0.05397619553722117]","[0.04334125656737342, 0.07526400099647747, 0.09555585377402005, 0.010071671759890575, 0.015648263888757747]",0
ragbench_Qwen2.5-0.5B-Instruct,603,603,finqa,0.5160101056098938,142,0.3567185699939728,0.08654376864433289,"[0.35818160660771586, 0.0050472642053895934, 0.0050472642053895934, -0.0006766260331447407, 0.013244234178757043]","[0.07087328496373191, 0.0005811250509702539, 0.0005811250509702539, 0.002320522836818084, 0.002780159496019307]",0
ragbench_Qwen2.5-0.5B-Instruct,604,604,pubmedqa,0.7973983287811279,172,1.3751096725463867,0.19023174047470093,"[0.4005057177740466, 0.0011742377392946828, 0.17866701961037146, 0.8620280060844866]","[0.06260160520867901, 0.005494147013829262, 0.023772025922278547, 0.1043218882344879]",0
ragbench_Qwen2.5-0.5B-Instruct,605,605,hotpotqa,0.929772675037384,23,0.13262496888637543,0.067078597843647,"[0.06908330384403202, 0.28548131238075375, 0.1763954935585705, 0.08997571615920764, 0.10285496692868827]","[0.010053386406930234, 0.039328084515951246, 0.028022280383172827, 0.007914853815938604, 0.008304733841382387]",0
ragbench_Qwen2.5-0.5B-Instruct,606,606,techqa,2.1683738231658936,200,0.0395570769906044,0.038263872265815735,"[0.032253762948166696, -0.01807677121654706, -0.02614983527961158, -0.02072497042739997, -0.02676273203189339]","[0.021491867334077597, 0.006224330769791777, 0.0020076466047976283, 0.0016576319315026922, 0.00155375947415223]",0
ragbench_Qwen2.5-0.5B-Instruct,607,607,finqa,1.8854836225509644,27,0.37995612621307373,0.13858522474765778,"[-0.045923065282059486, -0.0682390196032227, -0.05018764844000408, -0.008784211822785437, 0.2538141678863515]","[0.00269791466632375, 0.0023730889570119703, 0.002432721872571198, 0.004407829941269652, 0.07269949762074382]",0
ragbench_Qwen2.5-0.5B-Instruct,608,608,pubmedqa,0.8635668158531189,114,0.9292887449264526,0.15020965039730072,"[0.43716418593492945, 0.4619042492186054, -0.001096715516340689, 0.0020841679370437703, 0.0039132907541786326]","[0.058917782670511634, 0.07112637066209235, 0.00373675407611504, 0.00409701352941439, 0.0031478068792254064]",0
ragbench_Qwen2.5-0.5B-Instruct,609,609,finqa,0.7316496968269348,163,0.15187713503837585,0.051362939178943634,"[-0.014230655860387045, -0.029635593664899013, 0.1545930145982347, 0.015069825151215703, -0.0019197475243668877]","[0.0015340760378379844, 0.005023310022758507, 0.03397441023388414, 0.0027328203796565488, 0.0015011421519556631]",0
ragbench_Qwen2.5-0.5B-Instruct,610,610,pubmedqa,0.9187018871307373,200,1.251121163368225,0.20086097717285156,"[0.002746181017023446, 0.2506359783576954, 0.07266859530962848, 0.8855740537962765, -0.0008792605289215771]","[0.01054351035271594, 0.039479859173837145, 0.02323130980799519, 0.1245193653279615, 0.011024118648721099]",0
ragbench_Qwen2.5-0.5B-Instruct,611,611,pubmedqa,1.0512802600860596,110,1.1379727125167847,0.16848532855510712,"[0.8739387483730586, 0.19102441008075072, 0.37110059660891154, 0.015820629376023795, 0.0021926989635341503]","[0.10671778154866006, 0.04706666785345988, 0.042717561025785306, 0.00468176534582612, 0.007404842006914175]",0
ragbench_Qwen2.5-0.5B-Instruct,612,612,pubmedqa,1.208854079246521,111,0.8974868059158325,0.1381380707025528,"[0.2082103661787187, -0.008157178016624236, 0.824513711391835, -0.02748248036503126, 0.00011920313821204357]","[0.03577638515430526, 0.006654792968158043, 0.09016547961958502, 0.012664316543876581, 0.004745675175205724]",0
ragbench_Qwen2.5-0.5B-Instruct,613,613,finqa,1.0569491386413574,28,0.24457798898220062,0.03455285355448723,"[-0.0018043590479075128, -0.015747588153447265, -0.013302196149717409, 0.020805305992325884, 0.19398264766160928]","[0.001088477871897047, 0.001415982580803237, 0.001498726211241522, 0.002248942538295345, 0.017384159620965938]",0
ragbench_Qwen2.5-0.5B-Instruct,614,614,pubmedqa,1.1937222480773926,138,0.6266332268714905,0.12300163507461548,"[0.02760255949261176, -0.021894810757101077, 0.12710059116506128, 0.45499634578176434, -0.07270105254968527]","[0.012217111175543267, 0.0078945914364615, 0.02869463611045089, 0.056197810509935976, 0.02055291641754947]",0
ragbench_Qwen2.5-0.5B-Instruct,615,615,techqa,1.6743823289871216,96,0.11603517085313797,0.028178369626402855,"[0.03150891926541988, 0.005175729101774588, 0.007073212511073734, 0.01816426648941416]","[0.00985445602268653, 0.001262459847611197, 0.0013702809246831649, 0.001579244769286318]",0
ragbench_Qwen2.5-0.5B-Instruct,616,616,finqa,0.7190920114517212,200,0.1740904450416565,0.0513191856443882,"[0.08664612754225118, 0.06892396714460575, 0.02112742301614162, 0.012209879660042588]","[0.019322162204947518, 0.02592425035150967, 0.0026769964748039853, 0.0013450452934355894]",0
ragbench_Qwen2.5-0.5B-Instruct,617,617,pubmedqa,1.0448400974273682,200,1.1393214464187622,0.18711690604686737,"[0.1600522898888113, 0.06418398052840076, 0.33674952432177635, 0.17552621841211816, 0.04361124524880324]","[0.028289713242866305, 0.01523530775666849, 0.050887938536852174, 0.04507205302318235, 0.020869231996111424]",0
ragbench_Qwen2.5-0.5B-Instruct,618,618,hotpotqa,0.4591505229473114,36,1.7964662313461304,0.32536202669143677,"[0.06656166738462667, 1.991423278112456, 0.054682523349886956, 0.04697823103641793, 0.055601037068198716]","[0.01032626345898772, 0.3330862027618827, 0.0025169463681512147, 0.004714751622098372, 0.004424657355242643]",0
ragbench_Qwen2.5-0.5B-Instruct,619,619,pubmedqa,1.1871541738510132,99,0.4908853769302368,0.10405062884092331,"[-0.03954368434356046, 0.031157510494938263, 0.074061314657541, 0.011892631629061817, -0.00946174238138477]","[0.010636361544686564, 0.022942466657943528, 0.01701995704110291, 0.019407598212173888, 0.011357882809743203]",0
ragbench_Qwen2.5-0.5B-Instruct,620,620,pubmedqa,1.1885669231414795,97,0.5399609208106995,0.12930770218372345,"[-0.08403149295353728, -0.030493806538841678, 0.0045217053413988155, 0.42332105039505347, -0.01435449751991505]","[0.01324616065502102, 0.006448640663011007, 0.01631700490057215, 0.06992595531568653, 0.009725607380614109]",0
ragbench_Qwen2.5-0.5B-Instruct,621,621,hotpotqa,0.8849772214889526,19,-0.05600793659687042,0.031785301864147186,"[0.0268755543342865, -0.06333177935218708, 0.0527697085919116, -0.03221939013287498, 0.009707503712362316]","[0.011597719137482369, 0.016754936132297428, 0.005708735118284829, 0.006046118273604263, 0.024047275721769484]",0
ragbench_Qwen2.5-0.5B-Instruct,622,622,finqa,0.4594417214393616,124,0.24225540459156036,0.06461863964796066,"[-0.007586428952560797, -0.011004646597763396, -0.023285557462193008, -0.007457018067967628, 0.2824459255519859]","[0.0005918028055827651, 0.0008313245976921276, 0.001126373980619816, 0.0006875298918157202, 0.05196456199754833]",0
ragbench_Qwen2.5-0.5B-Instruct,623,623,pubmedqa,0.9649454951286316,189,0.663548469543457,0.13422688841819763,"[0.1097706261754827, 0.4523409791398408, -0.023182418226138743, -0.03048320544519657, -0.015084685853493785]","[0.026439506188210175, 0.07963915585401322, 0.0044356554880054045, 0.00348372047727136, 0.003097965595066124]",0
ragbench_Qwen2.5-0.5B-Instruct,624,624,pubmedqa,1.5479638576507568,89,0.25283581018447876,0.10509640723466873,"[-0.01899183683840573, 0.08353150596585794, 0.10786665936822747, -0.017307675944537325]","[0.017197539102132047, 0.03832496971620705, 0.022098712185035427, 0.004719736662420647]",0
ragbench_Qwen2.5-0.5B-Instruct,625,625,pubmedqa,1.444668173789978,116,0.6935403943061829,0.1193414032459259,"[0.15267392277456596, 0.0051352408041676146, -0.029468782110472665, 0.3251201441407673, -0.054799033067822696]","[0.02572790582083047, 0.013223840479042792, 0.013571558897623223, 0.05073748096625116, 0.005745236130426312]",0
ragbench_Qwen2.5-0.5B-Instruct,626,626,finqa,0.7511758804321289,112,0.1536000669002533,0.07011006027460098,"[0.011582655368394106, 0.07853714714104042, 0.024985467786239366, 0.029967944121803418, 0.0031666222544605]","[0.00688858704142703, 0.046333622545865136, 0.002044694159692487, 0.0018653171655118278, 0.0013158777694941243]",0
ragbench_Qwen2.5-0.5B-Instruct,627,627,techqa,1.2311240434646606,200,0.14711835980415344,0.05185743421316147,"[0.15572697340371064, 0.0013700219032182304, -0.003734810214060644, -0.00016717228735956268]","[0.044056281669361395, 0.0052543657379364814, 0.0008951892003229033, 0.0006494339630084767]",0
ragbench_Qwen2.5-0.5B-Instruct,628,628,hotpotqa,0.6846334338188171,46,0.6507440209388733,0.10131122916936874,"[-0.015028673259660971, 0.6763021057891108, -0.015517197934098911, -0.023421501720329852]","[0.011854009314561154, 0.1033923730039147, 0.006185207546057269, 0.004464711093488483]",0
ragbench_Qwen2.5-0.5B-Instruct,629,629,finqa,0.8405584692955017,78,0.0667581707239151,0.08879607170820236,"[0.00933779951174074, 0.0018633205208271437, 0.24552975364634058, -0.00788309605925464, 0.002332437211687368]","[0.0012829019608736813, 0.0013852800303358237, 0.05827595322406646, 0.0022982491982671805, 0.0006203754070624584]",0
ragbench_Qwen2.5-0.5B-Instruct,630,630,pubmedqa,0.7563245296478271,200,1.4934303760528564,0.21310016512870789,"[0.652447708133359, 0.7259010321107598, 0.15190608361099975, 0.011601390437975851, 0.011395723949819967]","[0.0913783182359647, 0.09894302900129844, 0.02777642705846077, 0.003721082669482101, 0.0029628316833444045]",0
ragbench_Qwen2.5-0.5B-Instruct,631,631,covidqa,0.9382067918777466,39,1.3646396398544312,0.23765602707862854,"[-0.11098771050591238, 1.4644726487503459, -0.00023607941989795133, 0.06496809693812676]","[0.009747309900772869, 0.2041566227682126, 0.011936308279187412, 0.00817579320757143]",0
ragbench_Qwen2.5-0.5B-Instruct,632,632,hotpotqa,2.1278092861175537,17,0.7326456308364868,0.13215528428554535,"[0.23447715080178835, -0.024487713132711017, -0.06140236170305049, 0.6867604167063666, 0.004751190050121616]","[0.07421509503825184, 0.012212695418651599, 0.00933808131958358, 0.0346236796133727, 0.062251960675519726]",0
ragbench_Qwen2.5-0.5B-Instruct,633,633,covidqa,0.7167523503303528,72,2.1024601459503174,0.2955639064311981,"[0.0622032741751026, 0.29568032311666076, 0.46083798506752927, -0.006650463326789375, 0.31244906216481166]","[0.013403018035114221, 0.053262670690666404, 0.08437368403027337, 0.0022646229107263277, 0.054645244651872815]",0
ragbench_Qwen2.5-0.5B-Instruct,634,634,finqa,0.5480204224586487,153,0.13391391932964325,0.041965264827013016,"[-0.0060695031494348165, -0.0021495210441898117, -0.009229414403571012, -0.012852912318031661, 0.12217194327049168]","[0.000836314574757979, 0.0005761502388047709, 0.0005154428321679804, 0.0006617029081155207, 0.034632102092848414]",0
ragbench_Qwen2.5-0.5B-Instruct,635,635,finqa,0.8507147431373596,121,0.24779126048088074,0.07998500019311905,"[-0.0031867828203743075, 0.014793904150724865, 0.017586647913507596, 0.22592639417305405, -0.005167953977449114]","[0.0017965188523448926, 0.0009692192649982768, 0.0009590698947707187, 0.061546205119319165, 0.0020143496396740805]",0
ragbench_Qwen2.5-0.5B-Instruct,636,636,finqa,1.061875581741333,31,0.06841786950826645,0.09370539337396622,"[-0.01507610374365105, 0.020188243101694252, 0.15263620625373805, 0.01788200435261857, 0.0030881858949302816]","[0.0018229750931055833, 0.0009396658804111132, 0.08251125549231661, 0.0009261280128214366, 0.0006723120942547395]",0
ragbench_Qwen2.5-0.5B-Instruct,637,637,finqa,0.46416613459587097,200,0.033870309591293335,0.027432160452008247,"[-0.020110104627735267, -0.0068932822522015155, -0.019558491724320105, 0.060222680602829544, -0.018877610480535056]","[0.001365973335207542, 0.0009602876055201648, 0.002620357372302493, 0.018627052842270064, 0.0015588568541689796]",0
ragbench_Qwen2.5-0.5B-Instruct,638,638,techqa,1.0719332695007324,126,-0.09829714149236679,0.05979497730731964,"[-0.023139386109144813, 0.020617804654402935, -0.0027297960696304226, -0.055938258601080246]","[0.006156674935389959, 0.019537919065517, 0.0056379230774962616, 0.0070249611690225075]",0
ragbench_Qwen2.5-0.5B-Instruct,639,639,pubmedqa,1.275671124458313,121,0.4827403128147125,0.0804024189710617,"[0.33131502295067594, -0.010780412154553014, -0.010285384537480638, -0.021363404396930297, 0.21618139324996902]","[0.03381222174262588, 0.001678655798721871, 0.0027714405815738082, 0.007075831765283709, 0.023346740383735513]",0
ragbench_Qwen2.5-0.5B-Instruct,640,640,pubmedqa,0.8740596175193787,200,0.8937175273895264,0.16316361725330353,"[0.5092920292462213, 0.34518080823944275, 0.10271943000472902, -0.005436970146784006, -0.0010433169320890555]","[0.09667927777343323, 0.05176429836676711, 0.02027180433949475, 0.0030443109909029076, 0.003090357851942791]",0
ragbench_Qwen2.5-0.5B-Instruct,641,641,pubmedqa,0.6991793513298035,70,1.0791990756988525,0.16172224283218384,"[0.07154971895808038, 0.21793719778132592, 0.41602187320323925, -0.05571676397667034]","[0.023195123037112353, 0.03158140361166163, 0.055340928738019914, 0.012866757254031264]",0
ragbench_Qwen2.5-0.5B-Instruct,642,642,finqa,0.7997551560401917,54,0.1652054637670517,0.08123944699764252,"[-0.046719294522315775, 0.041437942934368054, 0.07277043953425803, 0.20960687194514727, -0.006708854034019185]","[0.005291906235137739, 0.007325595104064136, 0.010245226578303627, 0.04929800778871317, 0.0036387701505352275]",0
ragbench_Qwen2.5-0.5B-Instruct,643,643,techqa,1.5372638702392578,181,0.1166217252612114,0.04733140394091606,"[0.07684370373881293, 0.002087171270587779, -0.0016406841701881005, -0.017803028738582412]","[0.016874369353672907, 0.000940692210751726, 0.0006638558921045863, 0.014211416683521123]",0
ragbench_Qwen2.5-0.5B-Instruct,644,644,finqa,0.7733066082000732,150,0.11941121518611908,0.0673942118883133,"[0.014849824329301858, 0.022548336678769373, 0.00789416244422455, 0.056332860393272316, 0.01852489005123895]","[0.002274177454463692, 0.0016739101148685147, 0.0012470880691861908, 0.0530849134023984, 0.0018928565518210878]",0
ragbench_Qwen2.5-0.5B-Instruct,645,645,pubmedqa,0.9453801512718201,200,0.49076470732688904,0.08447524905204773,"[0.4814924612402137, -0.020407439499149405, -0.012483775186101411, -0.022512257409257472, -0.022098302021245218]","[0.06862623456320932, 0.004742171527742265, 0.0038688079669955047, 0.0028149694011165138, 0.0024069763859644057]",0
ragbench_Qwen2.5-0.5B-Instruct,647,647,pubmedqa,0.7624359130859375,200,1.2649130821228027,0.18529947102069855,"[0.2683115602398766, -0.013692175438839058, 0.4659363812313927, 0.16758233789057614]","[0.04382014639513301, 0.009020863608287187, 0.07421868419154229, 0.022657432205505045]",0
ragbench_Qwen2.5-0.5B-Instruct,648,648,hotpotqa,1.0740163326263428,20,0.43201082944869995,0.06772013008594513,"[-0.008429752662414103, 0.3005126947078679, -0.09244363856050768, 0.03194038315450598, -0.0020636500106775203]","[0.0071548144708799555, 0.03852087451466559, 0.0506715380636706, 0.003414851886691395, 0.006277004034654965]",0
ragbench_Qwen2.5-0.5B-Instruct,649,649,pubmedqa,0.9443767666816711,200,0.4884438216686249,0.09962698817253113,"[0.13800811029275337, -0.01363307997323318, 0.18236315406731593, 0.007707460111300861, 0.0054432037280912485]","[0.028186934191895857, 0.005775924413791529, 0.03374135103466983, 0.0029672699188288475, 0.003190479467832148]",0
ragbench_Qwen2.5-0.5B-Instruct,650,650,delucionqa,0.8187689781188965,200,1.3217763900756836,0.21200843155384064,"[0.03128230668716242, 0.05317594502183965, 0.046879503084974204, 0.021306657646027814, 0.4897034071080179]","[0.015062849818607447, 0.00646869002890611, 0.00653201929060458, 0.006263181648635339, 0.06587529455693271]",0
ragbench_Qwen2.5-0.5B-Instruct,651,651,pubmedqa,1.3694859743118286,78,0.5897508263587952,0.12087710946798325,"[-0.060071039911725584, -0.05586957947479021, 0.03927250493180532, 0.07515759351339604, -0.06344675846314483]","[0.020533776124513025, 0.01250287692750053, 0.02894581312811467, 0.014804114733224903, 0.00859742714319859]",0
ragbench_Qwen2.5-0.5B-Instruct,652,652,pubmedqa,1.3301424980163574,114,1.0543081760406494,0.178437739610672,"[0.17983951311034935, 0.22956262561416352, 0.05449670409521595, 0.022089105357576556, 0.4851325526038444]","[0.023042139535066366, 0.031044149131832312, 0.024119776533263592, 0.010683182668657807, 0.051621861079386315]",0
ragbench_Qwen2.5-0.5B-Instruct,653,653,covidqa,1.1432231664657593,37,2.379119873046875,0.32525378465652466,"[0.31904394318769697, 1.6962006504496407, 0.0019586990725853153, 0.015127920899603114]","[0.029348853307326225, 0.21276829803753425, 0.0029386004477994386, 0.003162885821082553]",0
ragbench_Qwen2.5-0.5B-Instruct,654,654,hotpotqa,0.7521126866340637,32,0.8593188524246216,0.14571234583854675,"[0.13668540440903598, 0.1605269032443175, 0.17974847358868828, 0.5971395801152539, 0.40287741119027487]","[0.03652634749482786, 0.027266735534340114, 0.02389448313388698, 0.0907978645213916, 0.06678710703454271]",0
ragbench_Qwen2.5-0.5B-Instruct,655,655,finqa,0.4905168116092682,157,0.05881689861416817,0.03224219009280205,"[-0.0029788002191267807, -0.011389021750242456, 0.1228400412967852, -0.0007264998935836487, -0.0031224808434596706]","[0.0006194179869836424, 0.0005565270495963209, 0.024521380939100893, 0.0005588762225169416, 0.0004528133731578258]",0
ragbench_Qwen2.5-0.5B-Instruct,656,656,finqa,0.828883171081543,74,0.3764234483242035,0.128712996840477,"[0.3255909685479347, 0.016911143772723656, 0.02779546507284411, 0.023192341828075155]","[0.09773158855531691, 0.0010122771664496182, 0.0026113066063544466, 0.0011608592342557476]",0
ragbench_Qwen2.5-0.5B-Instruct,657,657,pubmedqa,1.0103965997695923,200,1.3278565406799316,0.2153628170490265,"[0.22891249648058876, 0.04662004451663961, 0.6634640640494763, 0.3089687147743462, 0.2036574751626904]","[0.03634493154085106, 0.014115492109704064, 0.09764384098700703, 0.05399603054319187, 0.033524197819475035]",0
ragbench_Qwen2.5-0.5B-Instruct,658,658,finqa,1.0160291194915771,200,0.07349637150764465,0.040237557142972946,"[0.02620512507653075, -0.010304569698641899, 0.003732802374588573, -0.04561784293084201, 0.04981783676453233]","[0.006385170267049176, 0.004513929024226116, 0.004782391368765673, 0.009259178543275084, 0.009829693703602942]",0
ragbench_Qwen2.5-0.5B-Instruct,659,659,hotpotqa,1.0590002536773682,27,0.3921644389629364,0.0987674668431282,"[-0.1299316331141098, 0.5043579983887159, 0.012001314391252689, 0.025754177768788026, 0.07661282921078426]","[0.02610265401783615, 0.09284845056956531, 0.01616254814628822, 0.012378562393240389, 0.009715626773565115]",0
ragbench_Qwen2.5-0.5B-Instruct,660,660,finqa,0.6052603721618652,199,0.08498475700616837,0.033639516681432724,"[-0.017640382117483956, 0.0733472580944103, -0.014786190803593242, 0.002760238635344183, -0.003885049958664889]","[0.001475758524679176, 0.021022431001975733, 0.0038734666760812694, 0.0018859789027096416, 0.0012206638771874423]",0
ragbench_Qwen2.5-0.5B-Instruct,661,661,techqa,2.11428165435791,129,-0.0547521635890007,0.03599128499627113,"[-0.04390017338571556, -0.031703434762831, -0.03490343167307352, -0.023938839398665163, 0.011599027396772191]","[0.01824758043074664, 0.003271673449367254, 0.0017228518491057292, 0.0018140371786656512, 0.007313413299236571]",0
ragbench_Qwen2.5-0.5B-Instruct,662,662,pubmedqa,0.8610719442367554,101,0.728969395160675,0.14250198006629944,"[-0.015105014112077021, -0.0463016086584451, 0.5893972688911381, -0.026813517158827137]","[0.00824260864778149, 0.009809346482585803, 0.08636620213876382, 0.006248377206217995]",0
ragbench_Qwen2.5-0.5B-Instruct,663,663,pubmedqa,0.5130866765975952,100,0.5193673372268677,0.07397598028182983,"[0.465633228549641, 0.01424180839106839, 0.01230851890075428, 0.01180417754236032]","[0.06809268751230746, 0.0009218920100893513, 0.001245231136415441, 0.0016151111698867737]",0
ragbench_Qwen2.5-0.5B-Instruct,664,664,finqa,0.6239912509918213,200,0.16121608018875122,0.040086060762405396,"[0.010716947967109718, -0.0075407656437664625, 0.06685814454976935, -0.007429689115144811]","[0.0045106269442529625, 0.0023617319565384775, 0.01393031309907144, 0.0016571972680895896]",0
ragbench_Qwen2.5-0.5B-Instruct,665,665,finqa,0.5140793323516846,188,0.1377263367176056,0.03284807503223419,"[0.11919946234086835, -0.0045019763275952135, -0.007908783892354807, 0.014573403769714754, 0.002419717447522735]","[0.025521587825795933, 0.0003450699855520459, 0.000303608784493912, 0.0016822173196366919, 0.00037905701499335706]",0
ragbench_Qwen2.5-0.5B-Instruct,666,666,finqa,0.6179938316345215,200,0.24867577850818634,0.05066685378551483,"[0.028111962378026652, 0.015588631392786035, 0.16154181907273227, 0.01935070260884913, 0.010603905526064637]","[0.004695932273608499, 0.0015436850430973691, 0.034677811929803376, 0.0020883957538402596, 0.001202961018936719]",0
ragbench_Qwen2.5-0.5B-Instruct,667,667,finqa,0.6226269006729126,200,0.11038880050182343,0.039186879992485046,"[-0.01567400668410869, -0.0052885998331271365, 0.09978052478713607, -0.005314048652558086, -0.004397270425108672]","[0.0025278017274983, 0.0027934911514343953, 0.03363976545096648, 0.0011443647071025965, 0.0015870132240866043]",0
ragbench_Qwen2.5-0.5B-Instruct,668,668,finqa,0.6609320044517517,200,0.13372564315795898,0.027783161029219627,"[0.010345451729771185, 0.009064498305856433, 0.07410484272352277, 0.007393021168626319]","[0.0037624503228207117, 0.0012854247180619893, 0.011032138444545297, 0.0015047797048796951]",0
ragbench_Qwen2.5-0.5B-Instruct,669,669,finqa,0.641400158405304,200,0.139274463057518,0.044996120035648346,"[0.01654456096644964, -0.009163218768617547, 0.1270060112136547]","[0.004327404586063856, 0.0029139228781754943, 0.029494985065507996]",0
ragbench_Qwen2.5-0.5B-Instruct,670,670,finqa,0.6681313514709473,137,0.21409626305103302,0.08398143202066422,"[0.0002637250057253295, -0.01894269050948188, -0.01024876162479903, 0.2106634989002812, -0.012951440366680925]","[0.002154258097839972, 0.002384323181193056, 0.0023109141033242444, 0.07231836450535455, 0.0017031022535660334]",0
ragbench_Qwen2.5-0.5B-Instruct,671,671,covidqa,0.9357171058654785,35,1.2334917783737183,0.1645866483449936,"[0.5380320434957476, -0.016258018514262014, 0.14718536072375302, -0.020350452712591505]","[0.08363050917931625, 0.018857427875056083, 0.014155677127671748, 0.01714017609452948]",0
ragbench_Qwen2.5-0.5B-Instruct,672,672,delucionqa,1.0917448997497559,96,0.7252481579780579,0.15084052085876465,"[0.21477419721744204, 0.10279140165929827, 0.27963600123301074, -0.011967238905810973, 0.026539559687951925]","[0.049970676059018615, 0.03078871050612027, 0.03661886691344307, 0.021359316011166623, 0.012885015879116205]",0
ragbench_Qwen2.5-0.5B-Instruct,673,673,pubmedqa,1.2305431365966797,140,1.073848843574524,0.14455771446228027,"[0.2351706771885282, 0.0041987128199382695, 0.14271039724371803, 0.49426574200870166, -0.033188989249278426]","[0.04676190636825319, 0.008599013266562646, 0.026158062853141116, 0.05029034103846308, 0.004804706153365552]",0
ragbench_Qwen2.5-0.5B-Instruct,674,674,techqa,1.947084903717041,200,0.04294842854142189,0.022751877084374428,"[0.014891676612169249, -0.009881241830444197, -0.0022256703903258315, 0.016575825495892788]","[0.011456102208785523, 0.0028531224162748003, 0.0006401113205254205, 0.003498714288919018]",0
ragbench_Qwen2.5-0.5B-Instruct,675,675,pubmedqa,0.7877951860427856,200,1.0882835388183594,0.16754268109798431,"[0.3463330204653818, 0.4121906707427357, 0.3011129907434491, -0.03417197863182139, 0.00904028584513128]","[0.0591850004035625, 0.057646363604181516, 0.04207573019311184, 0.005561321206008785, 0.0039678489861074695]",0
ragbench_Qwen2.5-0.5B-Instruct,676,676,finqa,0.618985652923584,187,0.07357499748468399,0.03281164541840553,"[0.010063593570402783, 0.06048510591324187, -0.0210873304594161, -0.023557457426909664, -0.016815450338532795]","[0.005202550491083587, 0.021148165903803775, 0.0007020401469378733, 0.0006624586180103453, 0.0011784166550099103]",0
ragbench_Qwen2.5-0.5B-Instruct,677,677,finqa,1.0875442028045654,200,0.05860185995697975,0.02604391798377037,"[0.013208124751959077, 0.002620338425290356, 0.0037069185897735226, -0.02060140021411371, 0.04986711896913675]","[0.0020654548382998427, 0.0002298746955284514, 0.0005148403137341973, 0.003284606403884425, 0.013767118385181618]",0
ragbench_Qwen2.5-0.5B-Instruct,678,678,techqa,2.1512351036071777,193,0.03846270218491554,0.03861949220299721,"[0.008584519669532997, 0.029807162900736383, 0.013328255907725302, -0.0008388413373444837, 0.007845241726023855]","[0.010702048239172325, 0.006282838987447109, 0.01016096583376269, 0.0043375398892826975, 0.0017206482453374346]",0
ragbench_Qwen2.5-0.5B-Instruct,679,679,delucionqa,0.9441640377044678,159,1.6778134107589722,0.25056856870651245,"[0.04947544293934915, 0.047821537125901446, 0.04740678397546668, 0.18829089121538586, 0.8324220247336798]","[0.007238320307979167, 0.00713855225873897, 0.007832133287557273, 0.03657915098279435, 0.14002940968035008]",0
ragbench_Qwen2.5-0.5B-Instruct,680,680,delucionqa,1.0910600423812866,98,1.2766079902648926,0.1931036412715912,"[0.011593524347573497, 0.3824616836511862, 0.5801059309715686, 0.0589329500973913, -0.03565287684610592]","[0.011891231809903618, 0.05560695958833354, 0.056506705238924884, 0.008430149024406444, 0.009985530581537446]",0
ragbench_Qwen2.5-0.5B-Instruct,681,681,finqa,1.7036020755767822,20,0.22371764481067657,0.16165128350257874,"[-0.09018407069379464, 0.02545998408459127, 0.36954032848589125, 0.027894376718904823, 0.08672433301107958]","[0.008949785498771234, 0.004189737907290691, 0.07952454464393668, 0.007591365263124317, 0.007140774002618855]",0
ragbench_Qwen2.5-0.5B-Instruct,682,682,pubmedqa,0.7535587549209595,100,1.255639910697937,0.20678667724132538,"[0.029169486401060568, 0.0017440854177039, 0.026095842399481626, 0.8818376361986157, 0.541591345904435]","[0.014054091888488074, 0.003169766107293981, 0.006634895383554067, 0.12655195776129402, 0.07155810631741474]",0
ragbench_Qwen2.5-0.5B-Instruct,683,683,finqa,1.0099279880523682,101,0.10113894939422607,0.025684010237455368,"[-0.008280770891630736, -0.0017484086176661757, -0.0014090287825611356, 0.008736335381255761, 0.003478719257460884]","[0.0022780377925377395, 0.0007374196776335438, 0.0012563822954482272, 0.0022382378054335095, 0.005858670736099364]",0
ragbench_Qwen2.5-0.5B-Instruct,684,684,pubmedqa,0.7992491126060486,200,1.0491291284561157,0.16287560760974884,"[0.07247610219314084, 0.283213759758155, 0.20040391630886462, -0.008094754558119348, -0.0036717849844080776]","[0.01090126139478727, 0.07454741445390965, 0.03875210059389609, 0.003118051034294496, 0.006176864029980323]",0
ragbench_Qwen2.5-0.5B-Instruct,685,685,pubmedqa,1.1186281442642212,67,0.8597129583358765,0.1485069841146469,"[0.7070695778360215, 0.026844552133257114, -0.017564332106099863, -0.035674788278499105]","[0.09533439817389433, 0.019746246941488254, 0.01660623251216582, 0.009892946230224168]",0
ragbench_Qwen2.5-0.5B-Instruct,686,686,finqa,0.5848221182823181,158,0.11554881930351257,0.037762612104415894,"[-0.02083774171151623, -0.005857360795784465, -0.0033021316337712788, 0.14920582366181706, -0.00025808807601571994]","[0.0019807280650908686, 0.0017314124535549218, 0.001236100506310299, 0.030034848259075243, 0.0016529180689651294]",0
ragbench_Qwen2.5-0.5B-Instruct,687,687,delucionqa,1.8109092712402344,158,0.3939680755138397,0.07479093223810196,"[-0.01561918723644892, 0.016563168837842857, -0.0018611399171714778, 0.01563566010671924, -0.0022334640694058596]","[0.01718551910260177, 0.01043447441293786, 0.006659138588123755, 0.016906723402359915, 0.014390525322639831]",0
ragbench_Qwen2.5-0.5B-Instruct,688,688,pubmedqa,0.7100557684898376,200,1.0214608907699585,0.17174960672855377,"[0.7981647206579555, 0.2311397073212106, 0.0015076961350575858, -0.006800434891255236, -0.017911179840074853]","[0.1160110392164092, 0.034189052780110175, 0.002210866550347319, 0.0034912994687796585, 0.003292307694401693]",0
ragbench_Qwen2.5-0.5B-Instruct,689,689,pubmedqa,0.8080435991287231,103,0.6022579073905945,0.10554752498865128,"[0.4173305973326138, 0.0398581817723946, 0.209258993068413, 0.022749646627320527]","[0.06352862604897049, 0.005959391644718285, 0.0315192943015254, 0.003638932339693061]",0
ragbench_Qwen2.5-0.5B-Instruct,690,690,finqa,0.6367517113685608,200,0.14753422141075134,0.05259544402360916,"[0.1792968375140481, -0.004458757993807012, -0.004250667905998853, -0.016046804700463328, -0.018173077500232466]","[0.04543813033115967, 0.0010388828980634913, 0.0023116453317773276, 0.0011821339066406722, 0.0011984032635797349]",0
ragbench_Qwen2.5-0.5B-Instruct,691,691,delucionqa,1.0642067193984985,38,1.093833565711975,0.21196456253528595,"[0.23629907234891634, 0.005171125503884947, 0.03953910476698902, 0.04456166167093263, 0.05474332548424412]","[0.030961967595622378, 0.015143836357202943, 0.005221804156483837, 0.00980414711266588, 0.01142911501208226]",0
ragbench_Qwen2.5-0.5B-Instruct,692,692,hotpotqa,1.033852458000183,27,0.8859279155731201,0.12718775868415833,"[0.40009718137266476, 0.10577865073175283, 0.08616722719640772, 0.22193046099930683, 0.3015425830208692]","[0.030321105179540255, 0.018814767518453783, 0.00495075584701465, 0.018010867734002158, 0.031159544932242617]",0
ragbench_Qwen2.5-0.5B-Instruct,693,693,delucionqa,0.7600430846214294,200,1.885483741760254,0.26738712191581726,"[0.09595832772345603, 1.2286881190740495, 0.02402293473462123, 0.04848328795661473, 0.22410043073621636]","[0.025665341620403695, 0.15869616702100472, 0.013091618934020062, 0.031074788622693177, 0.03943046118383336]",0
ragbench_Qwen2.5-0.5B-Instruct,694,694,finqa,0.5928218960762024,200,0.09057098627090454,0.041735973209142685,"[0.00849735441400469, 0.06710978865962261, -0.0012132708515355261, -0.013290846280588653, -0.005935854881370233]","[0.003078480828823409, 0.03262289937868715, 0.001028958104577562, 0.0010316093175101314, 0.0009293357856246586]",0
ragbench_Qwen2.5-0.5B-Instruct,695,695,finqa,0.6974887847900391,150,0.2066090703010559,0.053930994123220444,"[-0.04076813507628307, 0.021190673167758026, -0.01594153205585826, -0.005716998235922499, 0.1462469271659499]","[0.010824737635771176, 0.012024345489792742, 0.002735609594335339, 0.002171599946071012, 0.02148322020457518]",0
ragbench_Qwen2.5-0.5B-Instruct,696,696,pubmedqa,0.5994908809661865,77,1.0593208074569702,0.19085772335529327,"[1.0576845719297598, -0.011559807432521748, -0.021962360415343867, 0.002485079889674444]","[0.16859629965631928, 0.001618679882456006, 0.001286467423620683, 0.0029444456265802915]",0
ragbench_Qwen2.5-0.5B-Instruct,697,697,finqa,1.8001224994659424,19,0.6496860980987549,0.21806323528289795,"[0.018441839984581366, 0.6273550328455473, 0.04628082073452931, 0.08922568194133132, 0.0754379537094409]","[0.012907014309875146, 0.12216417216845193, 0.003046205396793467, 0.005288832063247116, 0.00443857179595254]",0
ragbench_Qwen2.5-0.5B-Instruct,698,698,finqa,0.617523729801178,178,0.1619831621646881,0.055582400411367416,"[-0.016721491204090565, 0.14558014985812845, -0.003421867366758024, -0.00995443046060585]","[0.002593902737131467, 0.044604215735259634, 0.001188766628847412, 0.0007900192795607704]",0
ragbench_Qwen2.5-0.5B-Instruct,699,699,finqa,1.7169132232666016,47,0.03224071115255356,0.07064392417669296,"[-0.020568754861627934, -0.0019378619593013317, -0.018846686856704764, 0.07955808741888254, 0.033297155551058784]","[0.000867505392155887, 0.00040916611211961956, 0.0012256235106071153, 0.01652790047842729, 0.01347481818903903]",0
ragbench_Qwen2.5-0.5B-Instruct,700,700,finqa,0.7729851603507996,160,0.13796931505203247,0.04809659719467163,"[-0.012984889722243053, -0.007954304411890689, -0.0019247629486415009, 0.08044604313711687, -0.012401728178160454]","[0.001393690513347412, 0.0012046747326860175, 0.0013606796840315738, 0.02697811350103154, 0.0014127966022684957]",0
ragbench_Qwen2.5-0.5B-Instruct,701,701,pubmedqa,0.6947879791259766,200,1.5567727088928223,0.2379208505153656,"[1.3703763421740631, 0.3312636814290045, -0.03947873418727341, -0.043539085280190196]","[0.1877668932751567, 0.04814644282990372, 0.004089341319608906, 0.006465206550912583]",0
ragbench_Qwen2.5-0.5B-Instruct,702,702,pubmedqa,0.7866973876953125,200,1.3290436267852783,0.2085445374250412,"[-0.03353474183608341, 0.24383744829050558, 0.9965495512820962, 0.07774986007183543, -0.003076458010564238]","[0.006658369192949749, 0.03413363543566284, 0.13755115391859563, 0.021306362010070502, 0.004828971319644921]",0
ragbench_Qwen2.5-0.5B-Instruct,703,703,finqa,1.0835232734680176,37,-0.062340814620256424,0.05719735100865364,"[-0.008600143757072097, 0.018612584078427235, 0.008835097753858831, -0.11634428518866387]","[0.008790985108473676, 0.002084917481939814, 0.00114915393614166, 0.013732025410445357]",0
ragbench_Qwen2.5-0.5B-Instruct,704,704,delucionqa,0.746856153011322,126,1.7637218236923218,0.27492767572402954,"[0.4937197441660886, 1.0554156689502143, -0.009169209134496568, -0.0053896489704591604, -0.012101203032071926]","[0.0867831957273319, 0.16987329818300442, 0.0034032941200776924, 0.003104555327307006, 0.0031273117550507587]",0
ragbench_Qwen2.5-0.5B-Instruct,705,705,covidqa,0.7477722764015198,46,2.2032318115234375,0.2957237660884857,"[0.040239137921320355, 0.01676239732668087, 0.018386032261490902, 1.7726047662954838, -0.006544831741611351]","[0.008657453969441991, 0.005106470676764729, 0.004165222908479494, 0.23500579608696626, 0.002913699419492411]",0
ragbench_Qwen2.5-0.5B-Instruct,706,706,covidqa,0.6766397356987,50,2.4501848220825195,0.33356910943984985,"[0.0005986051848594798, 0.9255828956508776, -0.0076762678935483565, 1.6946409943252365, -0.02840710040924023]","[0.0044466096585870215, 0.131564487634937, 0.006454455923342266, 0.20232174297606662, 0.0013269990668732135]",0
ragbench_Qwen2.5-0.5B-Instruct,707,707,pubmedqa,0.5986212491989136,173,1.1809760332107544,0.19086579978466034,"[0.2350927695181839, 0.8482088080891327, -0.04113175308384335, -0.006972721003303325, -0.012432875678067215]","[0.037973977034328914, 0.13768397108397248, 0.006718419881267936, 0.0023252667039151817, 0.003695231152052152]",0
ragbench_Qwen2.5-0.5B-Instruct,708,708,finqa,0.5938551425933838,200,0.5073956847190857,0.11457708477973938,"[0.06614513742415738, 0.44363875953395565, 0.019140024034231828, 0.010743620085104339]","[0.013535678907420632, 0.09676008414728286, 0.0017248381243866718, 0.001984095413032936]",0
ragbench_Qwen2.5-0.5B-Instruct,709,709,finqa,0.5576717853546143,177,0.2262258529663086,0.060593705624341965,"[0.0023256759174065506, 0.019333394888497547, 0.019300349653487994, 0.016270212082741573, 0.18801104209679234]","[0.00477537669381787, 0.0009299910937445289, 0.0025876278354305966, 0.0008559648115332324, 0.03947751751725829]",0
ragbench_Qwen2.5-0.5B-Instruct,710,710,covidqa,1.1279128789901733,31,0.6735044717788696,0.15858136117458344,"[-0.1136724249142184, 0.020445535497856326, -0.011473395788192236, 0.04693018227681023, -0.026172359781647232]","[0.021340997299771954, 0.0016502801519355935, 0.004346764876356334, 0.003835821683334152, 0.0014067313754381875]",0
ragbench_Qwen2.5-0.5B-Instruct,711,711,finqa,0.9322746396064758,86,0.8790056109428406,0.12957866489887238,"[-0.03917167107501459, -0.02779858645027521, -0.022780819289817924, 0.008355843715921659, 0.7753556618511771]","[0.0067485618794881535, 0.007934429374131469, 0.0021023391101314087, 0.003176103108153468, 0.11613317111715957]",0
ragbench_Qwen2.5-0.5B-Instruct,712,712,finqa,0.8497703075408936,121,0.17151696979999542,0.059468843042850494,"[0.018913369118293732, 0.003982501198505297, -0.009772788578193886, 0.022660440376884337, 0.011025561835076362]","[0.0013739826670360828, 0.006332882836876728, 0.0033237750658410116, 0.0021131831324279937, 0.0014163827508633208]",0
ragbench_Qwen2.5-0.5B-Instruct,713,713,hotpotqa,0.4465559124946594,67,0.7872578501701355,0.13955293595790863,"[0.015818615326258906, 0.48210242050269847, 0.4969554649647599, 0.0403418284684503]","[0.006968138787085332, 0.06625531449097112, 0.07039381833553321, 0.00353475633847265]",0
ragbench_Qwen2.5-0.5B-Instruct,714,714,pubmedqa,1.1808595657348633,93,0.8393086194992065,0.16345757246017456,"[0.27045942357243247, 0.09678919465939113, 0.15595040652639117, 0.0140625743501083, -0.006956678975648271]","[0.061494978390321135, 0.019781434422092632, 0.027072939662416112, 0.004304611837440116, 0.004531386541827942]",0
ragbench_Qwen2.5-0.5B-Instruct,715,715,pubmedqa,1.3893382549285889,88,0.3899645507335663,0.08146895468235016,"[0.27414940285151795, 0.03753372499448398, 0.04209532520243639, -0.06427942754841999]","[0.05062501955583023, 0.015267718616782262, 0.016312755234865375, 0.00955834316477419]",0
ragbench_Qwen2.5-0.5B-Instruct,716,716,pubmedqa,0.7896117568016052,200,1.0733071565628052,0.17262931168079376,"[0.5553537967145508, 0.3384859359829966, 0.013524961371828112, 0.00025871850057910704]","[0.10309820455698158, 0.043945328996252045, 0.00651625115823748, 0.0025203948879588722]",0
ragbench_Qwen2.5-0.5B-Instruct,717,717,finqa,0.5989702939987183,68,0.5247092247009277,0.13691824674606323,"[0.030659778829514754, 0.018866039785560045, 0.008478453616543855, 0.04470653047369959, 0.4994830765828256]","[0.0022725279401209267, 0.0005233124653728036, 0.0007341287158341083, 0.0013463169253035733, 0.11839478215424372]",0
ragbench_Qwen2.5-0.5B-Instruct,718,718,pubmedqa,1.3560727834701538,93,1.3406368494033813,0.17473064363002777,"[0.1901559144215489, 0.2858790405569047, 0.03170501883441928, 0.0067252041843105]","[0.03443164148149531, 0.02952840702331517, 0.029191122622645987, 0.007586835493537489]",0
ragbench_Qwen2.5-0.5B-Instruct,719,719,finqa,0.8905254602432251,65,0.5779712796211243,0.16699917614459991,"[0.03837008258093332, 0.029272324923518823, 0.02594270090966557, 0.009943303063622667, 0.6604697173415424]","[0.003144812686990078, 0.001779260742562026, 0.003002422963464386, 0.003351306141915372, 0.1533153378838016]",0
ragbench_Qwen2.5-0.5B-Instruct,720,720,finqa,0.9282203316688538,72,0.10256864130496979,0.08008519560098648,"[-0.03435235828616909, -0.03631718244435294, -0.02361050262179434, 0.21388353737270904, -0.08768756537695784]","[0.013988656160489733, 0.01855655549135942, 0.011371574484609286, 0.04441864871513859, 0.014688195117931279]",0
ragbench_Qwen2.5-0.5B-Instruct,721,721,pubmedqa,0.7963112592697144,200,0.9802015423774719,0.210051491856575,"[0.1564495158710224, 0.5730441872275606, 0.3590178573745919, -0.010843106356998646, -0.002034371729048985]","[0.04252049324574543, 0.10672710951909238, 0.06199630496661143, 0.012693574506589088, 0.00490836883508436]",0
ragbench_Qwen2.5-0.5B-Instruct,722,722,covidqa,0.6119582056999207,70,1.6347585916519165,0.28759077191352844,"[1.04276380499723, 0.32840935156636986, -0.024488548747831372, -0.009383694086929089, 0.002428545231266201]","[0.21023955180148896, 0.06256669804064684, 0.001025295601412982, 0.0015747141352769794, 0.0012587364959862108]",0
ragbench_Qwen2.5-0.5B-Instruct,723,723,hotpotqa,0.8579238057136536,24,-0.09453078359365463,0.04974393919110298,"[-0.010242844552218836, 0.01548635295330314, -0.009542412037262693, -0.012679776016739197, 0.009371038338334378]","[0.0028326587030657415, 0.0023977024521097214, 0.0018237363204510377, 0.049535608870598935, 0.0037894066384372613]",0
ragbench_Qwen2.5-0.5B-Instruct,724,724,finqa,1.1555136442184448,23,0.41399523615837097,0.13830401003360748,"[0.05271704141918947, 0.022673556455154776, 0.006898446355910931, 0.004505792266093561, 0.5759018183051249]","[0.0040619821576970225, 0.0024541525695974046, 0.0021380547757911227, 0.003713907468987481, 0.10544407583013352]",0
ragbench_Qwen2.5-0.5B-Instruct,725,725,hotpotqa,1.1546655893325806,16,0.8473211526870728,0.12035885453224182,"[1.2598898389260285, 0.08711875529843383, -0.024763769239143585, 0.0038635038981738035, 0.018577486809590482]","[0.16726863590884022, 0.008261884948012721, 0.005181339928611806, 0.0037096750170917403, 0.0030010796552417673]",0
ragbench_Qwen2.5-0.5B-Instruct,726,726,pubmedqa,0.8380833268165588,200,0.8067672848701477,0.14087145030498505,"[-0.007159683672507526, 0.41578295393500414, 0.3012390341050923, 0.0012959457647048111, 0.0032692311949858778]","[0.011660263566179338, 0.06975474157871787, 0.047819287975569724, 0.006744368747659024, 0.003757651619860951]",0
ragbench_Qwen2.5-0.5B-Instruct,727,727,pubmedqa,1.1410009860992432,200,0.8499894738197327,0.15844444930553436,"[0.47398381034605336, 0.369930653275278, -0.029763211875670093, 0.0009278580495629285]","[0.09704150043770653, 0.05492799782819247, 0.0027787473304928057, 0.003419323634476328]",0
ragbench_Qwen2.5-0.5B-Instruct,728,728,covidqa,1.0400564670562744,92,1.9811487197875977,0.2807707190513611,"[0.24769481828903023, -0.0426439675596592, 0.004078400843671103, 0.7641737951148768]","[0.05028197711249173, 0.007456061224397536, 0.0037697450029604033, 0.10698596186310777]",0
ragbench_Qwen2.5-0.5B-Instruct,729,729,hotpotqa,0.9423571228981018,25,0.07995324581861496,0.05929341912269592,"[0.19840669573808556, 0.07423429342306917, 0.08241866923839553, 0.43070171605650104, 0.1856370781190344]","[0.05336747067518445, 0.02976614771356253, 0.00704513866772686, 0.010288819620382129, 0.012691523137473269]",0
ragbench_Qwen2.5-0.5B-Instruct,730,730,pubmedqa,1.5689207315444946,127,1.0294424295425415,0.1556125283241272,"[0.22456612616253094, 0.2120113876477749, 0.2715912004217769, -0.012795728189031057, 0.0005092296946892793]","[0.04215579715019262, 0.02250725096031759, 0.04656731294741667, 0.012950015589446027, 0.02452493012455894]",0
ragbench_Qwen2.5-0.5B-Instruct,731,731,finqa,0.582858681678772,200,0.22476257383823395,0.0494113452732563,"[0.021168263495770816, 0.010900363730613663, 0.17044699372682998, 0.014732542477388507, 0.017572555384238058]","[0.0015801556311058106, 0.0005541497724546218, 0.034607766757061995, 0.0006648865117156788, 0.0008968025592753292]",0
ragbench_Qwen2.5-0.5B-Instruct,732,732,finqa,0.5801312327384949,200,0.07092440128326416,0.0289191585034132,"[-0.0003930811769828324, -0.003914591239260119, -0.005221274139613854, -0.021726899505938205, 0.10593416102136757]","[0.0006530278450146198, 0.0005015600338906267, 0.0008315145340674945, 0.0019519864678884601, 0.0312855576742375]",0
ragbench_Qwen2.5-0.5B-Instruct,734,734,pubmedqa,0.8695700168609619,92,1.8486672639846802,0.22095228731632233,"[0.8571757164275408, 0.3679032409874421, 0.027860195244650877, -0.008418194814492816]","[0.09139299494272589, 0.04374891556111903, 0.010183814605894619, 0.005333887253506784]",0
ragbench_Qwen2.5-0.5B-Instruct,735,735,finqa,0.8835284113883972,97,0.9847997426986694,0.20306533575057983,"[0.012528000479937169, -0.01780569785675193, 0.781621646499909, -0.0133315988148508, 0.0060079462063064035]","[0.008011394620409317, 0.009898459789702867, 0.17587961604672403, 0.0031147634350059588, 0.0032453838189868884]",0
ragbench_Qwen2.5-0.5B-Instruct,736,736,finqa,0.6442323327064514,136,0.22924551367759705,0.05308939516544342,"[0.0067432904913322786, -0.005283795060543472, 0.2112143716881827, 0.005478610883007123, 0.008507420043369004]","[0.0014194048280323974, 0.0009802581097706226, 0.04086669279617058, 0.000930622369218651, 0.0009576299223576926]",0
ragbench_Qwen2.5-0.5B-Instruct,737,737,finqa,0.5658061504364014,195,0.029853470623493195,0.029275188222527504,"[-0.006013821572569447, -0.006479097907725727, 0.0020900309429296797, 0.04213641856038124, 0.002443590365603016]","[0.0009710030210946559, 0.0006392795689970981, 0.0008520119643358944, 0.020992389769020584, 0.0008766241448604535]",0
ragbench_Qwen2.5-0.5B-Instruct,738,738,finqa,0.563896894454956,164,0.1737290471792221,0.04512189328670502,"[0.0022047519514585656, 0.006668989302597365, 0.14820244088577764, 0.013369935278144998, 0.012386642860374877]","[0.0020116500093618653, 0.0011247358907954658, 0.026574351831184687, 0.0009376546948702607, 0.0006431666415451787]",0
ragbench_Qwen2.5-0.5B-Instruct,739,739,pubmedqa,0.6090242266654968,200,0.9806474447250366,0.15007291734218597,"[0.7045148439948627, 0.20579903043371928, 0.004678833710230492, 0.024601131798968934]","[0.09579541361700109, 0.03757678677892308, 0.002325993025748012, 0.0046204489936353356]",0
ragbench_Qwen2.5-0.5B-Instruct,740,740,pubmedqa,1.0583975315093994,87,1.0194242000579834,0.15024299919605255,"[0.97825762327632, -0.04395354383199572, 0.02876538869971008, -0.01493176284875726, -0.0026636189431047076]","[0.11921877861419782, 0.00771516977118215, 0.004758381656181715, 0.004346449679502157, 0.004365383790700199]",0
ragbench_Qwen2.5-0.5B-Instruct,741,741,pubmedqa,0.9525219798088074,200,0.7652152180671692,0.1271255910396576,"[0.564423664163005, 0.23923599970790746, -0.010188143967408223, -0.016568282381460905]","[0.0885002255414102, 0.031850261009001034, 0.0016269545877324277, 0.0020671737287194956]",0
ragbench_Qwen2.5-0.5B-Instruct,742,742,covidqa,0.5015901923179626,26,2.4348104000091553,0.3070577383041382,"[-0.016678847354621842, 0.08948695501133513, 1.5325141809880733, -0.03711037588520692]","[0.004317388921068554, 0.02806238924600061, 0.2367162961118783, 0.01271446546623058]",0
ragbench_Qwen2.5-0.5B-Instruct,743,743,finqa,0.5255063772201538,200,0.13941967487335205,0.043307896703481674,"[-0.005963975356541909, -0.00995524978866797, -0.008655856771886477, -0.008714503092185027, 0.14864551087468697]","[0.0009811208096226665, 0.0012211192875184196, 0.0008398699916401142, 0.00166730199151786, 0.03377841840756137]",0
ragbench_Qwen2.5-0.5B-Instruct,744,744,pubmedqa,0.8566998839378357,186,1.0066171884536743,0.14716191589832306,"[0.21066594341454054, 0.721989456680261, -0.003739172179022169, -0.044536783731693445]","[0.052359077381899176, 0.11204974549926947, 0.006666873223011141, 0.0051711121916355905]",0
ragbench_Qwen2.5-0.5B-Instruct,745,745,finqa,1.0886837244033813,95,0.11164849996566772,0.05465884134173393,"[0.01573779109565198, 0.020945313433108632, 0.013835753858476987, 0.028288306847006377, 0.11826273690825666]","[0.0016994053596488955, 0.001234664455340575, 0.0011365887652914353, 0.0030297051464470456, 0.03961003024357859]",0
ragbench_Qwen2.5-0.5B-Instruct,746,746,finqa,0.6630651950836182,200,0.133969247341156,0.04292646795511246,"[-5.7420122317921595e-05, 0.0036870036547890094, 0.1669338111631555, -0.00660878799006639, 0.00011475574821872669]","[0.0018385206052124658, 0.002223803149995689, 0.035355369638245975, 0.0029769459079542317, 0.002957290898697309]",0
ragbench_Qwen2.5-0.5B-Instruct,747,747,pubmedqa,0.7938192486763,105,1.483169436454773,0.2291555553674698,"[0.06045162295318039, 0.8668144468868767, 0.6960796811578672, -0.010455005182311218, 0.0008866626791218767]","[0.009924496599714281, 0.13848891537972816, 0.09197586161479253, 0.005162808495685481, 0.0044730378117099874]",0
ragbench_Qwen2.5-0.5B-Instruct,748,748,covidqa,0.6964247226715088,45,1.0437185764312744,0.22682181000709534,"[0.6697311805132712, -0.017799132462581232, 0.28053078184829144, -0.016907933085167314]","[0.11776755206744585, 0.002122111718032708, 0.06062838715567725, 0.004613185326353333]",0
ragbench_Qwen2.5-0.5B-Instruct,749,749,finqa,0.8385029435157776,85,0.4048592448234558,0.09876032173633575,"[-0.007870582561895389, 0.02157625440747244, 0.3783743313053064, 0.022500505821209812, -0.012574967038224659]","[0.0015662552534167543, 0.002694137798400095, 0.08201324406510331, 0.001996584600404565, 0.010021081496773403]",0
ragbench_Qwen2.5-0.5B-Instruct,750,750,covidqa,1.575948715209961,48,2.239182233810425,0.29479631781578064,"[1.15683373050706, 0.2551017906456157, -0.017745860328432173, 0.9211504087700936]","[0.1514262499161608, 0.07464974542786725, 0.0062090695376658305, 0.07032045098468605]",0
ragbench_Qwen2.5-0.5B-Instruct,751,751,finqa,0.5444807410240173,200,0.12941423058509827,0.03585144504904747,"[0.11177064808155762, 0.008245849372379155, 0.008379598697656547, 0.008113534230459437, 0.0014936302638142252]","[0.030732248893740887, 0.0007230715970541723, 0.0007244330686560119, 0.0009408728674832645, 0.0007618664044361978]",0
ragbench_Qwen2.5-0.5B-Instruct,752,752,pubmedqa,1.0006866455078125,200,1.273132562637329,0.20731469988822937,"[0.38578326557948456, 0.17277659175451163, 0.5267305755404914, 0.07079670178060268]","[0.06762124322444833, 0.021917600223577267, 0.08682207755311538, 0.020412163011696266]",0
ragbench_Qwen2.5-0.5B-Instruct,753,753,pubmedqa,0.3827645182609558,200,0.8782020807266235,0.14010672271251678,"[0.4460193970758104, 0.4417810453827195, 0.006814476229990163, 0.0016669754117906166, 0.007006783924972951]","[0.05505591117987134, 0.07187045060602937, 0.0025709209711514804, 0.002089793011853445, 0.002792267121634442]",0
ragbench_Qwen2.5-0.5B-Instruct,754,754,pubmedqa,0.9179980158805847,74,0.8471531271934509,0.141964390873909,"[-0.10995242723590702, 0.8844145758537313, -0.06863038457098551, -0.039194399899152764, -0.08506788835498393]","[0.01823364639119499, 0.12262645879077907, 0.0054315622652715365, 0.0031515925247497215, 0.007591459381395403]",0
ragbench_Qwen2.5-0.5B-Instruct,755,755,finqa,0.9350228905677795,171,0.2376508265733719,0.05258782207965851,"[0.003947283818654514, 6.880610722256858e-05, 0.15663240087754843, 0.002537199116846878, 0.03028739559931903]","[0.0023900406433776094, 0.002295271834787384, 0.033325931183178295, 0.001166202208799083, 0.001880711828242911]",0
ragbench_Qwen2.5-0.5B-Instruct,756,756,pubmedqa,1.2515331506729126,200,0.9254534840583801,0.1389775276184082,"[0.35193506509356665, -0.06552872680287691, 0.051438154640782156, 0.15079017129566638]","[0.0562380174208397, 0.042124084101584455, 0.02493159384953174, 0.0336649037328894]",0
ragbench_Qwen2.5-0.5B-Instruct,757,757,pubmedqa,0.6527388095855713,200,0.8955070376396179,0.18241629004478455,"[0.05882994802947906, 0.817417391480094, -0.010194723922504636, -0.017028200248673783, -0.0041826449309928645]","[0.01853978391845146, 0.1477058172609884, 0.004832865377906046, 0.0029730337541957396, 0.0021020324971664194]",0
ragbench_Qwen2.5-0.5B-Instruct,758,758,pubmedqa,1.2316217422485352,65,0.18362018465995789,0.09933821856975555,"[-0.08599866696268481, -0.0551238588038429, 0.175725298159411, -0.053612246430958084]","[0.012849719094727053, 0.006889507907257771, 0.05237218761809135, 0.005519133367390448]",0
ragbench_Qwen2.5-0.5B-Instruct,759,759,covidqa,1.5455619096755981,45,0.631201446056366,0.21233274042606354,"[0.6158480846348943, 0.12452784703814865, 0.30422935231892756, 0.00039355330550784455]","[0.11243344865757131, 0.029481910880758733, 0.0515616405205694, 0.0026544340223507686]",0
ragbench_Qwen2.5-0.5B-Instruct,760,760,delucionqa,1.0124437808990479,38,0.7554578185081482,0.1337946504354477,"[0.7747307543761149, 0.05767444735599719, 0.05685929669054626, 0.06700933372514173, 0.05915041750181684]","[0.0994383560358696, 0.0030120884393296053, 0.0030055258321705254, 0.002824968639016022, 0.002627744032595633]",0
ragbench_Qwen2.5-0.5B-Instruct,761,761,finqa,0.8979696035385132,123,0.34073373675346375,0.08653881400823593,"[0.08195320292074902, -0.011683551924151532, -0.025634876579994772, -0.008822091236728133, -0.030834803898108113]","[0.011643627626376565, 0.0009793643338710813, 0.002908718281057793, 0.0008988425351821515, 0.010652967563499106]",0
ragbench_Qwen2.5-0.5B-Instruct,762,762,finqa,1.2063629627227783,198,0.31191638112068176,0.07639558613300323,"[-0.026922290493962234, -0.0042739244138305585, 0.0029705792921591602, 0.013990589717880107, 0.25672581366989383]","[0.0034117238013105966, 0.0007145240998887699, 0.0010651001234833757, 0.023684845506047127, 0.028829970133080054]",0
ragbench_Qwen2.5-0.5B-Instruct,763,763,finqa,0.5032947659492493,178,0.08859121799468994,0.025751566514372826,"[0.09340424917022931, -0.0017455739959645695, -0.008497927781788574, -0.001773716770147719, 0.004560532909360819]","[0.0159957259907542, 0.0004696716499806366, 0.0012592346988228246, 0.0003964663729961974, 0.0007070725722604465]",0
ragbench_Qwen2.5-0.5B-Instruct,764,764,hotpotqa,1.2938694953918457,23,0.3041166067123413,0.09395482391119003,"[0.11693710612598807, 0.2909632581377873, -0.0014403694894217947, 0.024517171313598974, 0.019934317791289093]","[0.03175515178831436, 0.08940427048146969, 0.010046933409235546, 0.011357520414282155, 0.011501884621813351]",0
ragbench_Qwen2.5-0.5B-Instruct,765,765,hotpotqa,1.3968830108642578,36,1.3905529975891113,0.18753474950790405,"[0.2501276158339654, 0.7819564020287039, 0.7410268764942884, -0.04342203901614994]","[0.018626178096787446, 0.05553282738570589, 0.10854749986780614, 0.03618139241815596]",0
ragbench_Qwen2.5-0.5B-Instruct,766,766,finqa,0.5547491312026978,192,0.20986951887607574,0.05627327039837837,"[0.04344158925276146, 0.000753621333557053, 0.14275323973171675, -0.013134392695571151, -0.0051963681197267535]","[0.010067696351103994, 0.0013732586767486084, 0.03748723978761529, 0.002861849477872269, 0.0009748451229339613]",0
ragbench_Qwen2.5-0.5B-Instruct,767,767,pubmedqa,1.1807328462600708,117,0.4772104322910309,0.09624811261892319,"[0.1784846803937585, 0.058460679839245286, -0.0006912326248661535, -0.005706928586274195]","[0.03311249280503221, 0.03136617884695267, 0.013659825709884043, 0.007941384735400618]",0
ragbench_Qwen2.5-0.5B-Instruct,768,768,pubmedqa,1.0392234325408936,200,1.3362540006637573,0.21502360701560974,"[0.6142612213169071, 0.6766986386183498, 0.22342826938770485, -0.049239381474010316]","[0.09999293385197347, 0.10262134787963262, 0.022835785617872945, 0.012296851388965493]",0
ragbench_Qwen2.5-0.5B-Instruct,769,769,pubmedqa,1.0011324882507324,200,0.5668002963066101,0.1137426346540451,"[0.6453915384984975, -0.003552038041070773, 0.013075952559470352, -0.016207238299098207]","[0.10728006860337587, 0.006250193009413607, 0.0028359872774387897, 0.004316599472829736]",0
ragbench_Qwen2.5-0.5B-Instruct,770,770,pubmedqa,0.9661693572998047,92,0.9749016761779785,0.16631679236888885,"[0.28455160562391585, 0.005887960090505025, 0.0008465216273496322, 0.4276684338030622, 0.1951989322458204]","[0.05378720882424659, 0.005728539178096773, 0.0047280334311321694, 0.05052460584437066, 0.02455615121766641]",0
ragbench_Qwen2.5-0.5B-Instruct,771,771,pubmedqa,1.0170321464538574,200,0.3516804575920105,0.07812497019767761,"[0.35298659505020624, 0.011899459510277665, 0.02574570463748387, 0.02367928295680031, 0.003681497863108234]","[0.05204331676234176, 0.002515424315164694, 0.003187200487797668, 0.003077391103127525, 0.001842605594804212]",0
ragbench_Qwen2.5-0.5B-Instruct,772,772,pubmedqa,0.8964377045631409,176,0.7242138385772705,0.13585849106311798,"[0.11210423894209756, 0.6361862626952085, -0.01888741643085723, -0.014701205748009856, -0.010671832030859398]","[0.025916783570280186, 0.09880145478851593, 0.0022834092126417264, 0.002538876642316365, 0.00155033855415564]",0
ragbench_Qwen2.5-0.5B-Instruct,773,773,finqa,0.5232758522033691,200,0.1071474477648735,0.035086117684841156,"[-0.0005546287030017539, -0.0012541601548119274, -0.0001720028614042235, -0.017591387679912883, 0.13053751515341247]","[0.0005538189325778831, 0.0005478270621761183, 0.0007918760292153948, 0.0014203716851194413, 0.03159298524084044]",0
ragbench_Qwen2.5-0.5B-Instruct,774,774,finqa,0.9877701997756958,154,-0.0983889102935791,0.021999510005116463,"[-0.0013282200899296882, -0.005334860280107897, 0.00046421629171069167, -0.006295502758271673, 0.012394128277518776]","[0.0006577953737485833, 0.0007898462679600902, 0.0005597525891297969, 0.0013393989096093556, 0.009432692517329052]",0
ragbench_Qwen2.5-0.5B-Instruct,775,775,finqa,1.0020605325698853,119,0.45522814989089966,0.12920281291007996,"[0.03226496087951137, 0.4677209891865612, 0.014577844431070706, 0.020928255995428316]","[0.0068482283317247514, 0.12260611497646681, 0.006864704985419019, 0.006503809652364481]",0
ragbench_Qwen2.5-0.5B-Instruct,776,776,pubmedqa,1.0950437784194946,200,0.8802096843719482,0.14753012359142303,"[0.8915945098435623, -0.006241053375415504, 0.0024082648150942987, -0.013404085291567754, 0.0010555039737664628]","[0.13571948800035216, 0.00218416239151658, 0.0016090334996454914, 0.004042750586691, 0.0012051883702349643]",0
ragbench_Qwen2.5-0.5B-Instruct,777,777,covidqa,0.9739422798156738,24,1.7826493978500366,0.22978651523590088,"[-0.015150823432122706, 1.9128523863861726, -0.024621235098796507, 0.020484710904687137, 0.07295450821099318]","[0.006747270755795398, 0.22632413736978188, 0.007686482594545889, 0.0015456101600553513, 0.003327534734860175]",0
ragbench_Qwen2.5-0.5B-Instruct,778,778,finqa,0.6657286286354065,69,0.31728532910346985,0.10430986434221268,"[0.017834858058191898, -0.03602395417042242, 0.03517747931109576, 0.2900552356143633, -0.0005746998949656488]","[0.004375137770776312, 0.012552257172608406, 0.00430622089616614, 0.0770741780557669, 0.0036191922949143623]",0
ragbench_Qwen2.5-0.5B-Instruct,779,779,finqa,0.9047868251800537,118,0.11446835100650787,0.052294936031103134,"[-0.020423732214551866, -0.016312907686439095, -0.018586086791432442, -0.017603722882517627, 0.08508358327115552]","[0.004026779534585766, 0.002919806958959051, 0.0031644145077170138, 0.005002269290562677, 0.03630612593881574]",0
ragbench_Qwen2.5-0.5B-Instruct,780,780,covidqa,1.412701964378357,42,1.3227620124816895,0.18922744691371918,"[0.8988755006703719, 0.3887782601265577]","[0.13744801139032095, 0.060673309354758065]",0
ragbench_Qwen2.5-0.5B-Instruct,781,781,delucionqa,1.3806012868881226,56,1.0936449766159058,0.19302807748317719,"[0.7467455957168048, 0.33439857417865176, 0.0385197117746949, 0.06435388540765936]","[0.12211287005831244, 0.06774649949690163, 0.008968307788417665, 0.010876977246823571]",0
ragbench_Qwen2.5-0.5B-Instruct,782,782,finqa,0.9931167364120483,22,0.12443488091230392,0.033284056931734085,"[-0.02152276408742182, 0.09343325576363978, 0.018865490300496193, 0.006696273585971953, 0.1419192422234284]","[0.002284996791352321, 0.01890226759000639, 0.0011505233384138012, 0.0015246630200429288, 0.00412428544921733]",0
ragbench_Qwen2.5-0.5B-Instruct,783,783,pubmedqa,1.2290029525756836,100,0.5446047186851501,0.10851040482521057,"[0.5106824834718282, 0.0744781906092976, -0.034151664963756045, 0.019129136815863604, 0.013959619483575807]","[0.06773384231163845, 0.011074882292189442, 0.010189107219491688, 0.004890689584141228, 0.002284746530890516]",0
ragbench_Qwen2.5-0.5B-Instruct,784,784,pubmedqa,1.4976232051849365,35,2.4166131019592285,0.3012983202934265,"[2.1877997185768825, -0.058805088533387916, -0.014881889777773593, -0.015021069880042757, -0.060615929269364904]","[0.2620461768537228, 0.005388119744502871, 0.005018457889221801, 0.0021944787970954037, 0.005729583486445985]",0
ragbench_Qwen2.5-0.5B-Instruct,785,785,pubmedqa,0.9550138711929321,143,0.8570935726165771,0.16791102290153503,"[0.20995987186893694, 0.3095150244317837, 0.43325061024065403, -0.020382602797106974]","[0.04324160089878477, 0.050478292775889264, 0.07716155424269236, 0.0059776528928175655]",0
ragbench_Qwen2.5-0.5B-Instruct,786,786,pubmedqa,0.7957815527915955,200,1.0463677644729614,0.18476921319961548,"[0.17470428731829088, 0.7812203154230883, 0.29299118380867184, -0.014062574897857304, -0.004010522716434935]","[0.036387070958030704, 0.11191873938163098, 0.03933515778328449, 0.005572603621966135, 0.003955550645644692]",0
ragbench_Qwen2.5-0.5B-Instruct,787,787,pubmedqa,1.0135997533798218,200,0.6274418830871582,0.13401034474372864,"[0.36397763905484226, 0.29597317808575324, 0.032288231508455285, 0.02108341456674907, -2.476796742712395e-05]","[0.08256669571410953, 0.054764634157711496, 0.006995123266153627, 0.0036358540857835565, 0.0027380750658341666]",0
ragbench_Qwen2.5-0.5B-Instruct,788,788,pubmedqa,1.2110220193862915,91,0.3789898455142975,0.08908575028181076,"[0.44952484699256223, -0.06432560552139466, -0.02962999937211622, -0.04057182817762493, -0.0653207885937633]","[0.07086872979599261, 0.008856308500306333, 0.009459551217597626, 0.006428211610061505, 0.009206408413445433]",0
ragbench_Qwen2.5-0.5B-Instruct,789,789,finqa,0.8692866563796997,200,0.1868264377117157,0.05622454732656479,"[-0.011605977955226478, 0.004165236011091622, 0.09099590183347957, 0.1275058990489822, -0.003455913521729599]","[0.003203690254722673, 0.003398867272040533, 0.02211548364909447, 0.030456284851924326, 0.006270302131124907]",0
ragbench_Qwen2.5-0.5B-Instruct,790,790,finqa,0.5745203495025635,200,0.17453207075595856,0.05431090295314789,"[-0.0006179376095599309, 0.0024516657973560996, 0.17316503882200662, 0.014753371234941994]","[0.004409619662845188, 0.0011866891628312004, 0.05150999676366816, 0.0016820023727491318]",0
ragbench_Qwen2.5-0.5B-Instruct,791,791,techqa,1.2965223789215088,200,0.5198511481285095,0.0783468708395958,"[0.2845731740375959, 0.17032955798317745, 0.007293082406295071, 0.010559989169187246, 0.01627868565681638]","[0.04144578189351364, 0.021692632133905362, 0.004647416646425313, 0.00353717949371628, 0.0038419675855539026]",0
ragbench_Qwen2.5-0.5B-Instruct,792,792,pubmedqa,1.1707651615142822,124,0.8182846307754517,0.10980650037527084,"[0.024665649293803153, 0.24145538139847642, 0.11596092515575337, 0.26006820968346334]","[0.013721827843862078, 0.03299473925301265, 0.0219435755256655, 0.032425448551451505]",0
ragbench_Qwen2.5-0.5B-Instruct,793,793,delucionqa,1.0922563076019287,17,1.4389734268188477,0.2690454125404358,"[1.5046365009894704, 0.09280886249753702, 0.07208195367745836, 0.11551677654086448, 0.2259813464308322]","[0.2240994968211881, 0.009720865715066525, 0.01117713311826746, 0.015181175537851659, 0.025276744523045423]",0
ragbench_Qwen2.5-0.5B-Instruct,794,794,finqa,0.935937762260437,151,0.21896930038928986,0.04428766295313835,"[0.03160979548187467, 0.09443964348848087, -0.001404450494837739, 0.014366985895736548, 0.010167499677667115]","[0.006181618731563132, 0.029331643242510454, 0.0018100396691790024, 0.0023582315618504834, 0.002502633402760228]",0
ragbench_Qwen2.5-0.5B-Instruct,795,795,pubmedqa,1.1735986471176147,200,0.5090793967247009,0.10605727881193161,"[0.5744713875874191, -0.021263193015631145, -0.02649194323948592, -0.0185018769483068]","[0.09728028791020943, 0.006426260295274044, 0.003621591424488422, 0.004465387651939618]",0
ragbench_Qwen2.5-0.5B-Instruct,796,796,finqa,0.6286708116531372,137,0.3138052225112915,0.08046508580446243,"[0.11599240758199278, 0.03127617389282048, 0.02689759293141599, 0.015565570818093188, 0.19187736817451156]","[0.016464140922838533, 0.007348685446775897, 0.004027930848935017, 0.003466863789918948, 0.04616548196004907]",0
ragbench_Qwen2.5-0.5B-Instruct,797,797,covidqa,0.6681923270225525,60,1.6092514991760254,0.2657933533191681,"[0.6441580424793453, -0.008311391584235632, -0.02993883099697996, 0.7821813482281869, -0.00034016730254127957]","[0.1386713347725769, 0.005608317196129064, 0.002212094663341683, 0.10562333407921187, 0.0008490668741880351]",0
ragbench_Qwen2.5-0.5B-Instruct,798,798,finqa,0.6154497265815735,200,0.12111032754182816,0.0331566147506237,"[-0.007547209612800998, -0.009137291290180372, -0.0022766157798849917, 0.10679493036316785, 0.0166072106008653]","[0.002070784710528315, 0.0010432233605861185, 0.001643500712680126, 0.025451186797029575, 0.0024332903860413246]",0
ragbench_Qwen2.5-0.5B-Instruct,799,799,finqa,1.0275870561599731,48,0.2634098529815674,0.1200571060180664,"[-0.027035435183355123, 0.05206685635918499, 0.3345217336651179, 0.028905094484419653]","[0.006126270503704252, 0.00363705014550438, 0.0989033079651307, 0.001911551155534615]",0
